:020000040000fa
:020000041d00dd
:049000007856341258
:020000040000fa
:020000041d00dd
:089020006e6f64653930000039
:020000040000fa
:020000041d00dd
:08904000312e342e3400000033
:020000040000fa
:020000041d00dd
:108000000220400f0000000000601a40c0045a7fa8
:108010000500401300000000019d1a3c48925a27b9
:10802000080040030000000002a01d3cf8ffbd272f
:1080300001a01c3c00809c270260094020582001c0
:10804000801e2a7d8449497d02608940c00000006d
:1080500000e0dc4102608b40c0000000019d083c54
:108060006894082509f8000100000000059d083cff
:10807000287f082509f80001000000000000093ce5
:108080000000292510002011000000000200093c1a
:10809000f0ff292588bf0a3c10204a25000049ad81
:1080a0000200093cf0ff292588bf0a3c20204a2510
:1080b000000049ad0200093cf0ff292588bf0a3cb9
:1080c00030204a25000049ad00488040ffff0a24c7
:1080d00000588a404000083c00600a4025500a01d0
:1080e00000608a40019d093c00902925c0000000e5
:1080f000017889400000093c0100292500000a247c
:1081000044492a7d01608a408000093c006889401a
:10811000008008408005097d404c0900006008404f
:108120005800013c2440010125402801006088409e
:10813000c0000000019d083c7094082509f800016a
:108140000000000000600840bfff013cffff213439
:108150002440010100608840000084300000a53008
:10816000069d083c308c0825080000010000000036
:020000040000fa
:020000041d00dd
:10918000059d1a3c3c615a2708004003000000007e
:020000040000fa
:020000041d00dd
:10920000059d1a3cfc265a27080040030000000078
:020000040000fa
:020000041d00dd
:08922000af27410b0000000024
:020000040000fa
:020000041d00dd
:08924000bd63410b00000000ba
:020000040000fa
:020000041d00dd
:08926000bd63410b000000009a
:020000040000fa
:020000041d00dd
:089280001227410b0000000061
:020000040000fa
:020000041d00dd
:0892a000bd63410b000000005a
:020000040000fa
:020000041d00dd
:0892c000bd63410b000000003a
:020000040000fa
:020000041d00dd
:0892e000bd63410b000000001a
:020000040000fa
:020000041d00dd
:08930000bd63410b00000000f9
:020000040000fa
:020000041d00dd
:08932000bd63410b00000000d9
:020000040000fa
:020000041d00dd
:08934000bd63410b00000000b9
:020000040000fa
:020000041d00dd
:08936000bd63410b0000000099
:020000040000fa
:020000041d00dd
:08938000bd63410b0000000079
:020000040000fa
:020000041d00dd
:0893a000bd63410b0000000059
:020000040000fa
:020000041d00dd
:0893c000bd63410b0000000039
:020000040000fa
:020000041d00dd
:0893e000bd63410b0000000019
:020000040000fa
:020000041d00dd
:08940000bd63410b00000000f8
:020000040000fa
:020000041d00dd
:08942000bd63410b00000000d8
:020000040000fa
:020000041d00dd
:08944000bd63410b00000000b8
:020000040000fa
:020000041d00dd
:08946000bd63410b0000000098
:020000040000fa
:020000041d00dd
:08948000bd63410b0000000078
:020000040000fa
:020000041d00dd
:0894a000bd63410b0000000058
:020000040000fa
:020000041d00dd
:0894c000bd63410b0000000038
:020000040000fa
:020000041d00dd
:0894e000bd63410b0000000018
:020000040000fa
:020000041d00dd
:08950000bd63410b00000000f7
:020000040000fa
:020000041d00dd
:08952000bd63410b00000000d7
:020000040000fa
:020000041d00dd
:08954000bd63410b00000000b7
:020000040000fa
:020000041d00dd
:08956000bd63410b0000000097
:020000040000fa
:020000041d00dd
:08958000bd63410b0000000077
:020000040000fa
:020000041d00dd
:0895a000bd63410b0000000057
:020000040000fa
:020000041d00dd
:0895c000bd63410b0000000037
:020000040000fa
:020000041d00dd
:1095e000059d1a3cb0285a270800400300000000df
:020000040000fa
:020000041d00dd
:10960000059d1a3c642a5a27080040030000000008
:020000040000fa
:020000041d00dd
:08962000bd63410b00000000d6
:020000040000fa
:020000041d00dd
:08964000bd63410b00000000b6
:020000040000fa
:020000041d00dd
:08966000bd63410b0000000096
:020000040000fa
:020000041d00dd
:08968000bd63410b0000000076
:020000040000fa
:020000041d00dd
:0896a000bd63410b0000000056
:020000040000fa
:020000041d00dd
:0896c000bd63410b0000000036
:020000040000fa
:020000041d00dd
:0896e000bd63410b0000000016
:020000040000fa
:020000041d00dd
:08970000bd63410b00000000f5
:020000040000fa
:020000041d00dd
:08972000bd63410b00000000d5
:020000040000fa
:020000041d00dd
:08974000bd63410b00000000b5
:020000040000fa
:020000041d00dd
:08976000bd63410b0000000095
:020000040000fa
:020000041d00dd
:10978000059d1a3c182c5a270800400300000000d1
:020000040000fa
:020000041d00dd
:0897a000bd63410b0000000055
:020000040000fa
:020000041d00dd
:0897c000bd63410b0000000035
:020000040000fa
:020000041d00dd
:0897e000bd63410b0000000015
:020000040000fa
:020000041d00dd
:10980000059d1a3ccc2d5a2708004003000000009b
:020000040000fa
:020000041d00dd
:08982000bd63410b00000000d4
:020000040000fa
:020000041d00dd
:08984000bd63410b00000000b4
:020000040000fa
:020000041d00dd
:08986000bd63410b0000000094
:020000040000fa
:020000041d00dd
:109868000500c0102510000071008790ff00a3308c
:109878000300e310010003240800e00300000000d7
:10988800fdffa314000000000000c28c400082ac61
:109898008400828c84d6a27c840082ac0800e00319
:1098a8000100022408008004251000003081838f05
:1098b8002b18830004006010802004004081828ff0
:1098c800212044000000828c0800e0030000000012
:1098d80070008390fdff65240300a52c0400a014ec
:1098e8000300022408006338010005240b10a300bc
:1098f8008400838c000264300100805404004234e8
:109908000004633001006054080042340800e0039a
:10991800000000007000839003000224030062101e
:10992800080005240d006514251000000800868c29
:109938000c00838c2b10c3000a00405423106600cf
:109948000400858c0000828c2318c3002310a20019
:10995800ffff422423104300ffff42300800e003ca
:1099680000000000fcff0010ffff42241c00828c56
:109978002000858c2b184500040060541800838c47
:10998800231045000800e003ffff42301400848cd8
:10999800231865002310440021106200f9ff00100d
:1099a800010042240c00838c0019637c801803009a
:1099b800ecff6324ff0063300b00601018020224e0
:1099c80014008424213083000100072402000824a5
:1099d80005006010180202242b10860004004014b1
:1099e80001008524180202240800e003000000009a
:1099f800ffffa290fcff405018020224ffff6324df
:109a080023004710ff006330170048540200622cff
:109a18000300632cf4ff60141802022401008590ef
:109a280004000324f0ffa314000000000200839048
:109a380025100000047a627c030083900438627c5d
:109a4800ffff4330b505632c01006050b4050224c4
:109a5800ffff43301802632c0100605418020224ef
:109a68000800e003ffff4230dfff40141802022421
:109a7800010082902b286200daffa014020045241e
:109a88002318620021208500d1ff0010ff006330f9
:109a9800cfff00102520a0008400828c000b427ca0
:109aa800080040500000838c010042380100422c1d
:109ab8008400838c0100423844ef437c0800e003b3
:109ac800840083ac660085940400828c23104300d4
:109ad8004018050021186500421803002b104300a8
:109ae800f3ff0010010042383081858f4081868f56
:109af800251000000300a214801802000800e003eb
:109b0800010002242118c3000000638cf9ff605093
:109b1800010042245e00639403006410000000000a
:109b2800f4ff0010010042240800e00325100000a3
:109b3800e8ffbd270c0002241400bfaf1000b0af2f
:109b480025808000700082a0ce37410f25200000bc
:109b58007400038625284000802003004081838ffd
:109b680021186400000060ace037410f2520000098
:109b78003481848f0c00828c09f840001400058e13
:109b88003481848f0c00828c09f840000000058e17
:109b98003481848f252800021400bf8f1000b08ff5
:109ba8000c00998c080020031800bd27d0ffbd27a2
:109bb8001400b1af2c00bfaf2800b6af2400b5af7a
:109bc8002000b4af1c00b3af1800b2af1000b0afa4
:109bd8003400a0102588800025200000ce37410fd2
:109be80025a8a0004081908f450000127400b68619
:109bf8004800c0063081838f2b18c30245006010cf
:109c080080181600218003020000038e410075149d
:109c1800030004241000238e01001224100066940f
:109c28000800c6300b908600253040027600b296b8
:109c3800249046021800401225a000007800b38e38
:109c48007c00b48e2800308e4800a48e0b0091143e
:109c580001001524540020ae480020ae6c0020ae50
:109c6800600020ae000060ac0c0060a42000238ed1
:109c780025a80000c418037c200023ae2528400036
:109c8800e037410f252000000b00a016000000005f
:109c98000b0000100000000025980000eaff0010eb
:109ca8002580000025a000002580000025980000e0
:109cb80025b00000259000003923410f25202002ff
:109cc8001a0060122538800225304002252800023b
:109cd8002520c00225c860022c00bf8f2800b68f3f
:109ce8002400b58f2000b48f1c00b38f1800b28fea
:109cf8001400b18f1000b08f080020033000bd277a
:109d080025a000002598000001001524dbff0010a5
:109d18002590000025a000002598000001001524ca
:109d280025900000d5ff0010258000002c00bf8f73
:109d38002800b68f2400b58f2000b48f1c00b38f85
:109d48001800b28f1400b18f1000b08f0800e00324
:109d58003000bd278400828c0004073ce8ffbd2743
:109d68002438e2001000b0af1400bfaf2580800097
:109d78000300e0104400848c0e00801401000224cb
:109d88002b38070040000626c1a8400f3c000526d6
:109d980025184000440002ae06006010251000009f
:109da8008400028e0100032484d6627c840002ae03
:109db800010002241400bf8f1000b08f0800e003d8
:109dc8001800bd27e8ffbd271400bfaf2467410f67
:109dd80000000000ffff423000c047340140082463
:109de800ffff0934ffff0825050000151400bf8f89
:109df800253800002510e0000800e0031800bd2702
:109e0800bc26400f2520e000faff40141400bf8f45
:109e1800f4ffe95000c007340100e724f1ff001007
:109e2800ffffe730e8ffbd271000b0af25808000b6
:109e3800000084941400bfafb542410f0000000039
:109e480002000496b542410f000002a60400048ee9
:109e5800b242410f020002a60800048eb242410f2e
:109e6800040002ae0e000496b542410f080002ae8f
:109e780010000496b542410f0e0002a61200049687
:109e8800b542410f100002a61400bf8f120002a6af
:109e98001000b08f0800e0031800bd278400838cf1
:109ea8000001023cd0ffbd27010042241000b0afe2
:109eb8002410620025808000010004242400b5af2e
:109ec8002000b4af2c00bfaf2800b6af1c00b3af62
:109ed8001800b2af1400b1af25a0a00005004414cb
:109ee800010015240300023c241862000100642cc0
:109ef80025a800004800028e150040100100022429
:109f0800710003921200621400000000100080101b
:109f180000000000ce37410f252000004800128eb7
:109f280005004012252840002000438e480000ae5e
:109f3800080063300b900300e037410f2520000034
:109f480003004012000000003923410f2520400281
:109f5800ce37410f252000007600119625284000b5
:109f680025200000248834027800128e7c00138e8d
:109f7800e037410f25a000000500201225b00000a1
:109f88001700405225880000740014864400168e7d
:109f98001600a0525e000296ce26400f2520000231
:109fa8003600201225386002253020022528c002fc
:109fb8002520800225c840022c00bf8f2800b68fbc
:109fc8002400b58f2000b48f1c00b38f1800b28f07
:109fd8001400b18f1000b08f080020033000bd2797
:109fe80025a04002eaff001025b0400273ff033ca1
:109ff80001f863346e0002a60000028e380000ae3d
:10a00800340000ae080002ae0c0002ae100002ae32
:10a018001400028e830000a2500000ae1c0002aea5
:10a02800200002ae8400028e5c0000a63c0000ae58
:10a0380024104300ffff032400024234580003aefb
:10a0480001000324600003a66a0003a6000c437cf9
:10a05800710003a2c006437c840002ae02006014b3
:10a06800730000a2440000ae0007427c010040508b
:10a07800400000aecaff0010700000a22c00bf8f85
:10a088002800b68f2400b58f2000b48f1c00b38f32
:10a098001800b28f1400b18f1000b08f0800e003d1
:10a0a8003000bd27e8ffbd272000073c1000b0aff7
:10a0b8000600e724258080000400062414000524f7
:10a0c8001400bfaf1e23410f78000424070040107e
:10a0d800019d033cb49b6324080043ac01000324a6
:10a0e8000c0050ac700043a4580043a41400bf8f68
:10a0f8001000b08f0800e0031800bd27710083909e
:10a10800010002240d02621400000000a8ffbd2710
:10a118003000b0af25808000252000004400b5af96
:10a128004000b4af3400b1af5400bfaf5000beaf71
:10a138004c00b7af4800b6af3c00b3af3800b2af81
:10a1480025a0a000ce37410f25a8c0004800118ed9
:10a1580007002012252840002000238e08006430c4
:10a168006900801408006334200023ae25284000cd
:10a17800e037410f25200000650020561000228e90
:10a188002b28400f25200002ee01401025884000b2
:10a198002000428c2520000008004234ce37410fb1
:10a1a800200022ae4800038e01006050480011ae26
:10a1b80025284000e037410f2520000001008232a9
:10a1c80005004010010003248400028efe00943232
:10a1d8000442627c840002ae840002927100039201
:10a1e80003004230840002a201000224d701621455
:10a1f800000000001c00338e0c0062920439027cbf
:10a208000c0062a206008232640040500800048eee
:10a218000200823237004010020402241c00a2a768
:10a228004400028e4100401000000000bcab400f0b
:10a238004400048eecff4224ffff4230a018027c49
:10a24800680002a60c00628e1e00a3a70c00639291
:10a258000019427c010042240439437c0c0063a2ab
:10a2680071000392010002244700621004000624d2
:10a278005000028e200040140300823249d1400f62
:10a288000000000025f0600046d1400f2800a2af72
:10a298002467410f25b840002467410f25904000ee
:10a2a8002800a58f0f00043c404284241900a40014
:10a2b80025b040002530e002253800000094120047
:10a2c800ffffd632259056021240000010480000c9
:10a2d8000210c47321484900802609008211080031
:10a2e800252082004d2e410f82290900219042022b
:10a2f800500012ae030082323a01401025b000002f
:10a308005f0000102590000098ff001025880000cd
:10a31800540020ae480020ae6c0020ae600020ae95
:10a32800000040aca5ff00100c0040a45727400fc8
:10a3380025200002bdff4014fcff02247100049296
:10a3480001000324050083145400bf8f2000238ece
:10a35800c418037c200023ae5400bf8f5000be8f6a
:10a368004c00b78f4800b68f4400b58f4000b48fbb
:10a378003c00b38f3800b28f3400b18f3000b08ffb
:10a388000800e0035800bd271c00a527d665410f2b
:10a3980014006426b7ff00105000028e1000038ed0
:10a3a800660016962b008310259000006000039627
:10a3b8002800601025904000c7ab400f0000000047
:10a3c800070040540800048e680002962b18c20249
:10a3d800010060542510c002ffff56300800048eab
:10a3e8001000028e600012962b184400ca006010fc
:10a3f80071000892232082002b1892000b90830092
:10a408002b18d20205006010010004248400038e7a
:10a418002590c002c439837c840003ae0100032464
:10a428000b00035521105200480020aeb800401020
:10a438001000238effff4432560024a6540024a6a1
:10a4480048002426500022ae000064ac21105200bf
:10a45800100002ae8400028e000142300600401057
:10a468000000000060000296030052100000000087
:10a478000100d256010094369eff4012ffff56326b
:10a48800600002962310520002004012600002a6eb
:10a49800080094360100b5320800a0122081828f8e
:10a4a800e8030324720000a2021062701b0043003c
:10a4b800f4016000121000004c0002aead57410fcd
:10a4c800000000004c00038e21106200240002ae40
:10a4d8008400028e010003244408627c840002aeda
:10a4e8005e0002965000038e10008432000062a6bf
:10a4f8005c00029621907200040063ae020062a61e
:10a508005400028e25a800000d0074a2080062ae57
:10a518000c006292100060ae0418027c0c0062a26b
:10a528000200823209004010500012ae0100805033
:10a53800080060ae8400028ec004457cc900a010eb
:10a54800ffff6324040063ae040015240100823277
:10a5580004004010010003248400028e8494627c6d
:10a56800840002ae04008010010003248400028edf
:10a5780084b5627c840002ae1c00028e2000038e2b
:10a588002b204300bd008054231062001800048e65
:10a598001400058e23104300232085002310820019
:10a5a800ffff42300e0062a6252060028b27400f75
:10a5b800620002a60c00628e0c0063920019427cb5
:10a5c800050042240439437c0c0063a27100039205
:10a5d800010002244a006214000000003c00028ec0
:10a5e80047004010000000005727400f25200002b8
:10a5f800430040101400b5261000268e4000048e3b
:10a608003c00038e0c00c2944400058e1c00338e5f
:10a618002110a202380024ae3c0023ae400025ae33
:10a628000c00c2a4100060a66800a2902190b60297
:10a638000100423020004014ffff52321000a4af46
:10a6480000060224252040021400a3afb542410fa2
:10a658001800a2a7253000000c0005241000a4272c
:10a66800bd42410f1a00a2a727100200ffff463083
:10a678002528a002bd42410f2520600227100200b4
:10a68800ffff47301000228e7e00c0121000439456
:10a698005000258e08006334100043a42530c00202
:10a6a800be72400f2520200227100200ffff47300e
:10a6b80027380700100067a6810002922520200293
:10a6c8002000a7272100a2a3820002922530400281
:10a6d800060005242000a2a3c8a9400f2200a0a3b9
:10a6e800000020aec5a9400f2520200268004014b4
:10a6f8000a000624ecff05248323410f25202002ad
:10a708006a00c016ffff12240cff0010ffff02248e
:10a718004eff0010000060ac0400058e0000068e9d
:10a728002348a200233826012120e4002b18920098
:10a738000b9083002b18d20205006010010004243e
:10a748008400038e2590c002c439837c840003ae44
:10a758002b1832010a484302232049021a008010ac
:10a76800ffff233101000724110007552110520073
:10a778000700c050480020aeffff84306e0024a6ba
:10a788006c0024a660002426680026ae480024ae8b
:10a79800120040101000248e560023a6540023a651
:10a7a80048002326500022ae000083ac211052003e
:10a7b8002b18450027ff6014100002ae2328a600be
:10a7c80023ff00102310450001000424f8ff04555e
:10a7d80021105200eeff0010480020aef3ff0010d9
:10a7e800000080ac0200a2320900401001001224cf
:10a7f8007300029225b0000001004224730002a2f7
:10a808005000028effff422435ff0010500002aeb8
:10a818008400128e0200523231ff401225b000002f
:10a828000100b5320800a016000000007200029274
:10a8380005004010ffff4224720002a24c00028e65
:10a84800421002004c0002aead57410f25b0000087
:10a858004c00038e259000002110620020ff00109c
:10a86800240002ae0100032401005226c49c627c2d
:10a87800500012ae34ff0010840002ae48ff0010f2
:10a88800ffff4224f7ff633089ff0010100043a444
:10a898000600c016259000000400943215008016aa
:10a8a80000000000acfe0010251000003800028ee9
:10a8b8000c004014dc050224ad57410f340002aef1
:10a8c8002081848f3400038e02186470e803042406
:10a8d8001b006400f40180001218000021106200bf
:10a8e800380002ae88ff401604009432ebff0010d7
:10a8f80000000000ce37410f252000007800128e9e
:10a9080025284000252000007c00138ee037410fe9
:10a9180076001196e3ff401208003132e1ff201261
:10a92800253860024400058e7400048609f8400248
:10a938000800062488fe0010251000000800e00327
:10a94800feff022484fe0010fdff02240c0002908a
:10a958000439027c0c0002a034000000e0ffbd278f
:10a968001800b2af1400b1af1000b0af1c00bfaff9
:10a9780070008390258080002588a0000a00622c42
:10a988001e0040102590c00001000224041062003f
:10a998003c0343301200601480004230170040101e
:10a9a800000000000200b130180020121c00bf8f08
:10a9b8008400028e0100032404c6627c840002ae77
:10a9c80025284002252000021c00bf8f1800b28fe6
:10a9d8001400b18f1000b08fa927400b2000bd27ad
:10a9e8000000828c2530000014000524100082ac81
:10a9f8000c0082ac4128400f080082acecff201606
:10aa080025284002f0ff0010252000021800b28f10
:10aa18001400b18f1000b08f0800e0032000bd279c
:10aa28004081828fe8ffbd271400bfaf1c0040148f
:10aa38001000b0af3481848f0c00828c09f840007c
:10aa48004081858f2c81848f408180af16008014cf
:10aa5800308180af1400bf8f1000b08f0800e00372
:10aa68001800bd274081838f8010100021106200dc
:10aa78000000448c0300801025300000592a400f44
:10aa880002000524010010263081828f2b1002025b
:10aa9800f4ff40143481848fe8ff00100c00828c8e
:10aaa800f9ff001025800000e93e400f000000007b
:10aab800e8ff00102c8180af71008590010003240d
:10aac8001c00a314000000003c00838c19006010d7
:10aad800010006243c0085943e008394e8ffbd27ce
:10aae800720080a0211865005c0085941400bfaf37
:10aaf800211865005e008594261865006e0083a401
:10ab08002081838f02000524821803004128400f0a
:10ab18004c0083ac050040101400bf8f0300401c9c
:10ab280001000224ffff02241400bf8f0800e00385
:10ab38001800bd270800e003ffff02240800868ce8
:10ab48001000858c0c00c51025100000600083944f
:10ab58000900601001000624e8ffbd271400bfaffc
:10ab68004128400f100005241400bf8f0100422c1b
:10ab78000800e0031800bd270800e00300000000fb
:10ab88001800868c1400828ce8ffbd271400bfaf24
:10ab98002330c200ffffc6305d26400f25388000f5
:10aba8002310c200ffff43301000c35001000624e9
:10abb8006200e4942b2883001000a01025100000e8
:10abc8006800e29442300600231864002b20c2007b
:10abd800010080542510c000ffff42302a184300ae
:10abe800060060102510000001000624100005244e
:10abf8004128400f2520e000010002241400bf8fe7
:10ac08000800e0031800bd27700083900b00652c36
:10ac18003900a0100100022404186200f002653017
:10ac28003500a01425100000e0ffbd270c01653099
:10ac38001c00bfaf0900a0141800b0af00046330b7
:10ac48002500601425280000010002241c00bf8f85
:10ac58001800b08f0800e0032000bd278400828c14
:10ac68000005427c05004010258080000000828c91
:10ac7800100082ac0c0082ac080082ac01000624f3
:10ac8800110005244128400f252000021600420427
:10ac98008400038e60000396060060508400038ed3
:10aca8000800048e1000038ef5ff831401000624ab
:10acb8008400038e0900052404000424c45a037c7c
:10acc800840003ae70000392080063380a20a300d2
:10acd800deff0010700004a2a927400f1000a2afe9
:10ace800daff00101000a28f01000424c45a837cec
:10acf800d6ff0010840003ae0800e0030000000047
:10ad080098ffbd270f0005240a0004246400bfaf84
:10ad18006000beaf5c00b7af5800b6af5400b5af27
:10ad28005000b4af4c00b3af4800b2af4400b1af6d
:10ad3800ef3e400f4000b0af2c00a2af0100423000
:10ad48002c004014000000002c00a28f0200573095
:10ad5800b603e016259800006400bf8f6000be8f20
:10ad68005c00b78f5800b68f5400b58f5000b48f71
:10ad78004c00b38f4800b28f4400b18f4000b08fb1
:10ad88000800e0036800bd27252020021800a2afb4
:10ad98000000a28e1c00a2af00060224b542410f9b
:10ada8002000a2a7253000000c0005241800a427c5
:10adb800bd42410f2200a2a727100200ffff463024
:10adc8002000028e04004230450040102538c000a3
:10add8002528400225302002be72400f252000029f
:10ade80024004010f6ff05240a0006248323410f9f
:10adf80025200002593f400f0a000424d2ff4010ca
:10ae0800258040002c0011961400222ef6ff4014d5
:10ae1800f2ff05241c00128e0c00428e0019427ca1
:10ae28000500432cf0ff6014801002002a10220253
:10ae3800eeff40140a0006242000068e0200143c8f
:10ae480024a08602e8ff8016f1ff0524aaaa400f75
:10ae58002520000225200002a7aa400f25984000bf
:10ae680025a840002000028e00024230c6ff405054
:10ae78000000628e8b27400f252040021c000b8e9d
:10ae8800020065951400a01030818c8f0000649634
:10ae9800020063960c004a8e2800028e2118640076
:10aea8000000649540818d8f211864002618650084
:10aeb80000194a7dffff693025f0000025200000b9
:10aec8000b000e242b308c000a00c01480300400c4
:10aed8005600c0570000648ec3ff0010f1ff052420
:10aee80025282002bd42410f25204002bcff00104a
:10aef800000000002130a6010000c88c120000519b
:10af080001008424700007910f00ee500100842492
:10af1800710006910200c62c0b00c0500100842469
:10af28004400068d0300c0100000000006004654cf
:10af3800010084240600e0146e0006950100a65066
:10af48000af01e0101008424deff00102026047c84
:10af5800fdff2655010084240000678d5c00068de6
:10af6800f9ffe654010084243c00078d0000668e3a
:10af7800f4ffe61401000324710003a1440002adac
:10af88002530a002010005241a26400f25200001c3
:10af980025f000011000048e80a80a000d005792c9
:10afa8000c0082940800538e231055000c0082a4d4
:10afb8000400428e8400c48f2800a2af0040823073
:10afc8000e004010020084300c0080147300c0a3ef
:10afd800ad57410f000000002081858f6c00c49799
:10afe80002208570e80305241b008500f401a000f9
:10aff80012200000211082002400c2af8400c28ffa
:10b008007000c59384b5027c3000a0148400c2afe0
:10b018000400e232150040101000e232a927400f68
:10b028002520c00338000010000000002530a002d1
:10b038004400c2af3c00c4af010004247100c4a3a3
:10b04800010005241a26400f2520c0030000629540
:10b058006e00c9a75c00c2a7020062955e00c2a785
:10b068000000c28fcbff00101000c2af07004010d5
:10b07800253000005000d3af040005244128400fbc
:10b088002520c003e5ff0010252800000200e73254
:10b098009800e0102800a28f2520400201005624c5
:10b0a8006b26400f5400d6af6600c2a7a826400ff3
:10b0b8002520c003010006244128400f1200052462
:10b0c80002000224100000107000c2a30100022434
:10b0d8004600a2140400e2320b0040141000e932ca
:10b0e8001c0020110200e7325000d18f19007112a4
:10b0f800010006245000d3af040005244128400f66
:10b108002520c0035000d1afce37410f25200000c5
:10b118007600d19725284000252000007800d28f9e
:10b12800e037410f7c00d38f243034022effc0104b
:10b13800020005242dff40520a0006242800058e2f
:10b148007400c48709f840022538600226ff001001
:10b1580002000524ecffe0102800a28f2520400201
:10b16800010056240e0042965400d6af6a00c2a7ca
:10b178006b26400f6000c2a76600c2a7a826400f32
:10b188002520c003ccff2011010006244128400fd0
:10b1980010000524030002247000c2a38400c28f9b
:10b1a800004042300d0040508400c28fad57410f1f
:10b1b800000000002081858f6c00c49702208570f4
:10b1c800e80305241b008500f401a00012200000fc
:10b1d800211082002400c2af8400c28f0001142411
:10b1e8004408027cc8ff00108400c2af1400222665
:10b1f80023105500ffff4230ecff5124ffff31328e
:10b208000100e3323000a3af0300601025a820023c
:10b21800edff5524ffffb5320200e2320300401073
:10b228001c00c48f0100b526ffffb5322000c28f75
:10b238002b3082002200c054232044001800c68fff
:10b248001400c88f232082002330c8002320c400a4
:10b258005400c88f2800a28fffff84301a00a01264
:10b2680023b04800120080100400e7320300c00633
:10b278002b30c4020700c014010002242130d5027b
:10b288000400c01825100000231095002a1056004d
:10b29800010042382a30c4020300c0102130b6022f
:10b2a8000c00c05c0600e232090040140400e732da
:10b2b80095ffe01400000000bd0000100100062406
:10b2c800e3ff0010ffff8424f7ffc0162b10c40211
:10b2d8000600e232090040100400e7320500e010e1
:10b2e800010004248400c28f00081424444a827c8c
:10b2f8008400c2af49ff0010252800001000e23288
:10b3080081ff4010080002240600a2100900a22ca8
:10b3180011004010feffa2240500422c120040102c
:10b328002000e732020002248c00a2145000c98fca
:10b3380087006912010006245000d3af04000524d9
:10b348002520c0034128400f2800a9af2800a98f55
:10b358006dff00105000c9af090002247101a2500e
:10b368005000c28f2000e73267ffe01400000000a1
:10b378007000c593f8ffa2240200422c62ff40141b
:10b388000600022460ffa210000000004400201202
:10b39800000000000c00428e1c00d78f1800c58fdb
:10b3a8000019427c801002007d01c01e2130360247
:10b3b80023405600ffffc630219048022b88c40066
:10b3c8002400b2af02002012253880002538c000c2
:10b3d800fffff6302110f6022b10a2005601401094
:10b3e8000100b22423505702ffff4a3101000b2409
:10b3f800253840011000abaf2400a6272528e0021d
:10b40800252000020773400f3400aaaf3400aa8f2a
:10b418001400c58f01000b242338ca021000abaffb
:10b42800ffffe7302400a627252000020773400ffe
:10b43800258840001400c58f2348f20221102202fb
:10b4480021483601ffff42302128a9001400561474
:10b45800000000007000c4935400c28f1c00c5afe8
:10b46800fdff84242110c2020300842c02008010f6
:10b478005400c2af000294365800c78fffff06245d
:10b488000700e610000000006400c4972338f600a7
:10b4980021208700320181045800c7af5800c6af89
:10b4a8001000a0123000a28f7000c293fdff42244a
:10b4b8000300422c040040548400c28f1c00c28f39
:10b4c8002000c2af8400c28f100044308601801073
:10b4d80001000624100005244128400f2520c00340
:10b4e8003000a28f08ff40102800a38f5400c28f9d
:10b4f8000100422421a8a30203ff551401000424db
:10b508005400c2af8400c28f030005248452827c99
:10b518007000c493000494368d0185108400c2af76
:10b528000400822c820140100200022462ff82146f
:10b53800090002247000c2a301000624110005249a
:10b548004128400f2520c003effe00100000000036
:10b55800030002247000c2a3000114241000c68f47
:10b568000800c28f23104600060041042328690200
:10b578000000c58f231045000400c58f2110a200cc
:10b58800232869022310a2000e00401884000a3cf8
:10b598008400c58f04000b3c2450450103004b1563
:10b5a80001000a2404004a10010029252530000062
:10b5b800e3ff001010000524c4bd457c5000c9af4e
:10b5c8008400c5af0c00c58f5000c28f2b48c50042
:10b5d8002110a20005002011231046000000c98f89
:10b5e8000400ca8f23482a01211049002348620217
:10b5f80087002019000000000400c28f0000ca8fd5
:10b6080023104a002b104900810040143800a9afcc
:10b61800dc0502243400c2afad57410f3400a4af9b
:10b628002081868f3400c58f8300c0a30228a670ae
:10b63800e80306241b00a600f401c0000c00c68f16
:10b64800122800002110a2003800c2af8400c28f67
:10b658001000c58f4429027c8400c2af3800a98f2e
:10b668003400a48f2110c9002b30a6000c00c2aff3
:10b678006300c0140400c98f2b30a2000700c0501b
:10b688002b2849005000c68f1000c2af2328c500e0
:10b69800212845005000c5af2b2849000600a054ba
:10b6a8001000c58f0000c58f2328250123104500f1
:10b6b8000c00c2af1000c58f2b10a9000600405423
:10b6c8007000c2930000c28f231022012310a20031
:10b6d8001000c2af7000c293030005240300451098
:10b6e80008000524030045540c00c58f0400943657
:10b6f8000c00c58f0800c28f1800a2540e00429695
:10b708008400c28f000145307800a0545000c58fd6
:10b71800004042300e0040508400c28fad57410fa8
:10b728003400a4af2081868f6c00c5973400a48fa5
:10b738000228a670e80306241b00a600f401c00036
:10b74800122800002110a2002400c2af8400c28f7a
:10b758004408027c8400c2af0e0042966a00c59776
:10b768002b28a2000100a0546a00c2a75000c58f70
:10b778006000c69721105300231045000600c0142e
:10b78800ffff423004004010010009248400c68fe6
:10b798008431267d8400c6af6000c2a77000c293c2
:10b7a800040006245900465406000624eefe6516d9
:10b7b8002000e7328400c28f8004427ceafe4010f9
:10b7c80000000000ad57410f3400a4af2081868fe0
:10b7d800881305243400a48f0228a670e8030624e1
:10b7e8001b00a600f401c000122800002110a200ce
:10b7f8003000c2af05000224dafe00107000c2a3b8
:10b808000000c68f233026019bff00102128a600c8
:10b81800b8ffc5500c00c58f8300c29301004224b5
:10b82800ff0042308300c2a30300422c1d00405099
:10b838000c00c68f3800c28faeff40500c00c58f79
:10b84800ad57410f3400a4af3800c58f2310450011
:10b85800a7ff40043400a48f3400c28f00fa0634d6
:10b868004028020001fa02342b10a2000b30a2007b
:10b87800ad57410f3400c6af2081868f3400c58f85
:10b888003400a48f0228a670e80306241b00a60033
:10b89800f401c000122800002110a2003800c2af35
:10b8a8000c00c68f5000c28f1000c58f2110c20037
:10b8b800231045002b28a6000600a0105000c2af98
:10b8c8000000c58f0400c98f2328a9002110a200f9
:10b8d8005000c2af8400c28f010005241000c6af1b
:10b8e800c439a27c82ff00108400c2af9aff65169b
:10b8f8008004427c99ff40500e0042968400c29713
:10b90800fdfe423094ff00108400c2a796fe461444
:10b918002000e732fcfd651625280000bffd001059
:10b928000000000001004224f7fd621625280000ef
:10b93800bafd001000000000010002242528e002e2
:10b948001000a2af2538c0022400a6270773400fb5
:10b95800252000021c00c58fbcfe00102128b6005f
:10b96800cffee01c211044005400c2af1800c28f63
:10b978002128a4002b204500060080101c00c5af1c
:10b988001400c48f23104400271002002128a200ad
:10b998001c00c5afffff0224c1fe00105800c2af53
:10b9a8002a3086000300c0102190420223889600a6
:10b9b800ffff31322400b2af219036022110f2028b
:10b9c8002b10a2002e0040100100aa24235057017a
:10b9d800235056011d004005ffff4a3101000b248a
:10b9e800253840012128f6021000abaf2400a62715
:10b9f800252000020773400f3400aaaf3400aa8f35
:10ba08001400c58f01000b2423382a021000abafa5
:10ba1800ffffe7302400a627252000020773400f08
:10ba280025b840002110e202ffff42309cfe22169a
:10ba3800ffff02245800c48f170082546400c29785
:10ba48005800d6af96fe00106400d1a71400c28f2c
:10ba5800253820022400a6272328a2002328c5026f
:10ba6800ffffa524010002241000a2af2128e5024f
:10ba78000773400f25200002ecff001000000000b3
:10ba8800010002241000a2af253820022400a627b6
:10ba9800f7ff00102128f6022b28c40221104400c9
:10baa8000a00a0102b3052000500c0142b9044024d
:10bab800040040566400d1a723885600ffff3132a6
:10bac8006400d1a776fe00105800d6af74fec010ef
:10bad8002b10560072fe40142340c4022140280255
:10bae8006ffe00106400c8a7010004240421827cb2
:10baf800080045307afea0148400c2afc418827cc6
:10bb0800ad57410f8400c2af2081858f64000424a3
:10bb180002208570e80305241b008500f401a000bd
:10bb280012200000211082006dfe00102c00c2af10
:10bb3800040002240c008210050002249cfe82549a
:10bb480001000624253000004cfd001010000524db
:10bb5800080004248005427c6bfd40147000c4a3d7
:10bb680093fe0010010006245000c28ff5ff6212f8
:10bb780006000224d0fd00107000c2a304002012a9
:10bb88000100863a252820024128400f252000027e
:10bb98008400028e020043306c0060140040423082
:10bba8002000401003000224700003921e0062541b
:10bbb80001007326ad57410f000000002400038eda
:10bbc80023104300180042040100732673000392f7
:10bbd800800002924e00621425200002042b400fc0
:10bbe8008400118e8400028e01000324010031328a
:10bbf8000400627c840002ae0010062425280000a0
:10bc0800592a400f252000020700205601007326fc
:10bc18008400028e0400027c840002ae0a00022422
:10bc2800700002a201007326209e137c3081828f4f
:10bc38002b10620248fc40104081838f8010130053
:10bc4800211062000000508cf6ff00120b00022445
:10bc580070000392f3ff6210258800008400028eb2
:10bc6800c00043300300601025a00000c001547cd0
:10bc78001000112404004230090040508400028e54
:10bc8800ad57410f000000002800038e2310430029
:10bc980000004228100003240a8862008400028ef3
:10bca800080042300900405070000392ad57410f20
:10bcb800000000002c00038e2310430000004228df
:10bcc800100003240a886200700003920500022411
:10bcd800aaff621400000000ad57410f00000000e9
:10bce8003000038e23104300a4ff40040100062403
:10bcf800140005244128400f2520000225280000b3
:10bd0800a927400f25200002c7ff00100100732655
:10bd1800020006244128400f10000524ad57410faa
:10bd2800010073262081848f6c00039602186470ca
:10bd3800e80304241b006400f401800012180000ca
:10bd480021106200b8ff0010240002aead57410f69
:10bd5800000000002400038e23104300b2ff4204b9
:10bd68000100732670000492ffff8224ff00423016
:10bd78000900432c61006010019d033c8010020003
:10bd88009cbd6324211062000000428c0800400022
:10bd980000000000c0bd009d00be009dacbe009d1f
:10bda800ecbe009d04bf009dd0be009d04bf009d59
:10bdb80004bf009decbe009d720002920400422c5c
:10bdc8000b0040140200112404000224720002a295
:10bdd8002081828fe8030324021062701b00430055
:10bde800f401600012100000001102004c0002aec5
:10bdf8000c00001025900000720002920300422cf3
:10be0800fbff4014120011248400128e1400112428
:10be1800010052320a8892002b9012001a008012f8
:10be280001000624720002921000038e0c00048e9a
:10be380001004224720002a24c00028e401002004f
:10be48004c0002ae231064002b186400060060103a
:10be5800ffff42300400038e0000058e23186500a2
:10be680021104300ffff42305000038e100004ae43
:10be78002530000023186200500003ae60000396ce
:10be880021104300600002a6252820024128400f07
:10be98002520000263ff40122528000098ff0010ab
:10bea80000000000720002920500422cd0ff4054ae
:10beb8001000112404000224700002a22590000042
:10bec800d6ff001011001124720002920500422cc6
:10bed800c7ff40541000112401001224cfff0010a6
:10bee80014001124720002920500422cfbff4050fe
:10bef80001001224beff00101100112449ff201276
:10bf080025900000c5ff001000000000b8ff0010d9
:10bf180012001124c8ffbd27010002242800b6af73
:10bf28002000b4af1c00b3af1800b2af3400bfafed
:10bf38003000beaf2c00b7af2400b5af1400b1afce
:10bf48001000b0af25a080002598a0002590c00063
:10bf58000300a21025b0e0000600c01425a80000c8
:10bf68007327400fffff11246200401025a84002ec
:10bf780025904000248184272038410fffff0524a5
:10bf88003081838f4081848f258800002b10230205
:10bf98000500401480f011003038410f24818427b7
:10bfa80054000010ffff112421109e000000428c55
:10bfb800710040503481848f01003126f3ff001056
:10bfc800208e117c140002ae2a818397211045002f
:10bfd800180002ae18020224660002a64081828f71
:10bfe80001006324000017ae21105e0021b8e302af
:10bff800740011a6040017ae248184273038410f3d
:10c00800000050ac5e00029673ff033c01f86334f5
:10c018006e0002a60000028e380000ae340000aeaa
:10c02800080002ae0c0002ae100002ae1400028e30
:10c03800830000a2500000ae1c0002ae200002ae39
:10c048008400028e5c0000a63c0000ae2410430071
:10c05800ffff032400024234580003ae010003240a
:10c06800600003a66a0003a6000c437c710003a2cb
:10c07800c006437c840002ae02006014730000a274
:10c08800440000ae0007427c01004050400000ae72
:10c098000100022410008216710014a22b28400f00
:10c0a800252000020d004010480002ae8400028ed8
:10c0b8005e0012a6048c827e1b006016840002ae0d
:10c0c800010003240400627c840002ae700000a218
:10c0d800080000106e0012a6480000ae710002921f
:10c0e800f3ff40508400028ece26400f2520000228
:10c0f800ffff11243400bf8f251020023000be8faf
:10c108002c00b78f2800b68f2400b58f2000b48f7d
:10c118001c00b38f1800b28f1400b18f1000b08fbd
:10c128000800e0033800bd27ad57410f5c0015a695
:10c138008400038e240002ae010002244408437cdc
:10c1480006008216840003ae0400c012000000003e
:10c158000000c28e010040543c0002aeb02a400fdd
:10c1680025200002000042280b0003240b986200df
:10c17800e0ff0010700013a28c0006240800828cd7
:10c1880009f84000010005243481848f2a818597ad
:10c19800258040000400828c0100a52409f8400095
:10c1a800ffffa5303481848f2881859725b840000a
:10c1b8000400828c0100a52409f84000ffffa53087
:10c1c800050000123481848f0400e0520c00838c37
:10c1d8007cff4014288185970c00838c09f8600047
:10c1e800252840003481848f0c00828c09f8400097
:10c1f8002528e0023481848f0c00828c09f84000e5
:10c208002528000264ff0010000000000800e00379
:10c2180025100000d8ffbd272000b4af25a080005e
:10c22800252000001c00b3af2400bfaf1800b2af38
:10c238001400b1af1000b0afce37410f2598a00061
:10c248003c81838f2e006014010004243881838f81
:10c2580038006054010010241600839237006014df
:10c26800020003243c8183af2580000001001124d3
:10c278002590000025284000e037410f25200000c8
:10c288001600005625800000140020522580400228
:10c298000800828e060040100000000004006012b2
:10c2a800000000000000628e26004014000000001c
:10c2b8008162410f00000000080040503c8180afbf
:10c2c8007b62410f00000000069d053c288da524d7
:10c2d800ef29410f252040003c8180af2400bf8f0b
:10c2e800251000022000b48f1c00b38f1800b28ff5
:10c2f8001400b18f1000b08f0800e0032800bd279c
:10c308000b0064143881838f0a0060180100102420
:10c31800160084920200801401006324388183afe0
:10c328002580000025880000d2ff0010010012249b
:10c3380025800000ceff001025880000fdff0010ba
:10c3480001001024cf57410f00000000208182af68
:10c35800040062960800848e0000728e2a8182a7eb
:10c36800060062960400062425284002288182a738
:10c378000800828c09f84000348184af0a00401418
:10c38800408182af8162410f00000000d3ff40501e
:10c398003c8180af7b62410f00000000069d053c98
:10c3a800cbff0010588da524019d053c05000624ef
:10c3b80008ada5240a000424b83e400f308192af8e
:10c3c800050040142c8182af8a2a400f000000002b
:10c3d800c2ff00103c8180af3881828f01000724a2
:10c3e8000100062401004224252800002481842716
:10c3f800ea37410f388182af01000324f2ff43146a
:10c4080000000000388182af3c8182afb3ff00108a
:10c4180025802002b1ff001025804002d8ffbd27eb
:10c428001c00b3af25988000252000001400b1af90
:10c438001000b0af2400bfaf2000b4afce37410f1b
:10c448001800b2af3c81848f0100032425880000c6
:10c4580008008314258000003881838f0500601848
:10c4680001001024020003243c8183af0100112441
:10c478002580000025284000e037410f25200000d6
:10c48800160000162400bf8f140020120100122489
:10c498001400629625880000049052003081828f33
:10c4a8002b1022021400401402000224160063928a
:10c4b8002b0062143881828fffff42242800401429
:10c4c800388182af8a2a400f000000001338410fdc
:10c4d800248184273c8180af2400bf8f2000b48f43
:10c4e8001c00b38f1800b28f1400b18f1000b08fea
:10c4f8000800e0032800bd274081838f80101100c9
:10c50800211062000000508ce4ff00520100312627
:10c51800b03d400f4400048e0f0040040100032486
:10c5280004104300241052000b0040100020062481
:10c538008400148e25280000251080020400627ce7
:10c54800840002ae592a400f252000028400028e82
:10c558000400827e840002aed0ff00100100312664
:10c5680001000224dcff00103c8182af020002249b
:10c578000c008214ffff09240800e00325102001a5
:10c58800ffff09242400bf8f251020012000b38f4e
:10c598001c00b28f1800b18f1400b08f0800e003a0
:10c5a8002800bd27d8ffbd27010002242000b3af13
:10c5b8001c00b2af1400b0af2400bfaf1800b1af79
:10c5c8002580c0002598a0002600821425908000b0
:10c5d8000800c050258800000000c28c21004010cf
:10c5e800252800008d3a400f2520c000e4ff4010a8
:10c5f80025884000253800002530600225280000e5
:10c60800c72f400f2520400225484000ffff022485
:10c61800dbff22114081838f801009002530000242
:10c62800211062000000488c71000591440011ad92
:10c638001a26400f252000010400201201000324bf
:10c648008400028dc4de627c840002adcdff00123e
:10c65800010003248400028d04e7627cc9ff0010f6
:10c66800840002ade3ff00102588000001000224c9
:10c67800040082142538c0002530a000c72f400bc5
:10c68800010005240800e003ffff0224e8ffbd279e
:10c698001400bfaf2b26400f0000000025204000eb
:10c6a80008008010010002248400838c0002653099
:10c6b8000400a01025100000444a037c840083acc9
:10c6c800010002241400bf8f0800e0031800bd27f2
:10c6d800e8ffbd271400bfaf2b26400f0000000065
:10c6e8002518400003006010251000008400628cab
:10c6f8008002427c1400bf8f0800e0031800bd27a9
:10c70800e8ffbd271400bfaf2b26400f0000000034
:10c718002518400008006010251000007000639084
:10c72800fdff64240300842c03008014010002240c
:10c73800080063380100622c1400bf8f0800e00372
:10c748001800bd27e8ffbd271400bfaf2b26400ff8
:10c758000000000025204000050080102510000082
:10c76800042b400f0000000027100200c21702002f
:10c778001400bf8f0800e0031800bd27e8ffbd279d
:10c788001400bfaf2b26400f00000000050040102a
:10c798001400bf8f2530000025204000592a400b87
:10c7a8001800bd270800e0031800bd27e8ffbd27d3
:10c7b8001400bfaf2b26400f1000b0af0600405446
:10c7c80070004390251000001400bf8f1000b08f38
:10c7d8000800e0031800bd27258040000b00022454
:10c7e800f9ff621425100000b02a400f252000022e
:10c7f800f4ff400401000224700002a2f2ff0010be
:10c8080001000224e8ffbd271000b0af1400bfaf3d
:10c818002b26400f00000000258040000a0000126f
:10c82800251000008400028e4005437c0a00601039
:10c83800010003242530000001000524592a400f77
:10c8480025200002010002241400bf8f1000b08fc1
:10c858000800e0031800bd2704c6627c840002ae0d
:10c86800042b400f25200002f2ff4014010002248f
:10c87800f6ff00101400bf8fe8ffbd271400bfaffc
:10c888002b26400f00000000040040101400bf8f4a
:10c89800252040003626400b1800bd270800e0037d
:10c8a8001800bd270800e0033081828fe8ffbd270c
:10c8b8001400bfaf2b26400f0000000009004010f5
:10c8c8000100032471004490070083141400bf8ff3
:10c8d8004800438c0400601025204000d12a400bfa
:10c8e8001800bd271400bf8f251000000800e003c2
:10c8f8001800bd27e8ffbd271400bfaf2b26400f47
:10c9080000000000060040101400bf8f4800438c50
:10c9180003006010252040004726400b1800bd2763
:10c92800251000000800e0031800bd27d0ffbd2730
:10c938001800b1af2c00bfaf2800b5af2400b4afca
:10c948002000b3af1c00b2af1400b0af1600c01087
:10c958002588c0001400a050258800002b26400f11
:10c968000000000083004010258040004800478cec
:10c978000500e010252040004726400f25a0a00014
:10c988001300401425904000710003920100022416
:10c9980005006214258800000400e0102c00bf8ff9
:10c9a800d12a400f252000022c00bf8f251020021d
:10c9b8002800b58f2400b48f2000b38f1c00b28fdd
:10c9c8001800b18f1400b08f0800e0033000bd27b5
:10c9d800251020022b885102010020562510400204
:10c9e8000800048e0400138effff513021109100bf
:10c9f8002b1053000c00401425a820022398640231
:10ca0800ffff75322530a002d665410f2528800228
:10ca18000000028e2398330221a09502080002ae7e
:10ca2800ffff75320800048e2530a002d665410f3d
:10ca3800252880020800068e1000048e8400038ecc
:10ca48002130d5003a00c410080006ae4007627cc9
:10ca58000b0040102000623009004014239051025e
:10ca68000400028e0000058effff5232231045009d
:10ca78004078427c2b90520025004012010012247d
:10ca88002b1086001d0040500400028e2330c40085
:10ca980060000296ffffc6302b38c2000200e0108b
:10caa800252840002528c000ffffa730660005960e
:10cab8002b28e5001600a010259000006a000596b6
:10cac800422805002b28e5000a00a0102b3046005c
:10cad8001700c0144006627c0600401400806230d3
:10cae80014004014040062300c00028e11008214fd
:10caf8000400623006000010259000000000058e3a
:10cb0800231044002330c500e1ff00102130460007
:10cb1800d12a400f25200002a3ff40120100032460
:10cb28008400028e4429627c9fff0010840002aebc
:10cb3800040062309cff4014010002248410437cee
:10cb4800cf57410f840003aead57410f25904000e9
:10cb58002800032402184372e80304241b0064001d
:10cb6800f401800012180000211062008eff0010ee
:10cb7800280002ae8cff001025880000e8ffbd27c2
:10cb88001c00a5a3010006241400bfaf4d32400fbe
:10cb98001c00a5271400bf8f0800e0031800bd275c
:10cba800e0ffbd271800b1af258880002520a00030
:10cbb8001c00bfaf1400b0afca65410f2580a000ac
:10cbc800ffff4630252800024d32400f2520200265
:10cbd8001c00bf8f211002021800b18f1400b08f03
:10cbe8000800e0032000bd27e8ffbd271400bfaf01
:10cbf8002b26400f00000000253840001500e010eb
:10cc0800251000007100e490010003241200831431
:10cc18001400bf8f4800e38c0f0060100300042449
:10cc28007000e39003006410080004240a006414f0
:10cc3800000000004726400f2520e0000400e38c98
:10cc48000000e48c23186400ffff632423106200b3
:10cc5800ffff42301400bf8f0800e0031800bd2713
:10cc6800d8ffbd272000b3af1c00b2af2400bfaf70
:10cc78001800b1af1400b0af2b26400f25988000e4
:10cc88002b004010259000002900a010010012245c
:10cc98002580a000258840003c00062425280000a7
:10cca8008066410f2520000271002292070052542d
:10ccb8005c0022963c00238e040003ae4000238ec5
:10ccc800000002ae140003ae5c0022961400238e0e
:10ccd80025202002240002a65e00229601001224cc
:10cce800260002a64400228e280002ae700022927e
:10ccf8002c0002ae1800228e23104300300002a63a
:10cd08000000238e0400228e231043005d26400f6e
:10cd1800320002a6340002a6fc32400f2520600231
:10cd2800360002a63626400f25202002380002ae23
:10cd38002400bf8f251040022000b38f1c00b28f43
:10cd48001800b18f1400b08f0800e0032800bd2739
:10cd5800e8ffbd271400bfaf2b26400f00000000de
:10cd68000900401001000324710044900700831457
:10cd78001400bf8f4800438c040060102520400039
:10cd88004726400b1800bd271400bf8f2510000050
:10cd98000800e0031800bd27e8ffbd271000b0af6a
:10cda8001400bfaf2b26400f25800000090040105b
:10cdb800252040005d26400f25304000050040102a
:10cdc800258040001c00c28c2520c000e22a400fac
:10cdd8002000c2ac1400bf8f251000021000b08fd5
:10cde8000800e0031800bd27e8ffbd271400bfaf07
:10cdf8002b26400f00000000040040101400bf8fd5
:10ce0800252040005d26400b1800bd270800e003e0
:10ce18001800bd27d8ffbd271400b1af2400bfaf4d
:10ce28002000b4af1c00b3af1800b2af1000b0af11
:10ce38003300c0102588c0002b26400f00000000da
:10ce48004800401025804000252040005d26400f06
:10ce580025a0a00043004010259840002b886602ba
:10ce6800020020122510c000251060022000058e47
:10ce7800ffff51301800028e2118b1002b18430013
:10ce88000d006010259020022390450001005226d5
:10ce980005008012ffff523225208002d665410f1f
:10cea8002530400221a092021400028e2390320203
:10ceb800ffff5232200002ae0400801225304002eb
:10cec8002000058ed665410f252080022000028ea5
:10ced8002520000221905200e22a400f200012aec5
:10cee80007004014239871022a9833020d00601637
:10cef8008400028e01000324c439627c840002aedf
:10cf08002400bf8f251020022000b48f1c00b38f8f
:10cf18001800b28f1400b18f1000b08f0800e00322
:10cf28002800bd2704004330f5ff601401000324e6
:10cf38008410627cad57410f840002ae2081848f3b
:10cf4800c800032402186470e80304241b0064006a
:10cf5800f40180001218000021106200e8ff0010a0
:10cf6800280002aee6ff0010258800008733400b3a
:10cf780001000624e8ffbd271400bfaf2b26400f91
:10cf880000000000253040000800c01025100000f7
:10cf98005d26400f2520c0001800c38c1400c48ce7
:10cfa8002318640023106200ffff42301400bf8f73
:10cfb8000800e0031800bd27d8ffbd271800b1af4f
:10cfc8002400bfaf2000b3af1c00b2af2b26400f28
:10cfd8001400b0af20004010258800001e00c010cb
:10cfe8002588c000252040002598a0005d26400f18
:10cff800259040002118e6002a184300020060101e
:10d0080023104700ffff51302000458e1800508e36
:10d018002128a7002b100502060040502380050296
:10d028001400428e23100202271002002128a200b9
:10d038002380050201001026ffff10322b10110279
:10d048000d00401425300002253020022520600202
:10d05800d665410f000000002400bf8f2510200274
:10d068002000b38f1c00b28f1800b18f1400b08f4e
:10d078000800e0032800bd27d665410f252060027f
:10d08800233030021400458ef1ff00102120700279
:10d09800e0ffbd272538a000010006241000a527c1
:10d0a8001c00bfaff033400f1000a0a31c00bf8fbf
:10d0b8001000a2930800e0032000bd2790ffbd27c1
:10d0c8008400a2936000b6af5400b3af4c00b1af78
:10d0d800259880002588a0001000a42725b0c0004e
:10d0e80025280000200006245000b2af4800b0af49
:10d0f8006c00bfaf6800beaf6400b7af5c00b5afef
:10d108005800b4af2580e0008000b2978066410fd8
:10d118003000a2af2b26400f252060026b00405044
:10d12800ffff02346900c052ffff0234252040008f
:10d138005d26400f3400a2af23105000ffff5e3081
:10d148002b10d60361004054ffff02340600401242
:10d158003400aa8f2518c0032bf05e020100c057c7
:10d1680025184002ffff7e302000438d1800528da5
:10d17800211870002b10430205004010000029926e
:10d188001400428d23104202271002002118620069
:10d198003000a28f0700401025b820019fff2225ec
:10d1a8001a00422c0400405023904302e0ff372528
:10d1b800ff00f7322390430201002b26010052267c
:10d1c800ffff52322588c00225a0600125a8000073
:10d1d8002000422e200004240b204202251080004b
:10d1e8002b209e00020080102598c003259840003f
:10d1f800ffff733223905302ff006c322530600228
:10d20800252860001000a427ffff52324400a9af70
:10d218004000abaf3c00aaaf3800acafd665410fb9
:10d228003400a3af3800ac8f3c00aa8f4000ab8f0e
:10d23800140040124400a98f3400a38f21187300f2
:10d248003000a28f590040109fff2625e0ff2d25b2
:10d258001000a427253800001a00c62cff00ad31a5
:10d268000b00ec540000829023f0d303ffffde3361
:10d278002b10d1034f00401421807002d4ff0010fe
:10d28800ffff10321400438dedff0010ffff123432
:10d298009fff45241a00a52c0200a010e0ff42249d
:10d2a800000082a00000829020005714ffff312662
:10d2b800ffff31321100205600009792231016020a
:10d2c8000100422421104700ffff42306c00bf8f4d
:10d2d8006800be8f6400b78f6000b68f5c00b58fa2
:10d2e8005800b48f5400b38f5000b28f4c00b18fe8
:10d2f8004800b08f0800e0037000bd2701008526b4
:10d308009fffe2261a00422c030040103000b58f20
:10d31800e0fff726ff00f7320100e224ff00473064
:10d3280001008424ceff001025a0a0002588c0029b
:10d33800f9ffa012252880020200c01425b8a00118
:10d3480025b8200125286001f3ff001025a800005a
:10d3580021104400000042900e0057140000000005
:10d36800ffff3126ffff3132d4ff201201001524c0
:10d37800000097920100942601008424ff00873062
:10d388002b10ec00f2ff40141000a227b7ff00108a
:10d3980023f0d303f8ffa0122588c00225a80000b7
:10d3a80025b82001f4ff001025a06001f3ff00104c
:10d3b80025200000c5ff0010ffff0234e0ffbd2755
:10d3c8003000a2932400a5a31000a7af1400a2afb9
:10d3d8002538c0002400a5271c00bfaf3134400ffa
:10d3e800010006241c00bf8f0800e0032000bd27b1
:10d3f8003000e330300002240300621425100000de
:10d408000800e00300000000c0ffbd271c00b1af0a
:10d418001800b0af3c00bfaf3800beaf3400b7afa4
:10d428003000b6af2c00b5af2800b4af2400b3afbe
:10d438002000b2af2b26400f2588e0004c0040109a
:10d44800258040002510c0000001c62c0100c054f2
:10d45800000102240000038effff53300400028ef7
:10d4680023104300ffff4224ffff44301800038ebf
:10d478001400028e23186200100022324300401468
:10d48800ffff74302510a0000001a52c0100a05456
:10d4980000010224ffff5230200022323d004014d8
:10d4a800ffff623021104400211853022a10620045
:10d4b8001000405023109300231083022110820093
:10d4c8000300233204006010ffff423003000524ec
:10d4d80029006514020005240100422442100200bc
:10d4e80021905200ffff523221105300ffff5330aa
:10d4f800231093002b18640203006014ffff4230ce
:10d5080023106402ffff42302000422c2300401405
:10d518003481848f0400828c09f84000010065265c
:10d528001300401025b04000231092022b1854021b
:10d5380003006014ffff423023a05402ffff823231
:10d548002000542ccc0080163481848f0400828cf7
:10d5580009f84000010045261200401425b8400093
:10d568003481848f0c00828c09f840002528c00281
:10d578005b00001025100000dcff655021105300ef
:10d5880021105200daff0010ffff5230d8ff0010c0
:10d5980025908002daff001025988000e2ff001035
:10d5a80025b000006300c0122538000008002232b0
:10d5b800a9004010253800000800148e0c00058ec4
:10d5c8002b108502520040102b10b4000400158e59
:10d5d80000001e8e23a8a50223a09e02ffffb532dd
:10d5e800ffff94322110b4029e0040102a106202fc
:10d5f800940040143481848f0300a0122530a002c7
:10d60800d665410f2520c002040080122530800213
:10d618002528c003d665410f2120d5021000028eaf
:10d628000c00038e23f043002b104300060040102b
:10d63800ffffc7330400028e0000038e231043004f
:10d6480021f0e200ffffc7333c00e01625f00000a0
:10d65800258800003481848f0000058e1000a7af54
:10d668000c00828c21a0b40209f8400021a0d40249
:10d678001000a78f010062262110c202000016ae1a
:10d688000c0016ae21b0c702040002ae080014aeaa
:10d69800100016aea826400f252000020b00e0124d
:10d6a8003481848f1400058e0c00828c09f84000a8
:10d6b8002188d1032110f202140017ae200017ae02
:10d6c80021b8f102180002ae1c0017ae70000392d8
:10d6d80003000224560062100100062401000224ff
:10d6e8003c00bf8f3800be8f3400b78f3000b68f34
:10d6f8002c00b58f2800b48f2400b38f2000b28f80
:10d708001c00b18f1800b08f0800e0034000bd274f
:10d718000600405025f0000023a08502ffff943248
:10d7280025f0a000afff001025a80000fdff0010a5
:10d7380025a0000025a0000025a800000400313223
:10d748004a002012ffff03245800048e0c008310a7
:10d758001c00028e64000396211864002110430007
:10d768001800038e2b206200060080502000058ed2
:10d778001400048e231864002718030021104300a6
:10d788002000058e2b18a200050060102518a000a7
:10d7980023104500ffff51300b00001025f000005a
:10d7a8002b18450020006010251800001800118e65
:10d7b8001400038e0100312623882502231043001c
:10d7c800ffff3e32ffff51302120d10312008010ad
:10d7d8002a2044021b0080143481848f0700c01360
:10d7e8002530c0032520e0021400a7afd665410ffd
:10d7f8001000a3af1400a78f1000a38f06002012fb
:10d8080025302002252860002120fe02d665410f20
:10d818001000a7af1000a78f8fffc0163481848f28
:10d82800a1ff00101400058edbff00102588000002
:10d83800100005244128400f25200002a8ff0010f1
:10d84800010002240c00828c09f840002528e0021f
:10d8580044ff00103481848f25a000007aff001057
:10d8680025a8000078ff0010253800002588000052
:10d87800e9ff001025f0000098ffc01225b800004d
:10d888004bff001008002232e8ffbd271400bfaf8d
:10d898002b26400f000000000700405025300000f4
:10d8a8000900c010440045ac8400438c01000424e6
:10d8b800c4de837c840043ac1400bf8f2510c000f5
:10d8c8000800e0031800bd27fbff00100100062434
:10d8d800e8ffbd271400bfaf2b26400f0000000053
:10d8e800010040544400428c1400bf8f0800e0033c
:10d8f8001800bd27d8ffbd272400bfaf2000b4af54
:10d908001c00b3af1800b2af1400b1af2b26400f04
:10d918001000b0af0a00405470004390251000007a
:10d928002400bf8f2000b48f1c00b38f1800b28f63
:10d938001400b18f1000b08f0800e0032800bd2745
:10d9480025804000fdff62240300422cf3ff4014b1
:10d9580008000224f1ff62102590a00071000292d5
:10d968002588c000040040102598e000ff00a3307f
:10d97800ebff4314251000001c0060120100022474
:10d98800e7ff421625100000252800008d3a400fb9
:10d9980025206002e1ff401025a040001500205618
:10d9a8005e0002967327400f0000000025884000a3
:10d9b800dbff401025100000710012a2440014aed5
:10d9c80025306002ff0045321a26400f252000024c
:10d9d8008400028e010042300c0040105e0011a647
:10d9e8006e0011a6ceff001001000224ebff00100c
:10d9f8004400148ef1ff5150710012a2bc26400f52
:10da080025202002eaff0010000000003c000396d9
:10da18003e000296211043005c000396211043004b
:10da2800efff001026885100e8ffbd271400bfafa4
:10da38002b26400f254880005d0040102540c0007f
:10da4800253040000d00a22c590040108018050018
:10da5800019d053c70daa5242128a3000000a28cb2
:10da68000800400000000000a4da009dd4da009d00
:10da78002cdb009d54db009db8db009db8db009dce
:10da880070db009db8db009d80db009d8cdb009d7a
:10da9800a0db009da8db009db0db009d1e000011ef
:10daa80025100000000004918400c38c0100843814
:10dab80004a5837c8400c3ac010004910100843870
:10dac80044ad837c130000108400c3ac1200001125
:10dad80025100000000002918400c38c8473437ced
:10dae8008400c3ac004063300b00601001000224c6
:10daf8007300c0a0020003950100605010270324a2
:10db08006c00c3a4040003910100605006000324c4
:10db18008000c3a0010002241400bf8f0800e003a6
:10db28001800bd270100023c2b1002012000401004
:10db38002400072425300000ffff05311400bf8fa3
:10db480025202001fe34400b1800bd270100023caf
:10db58002b1002011600401018000724ffff0631a1
:10db6800f6ff0010252800008400c38c2b40080015
:10db7800d4ff001044ce037d8400c38cd1ff001075
:10db8800046b037d8400c38cffff08312b40080021
:10db9800ccff0010c47b037ddeff00108100c8a00d
:10dba800dcff00108200c8a0daff00108800c8a0bf
:10dbb800d9ff001025100000e8ffbd271400bfaff3
:10dbc8002b26400f000000002500401025180000fb
:10dbd8002400c0101400bf8f0d00a32c210060107a
:10dbe8002518000080180500019d053c08dca524c7
:10dbf8002128a3000000a38c08006000000000009a
:10dc08003cdc009d78dc009d98dc009dacdc009d30
:10dc180004dd009d04dd009dc0dc009d04dd009d49
:10dc2800d0dc009de0dc009decdc009df4dc009d78
:10dc3800fcdc009d8400428c0200c0a4021d02008e
:10dc480042150200010063380100423801006330c8
:10dc5800010042300000c3a00100c2a0010003245b
:10dc68001400bf8f251060000800e0031800bd27ce
:10dc78008400438c8003637c0000c3a06c00439441
:10dc88000200c3a480004290f4ff00100400c2a068
:10dc98001800438c1400428c23186200efff001018
:10dca8000000c3a40400438c0000428c23186200c7
:10dcb800faff0010010063248400428c4006427c75
:10dcc800e6ff00100000c2a08400428c000b427cda
:10dcd800e2ff00100000c2ac8400428cf8ff001084
:10dce800c003427cf6ff001081004290f4ff001050
:10dcf80082004290f2ff001088004290d8ff001086
:10dd0800251800001b00c01025380000e8ffbd27bb
:10dd18001400bfaf2b26400f000000000500405440
:10dd2800710048901400bf8f2510e0000800e00340
:10dd38001800bd27ff00a530fbff05151400bf8f95
:10dd480070004490fdff83240300632cf6ff6014e9
:10dd580008000324f4ff831001000324f3ff035594
:10dd68002510e0000000c38c01000724edff00101f
:10dd78003c0043ac0800e0032510e000e8ffbd27a5
:10dd88001400bfaf2b26400f2540800005004054eb
:10dd980070004390251000001400bf8f0800e003b6
:10dda8001800bd2725484000fdff62240300422ccf
:10ddb800f8ff401408000224f7ff62502510000005
:10ddc8000500e0142550c000010040555c002aa55c
:10ddd800f1ff0010010002242530e0004337400f16
:10dde80025200001f8ff401425100000ebff00106b
:10ddf8001400bf8fe8ffbd271400bfaf2b26400fcc
:10de0800000000000a0040101400bf8f700044900a
:10de1800fdff83240300632c05006014080003241d
:10de280003008310252040001a26400b1800bd2748
:10de3800251000000800e0031800bd27d8ffbd2703
:10de48002000b3af25988000252000001c00b2af49
:10de58001800b1af1400b0af2590a0002400bfafe8
:10de68002580c000ce37410f2588e0000b00001246
:10de7800252840002b26400f25206002070040502f
:10de8800258000007800438c040060542580000041
:10de9800780050ac760052a47c0051ace037410fba
:10dea800252000002400bf8f251000022000b38f1a
:10deb8001c00b28f1800b18f1400b08f0800e00367
:10dec8002800bd27e0ffbd271400b0af25808000e3
:10ded800252000001c00bfaf1800b1afce37410f9e
:10dee8002588a000252000022b26400f2528400069
:10def80007004010258000007800438c040071144e
:10df080000000000780040ac760040a40100102416
:10df1800e037410f252000001c00bf8f25100002ac
:10df28001800b18f1400b08f0800e0032000bd274f
:10df38000800e003010002240800e00325100000a7
:10df48000800e003251000001881828f05004010aa
:10df58001c81868f1000441400000000188180afd7
:10df68001c81868f01a0023c28274594780007244d
:10df78002510000002204770211886002b2045003c
:10df88000700805442006494251800001881828f8d
:10df980001004050188183af0800e0030000000032
:10dfa80040008430f9ff801401004224f2ff001081
:10dfb80002204770e0ffbd271400b0af01a0103c5d
:10dfc8001c00bfaf1800b1af0a008014a0241026af
:10dfd8001800029608001096258050001c00bf8f7c
:10dfe800251000021800b18f1400b08f0800e0035c
:10dff8002000bd2725888000ce37410f010004246a
:10e00800010005241800039609002512080004964b
:10e01800fdff8530080005a62580640025284000fe
:10e02800e037410f01000424edff00101c00bf8ff2
:10e03800feff6630f8ff0010180006a6ffffa524b3
:10e048000600a32c31006010251000008010050088
:10e05800019d053c7ce0a5242128a2000000a28c9b
:10e06800e8ffbd271000b0af1400bfaf08004000a4
:10e078002580800094e0009dbce0009dcce0009de0
:10e08800dce0009dece0009d00e1009d010007241c
:10e0980001000624ea37410f252800000100423814
:10e0a8000100422c1400bf8f1000b08f0800e0035d
:10e0b8001800bd271338410f00000000f8ff0010ba
:10e0c800010042382038410fffff0524f4ff0010fb
:10e0d800010042383038410f00000000f0ff001006
:10e0e80001004238ce37410f25200000000002ae63
:10e0f800ecff0010010002240000858ce037410f7e
:10e1080025200000e7ff0010010002240800e003ba
:10e1180000000000d8ffbd271800b2af259080008e
:10e128002520a0002000b4af1c00b3af25a0e0005c
:10e138001400b1af1000b0af2588c0002400bfaff5
:10e14800ca65410f2c00a5af010050240000828e43
:10e158003800b38f21105000000082ae0000228edc
:10e168002b105000180040142c00a58f0000438e7f
:10e1780025300002d665410f252060002518400093
:10e188000000428e21105000000042ae0000228e96
:10e1980023105000000022ae0000628e2180500043
:10e1a800000070ae2400bf8f251060002000b48fdf
:10e1b8001c00b38f1800b28f1400b18f1000b08ffd
:10e1c8000800e0032800bd27000020aef5ff00107e
:10e1d800251800000400998c0700201301a0033cb7
:10e1e800a0246324231083002530a00025380000d4
:10e1f80008002003032902000800e00300000000d3
:10e20800e0ffbd271400b0af258080002520000066
:10e218001c00bfaf1800b1afce37410f2588a00052
:10e228000800039625284000252000002518230211
:10e23800e037410f080003a6252820022520000208
:10e248001c00bf8f1800b18f1400b08f7738400bb7
:10e258002000bd271081828f01a0043c0200052404
:10e2680001004224108182af01a0023ca024422474
:10e2780008004394b0248424020063347738400ba8
:10e28800080043a478ffbd277000b3af01a0133c7a
:10e298006c00b2af282772266400b0af1000508e11
:10e2a8007c00b6af7800b5af7400b4af6800b1af0a
:10e2b8008400bfaf8000b7af1700579242000296a4
:10e2c8001400439625a08000845ae27e25a8a00069
:10e2d800600003a6420002a64400118e06008010ca
:10e2e8005400168e000025962520a00225108002d5
:10e2f800540080540000468c010002246700e21696
:10e30800282762963e00a3a73800a0af3c00a2a72a
:10e31800069d023c608742241000a2af069d023c85
:10e328006c8742241400a2af069d023c78874224e1
:10e338001800a2af0800428e4000a0af4400a0af72
:10e348001c00a2af059d023c808b42242000a2af96
:10e35800059d023ce48c42242400a2af059d023caa
:10e368000c8e42242800a2af019d023c44e04224c6
:10e378002c00a2af019d023cace542244800a0afae
:10e388004c00a0af3000a2afdc22410f3400b0af88
:10e39800de22410f4000a2a74200a2a71600429623
:10e3a800060006243c0005264800a4274400a2a72e
:10e3b800d665410f4600b7a71000a2275400a2afa8
:10e3c800000024960800228e5000a0a35800b6af83
:10e3d80009f840005000a527ffff12241e00521420
:10e3e8004c0002ae8162410f4c0000ae09004010a3
:10e3f800259000007b62410f000000000400268e7b
:10e40800049d053c7c75a524ef29410f252040007b
:10e41800259000008400bf8f251040028000b78f30
:10e428007c00b68f7800b58f7400b48f7000b38ffe
:10e438006c00b28f6800b18f6400b08f0800e003f1
:10e448008800bd275500a6500400568cffff842481
:10e45800a7ff0010080042241c00228e000024960a
:10e4680009f84000030005240c005214500002aec5
:10e47800500000ae8162410f4c0000aee5ff401035
:10e48800259000007b62410f00000000049d053cc0
:10e498000400268edcff0010ac75a524059d113cf8
:10e4a800059d163c90773126e477d6260600801223
:10e4b80025280000000024962518a00225108002b7
:10e4c80013006014252800000400228e09f840007b
:10e4d8002827642613004014259040008162410fcc
:10e4e80000000000cbff4050259000007b62410fe8
:10e4f8000000000000002696049d053cd075a52468
:10e50800ef29410f25204000c3ff00108400bf8f72
:10e518000000458c1f008510ffff6324e8ff0010f2
:10e52800080042240c003126e0ff361600000000e7
:10e538005000048eb7ff8010010006244400028eac
:10e548004c00428c09f84000960705240c00401442
:10e55800259040008162410f00000000adff40504f
:10e56800259000007b62410f000000004400038eec
:10e57800049d053c0476a524e1ff00100400668c88
:10e58800430002923f00423040004234a1ff001095
:10e59800430002a2ccff00100400458c56ff001077
:10e5a800540016ae160083300300601025100000da
:10e5b80001a0023cb02442246200a39425208300d9
:10e5c8001481838f6200a4a401006324148183afa3
:10e5d800060040100100052408004394252040004f
:10e5e800010063347738400b080043a40800e003b7
:10e5f800000000001f0080142520a000d8ffbd27c0
:10e608001800b0af2580a0002f0005242000b2af6d
:10e618001c00b1af2400bfaf2588c0003d65410f85
:10e628002590e000050040145c0005243d65410f7d
:10e638002520000203004010049d053c01005024e1
:10e64800049d053c1000b2af253820022530000299
:10e658004076a524ef29410f252000002400bf8f14
:10e668002000b28f1c00b18f1800b08f0800e003a3
:10e678002800bd270800e003000000000c008014fb
:10e688002510e000e0ffbd272538c0002530a00098
:10e69800049d053c1000a2af1c00bfafef29410f3d
:10e6a8007876a5241c00bf8f0800e0032000bd2752
:10e6b8000800e0030000000001a0033c28276324b1
:10e6c80002006414ffff0224f480828f0800e00334
:10e6d8000000000001a0023ce8ffbd2728274224d3
:10e6e8001000b0af1400bfaf08004414258000002c
:10e6f8000600a010010010242520a00001a0053c60
:10e7080018000624d665410f1027a5241400bf8fd2
:10e71800251000021000b08f0800e0031800bd2784
:10e728000800e0031881828f070080102510000080
:10e738004200839440006330030060100000000032
:10e74800188184af010002240800e00300000000e3
:10e758000800e003251000000800e0032510000071
:10e768000c00a0102510a0000000a68c0900c01005
:10e778002510000001a0033c1c81828f2827679484
:10e78800252800002b18a7000400601400000000d2
:10e79800251000000800e00300000000040080507d
:10e7a800420043940c0044547800422442004394ad
:10e7b8004000633008006050780042240400438c15
:10e7c8000800488c2618c30024186800f1ff601060
:10e7d8000000000078004224eaff00100100a52490
:10e7e8001c81828f01a0033c28276694251800000d
:10e7f8002b2866000400a0545000458c251000000a
:10e808000800e00300000000fdffa41001006324dd
:10e81800f7ff0010780042241c81838f01a0023c7e
:10e8280028274694251000002a2846000400a054f2
:10e838005000658cffff02240800e0030000000080
:10e84800fdffa41078006324f7ff001001004224a4
:10e8580001a0023c0800e0032827429401a0023ce2
:10e86800282743942b18830005006010251000000a
:10e8780078000224022882701c81838f2110a30053
:10e888000800e0030000000002008010ffff0224df
:10e89800600082940800e003000000001c81828f61
:10e8a8000c004010231882000a00600425100000a4
:10e8b800eeee053cc3180300efeea53402186570b0
:10e8c80001a0023c282742942a1062000a20020074
:10e8d800251080000800e003000000000010032459
:10e8e8000a008310251000001c81828f01a0033cc0
:10e8f80028276694ffff8430251800002b2866001f
:10e908000400a05402004594251000000800e0030c
:10e9180000000000fdffa41001006324f7ff0010b1
:10e928007800422404008010251080004400828c66
:10e93800010040540400428c0800e003000000007d
:10e94800d8ffbd272000b3af1c00b2af1800b1af8d
:10e958001400b0af2400bfaf259880002580a00028
:10e968002588c0000400801025900000ca65410f6a
:10e978006f008424259040000c0000122400bf8ff3
:10e988000b0020122510400206004012ffff31261e
:10e9980025200002253020029466410f6f0065266d
:10e9a80021801102000000a22400bf8f2510400220
:10e9b8002000b38f1c00b28f1800b18f1400b08fe5
:10e9c8000800e0032800bd27020080102510800001
:10e9d8004400828c0800e003000000001c81828f44
:10e9e80001a0033c28276694251800002b28660000
:10e9f8000400a05442004594251000000800e003dc
:10ea0800000000004000a5300600a0507800422415
:10ea18000400478c0000858cf8ffe510000000001a
:10ea280078004224f1ff001001006324e8ffbd27ad
:10ea38001400bfaf080080102540a0000000828ca1
:10ea48000500401000000000793a400f0000000067
:10ea5800050040141400bf8f0200001125100000ab
:10ea68001881828f1400bf8f0800e0031800bd27ab
:10ea7800251080000000a48c0001033c7f00632463
:10ea88000800831001a0033c1c81828f282766940c
:10ea9800251800002b2866000400a0540400458cab
:10eaa800251000000800e00300000000fdff8510ad
:10eab80001006324f7ff0010780042240800e003f7
:10eac800251000000800e003251000000800801051
:10ead8002510000042008394400063300400601059
:10eae800000000000000a28c0c0082ac010002248f
:10eaf8000800e00300000000050080102510000059
:10eb08004200839440006330010060540c00828c02
:10eb18000800e00300000000050080102510000038
:10eb28004200839440006330010060541000828cde
:10eb38000800e00300000000050080102510000018
:10eb48004200839440006330010060541400828cba
:10eb58000800e0030000000007008010000000002b
:10eb680042008294400042300300405025200000bb
:10eb78000000a28c100082ac0800e0032b100400f7
:10eb88000800801025100000420083944000633084
:10eb980004006010000000000000a28c140082ac89
:10eba800010002240800e003000000000800e00360
:10ebb800251000000800e003251000000d0080105b
:10ebc8002510000042008394400063300900601063
:10ebd80006000624e8ffbd271400bfafd665410f25
:10ebe8003c0084241400bf8f010002240800e003c5
:10ebf8001800bd270800e003000000000200801094
:10ec0800251080002c0082240800e003000000008a
:10ec180010008010251000004200839440006330eb
:10ec28000c0060102c008324e8ffbd27252060001d
:10ec38001400bfafd665410f100006245373400f70
:10ec4800252040001400bf8f010002240800e003c3
:10ec58001800bd270800e003000000000500801030
:10ec68002510000042008394400063300100605486
:10ec7800020082940800e0030000000005008010f4
:10ec88002510000042008394400063300100605466
:10ec98006d0082900800e003000000001000801062
:10eca8002510000042008394400063300c0060107f
:10ecb800000000004400828c5000848ce8ffbd27cf
:10ecc8003c00428c1400bfaf09f84000000000006f
:10ecd8001400bf8f0100422c0800e0031800bd2774
:10ece8000800e0030000000010008010251000005c
:10ecf80042008394400063300c0060100000000064
:10ed08004400828c5000848ce8ffbd274400428c6c
:10ed18001400bfaf09f84000000000001400bf8fc6
:10ed28000100422c0800e0031800bd270800e0039a
:10ed3800000000001c81828f0700401001a0033ce6
:10ed480028276994ffff8430251800002b406900ac
:10ed580003000055020048940800e0032510000055
:10ed680007000455780042244400488c04000051f0
:10ed7800780042244800198d080020035000448c74
:10ed8800f2ff0010010063241c81828fe8ffbd2779
:10ed98001400bfaf060040141000b0af25100000eb
:10eda8001400bf8f1000b08f0800e0031800bd27c3
:10edb800fbff8010251000001000e0144c00022416
:10edc800f7ffa01025100000f6ffc0101400bf8f39
:10edd8004c00c62cf1ffc0142580a0004a00062470
:10ede80002008524d665410f020004264c00022447
:10edf800000002a6eaff00104c000224f4ffa01451
:10ee08000000e2ace6ff00102510000090ffbd27cf
:10ee18006c00bfaf6800b2af6400b1af970080105c
:10ee28006000b0af258880002580a0000300e014b2
:10ee38002590e0009200a050258000000000239655
:10ee48004c0002248d0062143c00c22c8b0040143c
:10ee58003c0002265800a2af4400228ec4ffc624fc
:10ee68005400a6af5000a0af4c00a0af8b004010dc
:10ee78004a00a0a30400458c8800a0103200062494
:10ee88009466410f1800a4274c00a2271000a2afd7
:10ee98005000a7275400a6271800a5274738400f79
:10eea8005800a427000002ae320006242c002526b4
:10eeb8009466410f1800a4274c00a2275000a727ea
:10eec8005400a6271800a5275800a4274738400f44
:10eed8001000a2af040002ae320006241800a527d5
:10eee8007977400f3c0024264c00a2275000a72722
:10eef8005400a6271800a5275800a4274738400f14
:10ef08001000a2af080002ae320006241800a527a0
:10ef18005377400f040024264c00a2275000a7274f
:10ef28005400a6271800a5275800a4274738400fe3
:10ef38001000a2af0c0002ae320006241800a5276c
:10ef48005377400f080024264c00a2275000a7271b
:10ef58005400a6271800a5275800a4274738400fb3
:10ef68001000a2af100002ae320006241800a52738
:10ef78005377400f0c0024264c00a2275000a727e7
:10ef88005400a6271800a5275800a4274738400f83
:10ef98001000a2af140002ae320006241800a52704
:10efa8005377400f100024264c00a2275000a727b3
:10efb8005400a6271800a5275800a4274738400f53
:10efc8001000a2af180002ae320006241800a527d0
:10efd8005377400f140024264c00a2275000a7277f
:10efe8005400a6271800a5275800a4274738400f23
:10eff8001000a2af4000248e1c0002ae0072400f29
:10f00800800e847c25284000320006249466410f37
:10f018001800a4274c00a2275800a4271000a2af6c
:10f028005000a7275400a6274738400f1800a527e7
:10f0380042002396200002ae0400643002008010d3
:10f048000100623004004234020063300100605461
:10f05800020042344400238e240002ae5000a28fe6
:10f0680003004012280003ae3c004324000043aed6
:10f078004c00a38f030062106c00bf8f2580000036
:10f088006c00bf8f251000026800b28f6400b18f3a
:10f098006000b08f0800e0037000bd2782ff0010f9
:10f0a800000000ae2300801000100224d8ffbd2706
:10f0b80001a0023c2000b4af1800b2af2827549436
:10f0c8001c81928f1400b1af1000b0af2400bfaf05
:10f0d8001c00b3af25808000258800002b10340267
:10f0e8000a004010001002244400538e0f006052a2
:10f0f800780052260400658ee165410f2520000244
:10f108000a00401478005226000062962400bf8f3f
:10f118002000b48f1c00b38f1800b28f1400b18f79
:10f128001000b08f0800e0032800bd27ebff001097
:10f13800010031260800e00300000000d8ffbd27c9
:10f1480001a0023c2000b3af1400b0af28275394ad
:10f158001c81908f1c00b2af1800b1af2400bfaf64
:10f1680025908000258800002b1033020b004014e6
:10f17800252840022b3c400f252040022400bf8f49
:10f188002000b38f1c00b28f1800b18f1400b08f0d
:10f1980025204000393a400b2800bd27e165410f82
:10f1a8006f0004260300401001003126eeff001016
:10f1b800780010262400bf8f251000022000b38f8e
:10f1c8001c00b28f1800b18f1400b08f0800e00344
:10f1d8002800bd271c81838f01a0023c2827469464
:10f1e800ffff8430251000002b2846000300a054a0
:10f1f8004400658c0800e003251000000600a010fc
:10f20800780063240000a794f7ffe4540100422427
:10f218000800e0030400a28cf3ff00100100422460
:10f2280009008010251000004200839440006330dc
:10f2380005006010000000000800828c0400838c28
:10f2480027100200251043000800e003000000001a
:10f258000400801000000000420082944000423008
:10f268000a2002000800e0032b10040042008294e8
:10f27800e7ff4230420082a40800e00325100000a6
:10f28800420083940100a230f8ff6330040040106c
:10f29800420083a4010005240400a37c420083a447
:10f2a8000800e003000000000400801025100000a2
:10f2b80042008294070042300100422c0800e0031b
:10f2c80000000000d0ffbd271c00b0af25808000e3
:10f2d800252000002800b3af2400b2af2000b1af52
:10f2e8002590c0002c00bfaf2598a000ce37410f55
:10f2f8002588e00025304000160000122510000087
:10f308004200039640006330230060102528000067
:10f31800ac3c400f252000020f0040502528c000bb
:10f3280005006012000000000000638e0200201239
:10f33800040003ae180003ae070040122528c000e1
:10f348000000438e04002012080003ae1c0003ae28
:10f35800251020022528c00025200000e037410f95
:10f368001000a2af1000a28f050040102c00bf8f24
:10f37800420003960463037c420003a62c00bf8f5f
:10f388002800b38f2400b28f2000b18f1c00b08feb
:10f398000800e0033000bd27eeff001025800000c4
:10f3a800420082940800e003070042300d008010fc
:10f3b80025100000020003240500a35401000324c3
:10f3c80042008294080042380800e003c000427cf2
:10f3d8000400a31400000000420082941000423888
:10f3e8000001427c0800e00300000000e8ffbd27a0
:10f3f8001000b0af258080001400bfafce37410f9a
:10f408002520000018000326080060101c000326b1
:10f418001800038e040003ae1c00038e080003ae20
:10f428002000038e050000100c0003aefaff6014e4
:10f4380020000326fbff60542000038e252840008f
:10f44800e037410f25200000420002961400bf8fcc
:10f458000463027c420002a61000b08f0800e0039b
:10f468001800bd27d0ffbd272800b4af1c00b1afde
:10f478001800b0af2c00bfaf2400b3af2000b2af6c
:10f48800258880002580a0003300c01025a0c0007a
:10f49800070006246f00a5249466410f1000a427d6
:10f4a8005400138e600012962528000025200002c3
:10f4b8008066410f780006240800248e29008010f9
:10f4c8003c0005269e71400f000000000c00248eb1
:10f4d800e86f400f180005261000248ee86f400fd3
:10f4e8001c0005261400248ee86f400f2000052616
:10f4f8001800248ee86f400f240005261c00248e77
:10f50800e86f400f280005262800228e1c004014b2
:10f51800440002ae010011240600801207000624f0
:10f528001000a527d665410f6f000426540013aebe
:10f53800600012a62c00bf8f0100223a2800b48f69
:10f548002400b38f2000b28f1c00b18f1800b08f39
:10f558000800e0033000bd2725980000d2ff001006
:10f56800259000003c0000a20100a0a00200a0a07d
:10f578000300a0a00400a0a0d4ff00100500a0a0d4
:10f5880000004394020003a6020042906d0002a20c
:10f59800ffff42240400422cdeff40102c0003260b
:10f5a8000400258e25206000d665410f1000062432
:10f5b8005373400f25204000420002962400258ef8
:10f5c800010003240463627c480005a6420002a6e9
:10f5d800a23c400f25200002040040542400028e63
:10f5e800fd3c400f000000002400028e01000324af
:10f5f80025880000100002ae2800028e140002ae1a
:10f60800420002964429627cc420027cc2ff00109a
:10f61800420002a6040002240600c21401000224cb
:10f628000a00a214420082940400a27c0800e003ad
:10f63800420082a4020002240d00c210030002242a
:10f648000b00a21000000000420082940100032475
:10f65800f8ff42300463627c420082a42400828c5a
:10f66800100082ac2800828cfd3c400b140082ac58
:10f678000800e003000000000900801000000000fe
:10f688004200829440004230050040100000000013
:10f698004400828c5400598c080020035000848c4c
:10f6a8000800e003251000000800e0032510000012
:10f6b8000800e0032510000002008010ffff02246c
:10f6c800600082940800e00300000000050080103c
:10f6d800251000004200839440006330010060540c
:10f6e8000400828c0800e003000000000400801081
:10f6f8000000000042008294400042300a200200cc
:10f70800b53d400b000000000800e0032510000094
:10f718000800e0032510000026008010000000000b
:10f72800d8ffbd272000b3af1400b0af2598a000c4
:10f7380025808000252000001c00b2af1800b1af62
:10f748002400bfaf2588e000ce37410f2590c000c8
:10f7580003006012000000000000638e040003ae86
:10f7680003004012000000000000438e080003aeb2
:10f7780003002012252840000000238e0c0003ae51
:10f78800e037410f25200000420002963800a3937d
:10f798000463627c420002a62400bf8f2000b38f5e
:10f7a8001c00b28f1800b18f1400b08f0800e0035e
:10f7b8002800bd270800e0030000000005008010b5
:10f7c800251000004200839440006330010060541b
:10f7d8000800828c0800e003000000000700801089
:10f7e80000000000420082944000423003004010b4
:10f7f80000000000f13d400b000000000800e0039d
:10f808002510000003008010000000000000a28cfa
:10f818000c0082ac0800e003000000000300801028
:10f82800000000000000a28c100082ac0800e00379
:10f838000000000003008010000000000000a28cff
:10f84800140082ac0800e003000000000c008010e7
:10f8580025100000420083944000633008006010c7
:10f868000001033c0000a58c7f0063240400a31062
:10f87800010002240400828c261045000100422c5d
:10f888000800e003000000000c00801025100000b4
:10f8980042008394400063300800601000000000bc
:10f8a8000800828c0400838c271002002510430076
:10f8b8000000a38c261043000100422c0800e0033e
:10f8c8000000000011008010251000004200839401
:10f8d800400063300d006010ffff03240000a68c79
:10f8e8000900c31001000224e8ffbd271400bfafc0
:10f8f800243e400f000000001400bf8f010042307a
:10f908000800e0031800bd27010042300800e003aa
:10f9180000000000070080102510000042008394ba
:10f928004000633003006010000000006c0082900b
:10f93800010042300800e0030000000007008010ca
:10f948000000000042008294400042300300401052
:10f9580000000000473e400b000000000800e003e4
:10f9680025100000080080102510800042008394b4
:10f978004000633004006050251000006c00839044
:10f98800010063300a1003000800e00300000000d3
:10f99800e8ffbd271400bfaf5b3e400f000000002a
:10f9a80025184000040060102510000042006294f1
:10f9b800001042380003427c1400bf8f0800e003a7
:10f9c8001800bd27e8ffbd27050080101400bfaf51
:10f9d8005b3e400f1881848f0d0040141400bf8fc8
:10f9e80001a0023c1c81868f282745942518000019
:10f9f8007800072402206770211086002b206500fc
:10fa08000500805442004494251000001400bf8f64
:10fa18000800e0031800bd2740008430f5ff80503f
:10fa2800010063246c00449001008430f8ff8014c6
:10fa38001400bf8fefff00100100632401a0033cf6
:10fa48001c81828f28276694252800002b18a60081
:10fa5800040060540800438c251000000800e003ef
:10fa6800000000000400478c2718030025186700d1
:10fa78000000878cf9ffe3100100a524f3ff0010b4
:10fa880078004224020080100010022402008294b0
:10fa98000800e003000000000200801025100000ac
:10faa8005000828c0800e00300000000060080106f
:10fab80025108000420083944000633002006050ab
:10fac800251000003c0082240800e003000000002c
:10fad800ad3e400b000000001b00a01025100000e8
:10fae8000200832c18006014ffff83302700632c6a
:10faf80015006010ffff843001a0023c00210400c3
:10fb0800a0244224211044000000438c030060100c
:10fb1800000000000c006554251000000800c0100b
:10fb2800000045ac0081838f25206000201e037ce7
:10fb38002a186600010060542520c0002036047c85
:10fb48000a0046a40c0046a40800e00300000000d8
:10fb58001000a010251000000000a38c0d006010fc
:10fb6800000000000900c0500a00a6a40081828f8e
:10fb7800251840002016027c2a1046000100405437
:10fb88002518c0002036037c0a00a6a40c00a6a4f1
:10fb9800010002240800e0030000000003008010b8
:10fba800100006248066410b252800000800e003a9
:10fbb80000000000e0ffbd271000b0afffff843059
:10fbc80001a0103c00210400a0241026218004027a
:10fbd800252000001800b2af1400b1af1c00bfaf61
:10fbe800ce37410f2588a00008001296271811006b
:10fbf800000131322418720004002012080003a604
:10fc0800f880838fffff6324f88083af25284000a6
:10fc1800e037410f252000001c00bf8f251040024f
:10fc28001400b18f1800b28f1000b08f0800e003e5
:10fc38002000bd27e0ffbd270200822c1400b0afd2
:10fc48001c00bfaf1800b1af1a0040142580000097
:10fc5800ffff843001a0023ca024422400210400bc
:10fc68002588a000212044008238400f2580c0004c
:10fc7800000122320900401000000000ce37410f79
:10fc880025200000f880838f2528400025200000cb
:10fc980001006324e037410ff88083af05000016a8
:10fca8002528200201a0043c7738400fb024842482
:10fcb800010010241c00bf8f251000021800b18f0e
:10fcc8001400b08f0800e0032000bd27e0ffbd2727
:10fcd8001000b0af25808000252000001c00bfafb9
:10fce8001800b2af1400b1af2400a5afce37410f52
:10fcf8002588c0000c0004242590400002100472de
:10fd08002400a58f01a0033c102463249b73400f9b
:10fd18002120430025284002e037410f252000001c
:10fd280007002012ffff103201a0043c00811000e0
:10fd3800a0248424010005248238400f212090004b
:10fd48001c00bf8f010002241800b28f1400b18f6d
:10fd58001000b08f0800e0032000bd27d8ffbd27a2
:10fd68002000b1af25888000252000002400bfaf07
:10fd7800ce37410f1c00b0af0c00042402182472c7
:10fd88002580400001a0023c10244224bc73400f8f
:10fd9800212062002528000225200000e037410fbd
:10fda8001000a2af2400bf8f1000a28f2000b18fd7
:10fdb8001c00b08f0800e0032800bd27c0ffbd2746
:10fdc8002c00b0af0c0010240218907001a0023c67
:10fdd800102442243400b2af3c00bfaf3800b3afa8
:10fde8003000b1af2590a0001c00a0af2000a0af4c
:10fdf8002400a0af1000a0af1400a0af1800a0af5f
:10fe080021806200ce37410f252000002520000206
:10fe1800bc73400f259840002588400025286002c3
:10fe2800e037410f25200000090020122528200274
:10fe38002800228e020052101c00a4271000a427bc
:10fe48009b73400f00000000eeff00100000000050
:10fe5800bc73400f1c00a4270600401001000624b4
:10fe6800f5ff05248323410f25204000f8ff0010eb
:10fe7800000000001000a28f0b0040103c00bf8f54
:10fe8800ce37410f25200000258840001000a52707
:10fe98000274400f2520000225282002e037410f78
:10fea800252000003c00bf8f3800b38f3400b28f8c
:10feb8003000b18f2c00b08f0800e0034000bd2750
:10fec80001a0023cd8ffbd27282743241400b0af67
:10fed800100064ac25808000600084942000b3afdb
:10fee8001800b1af140064a4059d113c030004245c
:10fef800059d133c1c00b2af2400bfaf160065a0df
:10ff0800170064a0e4773126259040009077732687
:10ff1800f4ff31260800228e09f8400028274426dd
:10ff2800fbff331601000424713f400f252800020f
:10ff38005000048e060080504c00048e4400028e4f
:10ff48002000428c09f84000000000004c00048e9c
:10ff580006008050420002964400028e0c00428c3b
:10ff680009f8400000000000420002962400bf8ffc
:10ff7800500000aebfbf42304c0000ae420002a6a7
:10ff88002000b38f1c00b28f1800b18f1400b08fff
:10ff98000800e0032800bd27e0ffbd271800b1af27
:10ffa8001c00bfaf1400b0af0b0080102588000004
:10ffb8004000828c4040053c2428a2000600a01086
:10ffc8000100112425808000b23f400f0400052461
:10ffd800d437400f252000021c00bf8f25102002b7
:10ffe8001400b08f1800b18f0800e0032000bd276f
:10fff800d8ffbd272400bfaf2000b3af1c00b2afad
:020000041d01dc
:100008001800b1af030080141400b0af070000104f
:10001800258800004000838c4040023c24104300a7
:100028000a00401000000000010011242400bf8fc6
:10003800251020022000b38f1c00b28f1800b18f4a
:100048001400b08f0800e0032800bd27efffa010c0
:1000580001a0123c60008294282752262598a0000f
:10006800100044ae140042a6252880000300022494
:100078002580800001000624252060021b3d400fda
:10008800160042a20e004014258840008162410fec
:1000980000000000e5ff4050258800007b62410f0a
:1000a8000000000060000696049d053cb076a5247b
:1000b800ef29410f25204000ddff00102400bf8fed
:1000c800e071400f2000648e25184000258840000c
:1000d8004408037c010002240e0062102528000059
:1000e8008162410f00000000d0ff405025880000c9
:1000f8007b62410f00000000049d053c2530200272
:10010800e876a524ef29410f25204000c7ff0010fd
:100118002588000025200000a338400f170051a2b1
:10012800c1ff40142588400004000524b23f400f59
:1001380025200002beff00102400bf8f0c80848f92
:10014800e0ffbd271000b0afffff10241c00bfafb9
:100158001800b2af040090101400b1affed1400fe8
:10016800000000000c8090af1c81928f2580000059
:1001780001a0113c780004240210047221205200ce
:10018800282722962a1002021f00401400000000af
:100198008022410f282730260800048e070080108f
:1001a80001a0023c0c00828c09f840001c81858f5c
:1001b800d561410f0800048e01a0023cfc2340ac2d
:1001c800fc234224040040ac080040ac0c0040acc6
:1001d800100040ac1c00bf8f080000ae0c0000ae41
:1001e800282720a6040000a61800b28f1400b18f9b
:1001f8001000b08f1c8180aff48080aff88080af92
:100208000800e0032000bd27b23f400f020005248c
:10021800d8ff00100100102690ffbd275800b4af8a
:100228000800948c6000b6af6c00bfaf6800beaf2a
:100238006400b7af5c00b5af5400b3af5000b2afc5
:100248004c00b1af4800b0af1e01801225b00000cd
:100258000400938c1c0160126c00bf8f2800628e12
:1002680019014010000000000c009e8c1701c013fb
:100278002510c0021000978c1301e0122528800079
:1002880001a0043c10278424d665410f18000624d9
:1002980046d1400f00000000048182af2518e0021b
:1002a8002510c003010004240000458c3101a4106e
:1002b800ffff6324fcff60140800422425a8000007
:1002c80025280000cb61410f2520a0022590400081
:1002d80001a0023c28275124080032ae1e00401617
:1002e8003000a2af8162410f010010240b004010c2
:1002f800000000007b62410f000000000200a01215
:10030800253000000000a68e049d053c1c77a5241e
:10031800ef29410f25204000010010248162410f80
:100328000000000008004010000000007b62410f40
:1003380000000000049d053c253000020079a5243a
:10034800ef29410f252040005140400f25b0000003
:10035800dd0000106c00bf8f0000a28e780006241c
:10036800252880020c0022ae0800428e09f84000c1
:10037800252040020f0040141c8182af8162410f8a
:1003880002001024e5ff4010000000007b62410fce
:10039800000000007800062402308672049d053ca7
:1003a8004c77a524ef29410f25204000dbff0010e2
:1003b8000000000025308002252860026b22410fd2
:1003c800252040020b00401425b040008162410ff7
:1003d80003001024d1ff4010000000007b62410f91
:1003e80000000000049d053c25304002edff001090
:1003f8008c77a5243000a28f1c81838f040037a638
:10040800282754a4258000007800052402100572ce
:100418003c00042421284300021004721e00901698
:10042800212053001c81948f020022962538000059
:1004380025208002251800004400888c01006324d0
:100448007800842425308000252860002e00b054d0
:100458004400c98cf9ff70544400888c0100e054b2
:10046800020022a6020022962e00401025188002c3
:100478008162410f05001024a8ff40100000000011
:100488007b62410f00000000049d053c0200269697
:10049800c4ff00104478a524253000001b3d400f00
:1004a8003400a3af160040143400a38f8162410fbb
:1004b8000000000008004010000000007b62410faf
:1004c80000000000049d053c25300002c077a524eb
:1004d800ef29410f252040008162410f04001024bc
:1004e8008eff4010000000007b62410f00000000fa
:1004f800049d053c25308002aaff00100478a5243d
:10050800c1ff001001001026040028157800c62439
:1005180001004224ffff42302538c002cbff001003
:100528000100a524251000001800668c0100422453
:100538001400c01478006324fbff0216059d0a3cd2
:10054800188180af1800a0af1c00a0af2000a0af9a
:100558002400a0af2800a0af6f0094262518000043
:100568002600001004784a258400c7107800a524c6
:1005780001008424fcff90541800a78ceeff0010a3
:100588000000000025286000faff00102520400028
:10059800feff8292f1ff83a64000a3af8010020005
:1005a8001800a327214062000000098d21104a008d
:1005b8000000478c049d063c1000a9af252080024e
:1005c800cc78c624070005243c00a8af3800aaafa1
:1005d8003177400f3400a9af3400a98f3c00a88fb1
:1005e8004000a38f3800aa8f01002925060080a2a9
:1005f800000009ad01006324780094263000a28f22
:10060800282742942b106200e1ff401401a0043c0b
:1006180070020624252800008066410fa024842447
:1006280001a0143c01a0043c2528a00214000624c3
:10063800fc23842410249426f88080afd665410fcb
:1006480090009526252080028d73400f0c0094267b
:10065800fcff95161c81828f160020a225a00000a1
:100668003000a2af78000324022083723000a28fea
:1006780021009016211882001800428e09f84000c7
:1006880025204002258040000008422c0e00401022
:100698006c00bf8f8162410f000000000200422cf5
:1006a800090040146c00bf8f7b62410f00000000fe
:1006b800049d053c25300002d478a524ef29410f7c
:1006c800252040006c00bf8f2510c0026800be8f37
:1006d8006400b78f6000b68f5c00b58f5800b48f88
:1006e8005400b38f5000b28f4c00b18f4800b08fc8
:1006f8000800e0037000bd272000648ee071400f01
:100708003400a3af2520400025a840004408047cfd
:10071800010002240b0082103400a38f8162410f74
:1007280007001024fdfe4010000000007b62410f0e
:1007380000000000049d053c2530a00219ff0010b0
:10074800e876a5242528e0022520c003170035a255
:10075800100023aea338400f140034a60300401045
:1007680001009426bfff00103c007326ebfe00102a
:1007780008001024d2fe00100400558c3000a6afeb
:100788008162410f06001024e4fe401000000000c2
:100798007b62410f00000000049d053c3000a68fdd
:1007a80000ff00108878a5241c81828fe8ffbd27f0
:1007b8001400bfaf070040101000b0af01a0023c0a
:1007c800282742241400bf8f1000b08f0800e003d0
:1007d8001800bd27fbffa010ffff022401a0023c68
:1007e800282740ac2580a00028274224049d053cea
:1007f800040040ac080040ac0c0040ac100040ac19
:10080800140040ac3879a52425200000148180af5d
:10081800008180af0c8180affc8080af088180af01
:10082800108180af1a2a410f000000001400028ec8
:1008380001000324f48083afe0ff4014f08082af0e
:100848008840400f25200002dcff4014ffff0224ef
:10085800ddff00101400bf8f01a0023c28274224ae
:1008680006004414000000001c81828f0300401021
:10087800000000005140400b000000000800e003a9
:1008880000000000a8ffbd273400b1af01a0113c53
:10089800282722265400bfaf5000beaf4c00b7af88
:1008a8004800b6af4400b5af4000b4af3c00b3afaa
:1008b8003800b2af120044143000b0aff480838f18
:1008c800ffff62240200422c0d0040101c81828f21
:1008d80019004014f080828f09f840001000a42706
:1008e8000800401c5400bf8f110040141000a48f52
:1008f80003008050f48080af8840400f0000000063
:100908005400bf8f5000be8f4c00b78f4800b68f81
:100918004400b58f4000b48f3c00b38f3800b28fcd
:100928003400b18f3000b08f0800e0035800bd27b5
:10093800f3ff0010f48080af010002242a00621443
:100948000c80908fffff022427000216019d063cb1
:100958005ce2c62425280000a757410f050004249f
:10096800980050100c8082afcf57410f0000000054
:100978008020020021208200e8030524e703842464
:100988001b008500f401a000121800000218657011
:100998001b006200f401400012100000ff7f432c8e
:1009a80088006010008182af4c0143241b00620064
:1009b800f401400001a0073c02000824c024e724f9
:1009c8001218000002106270fc8082af0000e28cf6
:1009d800760040540a00e684010008252700022416
:1009e800faff02151000e7241c81908f2590000063
:1009f800282724962b1044028d004014f480838ffe
:100a08000100022413006214251000001c81938f3a
:100a1800258000007800062400040724010005242e
:100a280002404670c20082142118130101000224fa
:100a380004108200ffff4224e20002160200022492
:100a4800049d053cd079a524252000001a2a410fd1
:100a5800f48082afd437400f252000001481828fa4
:100a68001081838f25104300f880838f2510430061
:100a7800a4ff40105400bf8f1081828f1d004010ca
:100a880025980000108180af49d1400f0000000078
:100a98000481908f25380000252040002530000271
:100aa80025286000259040004d2e410f25986000b4
:100ab800e80306241b000602f401c000ec8082afa4
:100ac8002538000025204002252860024d2e410fc0
:100ad80012300000e88082af0081838ffc80828f13
:100ae80023104300b90040181c81908ffc8082af0e
:100af800010013241481828f240140101c81908fdf
:100b0800148180af25a00000282722962b1082028e
:100b1800c800401401a0163c01a0173c25a80000fd
:100b28001c24d626a024f726bc73400f2520c0021b
:100b380014014010258040001400428cb542410f3a
:100b48000c0044942800048e25f040005800828c44
:100b5800f2004014059d123c25a00000e4775226bf
:100b6800040002240000439601017e142530000091
:100b78002000028e0400438e0200449604ac027cde
:100b880025104300200002ae353f400f2528000203
:100b9800ea00401401000624f3ff05248323410fd3
:100ba80025200002e0ff0010000000008affc010ae
:100bb8002528e000d63e400f2520000187ff40147d
:100bc800010008258162410f000000000800401064
:100bd800000000007b62410f00000000049d053cfe
:100be800050006246079a524ef29410f252040003f
:100bf8005140400f00000000ffff02248162410fb6
:100c0800f48082af3fff40505400bf8f7b62410f9a
:100c180000000000049d053cffff06249079a524f0
:100c2800ef29410f2520400036ff00105400bf8fe8
:100c38004c00048e16008050780010264400028e66
:100c48001800428c09f8400000000000420002969b
:100c5800004042300e004050780010264400028eba
:100c68001400428c09f840004c00048e0a0041042c
:100c780004000524b23f400f2520000242000296de
:100c880001000324c47b627c420002a6780010267f
:100c980057ff00100100522602000324fbff4314f3
:100ca80020000624252800008066410f1000a42794
:100cb800dc0502242000a2af010102242c00a2a717
:100cc8004400028e5000048e4000428c09f8400017
:100cd8001000a527060006241000a527d665410f99
:100ce8003c0004261800a38f420002962b1803002c
:100cf800446b627c420002a62000a38fbf3f4230b3
:100d0800660003a62800a38f680003a22400a38f0f
:100d1800690003a22c00a3936a0003a22d00a393e9
:100d28006b0003a240800324d7ff00102510430066
:100d380042006394000c6830050007152046037cc8
:100d4800effe01054000633035ff6050010042248a
:100d5800041845002580030231ff001001004224d9
:100d68004000838c4040023c241043000400405063
:100d780001005226b23f400f04000524010052260c
:100d88007800042402104472212053002827229658
:100d98002b104202f2ff4014ffff02248162410f30
:100da800f48082afd7fe40505400bf8f7b62410f62
:100db80000000000049d053c2530000298ff00104b
:100dc800007aa524eeff0010259000004d01422472
:100dd800fc8082af25900000282722962b10420223
:100de80044ff4010010013244200029640004230a4
:100df8000e004050780010264400028e2400428cd9
:100e080009f840005000048e6c0003920100643021
:100e180005004410010004244408837c8410437caa
:100e28000400437c6c0003a278001026eaff00103f
:100e380001005226420002964000423032ff4050e4
:100e4800010094264400028e5000048e5400428c07
:100e580009f840006200129601000424ce37410fc1
:100e68002590520062000496271812002528400099
:100e780024186400620003a6e037410f010004242f
:100e8800640002965000048e252840022510420274
:100e9800640002a64400028e5000428c09f840000b
:100ea80016005232110040564400028e420002964b
:100eb8000020423006004050780010264400028e80
:100ec8003800428c09f840005000048e7800102643
:100ed8000dff001001009426253000002528400051
:100ee800353f400f010004244400028e5000048e58
:100ef800253000003400428c09f840002528000005
:100f0800f5ff4054280050ac0881828f010042242c
:100f1800088182afe6ff0010420002965c00878cd1
:100f28002530c00309f8400025280002fefe4014c1
:100f3800059d123c09ff001025a00000061095022f
:100f480001004230f8fe40140100022402004496d9
:100f580004a0820200210400010005242120e402eb
:100f68008238400f25a8b402effe001000000000f0
:100f780001009426fbfe82160800522606ff001088
:100f880001000624ef37400f010004241c81908fd4
:100f980025900000282722962b1042023100405449
:100fa800420002961600601201a0103c01a0113cfc
:100fb800c0241026102731260000028e0c00405055
:100fc800100010260a000386080060100081848f34
:100fd8000c00029623104400ffff42302026027cba
:100fe8003a008018211043000c0004a610001026b7
:100ff800f2ff11560000028eef37400f0200042462
:1010080001a0103ca024102650021226ce37410f12
:10101800252000002000118e2528400025200000f2
:10102800e037410f28001396050020121000102603
:10103800030060120000000009f820020000000010
:10104800f2ff5016f880828f2dfe401001a0043c5c
:10105800000105247738400fb024842429fe0010ad
:101068005400bf8f40004230caff40500100522652
:101078006400039686066230050040506c000292b8
:101088000c81828f010042240c8182af6c00029295
:101098000200443009008010040042300200401071
:1010a80000106534000865346c00029225200002a7
:1010b8004408027c8465400f6c0002a2640000a60c
:1010c80078001026b3ff0010010052260c0002a67b
:1010d800020005248238400f25200002c4ff0010ba
:1010e80010001026e0ffbd272000a38c1400b0af2d
:1010f800258080001000a48c080063341800b1af6c
:101108001c00bfaf2000a3ac0c0083942588c0004e
:1011180025300000f2ff63240c0083a42800b0ac43
:10112800353f400f01000424190020121c00bf8f16
:10113800ce37410f010004246200039625284000a1
:1011480010006334620003a61481838f01006324b6
:10115800148183af01a0033ca02463241800649485
:1011680001008434180064a4e037410f010004240e
:101178001c00bf8f1800b18f1400b08f01a0043c71
:1011880001000524b02484247738400b2000bd27b3
:101198001800b18f1400b08f0800e0032000bd27ad
:1011a8005000838c14006010000000004400828c02
:1011b800e0ffbd271c00bfaf3000428c09f840009b
:1011c8002520600027200200059d063c049d053c63
:1011d800a01307247c77c624447aa524c2270400d8
:1011e8007f39400f1000a2af1c00bf8f1000a28fe4
:1011f8000800e0032000bd270800e003f2ff0224f6
:1012080002008010251000006a0082900800e003a8
:101218000000000002008010251000006b00829082
:101228000800e003000000000200023c0800e003a0
:10123800e0224224049d023c0800e0037c7a422418
:10124800e0ffbd271400b0af1c00bfaf1800b1af5e
:101258001300a01025800000ffff82242600422ce6
:10126800100040101c00bf8f01a0103c002104009a
:10127800a02410262180040225200000ce37410f2b
:101288002588a0000400038e020060542580000019
:10129800040011ae25284000e037410f252000004a
:1012a8001c00bf8f251000021800b18f1400b08fea
:1012b8000800e0032000bd2703008010251000006f
:1012c800040080ac010002240800e00300000000d4
:1012d8000100022403008214ffff8324ef37400b30
:1012e800252000002600632c060060102510000051
:1012f8000011040001a0043ca024842421208200c1
:10130800080082940800e003000000000800e003e1
:10131800251000000800e0032510000001a0033c90
:10132800282763240c00658c0200a41425100000f3
:101338000800628c0800e003000000000400801030
:10134800000000001000998c080020030000000035
:101358000800e003251000000400801000000000d1
:101368001400998c08002003000000000800e00326
:101378002510000004008010000000001800998c5f
:1013880008002003000000000800e003251000000a
:1013980004008010000000001c00998c0800200345
:1013a800000000000800e003251000000400801081
:1013b800000000002000998c0800200300000000b5
:1013c8000800e003f7ff022401a0023c0800e00344
:1013d800fc2342240800e0032b100400e0ffbd2793
:1013e8001400b1af25888000252000001800b2af96
:1013f8001000b0af1c00bfaf2580a000ce37410f52
:101408002590c0000a002052258000004200239643
:101418004000633006006050258000005800238e8d
:1014280003006054258000005c0032ae580030aee6
:1014380025284000e037410f252000001c00bf8f01
:10144800251000021800b28f1400b18f1000b08f61
:101458000800e0032000bd27e0ffbd271000b0af63
:1014680025808000252000001800b2af1400b1af1d
:101478001c00bfaf2590a000ce37410f2588000083
:1014880006000012252840005800038e030072143d
:1014980000000000580000ae01001124e037410fa1
:1014a800252000001c00bf8f251020021800b28fd5
:1014b8001400b18f1000b08f0800e0032000bd2792
:1014c8000800e003ec80828f0800e003e880828f48
:020000040000fa
:020000041d01dc
:1014d8002528000025100000030008240400072424
:1014e8002118850000006390d0ff66240a00c62cee
:1014f8000a00c010bfff6624d0ff42240200a810d3
:1015080021106200001102000100a524f5ffa714b4
:10151800211885000800e003000000000600c62c22
:101528000300c0109fff6624f4ff0010c9ff422487
:101538000600c62c0300c01000000000efff0010da
:10154800a9ff42240800e003251000000000a38c36
:101558000800a28cc8ffbd271c00b3af1800b2afab
:101568001000b0af3400bfaf010050243000beaf50
:101578002c00b7af2800b6af2400b5af2000b4af39
:101588001400b1af211062002590a0000000459022
:101598002598800022000424cc00a4142180700027
:1015a8000400468e2588000225200000220007241a
:1015b8005c000824232823022b28a600c300a010bf
:1015c80000000000000025921700a714000000008a
:1015d80023102202232044001000428e09f8400004
:1015e80001008424b900401025b84000ffff0b3cdf
:1015f8000f000c3c00246d25254840005c001e248b
:10160800660016240c001524720014240d001924f9
:101618000900182400286b2580ff0f2400fc8c3556
:101628000f0000100a000e24e2ffa8140100312662
:10163800232823022b28a600a400a010010084243c
:10164800dcff001001003126000002921b005e1032
:1016580023183002000022a10100102601002925cc
:101668002b101102f8ff401410000224000020a1e2
:101678000c0062ae0000428e100077ae2388220272
:1016880001003126080051ae010002243400bf8f4a
:101698003000be8f2c00b78f2800b68f2400b58f7e
:1016a8002000b48f1c00b38f1800b28f1400b18fc4
:1016b8001000b08f0800e0033800bd270e00605806
:1016c8001400428e01000292580056106700442c04
:1016d80017008010000000002f00032412004310a0
:1016e8003000432c0b0060102200032450004350ac
:1016f800000022a11400428e09f840002520e002d3
:101708000000428e23800202080050aedfff001066
:101718002510000004005e1062000324f6ff435405
:101728001400428e0800022441000010000022a18b
:10173800430054107300442c0600805074000424a5
:101748006e000324ecff43541400428e380000104e
:1017580000002ea13c00441075000424e5ff441449
:1017680006006328e4ff60541400428e3645400f9b
:10177800020004262550400021104d000004422c90
:10178800ddff40541400428e21104b010004422c0e
:101798002f004010060002262310220206004228cd
:1017a800d5ff40541400428e06000292d2ff5e54c8
:1017b8001400428e0700039275000224ceff625483
:1017c8001400428e3645400f0800042621184d00ab
:1017d8000004632cc7ff601080520a00ff034230e8
:1017e80024504c01255042010100023c2150420185
:1017f8000c000224f000062404000424ffff8324c4
:10180800ff006330211823012a002315ff0045310a
:1018180001000724020087107f00a3302518c500a7
:10182800000023a10400001021482401000035a174
:10183800010029250200022489ff001021800202ec
:10184800fbff0010000039a1f9ff0010000038a1cb
:101858008000422d0e004014060002240008422d8c
:101868000e004014060002240100023c2b10420125
:101878000d004014060002241100023c2b10420106
:101888009dff40501400428edaff0010060002242b
:1018980025300000d9ff001001000424c0000624f0
:1018a800d6ff001002000424e0000624d3ff001035
:1018b800030004243f00a5302528af00000065a0e0
:1018c80082510a00d0ff0010ffff63246fff00124f
:1018d800251000008bff00100000428e09008010c8
:1018e800251080000000868c0600c05025100000de
:1018f8000400838c0800848c2b208300050080540e
:101908000800448c0800e00300000000080044ac14
:101918000800448c2b2883000700a0102128c4004d
:101928000000a5902100a52cf8ffa0140100842434
:101938000800e00300000000f2ff6414ffff6324c6
:10194800080043ac0800e003000000000600801017
:10195800251080000800828c030040100000000061
:101968000300a014ffffa5240800e0030000000006
:10197800f9ff00100000428c1200a0102510000092
:1019880010008010000000000e00a41000000000ed
:101998000800838c060060540400648c080085ac41
:1019a800010002240400a5ac0800e0030000a0ac7c
:1019b8000400801001000224000085ac0400a4acdf
:1019c800040065ac0800e00300000000130080106c
:1019d800000000000000828c100040100000000091
:1019e800e0ffbd271800b1af0800918c1400b0af1c
:1019f800258080001c00bfafca65410f212051001f
:101a08001c00bf8f21102202080002ae1800b18fff
:101a18001400b08f0800e0032000bd270800e00391
:101a280000000000e0ffbd271400b1af1c00bfafed
:101a38001800b2af1000b0af130080102588000066
:101a48000000918c110020521c00bf8f0400828c72
:101a580005004010000000000800838c2b1862006d
:101a680009006050258800001500a0040100b22478
:101a78000800838c219072002b10520009004054fa
:101a88001000828c218823021c00bf8f25102002a1
:101a98001800b28f1400b18f1000b08f0800e00357
:101aa8002000bd27060040140040023c2b104202d3
:101ab800050040544090120012004106ff7f123c7e
:101ac800f1ff0010258800002000828c0f004010d4
:101ad800258080002520200209f8400025284002a2
:101ae8001a004014258840001c00028e0000048e55
:101af80009f8400000000000040000aee2ff0010fa
:101b0800000000aef0ff0010ffff52361800828c74
:101b180009f84000252040022588400003004014b1
:101b28000000048ef2ff00101c00028e0800068ed2
:101b38002528800025204000d665410f0100c624d5
:101b48001c00028e09f840000000048e0800028e76
:101b5800000011ae040012aecbff00102188220253
:101b68000d00a014251000000800e003000000008c
:101b7800251000002c00bf8f2800b58f2400b48fdb
:101b88002000b38f1c00b28f1800b18f1400b08fe3
:101b98000800e0033000bd27d0ffbd271c00b2af0e
:101ba800259080002c00bfaf2800b5af2400b4af4b
:101bb8002000b3af1800b1af1400b0af3200401628
:101bc8002520a0008b46400f03000524e8ff4010a5
:101bd800069d053c148ea5248a66410f25204000e9
:101be800e4ff0010010002241f0060100c00432cc9
:101bf80004006010f8ff43240300632c1e006010eb
:101c08002000422c01007326010031260000229298
:101c1800f5ff40140e00432c23883202218833023a
:101c28008b46400f03002526d1ff401001003526c2
:101c38000200342621a8550021a054001700601680
:101c48000100502422001324000053a02530200254
:101c580025284002d665410f252000020000b3a2c6
:101c6800dfff0010000080a2e7ff45500100732647
:101c7800e4ff46102000422ce3ff40540500732681
:101c8800e2ff001001003126258840022598000057
:101c980022000524ddff00105c0006242200032436
:101ca800000043a0069d113c00004292040040142d
:101cb8002000432c22000224e9ff00100000a2a209
:101cc8000a00601422000324080043105c00032467
:101cd800070043505c000224000002a225200002f5
:101ce80001005226f0ff0010010090245c0002243d
:101cf800000002a2000046920c0002241d00c2103f
:101d0800010004260d00c22c0d0040100900022419
:101d18001600c210740002240a0002241300c21024
:101d28006e000224080002241000c210620002247f
:101d3800d066410f188e2526e9ff001005000426fd
:101d4800220002240700c2105c0002240500c21011
:101d58000d000224f6ffc21472000224e0ff0010f6
:101d6800010002a2deff0010010006a2dcff001045
:101d7800010002a2fdff001066000224d0ffbd276b
:101d88001400b0af2c00bfaf2800b5af2400b4af2b
:101d98002000b3af1c00b2af1800b1af2200801012
:101da800258080002000a010258000002590a0003c
:101db8001200c0140800908c1c0000122c00bf8f69
:101dc8002000118efcff20520000108e14003212e9
:101dd8002598400200007492b267410f25208002c6
:101de80000002492b267410f25a840001800a212f3
:101df80000000000f0ff00100000108e0b00001221
:101e08002c00bf8f2000058e0600a0502000028ef7
:101e1800e165410f25204002f8ff40540000108e74
:101e28002000028e0a8002002c00bf8f25100002bd
:101e38002800b58f2400b48f2000b38f1c00b28f08
:101e48001800b18f1400b08f0800e0033000bd27e0
:101e5800f3ff801201007326deff00100100312617
:101e6800e8ffbd271400bfaf2510800009f8400027
:101e78002800042404004010280006242528000017
:101e88008066410f252040001400bf8f0800e00342
:101e98001800bd27a0ffbd275c00bfaf5800beaf2c
:101ea8005400b7af5000b6af4c00b5af4800b4af60
:101eb8004400b3af4000b2af3c00b1af03008014a0
:101ec8003800b0af1900001025880000fdffa010f1
:101ed800080002240c0091902580a00053002212d3
:101ee800259080000900222a1d00401002000224cb
:101ef80046002212040002243900221201000224a2
:101f08000a00225625880000060005248b46400f4b
:101f1800252000020500405025880000069d053c4c
:101f2800288ea5248a66410f252040005c00bf8fbb
:101f3800251020025800be8f5400b78f5000b68f6e
:101f48004c00b58f4800b48f4400b38f4000b28f67
:101f58003c00b18f3800b08f0800e0036000bd2757
:101f680020000224a40022122100222a0700401087
:101f780010000224edff225625880000da46400fa3
:101f88001000848ce9ff00102588400040000224de
:101f9800d100221280000224e4ff221625880000c6
:101fa8001000848ce2ff80105c00bf8fca65410f6f
:101fb8000000000001005124252820028b46400f14
:101fc80025200002bfff4010253020021000458e5a
:101fd800d665410f25204000d4ff001001001124d0
:101fe800050005248b46400f25200002cfff4050f6
:101ff80025880000069d053c208ea5248a66410f91
:1020080025204000c9ff0010010011240500052407
:102018008b46400f25200002c4ff40502588000051
:10202800069d053cf5ff0010308ea5241c00948cfd
:10203800f07f023c1800938c00f0957e2b10a202d2
:102048001000a0af1400a0af1800a0af1c00a0aff4
:102058002000a0af2400a0af2800a0a73000a0afa8
:10206800410040103400a0af1400918c4360410f30
:1020780025202002253040002538600025206002f8
:102088000c54410f252880024a004010069d053c4b
:1020980025306002253880023c8ea524d066410f89
:1020a8001000a427069d053c3000a627448ea524d1
:1020b8001000a427bc66410f2588400001000324b6
:1020c800210043143400b78f25b0a0022538a002a0
:1020d8003000b58f00f0f27e252840022520a002ae
:1020e8000c54410f253060022a1002002520a0025e
:1020f80025306002253880022528e00225f060029c
:102108000bf0a2024b2a410f0a90c20225b04000f0
:10211800069d023c789d468c7c9d478c2520c003fb
:10212800252840023d36410f00f0757c25304000df
:10213800253860002520c0025754410f2528a002e9
:10214800230040181a00222e069d053c2530600207
:1021580025388002488ea524d066410f1000a42798
:102168001a00001025884000069d053c208ea524f5
:102178008a66410f1000a4270400112401002526b7
:102188008b46400f252000024eff40101000a32769
:10219800213051002e00042411004654000065909f
:1021a800000040a00800028e2188510095ff001011
:1021b800080011ae069d053c25302002388ea52466
:1021c800d066410f1000a427258840001a00222e4f
:1021d800ebff40140100252654ff0010258800005d
:1021e8000200a454000045a0000044a001004224bd
:1021f800e9ff0010010063240800928c0100052407
:102208008b46400f252000022eff40105b00032460
:10221800000043a00800028e01004224080002ae1c
:102228000c00028e010042240c0002ae0b00401686
:10223800020005248b46400f2520000221ff401094
:102248005d000324000043a0010040a00c00028ea2
:10225800ffff42246bff00100c0002ae252800028d
:10226800a747400f2520400230ff40102588000076
:102278007546400f252000020000428e11004010d4
:10228800252000021400118e2b8811000100312630
:102298008b46400f010025260aff40102c0003241e
:1022a800000043a01400038e0800601420000424da
:1022b80001004324000060a00800028e218851001c
:1022c800080011aed9ff00100000528e020043240e
:1022d800f8ff0010010044a01400b38c0800918c92
:1022e800252000022b981300010073268b46400f0f
:1022f80001006526f3fe40107b000324000043a084
:102308000c00038e010063240c0003ae1400038e3e
:10231800020060100a000324010043a00800028e96
:1023280021985300080013ae0e0020161400028ee8
:1023380003004010020005240c00058e0100a524ae
:102348008b46400f25200002f8fe405025880000eb
:102358001400038e5600605425200000b9ff0010b9
:102368007d0003240f0040502000248e0c00058eb1
:102378008b46400f25200002d2fe40102518000091
:10238800090006240c00048e2b2864003c00a0548d
:10239800212043000800028e21104400080002aeec
:1023a8002000248eda46400f25280002dffe405028
:1023b800258800007546400f252000021400128e63
:1023c800252000022b901200010052268b46400f58
:1023d80025284002bbfe40103a000324000043a019
:1023e8001400038e0200601009000324010043a0ba
:1023f8000800028e25280002252020022190520084
:10240800a747400f080012aec8fe405025880000bc
:102418007546400f252000021400128e0000228eff
:10242800252000022b9012002b100200219042025e
:102438008b46400f01004526bcfe40502588000011
:102448000000238e030060102c000324000043a02a
:10245800010042241400038e030060100a000324c4
:10246800000043a001004224000040a00800028ea2
:102478000000318e21905200abff0010080012ae10
:10248800000086a0bfff0010010063240000a6a082
:10249800010084240c00038effff63242b188300a3
:1024a800faff601421284400acff00102510a0009a
:1024b800f8ff0010090006241b00801025180000f2
:1024c800e8ffbd2700a0023c1000b0af25808000c7
:1024d8005404448c1400bfaf9a47400f000000001a
:1024e8000c0040102518400028000624252800026a
:1024f800d665410f2520400025184000200040ac3b
:102508000c00428c040060ac000060ac0001423456
:102518000c0062ac1400bf8f251060001000b08f53
:102528000800e0031800bd270800e003251060003c
:10253800b8ffbd274000b2af3c00b1af3800b0af24
:102548002588a00000a0103c2400062425280000af
:10255800259080004400bfaf8066410f1000a4277b
:102568005404028e09f840000001042400010324e9
:102578001400a3af5404038e2400b1af54041126f1
:102588002800a3af0400238e1000a2af2c00a3af35
:102598000800238e2d0040103000a3af1000a5279f
:1025a800a747400f25204002290040501000b08f57
:1025b8007546400f1000a4270800228e0d00401019
:1025c8001800a48f0100852409f840001000a48f8a
:1025d8001e004010258040004400bf8f25100002d7
:1025e8004000b28f3c00b18f3800b08f0800e00384
:1025f8004800bd275404028e09f8400001008424d5
:1026080012004010258040001800a28f1400a38fec
:102618001000a58f010042242b3062000a184600e2
:1026280025200002d665410f253060001800a28fd2
:1026380021100202000040a00400228e09f8400088
:102648001000a48fe5ff00104400bf8f1000b08f6a
:10265800e2ff00524400bf8f0400228e25200002b2
:1026680009f8400025800000dcff00104400bf8fff
:102678001900801025180000e0ffbd271c00bfaf1f
:102688001800b1af1400b0afca65410f25808000b3
:102698000100512400a0023c5404428c09f8400077
:1026a8002520200206004010251840002530200271
:1026b80025280002d665410f252040002518400036
:1026c8001c00bf8f251060001800b18f1400b08f58
:1026d8000800e0032000bd270800e0032510600083
:1026e80037008010000000003500a0100000000036
:1026f8003300c01000000000310086100000000008
:10270800d8ffbd272000b3af1400b0af2400bfaf7f
:102718001c00b2af1800b1af259880001900e01076
:102728002580c0000c00d18c2590a0000002313615
:102738000c00028e0002423008004054200012ae05
:102748002000048e0400801000a0023c5804428c33
:1027580009f8400000000000200012ae0c0011ae85
:1027680025280002252060022400bf8f2000b38f97
:102778001c00b28f1800b18f1400b08f6046400b58
:102788002800bd279e49400f2520a00004004010c6
:10279800259040000c00118ee5ff0010444a117c82
:1027a8002400bf8f251000002000b38f1c00b28fbb
:1027b8001800b18f1400b08f0800e0032800bd276f
:1027c8000800e00325100000688283270000648c5d
:1027d8000400628c0800e00321108200e0ffbd279e
:1027e8001800b0af1100022401a0103c069d053c62
:1027f8001000a2aff43204260700072401000624c3
:102808001c00bfafd066410f508ea5241c00bf8f9f
:10281800f43202261800b08f0800e0032000bd271c
:1028280000a0073c059d053c069d033c806ea52441
:102838005404e22407008014dc8263245404e5acc9
:10284800040043ac069d033c6c8263240800e0034b
:10285800080043ac0000868c0400848c080040ac5f
:102868000a30a6000a2064005404e6ac0300c5142c
:10287800040044acf4ff8310069d033c0800e00309
:1028880000000000e0ffbd271400b1af00a0113c1c
:102898001000b0af1c00bfaf1800b2af2580800099
:1028a80054043126060000161c00bf8f1800b28f92
:1028b8001400b18f1000b08f0800e0032000bd277e
:1028c8000c00028e00014230070040140000128ef6
:1028d8000800048e13008014000000001000048e0d
:1028e800180080540400228e0c00028e0002423030
:1028f800070040140400228e2000048e040080107b
:102908000000000009f84000000000000400228eca
:102918002520000209f8400025804002e1ff001050
:1029280000000000234a400f000000000c00028e47
:1029380000014230eaff40501000048eebff001007
:102948000c00028e09f8400000000000e7ff0010ac
:102958000c00028e0300a014251000000800e003fc
:102968000000000080ffbd277000b5af0000b58ce7
:102978007c00bfaf7800b7af7400b6af6c00b4afdf
:102988006800b3af6400b2af6000b1af3b01a01202
:102998005c00b0af0800b28c0400b38c2580a000a6
:1029a800040054262bb074020c00c0162588800041
:1029b800069d053c04000624208ea524cf63410f04
:1029c8002120b20205004014040002240c0022aeab
:1029d800080014ae0d00001001000224050057265f
:1029e8002b10770214004014069d053c05000624b0
:1029f800288ea524cf63410f2120b2020e00401477
:102a0800010002240c0022ae080017ae7c00bf8f24
:102a18007800b78f7400b68f7000b58f6c00b48fd4
:102a28006800b38f6400b28f6000b18f5c00b08f14
:102a38000800e0038000bd270c00c016069d053c79
:102a480004000624308ea524cf63410f2120b20252
:102a580006004014020002240c0022ae01000224e9
:102a6800140022aee9ff0010080014ae2b10530228
:102a780002014010220003242120b20200008290ab
:102a880005004314252800025545400f2520200243
:102a9800dfff00107c00bf8f2d0003240600435089
:102aa8001000a427d0ff43240a00632c4f00605075
:102ab8005b0003241000a4275000a0af23987202e3
:102ac8002510000025a08000450006246500072485
:102ad8002d0008242e0005242b0009243f000a2479
:102ae8000e006212211842022118a302000063900e
:102af8003a006b2c2500601130006b2c28006051c7
:102b0800000083a026006850000083a024006550c0
:102b1800000085a022006950000083a021108202d5
:102b28005000a52725208002c067410f000040a063
:102b38005000b28f25b0400025b86000b3ff921254
:102b480025100000069d023c809d468c849d478c84
:102b5800180036ae1c0023ae2520c0020c54410fcd
:102b68002528600013004004ff7f023cffff423429
:102b780023a054020800128e140022ae080002247a
:102b88000c0022ae92ff001021a0540204006650ef
:102b9800000083a0e2ff675421108202000083a096
:102ba80001004224ddff4a1001008424ccff0010fc
:102bb80000000000069d023c889d468c8c9d478c39
:102bc8002520c0025754410f2528e0020300405c2d
:102bd8002520c002e6ff00100080023c9b5e410fea
:102be8002528e002e3ff001023a054024b00431401
:102bf8007b0003240c00038ee803652c9f00a010c3
:102c0800010063240c0003ae000083909b00621453
:102c180001005226080012ae3946400f2520000256
:102c28000800028e0400038e2b18430092006050a7
:102c3800ffff42240000038e211862000000649008
:102c48005d00032427008310ffff4224080002ae22
:102c580025a00000259800009a47400f1000048e18
:102c680091004010259040000300605225984000d4
:102c7800000082ae040054ac0800028e2520000239
:102c8800010042243946400f080002ae2528000200
:102c9800574a400f252040028500401000000000e0
:102ca8003946400f252000020800048e0400038ed8
:102cb8002b1883007e0060102c0003240000028e75
:102cc8002110440000004290e3ff431025a0400279
:102cd8005d00032476004314000000000400001087
:102ce8000c00028e25900000259800000c00028e32
:102cf800ffff4224020060120c0002ae040072ae14
:102d0800200002240c0022ae0800028e080033ae18
:102d1800010042242fff0010080002ae3bff43547d
:102d2800251000000c00038ee803652c5300a0104a
:102d3800010063240c0003ae000083904f0062146e
:102d480001005226080012ae3946400f2520000225
:102d58000800028e0400038e2b18430046006050c2
:102d6800ffff42240000038e2118620000006490d7
:102d78007d00032443008310ffff4224080002aeb5
:102d880025a00000259800009a47400f1000048ee7
:102d980045004010259040000300605225984000ef
:102da800000082ae040054ac0800028e2520000208
:102db800010042243946400f080002ae25280002cf
:102dc8005545400f25204002390040100000000002
:102dd8003946400f252000021000428e0400038e61
:102de800100040ae200042ae0800028e2b184300af
:102df8002f006010000000000000038e2118620000
:102e0800000064903a0003242900831400000000a5
:102e180001004224252000023946400f080002ae76
:102e280025280002574a400f252040022000401064
:102e3800000000003946400f252000020800048edb
:102e48000400038e2b188300190060102c00032443
:102e58000000028e2110440000004290caff431077
:102e680025a040027d000324110043140000000047
:102e7800070000100c00028e080002aee3fe0010ee
:102e88002510000025900000259800000c00028ef7
:102e9800ffff4224020060120c0002ae040072ae72
:102ea80098ff001040000224d8fe60522510000050
:102eb800234a400f25206002d4fe00102510000090
:102ec800e0ffbd27069d023c1400b1af1000b0af73
:102ed8002588e0002580c000849d478c809d468c15
:102ee8001800b2af25282002259080001c00bfaf33
:102ef8000c54410f252000020d004004ff7f023cc6
:102f0800ffff42341c00bf8f140042ae180050aec1
:102f18001c0051ae25100002251820021800b28f9f
:102f28001400b18f1000b08f0800e0032000bd2707
:102f3800069d023c889d468c8c9d478c252000026e
:102f48005754410f252820020300405c2520000229
:102f5800ecff00100080023c9b5e410f25282002f8
:102f6800e9ff00101c00bf8fb8ffbd273400b0afc9
:102f78004400bfaf4000b3af3c00b2af3800b1afc0
:102f88001400a0af1800a0af1c00a0af688280afeb
:102f98006c8280af2c008010258000002598e0000e
:102fa8002590c0004100a0102588800000a0023ca8
:102fb8001000a4af5404448c540442240400438ced
:102fc8000800428c1400a5af2000a4af2400a3afd2
:102fd8009a47400f2800a2af3400401025804000d7
:102fe8001000a48f0d0080101800a28f1e0040143e
:102ff8001400a28f0500422c1d004014069d053cbc
:1030080003000624cf63410f5c8ea52403004014ff
:103018001000a427030002241800a2af3946400f6d
:103028000000000025284000574a400f25200002d4
:103038001c004010000000000f0060160000000097
:10304800280040161000a28f4400bf8f25100002f0
:103058004000b38f3c00b28f3800b18f3400b08f7e
:103068000800e0034800bd27ecff00102520000001
:10307800eaff00101000a4273946400f1000a427cb
:103088001800a48f1400a38f2b188300050060106c
:103098001000a28f2110440000004290e8ff401069
:1030a80000000000234a400f252000021800a38fcb
:1030b8001400a28f2b2062000300805425106000aa
:1030c80001004054ffff422402004012211822024e
:1030d800000043ae688291af6c8282afdaff0010c5
:1030e800258000001800a38f21104300d6ff001090
:1030f800000042ae1400801000000000e0ffbd2771
:103108001800b2af1400b1af1000b0af2590c000e6
:103118002588a0001c00bfafca65410f258080002c
:103128002538400225302002252000021c00bf8fd0
:103138001800b28f1400b18f1000b08f0100452421
:10314800dc4b400b2000bd270800e00325100000e1
:10315800253000003f4c400b252800002538000092
:10316800dc4b400b253000004e49400b0100052484
:103178004e49400b25280000b0ffbd274800b3afdb
:103188004400b2af4000b1af259080002588a00070
:103198002598c00025280000240006241000a42734
:1031a8004c00bfaf8066410f3c00b0af0a0021065b
:1031b80000a0103c252000004c00bf8f2510800087
:1031c8004800b38f4400b28f4000b18f3c00b08fed
:1031d8000800e0035000bd275404028e09f840009f
:1031e80025202002f3ff40101000a2af5404028ee5
:1031f80054041026252040022800a2af0400028ea5
:103208001000a5271400b1af2c00a2af0800028e51
:103218001800a0af2000a0af2400b3afa747400f0d
:103228003000a2afe4ff40141000a48f0400028e07
:1032380009f8400000000000dfff00102520000012
:10324800b0ffbd274400b2af4000b1af3c00b0af03
:10325800259080002588a0002580c0002528000032
:10326800240006241000a4274800b3af4c00bfafc9
:103278008066410f2598e000120000062510000026
:10328800100020121000a527010002242000a2af80
:1032980000a0023c5404438c540442242800a3afe9
:1032a8000400438c0800428c252040021000b1af76
:1032b8001400b0af2400b3af2c00a3afa747400f52
:1032c8003000a2af4c00bf8f4800b38f4400b28fcc
:1032d8004000b18f3c00b08f0800e0035000bd27cc
:1032e80004008010251000000800838c030060543f
:1032f800010042240800e00300000000fbff00106a
:103308000000638c0300a004000000005546400b39
:10331800000000000800e003251000006147400b92
:10332800253000006147400b01000624e8ffbd2757
:103338001400bfafc94c400f000000001400bf8f3d
:103348002b1002000800e0031800bd276046400b60
:1033580000000000ba49400b25380000ba49400b6c
:10336800010007240d00801000000000e8ffbd27c1
:103378001000b0af258080001400bfaf3049400f67
:103388002520a000252000021400bf8f1000b08f58
:10339800252840006046400b1800bd270800e003c0
:1033a8002510000014008010000000001200a0107a
:1033b80000000000e0ffbd271800b1af1400b0af57
:1033c8002588a000258080001c00bfaf3049400f31
:1033d8002520c00025282002252000021c00bf8fc0
:1033e8001800b18f1400b08f253800002530400038
:1033f800ba49400b2000bd270800e0032510000053
:10340800130080102510a0001800a0100000000074
:103418000800838c050065500000458c0000a68cd0
:103428000400a58c0000a6ac0000458c0a00a01082
:10343800000000000400468c020062140400a6ace0
:10344800080085ac040040ac0800e003000040ac74
:103458000800e00325100000faff6250080085ac60
:103468000400448cf7ff0010040064ac0800e0037b
:10347800000000000900a00400000000e8ffbd27cc
:103488001400bfaf5546400f000000001400bf8f66
:1034980025284000024d400b1800bd270800e00316
:1034a80025100000e8ffbd271400bfaf1f4d400fd7
:1034b800000000001400bf8f25204000234a400b65
:1034c8001800bd27e8ffbd271000b0af1400bfaf3c
:1034d800c94c400f25808000252000021400bf8fb2
:1034e8001000b08f25284000024d400b1800bd2762
:1034f800e8ffbd271000b0af1400bfafcb4c400fa2
:1035080025808000252000021400bf8f1000b08f96
:1035180025284000024d400b1800bd27e8ffbd27b5
:103528001400bfaf334d400f000000001400bf8fe0
:1035380025204000234a400b1800bd27e8ffbd277f
:103548001400bfaf3e4d400f000000001400bf8fb5
:1035580025204000234a400b1800bd271f00a00467
:10356800251800001d00c01000000000e8ffbd275e
:103578001400bfaf5546400f00000000040040147f
:103588001400bf8f2528c0006046400b1800bd27d7
:10359800253880000800848c030082100400458cc4
:1035a8000700a010251800000000c2ac0400c5ac3c
:1035b80007008214040046ac0800e6ac01000324ae
:1035c8001400bf8f251060000800e0031800bd2715
:1035d8000400c28cf9ff0010000046ac0800e003ac
:1035e8002510600027008010251000000800838c3b
:1035f80024006010000000002200c010000000003d
:103608002000a010000000001e00c51001000224c8
:103618000000a28c0400a78ce8ffbd271400bfaff0
:103628000000c2ac020040100400c7ac040046ac65
:103638000d0065540400c28c0400a28c01004550a2
:103648000400c6ac080086ac2520a0000000a0ac91
:10365800234a400f0400a0ac1400bf8f01000224cd
:103668000800e0031800bd2701004054000046ace4
:103678000000c28cf4ff4050040066acf3ff001059
:103688002520a0000800e003000000000900a004b5
:1036980000000000e8ffbd271400bfaf5546400feb
:1036a800000000001400bf8f252840007b4d400b10
:1036b8001800bd270800e0032510000000a0023c08
:1036c8005404448ce8ffbd271400bfaf9a47400f4d
:1036d8000000000002004010040003240c0043ac6a
:1036e8001400bf8f0800e0031800bd27e8ffbd27be
:1036f8001000b0af1400bfaf1800a4afb14d400f19
:103708001c00a5af1c00a58f1800a48f2538000049
:1037180025304000ba49400f25804000050040147c
:103728001400bf8f234a400f252000022580000087
:103738001400bf8f251000021000b08f0800e003ae
:103748001800bd2700a0023c5404448ce8ffbd27a4
:103758001400bfaf9a47400f00000000020040105d
:10376800020003240c0043ac1400bf8f0800e003e0
:103778001800bd27e8ffbd271000b0af1400bfaf89
:103788001800a4afd34d400f1c00a5af1c00a58f97
:103798001800a48f2538000025304000ba49400f92
:1037a80025804000050040141400bf8f234a400fb5
:1037b80025200002258000001400bf8f251000027c
:1037c8001000b08f0800e0031800bd2700a0023cdd
:1037d8005404448ce8ffbd271400bfaf9a47400f3c
:1037e8000000000002004010010003240c0043ac5c
:1037f8001400bf8f0800e0031800bd27e8ffbd27ad
:103808001000b0af1400bfaf1800a4aff54d400fc3
:103818001c00a5af1c00a58f1800a48f2538000038
:1038280025304000ba49400f25804000050040146b
:103838001400bf8f234a400f252000022580000076
:103848001400bf8f251000021000b08f0800e0039d
:103858001800bd27e8ffbd2700a0023c1000b0af4c
:10386800258080005404448c1400bfaf9a47400f51
:1038780000000000030040102b20100001008424e9
:103888000c0044ac1400bf8f1000b08f0800e00398
:103898001800bd27e0ffbd271800b1af25888000bc
:1038a8002520c0001400b0af1c00bfaf174e400f5a
:1038b8002400a5af2400a58f25380000253040003e
:1038c80025202002ba49400f2580400005004014f9
:1038d8001c00bf8f234a400f2520000225800000ce
:1038e8001c00bf8f251000021800b18f1400b08f84
:1038f8000800e0032000bd27e0ffbd2700a0023c30
:103908001400b2af259080005404448c1800b3af63
:103918001000b0af1c00bfaf9a47400f2598a00019
:103928000f00401025804000080002240c0002ae61
:10393800069d023c809d468c849d478c180012aee3
:103948001c0013ae252040020c54410f25286002ac
:103958000a004004ff7f023cffff4234140002ae1d
:103968001c00bf8f251000021800b38f1400b28fff
:103978001000b08f0800e0032000bd27069d023c20
:10398800889d468c8c9d478c252040025754410fba
:1039980025286002f1ff40180080023c25204002e3
:1039a8009b5e410f25286002edff0010140002ae57
:1039b800e0ffbd271800b2af1400b1af2590a000fa
:1039c800258880002528e0001000b0af1c00bfaf9c
:1039d800404e400f2520c00025304000253800000b
:1039e8002528400225202002ba49400f25804000a2
:1039f800050040141c00bf8f234a400f25200002f9
:103a0800258000001c00bf8f251000021800b28f0f
:103a18001400b18f1000b08f0800e0032000bd270c
:103a2800e0ffbd2700a0023c1800b1af2588800048
:103a38005404448c1400b0af1c00bfaf9a47400f29
:103a4800000000000a0040102580400010000224f9
:103a58000c0002ae9e49400f2520200204004014ad
:103a6800100002ae234a400f2520000225800000e6
:103a78001c00bf8f251000021800b18f1400b08ff2
:103a88000800e0032000bd27e0ffbd271800b1af04
:103a9800258880002520c0001400b0af1c00bfafef
:103aa8008a4e400f2400a5af2400a58f25380000ba
:103ab8002530400025202002ba49400f25804000cb
:103ac800050040141c00bf8f234a400f2520000228
:103ad800258000001c00bf8f251000021800b18f40
:103ae8001400b08f0800e0032000bd27e8ffbd27c1
:103af80000a0023c1000b0af258080005404448c24
:103b08001400bfaf9a47400f0000000003004010a8
:103b1800100103240c0043ac100050ac1400bf8ffc
:103b28001000b08f0800e0031800bd27e8ffbd278c
:103b380000a0023c1000b0af258080005404448ce3
:103b48001400bfaf9a47400f000000000300401068
:103b5800400103240c0043ac080050ac1400bf8f94
:103b68001000b08f0800e0031800bd27e8ffbd274c
:103b780000a0023c1000b0af258080005404448ca3
:103b88001400bfaf9a47400f000000000300401028
:103b9800200103240c0043ac080050ac1400bf8f74
:103ba8001000b08f0800e0031800bd27e0ffbd2714
:103bb80000a0023c1800b1af258880005404448c52
:103bc8001400b0af1c00bfaf9a47400f00000000c0
:103bd8000a00401025804000800002240c0002ae3c
:103be8009e49400f2520200204004014100002ae18
:103bf800234a400f25200002258000001c00bf8fab
:103c0800251000021800b18f1400b08f0800e003df
:103c18002000bd27e0ffbd271800b1af2588800030
:103c28002520c0001400b0af1c00bfafed4e400f00
:103c38002400a5af2400a58f2538000025304000ba
:103c480025202002ba49400f258040000500401475
:103c58001c00bf8f234a400f25200002258000004a
:103c68001c00bf8f251000021800b18f1400b08f00
:103c78000800e0032000bd2700a0023c5404448c47
:103c8800e8ffbd271400bfaf9a47400f00000000af
:103c980002004010200003240c0043ac1400bf8f26
:103ca8000800e0031800bd27e8ffbd271000b0afeb
:103cb8001400bfaf1800a4af204f400f1c00a5afe1
:103cc8001c00a58f1800a48f25380000253040005f
:103cd800ba49400f25804000050040141400bf8fea
:103ce800234a400f25200002258000001400bf8fc2
:103cf800251000021000b08f0800e0031800bd274f
:103d080000a0023c5404448ce8ffbd271400bfaf58
:103d18009a47400f000000000200401040000324b2
:103d28000c0043ac1400bf8f0800e0031800bd2747
:103d3800e8ffbd271000b0af1400bfaf1800a4af54
:103d4800424f400f1c00a5af1c00a58f1800a48f80
:103d58002538000025304000ba49400f2580400032
:103d6800050040141400bf8f234a400f252000028d
:103d7800258000001400bf8f251000021000b08fae
:103d88000800e0031800bd27d8ffbd272400bfaff7
:103d98002000b4af1c00b3af1800b2af1400b1af2d
:103da8000b00a1041000b0af258000002400bf8fd5
:103db800251000022000b48f1c00b38f1800b28faa
:103dc8001400b18f1000b08f0800e0032800bd2751
:103dd800f5ff801025a0a000204f400f25988000f7
:103de800258040002590000025880000eeff001285
:103df8002b10340206004014801011000800028eb7
:103e0800eaff4054040052ace9ff00102400bf8fc1
:103e1800211062024360410f0000448c25204000bd
:103e2800404e400f252860000500401400000000a7
:103e3800234a400f25200002dcff001025800000e7
:103e480005002056000042ae080002ae01003126ef
:103e5800e6ff001025904000fcff0010040052ac63
:103e6800d8ffbd272400bfaf2000b4af1c00b3affc
:103e78001800b2af1400b1af0b00a1041000b0af2e
:103e8800258000002400bf8f251000022000b48f79
:103e98001c00b38f1800b28f1400b18f1000b08fc0
:103ea8000800e0032800bd27f5ff801025a0a0002a
:103eb800204f400f25988000258040002590000065
:103ec80025880000eeff00122b1034020600401473
:103ed800801011000800028eeaff4054040052ac22
:103ee800e9ff00102400bf8f21106202f75b410f29
:103ef8000000448c25204000404e400f25286000db
:103f08000500401400000000234a400f252000024d
:103f1800dcff00102580000005002056000042ae9e
:103f2800080002ae01003126e6ff0010259040008f
:103f3800fcff0010040052acd8ffbd272400bfaf1f
:103f48002000b4af1c00b3af1800b2af1400b1af7b
:103f58000b00a1041000b0af258000002400bf8f23
:103f6800251000022000b48f1c00b38f1800b28ff8
:103f78001400b18f1000b08f0800e0032800bd279f
:103f8800f5ff801025a0a000204f400f2598800045
:103f9800258040002590000025880000eeff0012d3
:103fa8002b10340206004014c01011000800028ec5
:103fb800eaff4054040052ace9ff00102400bf8f10
:103fc800211062020000448c404e400f0400458cd2
:103fd8000500401400000000234a400f252000027d
:103fe800deff00102580000005002056000042aecc
:103ff800080002ae01003126e8ff001025904000bd
:10400800fcff0010040052acd8ffbd272400bfaf4e
:104018002000b4af1c00b3af1800b2af1400b1afaa
:104028000b00a1041000b0af258000002400bf8f52
:10403800251000022000b48f1c00b38f1800b28f27
:104048001400b18f1000b08f0800e0032800bd27ce
:10405800f5ff801025a0a000204f400f2598800074
:10406800258040002590000025880000eeff001202
:104078002b10340206004014801011000800028e34
:10408800eaff4054040052ace9ff00102400bf8f3f
:10409800211062028a4e400f0000448c0500401433
:1040a80000000000234a400f25200002dfff001017
:1040b8002580000005002056000042ae080002ae30
:1040c80001003126e9ff001025904000fcff001098
:1040d800040052ace0ffbd271c00bfaf1800b2af10
:1040e8001400b1af030080141000b0af1f0000101f
:1040f8002580000000a0023c258880005404448ce0
:104108009a47400f2590a000f8ff401025804000f6
:104118000c00228e1c00238e1000248e0442027c88
:104128000c0002ae1400228e140002ae1800228e7b
:104138001c0003ae14008014180002ae2000228e6a
:10414800190040540c00238e090040121c00bf8f38
:104158000800328e258800001c0040160100052446
:104168000800028e01004054040051ac1c00bf8faf
:10417800251000021800b28f1400b18f1000b08f04
:104188000800e0032000bd279e49400f0000000002
:10419800eaff4014100002ae234a400f2520000217
:1041a800f2ff001025800000000263300300601455
:1041b800000000009e49400f25204000f6ff4010f7
:1041c800200002aee0ff0010000000003750400f52
:1041d80025204002f0ff401000000000030020529c
:1041e800080002ae000022ae040051ac0000528e5e
:1041f800d9ff0010258840000c0080102510800091
:104208000d000a24220006245c000b242f00082439
:104218002a0009240a000c2420000d2400008380b1
:104228000400601400000000000040a00800e00343
:104238000000000007006a100e0065280700a010a3
:10424800f7ff6524ff00a5300200a52c0a00a05046
:10425800000043a0f1ff00100100842420006650f4
:10426800000046a00700685001008380ebff6d50f6
:1042780001008424000043a001008424e7ff00100b
:104288000100422409006814000000000200842490
:1042980000008380e2ff605000008380dfff6c1025
:1042a80001008424fbff001000008380dbff6954b9
:1042b800010084240200842400008380d8ff601059
:1042c80000000000fcff6954010084240100838081
:1042d800f9ff685401008424d0ff001002008424f0
:1042e8000100832401004524000067800300e014d6
:1042f80025206000c9ff00102510a0000000a7a01d
:1043080001006424c5ffe6100100a2240800eb5454
:1043180001006324010067800500e654010063245e
:104328000100a6a02518800025284000010063246c
:10433800edff00100100a5240300801025100000e7
:104348000c0082900100422c0800e00300000000ed
:1043580004008010251000000c00829001004238f3
:104368000100422c0800e003000000000400801057
:10437800251000000c008290020042380100422cf7
:104388000800e00300000000040080102510000071
:104398000c00828c030042302b1002000800e0035e
:1043a8000000000004008010251000000c0082901e
:1043b800040042380100422c0800e003000000001d
:1043c80004008010251000000c008290080042387c
:1043d8000100422c0800e00300000000e8ffbd27b0
:1043e8001400bfaff250400f00000000060040105c
:1043f800069d023c1800828c1c00838c1400bf8f21
:104408000800e0031800bd27949d438cfbff0010b3
:10441800909d428c04008010251000000c008290b2
:10442800100042380100422c0800e00300000000a0
:10443800e8ffbd271400bfaf0751400f2518000043
:10444800010040541000838c1400bf8f25106000b9
:104458000800e0031800bd270400801025100000a4
:104468000c008290200042380100422c0800e00332
:104478000000000004008010251000000c0082904d
:10448800400042380100422c0800e0030000000010
:1044980004008010251000000c0082908000423833
:1044a8000100422c0800e00300000000d0ffbd27f7
:1044b8001c00b3af2c00bfaf2800b6af2400b5afc7
:1044c8002000b4af1800b2af1400b1af1000b0af05
:1044d80022008010259800002100a0502c00bf8fda
:1044e8000c00828c0c00a38c26184300ff0073304c
:1044f80097006016ff0042300800032409004310ab
:1045080009004328200060102000032413004018ed
:10451800030043280300601404000324100043141c
:104528002c00bf8f70008510080003242590c00060
:104538002580a0003200431025a0800009004328f0
:104548001a006010200003240400401803004328c8
:104558000100132423006010040042382c00bf8f90
:10456800251060022800b68f2400b58f2000b48f74
:104578001c00b38f1800b28f1400b18f1000b08fd9
:104588000800e0033000bd27e6ff43102100432860
:10459800e2ff60141000032440000324e1ff4310ed
:1045a80080000324ddff0010000000003a004310e3
:1045b800210043280d00601010000324e8ff431475
:1045c8002c00bf8f1000848ee6ff8010251060023b
:1045d8001000058ee4ffa0102800b68fe165410f9a
:1045e80000000000ddff00100100532c40000324f0
:1045f8003700431080000324f0ff00100000000083
:104608001c00968c1c00b48c1800838c1800a48c99
:1046180000f0827e00f0d37e25888000253080005f
:10462800252860022520600025384000258060008c
:104638000c54410f259040002a100200253020021a
:104648002520000225a82002253880022528c0023e
:104658000ba802024b2a410f0a9842022588400003
:10466800069d023c789d468c7c9d478c25286002df
:104678002520a0023d36410f00f0707c2530400017
:1046880025386000252020025754410f25280002b4
:10469800b2ff0010010053280800918c0800b08c6c
:1046a800aeff20520100132eacff0012253040024d
:1046b800252800022d51400f25202002a7ff405039
:1046c800259800000000318ef5ff00100000108ec4
:1046d8000800918c060020562000258e0800108eb8
:1046e8000f0000562000058e9cff001001001324c7
:1046f800253040026147400f2520000297ff4010f7
:1047080025284000253040022d51400f2520200249
:1047180092ff405025980000eeff00100000318ef7
:10472800253040026147400f252080028bff401052
:1047380025284000253040022d51400f2520000239
:1047480086ff405025980000e5ff00100000108efd
:1047580082ff00102598000000a0023c5404598ce8
:10476800080020030000000000a0023c5804598cf7
:1047780008002003000000000b0080540c00828c0d
:104788000800e00325100000251000002c00bf8f52
:104798002800b38f2400b28f2000b18f1c00b08f87
:1047a8000800e0033000bd27100003241001423048
:1047b800f3ff431400000000d0ffbd272400b2af70
:1047c8001000928c2c00bfaf2800b3af2000b1af0f
:1047d800edff40121c00b0af258080002520a0000e
:1047e800ca65410f2588a00025204002ca65410fef
:1047f800259840002b10530005004014252820025e
:104808008a66410f25204002e0ff00101000028e4a
:104818009e49400f25202002dcff40502510000053
:104828001000048ed9ff8050100002aedc51400ffa
:104838001000a2af1000a28fd4ff0010100002ae2b
:104848003200c010000000003000a010000000007e
:104858000c00c28cd8ffbd272000b3af0002423045
:104868001c00b2af1800b1af1400b0af2400bfaf46
:104878002598e0002580c0002588a0000600401487
:10488800259080002000c48c0300801000000000e8
:10489800dc51400f000000009e49400f25202002f7
:1048a80012004010200002ae0c00028e253060027b
:1048b80025282002444a027c252040026147400ff7
:1048c8000c0002ae25300002252040022400bf8fd4
:1048d8002000b38f1c00b28f1800b18f1400b08f66
:1048e800252840007b4d400b2800bd272400bf8fa2
:1048f800251000002000b38f1c00b28f1800b18f64
:104908001400b08f0800e0032800bd270800e0036a
:10491800251000001252400b253800001252400b9f
:10492800010007240800800425100000d880838f28
:104938002a1883000400601080200400dc80828f25
:10494800212044000000828c0800e00300000000e1
:10495800d880858fdc80868f251000002a184500b6
:1049680003006014801802000800e003010002241c
:104978002118c3000000638cf8ff60500100422436
:104988002a0063940300641000000000f3ff001085
:10499800010042240800e00325100000e8ffbd27bd
:1049a8001000b0af1400bfaf40009024bc73400f9c
:1049b800252000020600401009000624efff052408
:1049c8008323410f25204000f8ff0010000000005d
:1049d8001400bf8f1000b08f0800e0031800bd2737
:1049e800e8ffbd271400bfaf2467410f0000000097
:1049f800ffff423000c0473401400824ffff09345c
:104a0800ffff0825050000151400bf8f253800009a
:104a18002510e0000800e0031800bd275652400f9b
:104a28002520e000faff40141400bf8ff4ffe9507e
:104a380000c007340100e724f1ff0010ffffe73052
:104a4800dc80828fc8ffbd273400bfaf3000b7af0e
:104a58002c00b6af2800b5af2400b4af2000b3af28
:104a68001c00b2af1800b1af0d0040141400b0af75
:104a7800ffff02243400bf8f3000b78f2c00b68fa1
:104a88002800b58f2400b48f2000b38f1c00b28f8c
:104a98001800b18f1400b08f0800e0033800bd275c
:104aa8000200a23025a880002590a00025b8c000eb
:104ab80025b0e00003004014259800002598c000a8
:104ac80025b80000ffff05242038410fc480842743
:104ad80006006016d880838f7a52400f00000000cd
:104ae8001000401025984000d880838fdc80848f88
:104af800ffff1024258800002a10230203004054d9
:104b080080a011002300001025a0000021109400af
:104b18000000508c14000052d480848ff6ff0010df
:104b28000100312625a00000258000001900001092
:104b3800ffff1124cc80829728000010100002a6e5
:104b480001000224cbffa2562016117cc9ffc052d7
:104b58002016117c0000c28e140002ae3c00028eaa
:104b68002d0000100442a27e600006240800828cfa
:104b780009f8400001000524e2ff401025804000ac
:104b8800dc80828f120011a621105400000050ac66
:104b9800010014243038410fc4808427b4ff8012e8
:104ba80003000224540002a6580002a63c00028e0c
:104bb800800043322a0013a6046ba27e280017a6a1
:104bc8005c0015a2dbff60103c0002ae010003246c
:104bd800444a627c100000a63c0002ae000142324a
:104be80004004010010003243c00028ec45a627c79
:104bf8003c0002ae01005232d1ff40127fff033c5d
:104c08003c00028ee3ff6334241043008000033c21
:104c18001c006324251043003c0002ae95ff0010e1
:104c28002016117c4200a010010002245c00839031
:104c38003f00621400000000d8ffbd271800b0af85
:104c4800258080002520a0001c00b1af2400bfaf44
:104c58002000b2afaaaa400f2588a0003c00038e0e
:104c68000000448c1000023c000142242418620019
:104c7800020062101c0004ae140004aea7aa400f84
:104c8800252020020000528c3c00028e1000b2af9a
:104c98002000423014004014200012ae2800248e58
:104ca800333e400f1000a5270f004014f000523289
:104cb800e00002240c0042121000a28f1800038e9c
:104cc800060062503c00028e3c00038e180002aec3
:104cd800c439037c3c0003ae3c00028e010003246f
:104ce8008431627c3c0002ae2800228e240002ae91
:104cf80028000296060040501c00228e3c00028ebe
:104d08004005427c050040142400bf8f1c00228e01
:104d180000004294280002a62400bf8f2000b28f12
:104d28001c00b18f1800b08f0800e0032800bd27d1
:104d38000800e00300000000e0ffbd271400b1af49
:104d480025888000252000001800b2af1000b0af01
:104d58001c00bfafce37410f2590a0000000308e59
:104d680009000012252840002000038e0800633047
:104d780005006010000000000300401225800000bc
:104d8800000020ae25284000e037410f2520000014
:104d98001c00bf8f251000021800b28f1400b18fbd
:104da8001000b08f0800e0032000bd275c0085904c
:104db800010003240900a31425280000e8ffbd27eb
:104dc8001400bfaf5053400f0c0084241400bf8f51
:104dd8002b1002000800e0031800bd270800e003bc
:104de80025100000e8ffbd271000b0af1400bfafca
:104df8005c008390010002240b006214258080006f
:104e0800010005245053400f0c0084240700401073
:104e18001400bf8f3923410f0c00048e56000296f0
:104e2800ffff4224560002a61400bf8f0c0000aefc
:104e38001000b08f0800e0031800bd27e8ffbd2769
:104e48001000b0af1400bfaf7b53400f2580800027
:104e58003c00028e25200002448c027c6952400fdf
:104e68003c0002ae2c00048e0300801009000624ca
:104e78008323410fefff052412000286d480848f1c
:104e88002528000280180200dc80828f1400bf8f62
:104e98001000b08f0c00998c21104300000040ac2a
:104ea800080020031800bd27010002240800a250b2
:104eb800560082940800e003251000002510000029
:104ec8001400bf8f1000b08f0800e0031800bd2742
:104ed800540083942b104300f6ff4010000000009c
:104ee8003c00828ce8ffbd271000b0af00084730b7
:104ef8001400bfaf0200e010258080008000073c4e
:104f08000002423003004010480004240400e73443
:104f180060000424100006960200e7341e23410fa7
:104f280008000524e5ff4010019d033cac536324b1
:104f3800080043ac3c00038e00026330130060108d
:104f48000c0050ac1000438c48004424000064acb2
:104f580001000324580043a42518000010000496fb
:104f6800000003ae080003ae212064000100032402
:104f78005c0003a256000396040004ae0c0002aec7
:104f880001006324ceff0010560003a61c00438cca
:104f9800f2ff001008006324a0ffbd270f000524be
:104fa800090004245c00bfaf5800beaf5400b7af7f
:104fb8005000b6af4c00b5af4800b4af4400b3af33
:104fc8004000b2af3c00b1afef3e400f3800b0af89
:104fd80001004230a5004014000000005c00bf8fb3
:104fe8005800be8f5400b78f5000b68f4c00b58f55
:104ff8004800b48f4400b38f4000b28f3c00b18f9b
:105008003800b08f0800e0036000bd27b542410fab
:1050180004002496259840002c000296a100531401
:10502800f2ff0524aaaa400f25200002252000022d
:10503800a7aa400f25a0400025b8400006002296e8
:105048001d004050000024962000028e00044230cb
:1050580018004014253000000000828e0c00052442
:105068001000a2af0000e28e1000a4271400a2af27
:10507800001102241800a2a704002296bd42410f85
:105088001a00a2a727100200ffff46302000028e58
:1050980004004230880040102538c000252820022e
:1050a80025306002be72400f252000027d004014aa
:1050b800f6ff052400002496f8ff7326b542410f39
:1050c80025a0000002002496000022a6b542410f48
:1050d80025b00000020022a62800028e040033a694
:1050e80025a800002800a2af2400a0af2000a0af90
:1050f80025980000d880828f2a106202690040102b
:10510800f1ff0524ce37410f25200000dc80848f75
:10511800801813002118830000007e8c1300c01330
:10512800253000003c00c78f4004e47c100080104c
:10513800252840005800c4974800c5972b20a40094
:105148000b008010252840002a00c3975c00d593e7
:105158002400d68f2000a3af2800c3971c00d28f4d
:1051680025a0e0002400a3af010006242528400064
:1051780025200000e037410f3000a6af3000a68f91
:105188006c00c0102000a38f02002296690043140f
:10519800010002244d00a212010005246500a0169a
:1051a8002528000001000624000022962400a38f71
:1051b80048004314040082320200a5342800a28f5c
:1051c80048005614000000000400a53403004012f3
:1051d8001000823249004010252000020800c63421
:1051e8002528a6000f0002245200a2140100022460
:1051f8005c00c2a33c00c28f8005427c05004010c1
:10520800e00004240000e292f0004230250044143b
:10521800f1ff0524ce37410f252000004000c427a8
:10522800252800029b73400f259040005a00c49720
:105238000001843004008010258800005000c28fcf
:105248004c00d18f2c00a2af25284002e037410f37
:1052580025200000050020122c00a78f2800058ead
:105268001200c48709f8200200010624593f400fa4
:105278000900042459ff4010258040002c000296a4
:105288000800422c07004014f2ff05242000028e7b
:105298000200123c249042025cff40521c00118e16
:1052a800f1ff0524090006248323410f252000026d
:1052b800eeff00100000000025286002bd42410feb
:1052c8002520200279ff001000000000b6ff001022
:1052d80025300000b9ff40540200c634b8ff001062
:1052e8002800a28f0300c01208008232b7ff4010c6
:1052f80000000000b5ff00100400c6343400a6af5b
:10530800aaaa400f3000a5af0000428c090042163f
:105318003000a58f0f0002240800a534b0ffa214a6
:105328003400a68fdfffc053f1ff0524b2ff001041
:105338003c00c28f6fff0010010073260a00a01006
:10534800240085ac3c00828c07004004000000006b
:105358005d008390020063300300601400000000c9
:10536800c418027c3c0082ac0c00c0102510000060
:105378005c008590010003240800a31400000000cd
:105388000000c28c180082ac3c0082901f004230a2
:10539800600042343c0082a0010002240800e003bf
:1053a80000000000d0ffbd271800b2af1000b0af5a
:1053b8002c00bfaf2800b6af2400b5af2000b4afb3
:1053c8001c00b3af1400b1af259080006600a01098
:1053d8002580a000ce37410f25200000dc80918f6a
:1053e8002f002012120016863200c006d880838f44
:1053f8002a18c3022f006010801816002188230283
:105408000000238e2c007054258000003400439641
:105418000800601025180000340040a625980000f8
:105428000100142425880000258060002600001053
:1054380025a800005a00039601006330130060108d
:10544800251800004c00138e5000038e2800518e42
:105458000c00048e48009254560004961000448ea6
:105468000c0080a43c00048e000284300a008050a6
:105478000000048e540040a62000448e25a00000a1
:10548800c418047ce8ff0010200044ae25980000f2
:10549800efff001025880000f7ff0010080004ae99
:1054a800258000002598000025a0000006000010b7
:1054b80001001524258000002598000025a0000083
:1054c800010015242588000025284000e037410ff9
:1054d8002520000010008012252840022000428e5e
:1054e8002800448e40004234200042ae2c00bf8f7a
:1054f8002800b68f2400b58f2000b48f1c00b38f0e
:105508001800b28f1400b18f1000b08f010006246c
:105518003b44400b3000bd270300a01200000000f0
:105528003923410f25204002170060122538000258
:10553800252820022520c00225c860022c00bf8f24
:105548002800b68f2400b58f2000b48f1c00b38fbd
:105558001800b28f1400b18f1000b08f010006241c
:10556800080020033000bd2725880000259800008a
:10557800ebff001025b00000ffff8424560004a6ae
:10558800c9ff0010258060002c00bf8f2800b68f4f
:105598002400b58f2000b48f1c00b38f1800b28f81
:1055a8001400b18f1000b08f0800e0033000bd2751
:1055b800e0ffbd271400b0af258080002c00848c4c
:1055c8001800b1af1c00bfaf040080102588a000f0
:1055d800090006248323410f02000524120020122b
:1055e8002c0011ae1000238e1c00228e300003ae5a
:1055f8000c00639408004224f8ff6324340003a6d7
:10560800fcff4394380002ae360003a6252820028a
:10561800252000021c00bf8f1800b18f1400b08f26
:105628000b53400b2000bd27300000ae340000ae05
:10563800f6ff0010380000aee0ffbd271000b0af45
:1056480025808000252000001c00bfaf1800b2afe5
:10565800ce37410f1400b1af40000426bc73400f91
:10566800259040002588400025284002e037410f5a
:105678002520000025282002252000021c00bf8fbd
:105688001800b28f1400b18f1000b08f6e55400b08
:105698002000bd27d8ffbd271400b0af2400bfaf3e
:1056a8002000b3af1c00b2af1800b1af1600839052
:1056b800030002240500621001001024d080828fac
:1056c8000a00401001004224d08082af2400bf8f1e
:1056d800251000022000b38f1c00b28f1800b18f74
:1056e8001400b08f0800e0032800bd270800828c52
:1056f8002588a00010004014259080008162410f89
:105708000000000004004014000000002580000094
:10571800efff00102400bf8f7b62410f258000003f
:10572800069d053c848fa524ef29410f25204000c4
:10573800e7ff00102400bf8ff4ffa010010007242a
:105748000100062425280000ea37410fc480842779
:10575800eeff501425300000019d053ca04fa52404
:10576800b83e400f0900042405004014c88082afe9
:105778001338410fc4808427e5ff001025800000fe
:105788000800448e000025960800828c09f8400025
:105798000400062411004014259840008162410f3e
:1057a8000000000007004010000000007b62410f6d
:1057b80000000000069d053ca88fa524ef29410f95
:1057c800252040001338410fc4808427e93e400f4c
:1057d800c880848fceff001025800000ce37410f8f
:1057e800252000000800438e2528400025200000c1
:1057f800d48083af00002396dc8093afd88083af3a
:1058080002002396cc8083a7d080838f0100632475
:10581800e037410fd08083af3038410fc4808427f0
:10582800abff00102400bf8f020002240d00821479
:10583800ffff08240800e00325100001ffff0824eb
:105848002400bf8f251000012000b48f1c00b38fe7
:105858001800b28f1400b18f1000b08f0800e00359
:105868002800bd27d8ffbd27010002242000b4afbf
:105878001c00b3af1800b2af1000b0af2400bfaf28
:105888001400b1af2590800025a0a0002580c0009d
:10589800290082142598e0000800c05025880000df
:1058a8000000c28c26004010252800008d3a400fc9
:1058b8002520c000e1ff4010258840002538000061
:1058c80025308002252860029252400f2520400290
:1058d80025404000ffff0224d8ff0211dc80838f9f
:1058e8008010080025300002211062000000478c5b
:1058f80025282002d154400f2520e0000400201262
:10590800010003243c00e28c8473627c3c00e2ac1e
:1059180004000012010003243c00e28cc47b627c7a
:105928003c00e2ac3c00e28c01000324448c627c25
:10593800c3ff00103c00e2ace0ff00102588000027
:1059480025880000ddff0010258000000c56400b64
:10595800010007240200032416008310ffff02241d
:105968002510e000e8ffbd272538c0000100042409
:105978002530a0001400bfaf9252400f25284000e8
:10598800ffff032408004310dc80848f8018020086
:1059980001000524211883000000638c3c00648cfe
:1059a800448ca47c3c0064ac1400bf8f0800e00366
:1059b8001800bd270800e003000000005756400b00
:1059c80002000724e8ffbd271400bfaf4b52400f69
:1059d8001000b0af060040545c0043902510000052
:1059e8001400bf8f1000b08f0800e0031800bd2717
:1059f8002580400001000224f9ff621425100000f0
:105a08003c00028e03004230f5ff40542510000090
:105a18000800a310ffff022402000224f0ffa214d2
:105a2800251000008a3c400f2520c000ecff4050a4
:105a380025100000140002ae3c00028e0100032471
:105a48000442627c3c0002aee5ff00100100022423
:105a5800e8ffbd271400bfaf4b52400f1000b0af96
:105a68000600401425804000251000001400bf8f58
:105a78001000b08f0800e0031800bd273000428cea
:105a8800040040545c0003929055400f252000020a
:105a98005c00039201000224f4ff62542510000008
:105aa8001400028ef1ff00102b100200e8ffbd2742
:105ab8001000b0af1400bfaf4b52400f0000000001
:105ac800258040000900001225100000ffff052472
:105ad8002038410fc48084279153400f25200002ad
:105ae8003038410fc4808427010002241400bf8f7e
:105af8001000b08f0800e0031800bd27e0ffbd27a5
:105b08001400b0af1c00bfaf4b52400f1800b1af2c
:105b1800258040002a000012251000003c00028e5b
:105b280000304230030040142588a0007b53400f0a
:105b3800252000023c00028e448c027c000b437c32
:105b48005c0003a200404330020060143c0002ae37
:105b5800240000ae00804230060040543c00038e12
:105b68003c000292180000ae3f0042303c0002a206
:105b78003c00038e8000023c04004224241862008a
:105b880001006250280000a6120020522c00058e49
:105b98006952400f25200002bc73400f40000426c4
:105ba800252840006e55400f252000023c00028e3b
:105bb80001000324448c627c3c0002ae01000224f4
:105bc8001c00bf8f1800b18f1400b08f0800e003cd
:105bd8002000bd270b53400f25200002f4ff0010c2
:105be8003c00028ed080828fc8ffbd273400bfaf33
:105bf8003000b7af2c00b6af2800b5af2400b4af63
:105c08002000b3af1c00b2af1800b1af660040105f
:105c18001400b0af25888000ffff05242038410f0d
:105c2800c4808427140022960100132425900000c4
:105c380004985300d880828f2a104202130040141f
:105c4800020002241600239204006214d080908f70
:105c5800ffff102638000012d08090af3400bf8fad
:105c68003000b78f2c00b68f2800b58f2400b48f72
:105c78002000b38f1c00b28f1800b18f1400b08fb2
:105c8800c48084273038410b3800bd27dc80838fdf
:105c980080101200211062000000508ce5ff0052b5
:105ca800010052262400158eb03d400f2520a00289
:105cb800180040040100032404184300241873004a
:105cc800dcff60500100522612000486c156400fc6
:105cd80001000524ce37410f252000004c00168e08
:105ce80025284000252000005000178ee037410f7e
:105cf8005a0014960700c012002094320500801242
:105d08002538e002120004860020062409f8c002a3
:105d18002528a002c7ff001001005226801010009d
:105d28002128a2000000a48c030080100100102686
:105d38009153400f00000000d880828f2a10020281
:105d4800f6ff4014dc80858fd480848f0c00828c11
:105d580009f8400000000000c880848f040080100b
:105d6800dc8080afe93e400f00000000c88080afb3
:105d78003400bf8f3000b78f2c00b68f2800b58f46
:105d88002400b48f2000b38f1c00b28f1800b18f8d
:105d98001400b08fc48084273800bd27d48080af1a
:105da8001338410bd88080af3400bf8f3000b78fd5
:105db8002c00b68f2800b58f2400b48f2000b38f35
:105dc8001c00b28f1800b18f1400b08f0800e003d8
:105dd8003800bd27e0ffbd271800b1af1c00bfafda
:105de8004b52400f1400b0af2588400035002012f8
:105df800251000003300a0102580a00054000624c0
:105e0800252800008066410f252000025c002292b0
:105e1800010003240a004354000000ae1400238e3e
:105e2800040003ae1800238e140003ae1c00238e5a
:105e3800240003ae2000238e000002ae340003ae1f
:105e4800280022960000238e3c00248e440002a6df
:105e58002a002296460002a62400228e480002ae9e
:105e68004800228e4c0002a60400228e2310430014
:105e78004e0002a65d0023920400823801006530be
:105e88000200a0108000427c0200423408008530e5
:105e98000100a05004004234020065300100a05403
:105ea8000800423410008430010080501000423451
:105eb800040063300100605420004234500002aef8
:105ec800010002241c00bf8f1800b18f1400b08f8e
:105ed8000800e0032000bd27e0ffbd271c00bfaf7e
:105ee8001800b2af1400b1af4b52400f1000b0af62
:105ef8000800401425204000251000001c00bf8f1a
:105f08001800b28f1400b18f1000b08f0800e003a2
:105f18002000bd272588a0002590c0006d53400fa4
:105f280025804000f5ff4050251000000000038e3a
:105f380002004012252860000800058e2128b100c3
:105f48002b18a300edff6054251000000400038ef9
:105f58002b186500e9ff605425100000e7ff0010ca
:105f6800080005aee8ffbd271400bfaf4b52400f35
:105f78001000b0af06004014252040002510000096
:105f88001400bf8f1000b08f0800e0031800bd2771
:105f98006d53400f25804000f9ff40502510000048
:105fa800f7ff00100800028ee8ffbd271400bfaffe
:105fb8004b52400f1000b0af060040545c004390b5
:105fc800251000001400bf8f1000b08f0800e003f8
:105fd8001800bd272580400001000224f8ff621444
:105fe800010005245053400f0c0004260700401000
:105ff800010005243c00028e000242300900405096
:106008000400028eefff0010c0050224ac53400fbd
:1060180025200002ebff405025100000f6ff00107d
:106028003c00028e0800038e23104300e5ff001099
:10603800ffff4230ec57400b00000000d8ffbd279f
:106048002400bfaf2000b3af1c00b2af1800b1af3f
:106058000a00a0141400b0af258000002400bf8ff0
:10606800251000022000b38f1c00b28f1800b18fda
:106078001400b08f0800e0032800bd27f6ffc01009
:106088002590c0004b52400f2598a000f2ff401009
:10609800258840006d53400f25204000efff401039
:1060a800258000000800248e0400308e238004021e
:1060b800ffff10322b1012020300405025804002cf
:1060c800e6ff00522580000025300002d665410f0a
:1060d800252860020800228e21105000dfff0010e2
:1060e800080022aee8ffbd271c00a5a30100062476
:1060f8001400bfaf1158400f1c00a5271400bf8f14
:106108000800e0031800bd271600a01025100000a5
:10611800e0ffbd271800b1af1400b0af1c00bfaf3f
:10612800258880004b52400f2580a00009004010b0
:106138001c00bf8fca65410f2520a000ffff463015
:10614800252800021158400f2520200221100202a4
:106158001c00bf8f1800b18f1400b08f0800e00337
:106168002000bd270800e00300000000c0ffbd2795
:106178003c00bfaf3800b6af3400b5af3000b4afa5
:106188002c00b3af2800b2af2400b1af4b52400f80
:106198002000b0af0d0040142520400025900000dd
:1061a8003c00bf8f251040023800b68f3400b58ff1
:1061b8003000b48f2c00b38f2800b28f2400b18f29
:1061c8002000b08f0800e0034000bd276d53400f4a
:1061d80025804000f2ff4010259000003c00078e0b
:1061e8000002e2308c0040540c00028e0800028e3f
:1061f8000000038e23104300ffff4230e7ff4010ea
:10620800010002245c001592e5ffa216259000000b
:106218001400028ee2ff40108000e23003004010bc
:106228002400048e0d0080543c00028e8001e77c1f
:1062380018000626c1a8400f14000526d7ff4010f5
:10624800240002ae3c000292c0ff03243f0042300b
:10625800251043003c0002a23c00028e02000324e9
:1062680003004230050043541800028e8a3c400f58
:106278002400048e140002ae1800028e0c00118e49
:10628800380022ae1400028e3c0022ae2400028e9a
:10629800400022ae3c00028e0002423060004050b6
:1062a8000000028e54003296480036260800022468
:1062b8001000238e1c00338e080054260c006494b2
:1062c800ffff9432211044002a000496b542410f82
:1062d8000c0062a428000496b542410f000062a693
:1062e800020062a6b542410f252080022400038ed9
:1062f800040062a6060060a668006390020063308e
:106308001e006014253000003800238e0c00052480
:106318001000a3af3c00238e1000a4271a00a2a7e8
:106328001400a3af00110324bd42410f1800a3a716
:1063380027100200ffff46303c00028e0002423068
:106348003e0040102528800208000524bd42410f68
:10635800252060020800c48e27100200ffff463087
:1063680025284002bd42410f00000000271002000e
:10637800ffff423027100200060062a63c0033925d
:10638800e0000324f00073322e0063165e000292d0
:106398000ba842001d00b5a33c00028e1c00a727d5
:1063a80025308002002e437c110005248007427ca2
:1063b800252020021c00a3a3c8a9400f1e00a2a3e9
:1063c800e0000324000020ae03006316251000003f
:1063d8003c00028e8004427c340022a6c5a9400fee
:1063e800252020026fff40143c00bf8f1000228e32
:1063f8000c0040a43c00028e0002423013004050c2
:106408000000028e540020a62000228ec418027cb0
:1064180062ff0010200022ae78ff00105400429462
:106428000800128e25b0000023904202ffff52326e
:10643800080042269eff0010ffff4230c9ff0010ef
:1064480025206002d4ff00101d00a2a3eeff00105b
:10645800080002aee8ffbd271400bfaf4b52400f43
:106468001000b0af060040142520400025100000a1
:106478001400bf8f1000b08f0800e0031800bd277c
:106488006d53400f25804000f9ff40502510000053
:106498000800028e0000038e23104300f4ff001052
:1064a800ffff4230e8ffbd271400bfaf4b52400f3b
:1064b8001000b0af060040142580400025100000f1
:1064c8001400bf8f1000b08f0800e0031800bd272c
:1064d8003000428c04004010000000003600029694
:1064e800f8ff40141400bf8f9055400f252000027c
:1064f8003000028ef2ff405436000296f0ff001082
:1065080025100000d0ffbd271c00b2af2c00bfaf84
:106518002800b5af2400b4af2000b3af1800b1af66
:106528001400b0af4800c0102590c0004b52400f77
:106538000000000051004010258040003000428ccf
:106548000700401425a0a0003c00028e0004427cf5
:1065580004004010259840029055400f2520000265
:106568002598400225900000360011962e002052f2
:10657800360002963000158e2b00a0523600029687
:10658800340002962b186202010060542510600244
:10659800ffff42302b1822020300601400000000a5
:1065a8001400401025884000050080122520800234
:1065b8003800058ed665410f2530200221a09102b2
:1065c800360002962398710221903202231051005e
:1065d800360002a634000296ffff7332ffff5232e4
:1065e80023105100340002a63800028e2188510081
:1065f800380011ae34000296080040140000000074
:106608000000a28e1a004010300002ae0c00439425
:106618000800428c340003a6380002aed3ff60564f
:106628003600119636000296080040142c00bf8fe1
:106638003c00028e0004427c0500401025104002f8
:106648009055400f252000022c00bf8f25104002d6
:106658002800b58f2400b48f2000b38f1c00b28fa0
:106668001800b18f1400b08f0800e0033000bd2778
:10667800340000a6e9ff0010380000aef2ff001059
:1066880025900000e8ffbd271400bfaf4b52400f14
:1066980025388000120040101400bf8f2c00448c55
:1066a8000f0080102530a0001c00838c1000848c03
:1066b80008006324300044ac0c0084941800bd2703
:1066c800f8ff8424340044a4fcff649425280000c7
:1066d800380043ac360044a44359400b2520e00061
:1066e8000800e0031800bd274359400b01000624a9
:1066f800e8ffbd271000b0af1400bfaf4b52400fea
:106708002580000006004010252040003000428c03
:1067180001004054360090949055400f000000004e
:106728001400bf8f251000021000b08f0800e0038e
:106738001800bd27e8ffbd271400bfaf4b52400f1c
:106748000000000017004010251800000500a050a8
:106758003c00438c4200a394400063300a280300a5
:106768003c00438c240045ac448c037c0800a010fa
:106778003c0043ac070062043c00438c5d0044903d
:106788000200843002008014c418037c3c0043ac2f
:106798003c00438c01000424448c837c3c0043acc3
:1067a800010003241400bf8f251060000800e003d7
:1067b8001800bd27e8ffbd271400bfaf4b52400f9c
:1067c80000000000010040542400428c1400bf8fd8
:1067d8000800e0031800bd27e8ffbd271400bfaf7d
:1067e8004b52400f000000000f0040102518000019
:1067f8000d00c010ff00a4305c0047900a00e414ac
:10680800010004240900a4141400bf8f0000c38ce5
:10681800180043ac3c0043901f00633060006334b1
:106828003c0043a0010003241400bf8f2510600022
:106838000800e0031800bd27d0ffbd272c00bfaf1c
:106848002800b6af2400b5af2000b4af1c00b3af2a
:106858001800b2af1400b1af4b52400f1000b0afe8
:106868000c00401425a8a000251000002c00bf8fa4
:106878002800b68f2400b58f2000b48f1c00b38f7a
:106888001800b28f1400b18f1000b08f0800e00319
:106898003000bd272588c000258040000500a014d1
:1068a8005c005690f0ffc016259000001400001000
:1068b80025980000ffffa2240200422cebff405065
:1068c800251000000300c0122590e000e7ffc51660
:1068d80025100000f5ff4012010002240800a2164e
:1068e800259800000000428ef0ff40102528000087
:1068f8008d3a400f25204002dbff401025984000cc
:10690800ffff05242038410fc48084271f0020166c
:106918002a000296258840000500401425a00000a2
:106928007a52400f00000000258840000100542cd6
:106938003038410fc4808427ccff80162510000012
:106948003c00028e5c0015a225304002448c027c7b
:106958003c0002ae25286002d154400f25200002d9
:10696800040040522a0011a6030040505c0016a201
:106978002a0011a6010002243c00038e0100042411
:10698800448c837cb9ff00103c0003aee8ff511033
:1069980025a000005652400f252020020100423851
:1069a800e3ff0010ff005430e0ffbd271400b0af34
:1069b8001c00bfaf4b52400f1800b1af25804000fc
:1069c80031000012251000000080a2302588c00088
:1069d80003004014010003248003a37c4018030033
:1069e800847b057c1100a42c270080102510000052
:1069f800019d023c146a4224802805002128450094
:106a08000000a28c0800400000000000586a019da8
:106a1800ac6a019de86a019d246b019d5c6b019d38
:106a2800906b019da06b019da86b019db06b019db2
:106a3800c06b019dc86b019d746c019d806c019dac
:106a4800886c019d986c019da86c019db86c019d96
:106a58003c00028e0100312e8410227e3c0002aee2
:106a68000100022405006214020002245d00029263
:106a780001004234030000105d0002a207006250ca
:106a88005d000292010002241c00bf8f1800b18f24
:106a98001400b08f0800e0032000bd27f5ff0010a8
:106aa800fe0042303c00028e0100312ec418227ec6
:106ab8003c0002ae010002240400625402000224d9
:106ac8005d000292ebff001002004234eeff6254b8
:106ad800010002245d000292e6ff0010fd00423032
:106ae8003c00028e0100312e0421227e3c0002aec1
:106af8000100022404006254020002245d00029294
:106b0800dcff001004004234dfff6254010002245d
:106b18005d000292d7ff0010fb0042303c00028e5d
:106b28000408227e03004330070060103c0002aed8
:106b3800ffff0324140003ae010003240442627c17
:106b4800d0ff00103c0002ae140000aefcff0010a5
:106b58000442027c3c00038e00026430caff8014a9
:106b6800251000002b8811008002637cc6ff71503d
:106b7800010002247b53400f252000023c00028eb6
:106b8800efff00108452227e7b53400f2520000225
:106b9800bcff0010100011a6baff0010540011a687
:106ba800b8ff0010580011a63c00028e2b88110077
:106bb800e3ff00100484227eb2ff00105e0011a2e1
:106bc800b1ff2012251000000000238e0100643060
:106bd800070080100400228e3c00048e010045301e
:106be800c418a47c0421a47c8410a47c3c0004aeba
:106bf80002006430040080104070447c3c00058e24
:106c080004a5857c3c0005ae0400643004008010b7
:106c18008068447c3c00058e44ad857c3c0005ae14
:106c28000800643004008010c060447c3c00058e7d
:106c380084b5857c3c0005ae1000643004008010eb
:106c48000059447c3c00058e8494857c3c0005ae4c
:106c5800200063308bff60104051427c3c00038e63
:106c6800c49c437c87ff00103c0003ae3c00028eae
:106c7800b3ff001004ee227e82ff00105f0011a215
:106c88003c00028e2b881100adff001084f7227e95
:106c98003c00028e2b881100a9ff001004a5227e5b
:106ca8003c00028e2b881100a5ff001044ad227e07
:106cb8003c00028e0100312ea1ff0010c4ff227e8d
:106cc800e8ffbd271400bfaf4b52400f0000000083
:106cd8002518400034006010251000003200c01054
:106ce8001100a42c310080101400bf8f8010050003
:106cf800019d053c106da5242128a2000000a28c4e
:106d08000800400000000000546d019d686d019d61
:106d1800786d019d886d019d986d019da46d019d03
:106d2800bc6d019dc46d019dcc6d019dd86d019d0b
:106d3800e06d019d346e019d406e019d486e019d80
:106d4800546e019d606e019d6c6e019d3c00628ccd
:106d5800040042388000427c120000100000c2a0eb
:106d68003c00628c08004238fbff0010c000427ce7
:106d78003c00628c10004238f7ff00100001427c92
:106d88003c00628c03004230060000100000c2acd8
:106d98003c00628cf0ff00108002427c100062947c
:106da8000000c2a4010002241400bf8f0800e00301
:106db8001800bd27faff001054006294f8ff001075
:106dc800580062943e006294e3ff001001004230d4
:106dd800e1ff00105e0062903c00638c1c00623092
:106de8001c0042380005647c020080100100422c1f
:106df800020042344005647c01008054040042349f
:106e08008005647c01008054080042348004647c5e
:106e18000100805410004234c004637cdaff6054df
:106e280020004234dfff00100000c2ac3c00628c3e
:106e3800c9ff0010002e427cc7ff00105f0062905f
:106e48003c00628cc4ff00108007427c3c00628cce
:106e5800c1ff00100005427c3c00628cbeff0010a0
:106e68004005427c3c00628c27100200baff0010eb
:106e7800c21702001900c01025380000e8ffbd271e
:106e88001400bfaf4b52400f0000000005004054f3
:106e98005c0044901400bf8f2510e0000800e00358
:106ea8001800bd27ff00a530faff85140100032450
:106eb800f9ff83141400bf8f3c00438c0300653036
:106ec800f5ffa0140442837c0000c58c3c0043ac51
:106ed800140045acefff0010010007240800e00390
:106ee8002510e000e8ffbd271400bfaf4b52400f4c
:106ef800256880002540400008000011251000008a
:106f08002548a0002560c0000700a0145c000b9174
:106f18002510a0000c006011255000001400bf8f40
:106f28000800e0031800bd27ffffa3240200632c1c
:106f3800fbff60101400bf8f030060112550e000b4
:106f4800f7ff6515000000003c00028d5c0009a1f8
:106f5800448c027c180040113c0002ad25304001f1
:106f6800252820019f5b400f2520a0010600401422
:106f7800010004243c00038d5c000ba1448c837c3d
:106f8800e6ff00103c0003ad010002240400225576
:106f98005d0002910000428d1c0002ad5d0002916f
:106fa80004004230050040545d0002913c00028d0f
:106fb8000421027c3c0002ad5d00029101004230d8
:106fc8000400401428000ca53c00028d8410027cab
:106fd8003c0002ad3c00028d01000324448c627c1d
:106fe8003c0002adcdff001001000224e8ffbd27e0
:106ff8001400bfaf4b52400f0000000007004010c4
:10700800251800003c00438c01000424280045a4f6
:10701800448c837c3c0043ac010003241400bf8fe4
:10702800251060000800e0031800bd27e0ffbd2719
:107038001c00bfaf1800b2af1400b1af4b52400fe5
:107048001000b0af08004014258040002510000053
:107058001c00bf8f1800b28f1400b18f1000b08fc2
:107068000800e0032000bd273c00428c00024230ab
:10707800f6ff4010010002245c000392f3ff621443
:107088002590a0000c000426010005245053400f51
:107098002588c000050040540c00028e5c00059253
:1070a800ac53400f252000020c00028ee8ff405030
:1070b80025100000560051a4540051a4500052acb1
:1070c800e3ff001001000224d8ffbd272000b3af62
:1070d80025988000252000001c00b2af1800b1af31
:1070e8001400b0af2588a0002400bfaf2580c000e1
:1070f800ce37410f2590e0000b00001225284000f4
:107108004b52400f252060020700405025800000a8
:107118004c00438c04006054258000004c0050aca7
:10712800500052ac5a0051a4e037410f252000000e
:107138002400bf8f251000022000b38f1c00b28fdf
:107148001800b18f1400b08f0800e0032800bd2795
:10715800e0ffbd271400b0af258080002520000087
:107168001c00bfaf1800b1afce37410f2588a00073
:10717800252000024b52400f2528400007004010f0
:10718800258000004c00438c0400711400000000ae
:107198004c0040ac5a0040a401001024e037410fd5
:1071a800252000001c00bf8f251000021800b18f99
:1071b8001400b08f0800e0032000bd270800e0039a
:1071c800d880828f0800e003251000000800e00343
:0471d800251000007e
:020000040000fa
:020000041d01dc
:1071dc000400a28c03004228030040500000a28c43
:1071ec000800e003ffff0224010003240100469085
:1071fc00fbffc31400000000020043900800a3ac86
:10720c000200052405006514030002245800839035
:10721c0004006330f2ff6014000000000800e0037b
:10722c00000000000400a38c060063280800601412
:10723c00ffff02240000a38c010063900300643064
:10724c00030080140400642c0100805002006224ae
:10725c000800e003000000000400a38c0600632873
:10726c000f006014ffff02240000a38c0400042410
:10727c00010066900a00c414000000000200629035
:10728c001300a2a0030062901200a2a0040062905e
:10729c001100a2a0050062901000a2a0060002241a
:1072ac000800e003000000000400a38c0600632823
:1072bc000f006014ffff02240000a38c04000424c0
:1072cc00010066900a00c4140000000002006290e5
:1072dc001700a2a0030062901600a2a00400629006
:1072ec001500a2a0050062901400a2a006000224c2
:1072fc000800e003000000000400a38c06006328d3
:10730c000f006014ffff02240000a38c040004246f
:10731c00010066900a00c414000000000200629094
:10732c001b00a2a0030062901a00a2a004006290ad
:10733c001900a2a0050062901800a2a00600022469
:10734c000800e003000000000800e0032510000026
:10735c000400a38c030063280c006014ffff0224bc
:10736c000000a28c3500032409000424000043a073
:10737c0001000324010043a00c00a38c0100645005
:10738c0003000324020043a0030002240800e003ce
:10739c00000000000400a38c050063280f0060149b
:1073ac00ffff02240000a28c37000324000043a03e
:1073bc0003000324010043a0059d033c3464649046
:1073cc0034646324020044a00100649002006390c2
:1073dc00030044a0040043a0050002240800e003bd
:1073ec00000000000400a38c04006018ffff0224be
:1073fc000000a38c000062a0010002240800e0033e
:10740c0000000000000102240400c2140100062444
:10741c00010005240f3f400b0c0004240800e0037e
:10742c000000000080808487e0ffbd271400b0af0f
:10743c00ffff10241c00bfaf040090101800b1af68
:10744c00ad56400f00000000808090a78c80908f7c
:10745c0017000016258800007480858f01a0043c5d
:10746c006946410fe03284247880848f05008010b7
:10747c001c00bf8fe93e400f00000000788080aff9
:10748c001c00bf8f1800b18f1400b08f888080afa4
:10749c000800e0032000bd274800048e0300801084
:1074ac006000102678aa400f000000000100312671
:1074bc008880828f2b102202f7ff40147480848ff7
:1074cc000c00828c09f840008c80858fe2ff001044
:1074dc008c8080af059d023cd0ffbd27c863438cd8
:1074ec00c86342242000b1af1c00b0af25888000d7
:1074fc00040042941400908c2800848c2800b3afb4
:10750c002c00bfaf2400b2af2598a0001000a3af91
:10751c00ad3e400f1400a2a709004014060006243b
:10752c00251000002c00bf8f2800b38f2400b28fd1
:10753c002000b18f1c00b08f0800e0033000bd2785
:10754c0025280002252040002f65410f2590400082
:10755c0006004010060006241000a5272f65410fd9
:10756c0025204002efff4014251000001800308e3b
:10757c001100022409000392e9ff62142180130216
:10758c00b542410f0200049600000496b542410f2b
:10759c00258840007e808397e1ff71147c8083975f
:1075ac0026106200dfff00100100422cd8ffbd271f
:1075bc002400bfaf2000b3af1c00b2af1800b1afb6
:1075cc002590a000258880001400b0af8c80938f8c
:1075dc00b03d400f6000102402185070252020028e
:1075ec00473e400f21807300560002a658000292bd
:1075fc0001000324540012a60400627c580002a26d
:10760c00420022960400627c420022a64800028eb0
:10761c001100401401000524019d043c50aa400fa8
:10762c00e07484240c004014480002ae8162410fc7
:10763c00000000000200422c080040140300022449
:10764c007b62410f00000000069d053c6c89a5245f
:10765c00ef29410f252040000300022408004212ac
:10766c00010003244e0002964c0002a65800029220
:10767c004429627c3245400f580002a2200002ae21
:10768c002400bf8f2000b38f1c00b28f1800b18f65
:10769c001400b08f0800e0032800bd270400a38c61
:1076ac0009006328130060143d0003240000a28c21
:1076bc00e8ffbd271400bfaf000043a00700032460
:1076cc00010043a00100032402008010020043a02b
:1076dc003c0084242528800006000624d665410f32
:1076ec00030044241400bf8f090002240800e003a7
:1076fc001800bd270800e003ffff0224e0ffbd27b0
:10770c001800b2af1400b1af1000b0af0c00b18cc8
:10771c008c80928f1c00bfafb03d400f2580a00025
:10772c006000032402204370fdff22260200422c3d
:10773c0007004014211892000100042413002416a1
:10774c001c00bf8f3400648c110080101800b28fa5
:10775c000400048e060084280b008014ffff022412
:10776c000000048e3200022404000624000082a0d3
:10777c0004000224010082a034006524d665410f68
:10778c0002008424060002241c00bf8f1800b28f54
:10779c001400b18f1000b08f0800e0032000bd274b
:1077ac00e0ffbd271800b2af1400b1af1000b0afae
:1077bc008c80928f1c00bfaf2580a000b03d400f85
:1077cc000c00b18c600003240220437004000224de
:1077dc000a0022122118920007000224070022122c
:1077ec000300042413002416251000005400659493
:1077fc00020004241000a4101c00bf8f0400048e8f
:10780c00060084280b008014ffff02240000048e65
:10781c003600022404000624000082a00400022486
:10782c00010082a024006524d665410f0200842447
:10783c00060002241c00bf8f1800b28f1400b18ff9
:10784c001000b08f0800e0032000bd270400a38cbb
:10785c000600632810006014ffff02240000a38cb4
:10786c0004000424010066900b00c4142520a00021
:10787c00e8ffbd2704000624020065241400bfaff6
:10788c00d665410f0c0084241400bf8f060002241f
:10789c000800e0031800bd270800e003000000000a
:1078ac000400a38c060063281d006014ffff022453
:1078bc00e0ffbd271800b1af0000b18c1c00bfafba
:1078cc001400b0af010023920400632c100060146c
:1078dc001c00bf8f580082900400423009004014f5
:1078ec00258080000400062402002526d665410f61
:1078fc00380084245c000292010003244408627c5a
:10790c005c0002a201002292020042241c00bf8fe4
:10791c001800b18f1400b08f0800e0032000bd27c1
:10792c000800e003000000000400a28ce0ffbd276b
:10793c001800b1af060042281c00bfaf1400b0af56
:10794c0013004014ffff11240000a58c0400022436
:10795c000100a3900f0062141c00bf8f580082908e
:10796c00040042300b0040140600112425808000d6
:10797c00040006240200a524d665410f3c00842493
:10798c005c000292010003248410627c5c0002a261
:10799c001c00bf8f251020021400b08f1800b18f6f
:1079ac000800e0032000bd27d8ffbd272000b4af9e
:1079bc002400bfaf1c00b3af1800b2af1400b1afbe
:1079cc001000b0af0d00a01025a080001000a28cfc
:1079dc0005004010780011241400512c14000324cd
:1079ec000a185100258860001400b28c0400401263
:1079fc0000000000050000101800b08c7800112465
:107a0c000400a010429011001800b08c0800001661
:107a1c00000000009224023c244942242b10220234
:107a2c001b004014c2101100c0800200238002020f
:107a3c002467410f140013241b005300f40160024f
:107a4c00f6ff5226f6ff102610100000219052006f
:107a5c002467410f100092ae1b005300f40160022a
:107a6c002400bf8f180091ae1c00b38f1800b28f8a
:107a7c001400b18f1010000021805000140090ae43
:107a8c002000b48f1000b08f0800e0032800bd2741
:107a9c00c080110023801102e5ff0010c28010008d
:107aac00b8ffbd273800b5af01a0153c2c00b2af14
:107abc0025908000e032a4263c00b6af3400b4af71
:107acc003000b3af2800b1af2400b0af2588a000c0
:107adc004400bfaf4000b7af2598c00025a0e00020
:107aec001000a0af1400a0af1800a0af2d75400f70
:107afc001c00a0af2a040224061022022710020048
:107b0c000b00362e0100423001000324e032b08e0f
:107b1c000b18560025b060000e0000561000028ea7
:107b2c003b75400fe032a4264400bf8f4000b78f56
:107b3c003c00b68f3800b58f3400b48f3000b38f53
:107b4c002c00b28f2800b18f2400b08f0800e00306
:107b5c004800bd27040040500400028eeeff525432
:107b6c000000108e0400028e060040102528200212
:107b7c000c00068e09f8400025204002e6ff00109c
:107b8c000000108e0800028e350040101000a28fed
:107b9c002b00401425204002b03d400f8c80978f65
:107bac0060000324022043703445400f21b8970035
:107bbc001000a2afffff2226ff0042300e00432c24
:107bcc0010006014059d063c069d053c9b0807248f
:107bdc000c64c6249889a5247f39400f2520000009
:107bec003400e28e0400c0121400a2af3000e28e0a
:107bfc00130040541800a2afffff02241000001025
:107c0c001800a2af059d033cfc63632421104300c4
:107c1c0000004390ffff62240200422c040040103d
:107c2c00010002244000e28e1c00a2af01000224dd
:107c3c00ecff62543400e28e1400b3af1800b4af02
:107c4c000800028e0c00078e1000a62725282002a3
:107c5c0009f8400025204002afff00100000108ef4
:107c6c00059d063c069d053ca20b07242064c624fa
:107c7c009889a5247f39400f25200000a6ff00100d
:107c8c000000108ec8ffbd273000b4af8c80948fdd
:107c9c003400bfaf2c00b3af2800b2af2400b1af9b
:107cac000a0080162000b0af251000003400bf8ff2
:107cbc003000b48f2c00b38f2800b28f2400b18f0a
:107ccc002000b08f0800e0033800bd27f6ff8010bd
:107cdc0060001124259080002580a000b03d400f4d
:107cec002598c000021851702188740001000324eb
:107cfc000e00031202000224170002120000000002
:107d0c005800239201006330e8ff60140100022444
:107d1c0001000524ac3c400f25204002e2ff40103e
:107d2c000100102407000010340033ae5800308ed0
:107d3c000300022403001032dcff02562510000061
:107d4c00340033ae252800026e5d400f2520400222
:107d5c00d6ff001001000224d4ff60122510000091
:107d6c0058002292010042301000401005000424fb
:107d7c0056002296f7ff4530ccffa450251000008a
:107d8c000b000424c8ff4410253800001800a62757
:107d9c001000a3af2528c00025204002c83d400f8d
:107dac001800a0afe7ff0010340033ae010005242b
:107dbc00ac3c400f25204002bcff40502510000079
:107dcc00e0ff0010340033ae58febd279c01b2af6b
:107ddc0080809287a001b3af9401b0af2598a0002a
:107dec00258080002c0006244801a5272520400270
:107dfc00a401bfaf9801b1af4359400f4801a0a3f4
:107e0c004801a393020002240c006210c000062457
:107e1c0025880000be59400f25204002a401bf8fc9
:107e2c0025102002a001b38f9c01b28f9801b18f55
:107e3c009401b08f0800e003a801bd27252800009d
:107e4c004359400f25204002c0000324f0ff431487
:107e5c00380106241000a5274359400f2520400265
:107e6c002588400004004228e9ff4014059d053c8c
:107e7c00040006249c64a5242f65410f1000a42740
:107e8c00e4ff40542588000056000296f7ff42306c
:107e9c00fdff4224fdff4230590040144c01a38fda
:107eac004000028e57006214252800000100605625
:107ebc003c00732606000624252860022f65410f1e
:107ecc006401a4274f00401425280000580002929a
:107edc0004004230060040145801a28f0100032414
:107eec00340002ae5c0002920400627c5c0002a2d0
:107efc00fcff31261400a2277801b1af059d113c7f
:107f0c007c01a0af8001a0af8401a0af8801a0af1d
:107f1c008c01a0af7401a2af059d133c9c6431266b
:107f2c007801a48fbaff80187401a28f5464632661
:107f3c00000045900000668c2400a65408006324c1
:107f4c000400628c7401a52709f84000252000026a
:107f5c00070040187401a38f211862007401a3afad
:107f6c007801a38f23106200edff00107801a2afff
:107f7c00a7ff40147c01b18f0200032407002312d9
:107f8c008001a28f05000424190024562400038ebe
:107f9c0054000496160083542400038e240002ae71
:107fac0058000292010003248410627c580002a243
:107fbc000500022497ff22167401a5276d5e400f61
:107fcc002520000293ff001000000000daff71541e
:107fdc000000668c010043900200632421104300d2
:107fec00232083007401a2afcdff00107801a4af51
:107ffc0087ff621405000224eeff00100000000051
:10800c0025280000a359400f2520400283ff0010b3
:10801c0025880000e0ffbd271800b2af2590800036
:10802c001c00bfaf1400b1afcf57410f1000b0af61
:10803c004c0051962580400040801000ffff3126f7
:10804c002467410f028822721b005000f4010002c9
:10805c001080000021801102ad57410f000050ae7e
:10806c001c00bf8f040042ae1400b18f1800b28ff9
:10807c001000b08f0800e0032000bd27d0ffbd2703
:10808c002400b1af2000b0af2588a000258080006f
:10809c002520a0002c00bfafb53d400f2800b2af8b
:1080ac003400122625202002f13d400f1c00a2af07
:1080bc001000a0af253800003c0006262528400201
:1080cc0025202002c83d400f1800a2af5c00029290
:1080dc00020042300500401004000624380005263a
:1080ec00033e400f25202002040006240100052435
:1080fc00873d400f25202002252020020250072416
:10810c0025304002fa91400f252840023c00028e97
:10811c003400038e1800a48f241862001c00a28f58
:10812c002410440005006210040007241800a62740
:10813c001c00a5270a93400f252020022c00028e3c
:10814c002520200225380000300002ae0900022450
:10815c00560002a6580002922530000008000524a3
:10816c004d00423032004234ab5e400f580002a248
:10817c002c00bf8f2800b28f2400b18f2000b08f4d
:10818c000800e0033000bd2700febd27f001b2afb0
:10819c0080809287fc01bfaff801b4af252040026c
:1081ac00f401b3afec01b1af2b59400fe801b0af04
:1081bc004f0040104801a527252040026c01a0afbc
:1081cc007c01a0af7757400f9001a0af9001b38f07
:1081dc008c80908f60001124b03d400f25206002f0
:1081ec00021851706c01a28f2c0006249c01a5274b
:1081fc009c01a0a32188700080809087280022ae6b
:10820c004359400f252000029c01b4930200022424
:10821c0028008216c0000624252800004359400f70
:10822c0025200002c0000324220043142520000254
:10823c00380106244359400f1000a5272580400023
:10824c00040042281b004014059d053c0400062434
:10825c009c64a5242f65410f1000a4271500401421
:10826c00fcff10261400a227cc01b0af0300102a8b
:10827c00d001a0afd401a0afd801a0afdc01a0af5a
:10828c00e001a0af0b000016c801a2af1500a3932c
:10829c0001000224070062141600a5930d00b4100f
:1082ac00050002241a00a210060002240a00a250a3
:1082bc002800278e059d063c069d053c9889a52423
:1082cc0079080724d063c6247f39400f252000008d
:1082dc000b0005242800278e7c01a68fab5e400f77
:1082ec002520600225280000a359400f25204002bc
:1082fc00fc01bf8ff801b48ff401b38ff001b28f82
:10830c00ec01b18fe801b08f0800e0030002bd273b
:10831c00f0ff001004000524b0ffbd273c00b4aff3
:10832c003800b3af3000b1af2c00b0af8c80918f60
:10833c00600010244c00bfaf4800b7af4400b6af8c
:10834c004000b5af3400b2af25988000b03d400f6f
:10835c0025a0a00002185070218071004400028eec
:10836c00620040502588000009f84000252060027a
:10837c005d00401025884000ca65410f2520400053
:10838c000200432c590060542588000058000392c9
:10839c004000633002006010259000000100522460
:1083ac001000a3271000a0af1400a0af1800a0afbe
:1083bc001c00a0af2000a0af2400a0a3251000003b
:1083cc002598600020000724140006242120220296
:1083dc000000849006008710f7ff85240500a52c6b
:1083ec000400a05401004224000064a00100632496
:1083fc0001004224f6ff461421202202ca65410fd7
:10840c00252060023d0040102580400021b0620212
:10841c0025a86002780017240000a492d3ff8224c0
:10842c000200422c060040540100b5260967410f9a
:10843c0000000000010040500000b7a20100b5266a
:10844c00f5ffd5161000a293200042349fff422462
:10845c001a00422c02004014780002241000a2a33f
:10846c00ffff152621a875020967410f0000a49291
:10847c0002004014780002240000a2a22100401641
:10848c00000000000400828e030003262a186200fc
:10849c001f006010ffff02240000848e0c000224d9
:1084ac0025300002000082a0010090a02528600267
:1084bc00d665410f020084240900401201000326f6
:1084cc002b1043020a9062002530400225286002de
:1084dc0025202002d665410f21903202ffff40a2d9
:1084ec000b0000100200022625880000acff601271
:1084fc0025900000aaff00102c00712604004012e9
:10850c0025100000dfff0016000020a2251000003f
:10851c004c00bf8f4800b78f4400b68f4000b58f1a
:10852c003c00b48f3800b38f3400b28f3000b18f61
:10853c002c00b08f0800e0035000bd2788febd273b
:10854c006001b0af808090876401b1af2588800056
:10855c00252000027001b4af6c01b3af6801b2af5b
:10856c007401bfaf2590a0002598c000ec57400fb8
:10857c0025a0e0002c01422c0500401025284002cb
:10858c005d58400f252000027e00001025100000d1
:10859c00cf59400f25200002253000000100052492
:1085ac006c5a400f25200002010082320400401456
:1085bc00253040023000228e7a00405430002626ae
:1085cc00010005247356400f25200002020094324e
:1085dc0002008016251000000400428e5801a627c8
:1085ec000100052425200002f859400f5801a2afc4
:1085fc0025186002c418037c0100022406006210d6
:10860c00030002240d00621602000224540023967b
:10861c000b0062142a000624580022820500420432
:10862c00580022922467410f00000000400022ae47
:10863c00580022928410027c580022a22a000624a0
:10864c00252800008066410f1200a4270101022496
:10865c001000a2a7060002241200a2a34000228e42
:10866c001400a2aff9ff62264408027c03004014f8
:10867c00000000003400228e1c00a2af0200401249
:10868c00252800003c00452606000624d665410f2f
:10869c002c00a4272c0006241000a5271158400fed
:1086ac0025200002c0000624252800008066410f0a
:1086bc001000a427c00006241000a5271158400f55
:1086cc002520000238010624252800008066410f71
:1086dc001000a427059d023c9c64428c25200002be
:1086ec00059d113c1000a2af1400a227ec57400fbf
:1086fc004801a2affcff42244c01a2af5401b3af1e
:10870c0004000224059d133c5001a2af38643126ad
:10871c00546473260000228e4801a52709f84000f6
:10872c0025204002240040044c01a38f4801a48f53
:10873c0004003126231862004c01a3af5001a38f13
:10874c0021184300211082005001a3aff1ff331612
:10875c004801a2afec0063242c01632c02006010d2
:10876c00400002245001a2af5001a6971000a5278b
:10877c001158400f252000025d58400f25200002a3
:10878c00010002247401bf8f7001b48f6c01b38f90
:10879c006801b28f6401b18f6001b08f0800e003f3
:1087ac007801bd27010005249f5b400f25200002a6
:1087bc0087ff0010020094322530000025280000ad
:1087cc00b857400f25200002eeff001025100000c6
:1087dc00d8ffbd272000b4af1c00b3af1800b2af58
:1087ec001400b1af1000b0af8c80948f60001024d7
:1087fc002400bfaf258880002590a000b03d400f1d
:10880c002598c00002185070218074005800029204
:10881c00010042301f0040102400bf8f0a0060523c
:10882c0058000292560002960900422c0500401492
:10883c002538000007000624252820025261400f2d
:10884c0025200002580002924800048e200000ae41
:10885c00d500423020004234580002a24e0002964d
:10886c00030080104c0002a682aa400f25280000ad
:10887c0007004052560000a658000292ee0042300b
:10888c00580002a2420022960400027c420022a65a
:10889c002400bf8f2000b48f1c00b38f1800b28f40
:1088ac001400b18f1000b08f0800e0032800bd2722
:1088bc000200023ce8ffbd27010042241000b0afcb
:1088cc001400bfaf258080000800a010540082acbb
:1088dc004c00829440100200ffff42304100432cb8
:1088ec0001006050400002244c0082a45800029207
:1088fc00200043300a006010010003244429627cec
:10890c00580002a22000028e05004054580002922a
:10891c003245400f00000000200002ae58000292c9
:10892c001400bf8f01000324c439627c580002a2da
:10893c001000b08f0800e0031800bd27d0ffbd2742
:10894c001c00b0af25808000808084872800b3afe6
:10895c002000b1af2c00bfaf2400b2af2b59400f99
:10896c002598a0000a0040100a0011242528600256
:10897c00755f400f25200002258840000500022469
:10898c000b002212060002243700221225280000b8
:10899c002c00bf8f251020022800b38f2400b28f2b
:1089ac002000b18f1c00b08f0800e0033000bd2701
:1089bc005600029619005154f5ff42245c00128ea9
:1089cc000500523228004216252800002800028e8d
:1089dc00520003962c0002ae0d0060100800022419
:1089ec003400028e013007241000a6271400a5279e
:1089fc00252060021000a0affa91400f1400a2af26
:108a0c003445400f00000000040002ae06000224b2
:108a1c00560002a6deff001025884002fdff423002
:108a2c00dbff4014253800000c00028e25300000be
:108a3c00080002ae2c00028e0800052425206002de
:108a4c00300002ae09000224560002a65800029221
:108a5c004d00423032004234ab5e400f580002a24f
:108a6c00ccff00102c00bf8f2f62400f252000027e
:108a7c00c8ff00102c00bf8fc8ffbd270f000524b6
:108a8c000c0004243400bfaf3000b6af2c00b5afdf
:108a9c002800b4af2400b3af2000b2af1c00b1afbc
:108aac00ef3e400f1800b0af030042300c004010f6
:108abc003400bf8f6560400f25900000163a400fc0
:108acc00059d143c25984000069d153c0d00721622
:108adc0000000000be59400f808084873400bf8f97
:108aec003000b68f2c00b58f2800b48f2400b38fc4
:108afc002000b28f1c00b18f1800b08f0800e0036b
:108b0c003800bd27193a400f252040024b00401079
:108b1c0025884000420042944000423047004010fb
:108b2c0025202002b03d400f8c80908f60000324e4
:108b3c0002204370218090005800039201006230a3
:108b4c00e2ff40500100522656000296feff4224de
:108b5c000700422c140040102000633013006050ba
:108b6c00560002962000028e1000405056000296cd
:108b7c003245400f000000002000038e23104300fc
:108b8c00500003962b1043000700401401000624ec
:108b9c0001000524873d400f252020025800029239
:108bac004429027c580002a2560002960e00432c67
:108bbc003201601080180200029d023cdc8b4224c2
:108bcc00211043000000428c08004000000000000f
:108bdc00488c019d148c019d608c019dc08c019d65
:108bec00388d019d948d019db48d019d4c8e019d00
:108bfc00788e019d8c8e019db48e019d3c8f019dc4
:108c0c00a08f019d2890019d473e400f25202002fa
:108c1c000a0040100200022454000396090062145a
:108c2c0003000424040002244800048e0300801076
:108c3c00560002a682aa400f01000524a3ff0010d3
:108c4c0001005226f8ff64500a000224f7ff0010be
:108c5c004800048e252800006d5e400f2520000280
:108c6c00580002925c0000a2300000aef9004230c5
:108c7c00580002a203000724010006242528200224
:108c8c005261400f25200002ecff401025380000f7
:108c9c002530000001000524ab5e400f252020028a
:108cac000860400f2520000203000224e3ff00109f
:108cbc00560002a6252820025262400f25200002f1
:108ccc000a0003240f00431400000000ad57410fad
:108cdc00000000000400038e231043000000038eec
:108cec002b104300d5ff4014010005242f62400fc8
:108cfc002520000225380000253000004c00001013
:108d0c0007000524cdff40100100042458000392f5
:108d1c00c418837c580003a202000324c7ff431429
:108d2c0004000224c5ff0010560002a6540002964f
:108d3c000100072403000324020042380b386200b0
:108d4c0003000624252820025261400f2520000232
:108d5c005eff4050010052263245400f00000000db
:108d6c00080002ae25380000253000000300052461
:108d7c00ab5e400f252020020860400f252000022a
:108d8c00caff001005000224252820025262400f61
:108d9c00252000020a0003244cff435401005226f4
:108dac00caff0010000000003400028e25300000c5
:108dbc001000a527252020022092400f1000a2af02
:108dcc000b00401425b040003445400f000000005b
:108ddc000400038e23104300520003962b10430013
:108dec0096ff4014252820022260400f2520000207
:108dfc001000a527d992400f252020028fffc0120a
:108e0c000300072404000624252820025261400f89
:108e1c0025200002070002243245400f560002a60e
:108e2c00040002ae253800002530000005000524a2
:108e3c00ab5e400f2520200224ff001001005226bb
:108e4c003245400f000000000400038e2310430045
:108e5c000a00422c79ff4014252800002f62400f95
:108e6c002520000219ff001001005226252820029f
:108e7c002260400f2520000214ff00100100522632
:108e8c003245400f000000000800038e2310430001
:108e9c001000038e2b10430068ff40140a000224bc
:108eac0066ff0010560002a62538000009000624b3
:108ebc00252820025261400f2520000203ff40505c
:108ecc00010052263245400f000000000c0002ae9b
:108edc00253800002530000009000524ab5e400f4a
:108eec0025202002580002920800038e3c00042426
:108efc008410027c580002a21400028e2110430040
:108f0c001000038e231043000c00038e231043002b
:108f1c00421002003c00432c0b1083003245400fe2
:108f2c001c0002ae040002ae60ff00100b00022415
:108f3c00252820025262400f25200002258840007f
:108f4c000a000224e1fe2256010052263245400f4f
:108f5c00000000000800038e231043001400038e51
:108f6c002b10430051ff40100c0002243245400fdf
:108f7c00000000000400038e231043001c00038e2d
:108f8c002b1043002dff4050560011a6cffe0010b1
:108f9c00010052260100072409000624252820027e
:108fac005261400f25200002c8fe4050010052269d
:108fbc003245400f000000000c0002ae25380000c6
:108fcc00253000000a000524ab5e400f252020024e
:108fdc00580002920800038e3c0004248410027c8a
:108fec00580002a21800028e211043001400038eb8
:108ffc00231043000c00038e231043004210020088
:10900c003c00432c0b1083003245400f1c0002ae79
:10901c00040002ae25ff00100d00022425282002ba
:10902c005262400f252000020a000324a7fe43547d
:10903c00010052263245400f000000000800038e4c
:10904c00231043001800038e2b10430027ff401001
:10905c00252800003245400f000000000400038e5c
:10906c00231043001c00038e2b104300f3fe40140e
:10907c000c000224f1fe0010560002a6b9050724cc
:10908c00e86386269889a5267f39400f25200000a5
:10909c008efe001001005226d0ffbd272c00bfaf62
:1090ac002800b3af2400b2af2000b1af1c00b0afaa
:1090bc001600839003000224100062148480828fb7
:1090cc001000848c42008294010042300300401056
:1090dc00010010246e5d400f010005242c00bf8f91
:1090ec00251000022800b38f2400b28f2000b18f0e
:1090fc001c00b08f0800e0033000bd2725888000dd
:10910c00570040142590a0000400a0540800848c43
:10911c0025800000f2ff00102c00bf8fffff0224ff
:10912c00808082a7000025960800828c60000624af
:10913c0009f84000748084aff5ff40108c8082af3a
:10914c00029d053c05000624848aa524b83e400fe8
:10915c000c00042401a0043ce0328424f145410fae
:10916c00788082af25984000060045960400429610
:10917c000201072425300000010004247e8082a710
:10918c005756400f7c8085a725804000ffff0224a6
:10919c00270002121000a62705000524325b400fa1
:1091ac00252000021000a2970002422c0c00401453
:1091bc00000202247e8086972538000001000524d9
:1091cc00105a400f252000020e00401425300000dc
:1091dc00ad56400f2520000215000010ffff102493
:1091ec000002062405000524252000026c5a400fbd
:1091fc001000a2a7f0ff40147e808697f4ff0010a9
:10920c0000000000020005246c5a400f25200002cb
:10921c00019d063c253800001074c624000105246d
:10922c00345c400f25200002e9ff401000000000d4
:10923c007880828f05004010808090a70300601218
:10924c00ffff022405000256000022960c5d400f21
:10925c0025800000a2ff00102c00bf8f888082aff9
:10926c0014002296600004248c80838f02284470a2
:10927c002110a3000200439602006014580040a085
:10928c000a0003241000248e500043a4020003247f
:10929c004e0043a4e8030324520043a442008294ea
:1092ac0001004230040040108480828f6e5d400fbc
:1092bc00010005248480828f0100102401004224c7
:1092cc0086ff0010848082af8480828fe8ffbd27e8
:1092dc001400bfaf100040101000b0af258080000c
:1092ec001000848c01000624f761400f0100052456
:1092fc001600039202000224070062148480828ffd
:10930c00ffff422404004014848082af0c5d400fa8
:10931c0000000000748080af1400bf8f1000b08f6d
:10932c000800e0031800bd27e0ffbd271000b0af18
:10933c001c00bfaf1800b2af1400b1af0400801016
:10934c002580800042008294400042300a80020056
:10935c008c80928f19004012258800001800001292
:10936c001c00bf8fb03d400f25200002600003247d
:10937c00022043702110920058004390010063308a
:10938c000e006010010011240100062401000524c8
:10939c00f761400f2520000203000624010005247c
:1093ac00873d400f252000022538000025300000a5
:1093bc000e000524ab5e400f252000021c00bf8f61
:1093cc00251020021800b28f1400b18f1000b08f3e
:1093dc000800e0032000bd270400801025300000a9
:1093ec0042008294400042300a200200245f400b6d
:1093fc0025280000040080102530000042008294d3
:10940c00400042300a200200245f400b010005247a
:10941c00040080102530a0004200829440004230ad
:10942c000a200200245f400b02000524e8ffbd2740
:10943c001400bfaf040080101000b0af4200829443
:10944c00400042300a2002008c80908f0a000012eb
:10945c0025100000090080101400bf8fb03d400f94
:10946c0000000000600003240220437021109000d3
:10947c0058004290010042301400bf8f1000b08f92
:10948c000800e0031800bd27040080108c80838f37
:10949c0042008294400042300a2002000500601015
:1094ac002510000003008010000000004200829094
:1094bc00010042300800e00300000000e8ffbd2777
:1094cc001400bfaf040080101000b0af42008294b3
:1094dc00400042300a2002008c80908f0a0000125b
:1094ec0025100000090080101400bf8fb03d400f04
:1094fc000000000060000324022043702110900043
:10950c00580042904000427c1400bf8f1000b08f76
:10951c000800e0031800bd27e8ffbd271400bfaf0b
:10952c00040080101000b0af420082944000423022
:10953c000a2002008c80908f0a0000122510000077
:10954c00090080101400bf8fb03d400f00000000d8
:10955c0060000324022043702110900058004290b8
:10956c00c000427c1400bf8f1000b08f0800e003d5
:10957c001800bd27e0ffbd271400b1af1000b0af3d
:10958c001c00bfaf1800b2af2588a00004008010eb
:10959c002580c00042008294400042300a20020024
:1095ac008c80928f1100401225100000100080104a
:1095bc001c00bf8f0f0020521800b28fb03d400f1f
:1095cc0000000000600003240220437025180002f4
:1095dc000200102e2110920002000012500051a423
:1095ec00020003244e0043a4010002241c00bf8f80
:1095fc001800b28f1400b18f1000b08f0800e00378
:10960c002000bd27d8ffbd272000b2af1c00b1af92
:10961c001800b0af8c80928f258080002400bfafe3
:10962c00b03d400f2588a000600003240220437049
:10963c002110920058004290010043302500601028
:10964c00001023321900601025300000252800007e
:10965c00f761400f2520000201000224253800008c
:10966c001000a2af2530000025280000c83d400f97
:10967c00252000020200062401000524873d400f2e
:10968c002520000225380000253000000c000524a0
:10969c00252000022400bf8f2000b28f1c00b18f48
:1096ac001800b08fab5e400b2800bd27000831328c
:1096bc00080020120001457c0100a5246e5d400fbe
:1096cc00252000022538000025300000f0ff001096
:1096dc000d0005242400bf8f2000b28f1c00b18f19
:1096ec001800b08f0800e0032800bd271300a0105d
:1096fc00251000007480828fd0ffbd270c00401015
:10970c002c00bfaf2000a4af01a0043c1400a5aff7
:10971c001c00a6af140007241000a6272528400023
:10972c00e03284241000a0aff345410f1800a0af25
:10973c002c00bf8f0800e0033000bd270800e003b9
:10974c00000000001300a010251000007480828f10
:10975c00d0ffbd270c0040102c00bfaf2000a4afe1
:10976c0001a0043c1800a5af1c00a6af14000724f0
:10977c001000a62725284000e03284241000a0af5a
:10978c00f345410f1400a0af2c00bf8f0800e0037d
:10979c003000bd270800e003000000000500801029
:1097ac007480868f0300c01001a0053c1246410b4b
:1097bc00e032a5240800e00325100000d8ffbd27e7
:1097cc001c00b2af1400b0af2400bfaf2000b3af89
:1097dc001800b1af259080000500a0102580a000d6
:1097ec0034000624252800008066410f2520000245
:1097fc00040040128c80938f42004296400042300d
:10980c000a9002000a00601600000000259000007b
:10981c002400bf8f251040022000b38f1c00b28f94
:10982c001800b18f1400b08f0800e0032800bd278a
:10983c00f7ff405225900000b03d400f252040021c
:10984c006000112402185170218873005800229274
:10985c0001004230eeff4050259000005600229649
:10986c000900432ceaff605425900000e8ff001229
:10987c00010012243245400f000002ae040002ae7b
:10988c001800228e0800238e0c0002ae1000228ecf
:10989c00080003ae21104300100002ae1400228e0b
:1098ac0021104300140002ae3400228e180002aec8
:1098bc003c00228e1c0002ae3000228e240000ae32
:1098cc00d3ff0010200002ae8c80878fe0ffbd27f5
:1098dc001c00bfaf1800b1af1400b0af0d00e0100a
:1098ec00251000002588c0000f0080142580a000e2
:1098fc008880848f60000324023043708c80858fb5
:10990c002118c5002b2844000b00a054580065906a
:10991c00010002241c00bf8f1800b18f1400b08fff
:10992c000800e0032000bd27b03d400f0000000000
:10993c00f0ff001001004424440070ac01004224ec
:10994c008431257e580065a0eeff00106000632472
:10995c000300801001a0033c0800e003ffff022479
:10996c0078306690010004241900c4107830622409
:10997c001800a68cf8ffc0101c0046ac783064a010
:10998c0002000324040043a40400a38c059d043ca2
:10999c00404284240c0043ac1000a38c180044ac4f
:1099ac002400a48c2000a694240040a0200044ace9
:1099bc0014006494060046a4080040a4060080101d
:1099cc00140043ac160063945c0044a45e0043a4f2
:1099dc000800e00300000000faff0010004104241e
:1099ec0001a0023c783042240700821402000224b9
:1099fc00040082a40400a28c0c0082ac1000a28c87
:109a0c00240080a0140082ac0800e00300000000d9
:109a1c0001a0023c783043240400831400000000b1
:109a2c00040080a4783040a0140080ac0800e0034f
:109a3c000000000001a0033c783063240200831472
:109a4c00ffff0224040082840800e00300000000f1
:109a5c0001a0023c783042240c008214000000006b
:109a6c002400829009004010059d033c3c00829428
:109a7c001443632480100200211043000000598c11
:109a8c0001a0043c080020039c3084240800e0035f
:109a9c00000000001400801001a0023c0800838c20
:109aac007830422410006214000000000c00828cfc
:109abc00e8ffbd271000b0af1c00428c2580800051
:109acc001000848c1400bfaf09f8400000000000a7
:109adc00000000a21400bf8f020000a61000b08f7f
:109aec000800e0031800bd270800e0030000000098
:109afc003e008010f2ff0224d8ffbd270800838ca3
:109b0c001800b1af01a0113c783031262400bfaf52
:109b1c002000b3af1c00b2af2d0071141400b0af15
:109b2c0002008784020003242900e314f3ff0224bb
:109b3c002700a010f4ff02242600c0502400bf8f81
:109b4c001400238e230060502400bf8f0000678c0c
:109b5c002000e0502400bf8f0400678c1d00e050f3
:109b6c002400bf8f0800638c190060102598c0007a
:109b7c001000a28c2590a0000500401025808000cc
:109b8c0025288000059d043c09f8400040428424af
:109b9c000000428e020022a60400428e100022ae6b
:109bac000800428e0a0022a60c00428e280013ae3a
:109bbc00010022a201000224020002a601000224dc
:109bcc00180002ae0100023c1c0002ae010002248f
:109bdc002400bf8f2000b38f1c00b28f1800b18ff0
:109bec001400b08f0800e0032800bd270800e00334
:109bfc00000000000800e00300000000d0ffbd27bb
:109c0c004800828c2400b0af2580a0002800b1afa2
:109c1c002c00bfaf258880001800a0a71000a0afb3
:109c2c001400a52709f84000252000022300400459
:109c3c001000a6272800228e2520000209f84000db
:109c4c00252800001400a3970800642c1b0080102a
:109c5c00f4ff0224029d023c801803007c9c4224e9
:109c6c00211043000000428c08004000000000005e
:109c7c009c9c019df49c019d3c9d019d709d019db2
:109c8c00a09d019de49d019d209e019d509e019de6
:109c9c005000228e1000a68f2528000009f84000e5
:109cac0025200002060040042c00bf8f0100032475
:109cbc00070043541400a3a7010002242c00bf8ffb
:109ccc002800b18f2400b08f0800e0033000bd27be
:109cdc004c00228e1400a58f09f8400025200002ac
:109cec00f6ff0010010002245400228e1800a52754
:109cfc0009f8400025200002f1ff40042c00bf8f22
:109d0c0001000324eeff4350010002241800a38736
:109d1c00040060044c00228e02000324edff0010ae
:109d2c001400a3a71400a0afebff0010252800001f
:109d3c005800228e1000a78f3800069625280000a8
:109d4c0009f8400025200002ddff40042c00bf8fe5
:109d5c0001000324d8ff431003000224dcff001091
:109d6c001400a2a75000228e1000a68f25280000f8
:109d7c0009f8400025200002d1ff40042c00bf8fc1
:109d8c0001000324ccff431004000224d0ff001078
:109d9c001400a2a75400228e1800a52709f8400031
:109dac0025200002c6ff40042c00bf8f01000324b5
:109dbc00c3ff4350010002241800a39738000496f7
:109dcc0024286400beffa414ffff02241600a3a7de
:109ddc00e2ff0010050002241600a6973800039637
:109dec005800228e1000a78f2630c30025280000b3
:109dfc0009f8400025200002b1ff40042c00bf8f61
:109e0c0001000324acff431006000224b0ff001035
:109e1c001400a2a75000228e1000a68f2528000047
:109e2c0009f8400025200002a5ff40042c00bf8f3c
:109e3c0001000324a0ff431007000224a4ff00101c
:109e4c001400a2a75400228e1800a52709f8400080
:109e5c00252000029aff40042c00bf8f0100032430
:109e6c0095ff43101800a297380003962410430066
:109e7c00feff03240a18020091ff00102510600059
:109e8c00200083940800878c080065300200a01421
:109e9c001000e28c0400027c220085940030a63075
:109eac000100c050c418027c006066300100c05034
:109ebc000421027c001866300100c0504429027c49
:109ecc00005066300001a8302530c8000100c05099
:109edc004408027c002863308000a53025186500fa
:109eec00010060508410027c2800838c1000e2acce
:109efc00000062ac02000224020082a4180080acb4
:109f0c000800e0031c0080ac06008010ffff022458
:109f1c000800858c01a0033c783063240100a35019
:109f2c00020082840800e00300000000060080109c
:109f3c00f2ff02240800858c01a0033c78306324d6
:109f4c000100a3501e0082840800e0030000000002
:109f5c000a008010f2ff02240800848c01a0033c4c
:109f6c007830632405008314000000000300c01047
:109f7c0025100000020083940000c3ac0800e0032d
:109f8c000000000010008010f2ff02240800858cf5
:109f9c0001a0033c783063240b00a31402000324bb
:109fac00020085840800a314f3ff0224010002249c
:109fbc00020082a405000224180082ac0100023cbd
:109fcc001c0082ac010002240800e0030000000029
:109fdc0002000224020082a4180080ac0800e003f6
:109fec001c0080ac12008010f2ff02240800848c4c
:109ffc0001a0033c783063240d00831400000000a2
:10a00c00c0bf023cf02f438c0006647cf02f438cc5
:10a01c0001008424251000004006637c0100632ca1
:10a02c000300a01000190300251864000000a3ac65
:10a03c000800e0030000000011008010f2ff022471
:10a04c000800858c01a0033c783063240c00a31419
:10a05c0002000324020085840900a314f3ff0224e8
:10a06c0001000224020082a403000224180082ac26
:10a07c000100023c1c0082ac280086ac01000224ca
:10a08c000800e0030000000013008010f2ff02241f
:10a09c000800858c01a0033c783063240e00a314c7
:10a0ac0002000324020085840b00a314f3ff022496
:10a0bc000900c010f4ff022401000224020082a453
:10a0cc0004000224180082ac0100023c1c0082ac8b
:10a0dc00280086ac010002240800e0030000000008
:10a0ec0013008010f2ff02240800858c01a0033cb1
:10a0fc00783063240e00a31402000524020083842c
:10a10c000b006514f3ff02240900c010f4ff0224b5
:10a11c0001000224020082a40100023c1c0082ac5b
:10a12c00280086ac200087a4180083ac0100022410
:10a13c000800e0030000000011008010f2ff022470
:10a14c000800868c01a0033c783063240c00c314f7
:10a15c0002000324020086840900c314f3ff0224c6
:10a16c0001000224020082a406000224180082ac22
:10a17c000100023c1c0082ac280085ac01000224ca
:10a18c000800e003000000000a008010f2ff022427
:10a19c000800868c01a0033c783063240500c314ae
:10a1ac00000000000300a010251000003c00838c70
:10a1bc000000a3ac0800e0030000000008008010c1
:10a1cc00f2ff02240800868c01a0033c7830632443
:10a1dc000300c314000000003c0085ac25100000f7
:10a1ec000800e00300000000e0ffbd271800b2af3c
:10a1fc000800928c01a0023c783042241c00bfafb6
:10a20c001400b1af020042121000b0af2590000054
:10a21c002800828c0a00401402000224020082a44e
:10a22c00180080ac1c0080ac1c00bf8f1800b28fd3
:10a23c001400b18f1000b08f0800e0032000bd2780
:10a24c00cf57410f25808000ad57410f2588400026
:10a25c002000438ee80304240000638c1c0000a63d
:10a26c0002182372e70363241b006400f4018000ce
:10a27c0012180000211062002c0002ae0200022411
:10a28c00e9ff00101a0002a62538a000069d053c27
:10a29c00e8ffbd2725308000ec87a5241400bfaf54
:10a2ac00ef29410f252000005480828ffeff4014bf
:10a2bc001400bf8f0800e0031800bd27d0ffbd2796
:10a2cc002400b1af2c00bfaf2800b2af2000b0af5c
:10a2dc0014008014ffff112401a0103c783002926e
:10a2ec001000401078301026240002920e0040140a
:10a2fc002c00bf8f1c00028e060004961400428caa
:10a30c0009f840002528000025884000ffff0224a2
:10a31c000b00221654030524059d043ca568400f30
:10a32c00c44184242c00bf8f251020022800b28f3a
:10a33c002400b18f2000b08f0800e0033000bd274f
:10a34c00c404023c00b442341000a2af1400028ecc
:10a35c0001a0123c9c3052260800428c059d043c06
:10a36c002528400209f84000404284241400a2af82
:10a37c001c00028e1800a0af1000a5271800428cfc
:10a38c0009f84000252020020b0041041c00038e1c
:10a39c001c00628c2520200209f84000ffff1224cb
:10a3ac00059d043c6b030524a568400fc44184241f
:10a3bc00dcff00102588400201000224240002a2c8
:10a3cc000c00028e300003ae340011ae280002ae39
:10a3dc00020002242c0010ae540000a2380000ae83
:10a3ec003c0000ae400000a6f1ff0010260002a6c3
:10a3fc000c0080142538c0002530a000069d053cbb
:10a40c00e8ffbd271400bfafef29410f0c88a5242e
:10a41c005880828ffeff40141400bf8f0800e003a9
:10a42c001800bd270800e003000000001400828c17
:10a43c000a004010030003240800e003251060000c
:10a44c00030003242c00bf8f251060002800b18f5f
:10a45c002400b08f0800e0033000bd27d0ffbd27db
:10a46c002400b0af2c00bfaf2800b1af31008290f8
:10a47c0010004314258080000c00828c1800a32748
:10a48c001000a3af36008694320085942c00428cc9
:10a49c001000848c09f8400025380000240040503e
:10a4ac001800a38f140002ae020011241800001033
:10a4bc0001000324ffff43240200632c16006010ec
:10a4cc00059d053c01000324030043102588000072
:10a4dc0025100000020011240c00038e1800a42784
:10a4ec001400a4af1000a2af3000628c34000796a9
:10a4fc00360006963200059609f840001000048ece
:10a50c000b0040501800a38fe6ff20162518000002
:10a51c00ccff0010300011a25c010624f841a524e8
:10a52c00ff68400f25200000c6ff0010ffff03242a
:10a53c0002000224c2ff6210059d043c6801052440
:10a54c00a568400ff8418424beff0010feff0324d1
:10a55c0015008010f2ff02240800888c01a0033c37
:10a56c00783063241000031500000000020083847f
:10a57c00010008240c006814f3ff022418008894ce
:10a58c0009000315000000001a00839403006810f2
:10a59c0004000824040068140000000030008290bd
:10a5ac0007004010f4ff02240800e0030000000044
:10a5bc00f4ff02241400bf8f0800e0031800bd272d
:10a5cc00e8ffbd27010002241400bfaf300082a0b9
:10a5dc002800a293320085a4340086a42b1002001c
:10a5ec0001004224310082a00e69400f360087a47e
:10a5fc00efff400403004238eeff00100100422c34
:10a60c00e0ffbd271000a0af1c00bfaf5769400f83
:10a61c00000000001c00bf8f0800e0032000bd27d5
:10a62c00e0ffbd27010002241000a2af1c00bfaf49
:10a63c005769400f000000001c00bf8f0800e003aa
:10a64c002000bd2715008010f2ff02240800878c23
:10a65c0001a0033c783063241000e31400000000d8
:10a66c0002008384010007240c006714f3ff02240a
:10a67c00180087940900e314000000001a0083946a
:10a68c000300671004000724040067140000000096
:10a69c003000829008004010f4ff02240800e00310
:10a6ac0000000000f4ff02241400bf8f1000b08fd4
:10a6bc000800e0031800bd27e8ffbd2701030224b2
:10a6cc001000b0af1400bfaf320085a4300082a4dc
:10a6dc00360086a40e69400f25808000f1ff4004ef
:10a6ec002518400003000424efff6414251000001b
:10a6fc00300000a2ecff001001000224e0ffbd2797
:10a70c001c00bfaf1800b0af3000839002000224d1
:10a71c00090062108d010524059d043ca568400fbd
:10a72c00d4418424251000001c00bf8f1800b08f6a
:10a73c000800e0032000bd27258080001000848cd9
:10a74c0006008014059d053c93010624ff68400f0c
:10a75c00d441a524f4ff0010ffff02240c00028e4c
:10a76c001400058e3800428c09f840001000a62712
:10a77c002518400001000424ebff641002000224a1
:10a78c0008006104059d043c9f010524a568400f49
:10a79c00d4418424feff0224140000aee2ff00101a
:10a7ac00300000a23100049203000324faff83144a
:10a7bc00251000001000a38ff7ff0010340003a633
:10a7cc00e8ffbd271400bfafc269400f00000000b6
:10a7dc0003004004f4ff0324020042380100432c20
:10a7ec001400bf8f251060000800e0031800bd277f
:10a7fc002d008010f2ff02240800868c01a0033c7f
:10a80c00783063242800c314000000000200838405
:10a81c000100062424006614f3ff02241800869419
:10a82c002100c314000000001a008394030066107a
:10a83c00040006241c00661400000000e0ffbd2785
:10a84c001c00bfaf1800b2af1400b1af1000b0af16
:10a85c003000929002000224080042122588a000c9
:10a86c00f4ff02241c00bf8f1800b28f1400b18fac
:10a87c001000b08f0800e0032000bd27c269400f14
:10a88c0025808000f6ff400425184000f5ff72106b
:10a89c0001000224f3ff201225100000340003965f
:10a8ac00f0ff0010000023a60800e00300000000e9
:10a8bc0001a0033c78306324020083102510800033
:10a8cc00251000000800e003000000000200022434
:10a8dc00180080ac1c0080a4020082a40600a10415
:10a8ec001e0085a42530a000069d053c2c88a524bf
:10a8fc00ef29410b252000000800e00300000000b8
:10a90c001a0082940300432c07006010059d033c41
:10a91c0080100200a4426324211043000000598cd3
:10a92c000800200300000000366a400bf4ff0524e9
:10a93c00e8ffbd27010302241000b0af1400bfaf25
:10a94c00300082a40800828c320085a4258080000f
:10a95c00020042940e69400f360082a408004104a4
:10a96c00f4ff0524366a400f252000022510000054
:10a97c001400bf8f1000b08f0800e0031800bd2733
:10a98c0003004238faff00102b100200e8ffbd272d
:10a99c00252800001000b0af1400bfaf4f6a400f65
:10a9ac002580800003004010010002241a0002a63a
:10a9bc001c0000a61400bf8f1000b08f0800e0032d
:10a9cc001800bd27e8ffbd27010005241000b0af1b
:10a9dc001400bfaf4f6a400f258080000300401069
:10a9ec00010002241a0002a61c0000a61400bf8f4e
:10a9fc001000b08f0800e0031800bd27746a400bec
:10aa0c0000000000746a400b00000000e8ffbd2746
:10aa1c00010005241000b0af1400bfaf4f6a400f07
:10aa2c002580800004004010040002241a0002a6b5
:10aa3c00090002241c0002a61400bf8f1000b08f66
:10aa4c000800e0031800bd27e8ffbd270900052416
:10aa5c001000b0af1400bfaf4f6a400f25808000cc
:10aa6c0004004010040002241a0002a6070002246d
:10aa7c001c0002a61400bf8f1000b08f0800e0036a
:10aa8c001800bd270800838ce8ffbd271000b0af6d
:10aa9c001000628c25808000060044300200801477
:10aaac001400bfaf04004234380044300100805021
:10aabc0020004234100062ac010005244f6a400fa4
:10aacc002520000204004010040002241a0002a6f3
:10aadc00010002241c0002a61400bf8f1000b08fce
:10aaec000800e0031800bd27e8ffbd271000b0af39
:10aafc001400bfafc269400f2580800008004104dc
:10ab0c00f4ff0524366a400f2520000225100000b2
:10ab1c001400bf8f1000b08f0800e0031800bd2791
:10ab2c0002004238faff00102b100200e8ffbd278c
:10ab3c001000b0af1400bfafbd6a400f258080007d
:10ab4c000900401004000524340002962520000260
:10ab5c004f6a400f220002a6030040100700022497
:10ab6c001a0002a61c0000a61400bf8f1000b08fa4
:10ab7c000800e0031800bd27e8ffbd271000b0afa8
:10ab8c001400bfafbd6a400f258080000900401043
:10ab9c000500052434000296252000024f6a400f60
:10abac00200002a603004010060002241a0002a690
:10abbc001c0000a61400bf8f1000b08f0800e0032b
:10abcc001800bd27e8ffbd271000b0af1400bfafc1
:10abdc00bd6a400f25808000090040100600052446
:10abec0034000296252000024f6a400f260002a670
:10abfc0003004010050002241a0002a61c0000a647
:10ac0c001400bf8f1000b08f0800e0031800bd27a0
:10ac1c00e8ffbd271000b0af1400bfafbd6a400ff6
:10ac2c0025808000090040100a000524340002969b
:10ac3c00252000024f6a400f240002a6030040109a
:10ac4c00040002241a0002a61c0000a61400bf8fe8
:10ac5c001000b08f0800e0031800bd27e8ffbd27e7
:10ac6c001000b0af1400bfafbd6a400f258080004c
:10ac7c000c0040101400bf8f3400029600f04230dc
:10ac8c000b004010090005244f6a400f25200002dc
:10ac9c0003004010030002241a0002a61c0000a6a8
:10acac001400bf8f1000b08f0800e0031800bd2700
:10acbc00060005244f6a400f25200002f8ff4010c3
:10accc0005000224f5ff00101a0002a6e0ffbd27c4
:10acdc001800b2af0800928c01a0023c78304224dc
:10acec001000b0af1c00bfaf1400b1af0200421295
:10acfc002580800025900000bd6a400f25200002b1
:10ad0c000d0040101c00bf8f34000296220002a6da
:10ad1c002800028e0d004014010005244f6a400fdc
:10ad2c002520000203004010030002241a0002a692
:10ad3c001c0000a61c00bf8f1800b28f1400b18f2e
:10ad4c001000b08f0800e0032000bd27cf57410f43
:10ad5c0000000000ad57410f258840002000438eb5
:10ad6c00e8030424252800000800638c02182372d1
:10ad7c00e70363241b006400f4018000252000021b
:10ad8c0012180000211062004f6a400f2c0002ae16
:10ad9c00e8ff401004000224e5ff00101a0002a690
:10adac00e8ffbd271000b0af1400bfafbd6a400f65
:10adbc0025808000160040101400bf8f0800028e02
:10adcc001000438c01006230140040100800643005
:10addc0006008010251000004000627c04006330e7
:10adec00020060104013020000104234340003963d
:10adfc003c0000ae24104300220002a604000224f2
:10ae0c001a0002a6030002241c0002a61400bf8f25
:10ae1c001000b08f0800e0031800bd27f3ff80106e
:10ae2c0025100000020063300020022400100424ce
:10ae3c00eeff00100a108300e8ffbd271000b0af32
:10ae4c001400bfafbd6a400f258080004900401040
:10ae5c001400bf8f200003960100623048004010a0
:10ae6c00220007960020e330050004240b10830019
:10ae7c000004e33003006010252800001000423469
:10ae8c00010005240008e3300300601025300000a9
:10ae9c002000423401000624260009963400039653
:10aeac0000082431040080102400089600020a31a6
:10aebc00160040150a000424000429310300201157
:10aecc0000010831110000150c000424241867003f
:10aedc00000167300d00e01412000424800067307c
:10aeec000a00e01414000424400067300700e0144a
:10aefc002200042420006330040060142400042485
:10af0c00feff423000204234252000000800038e52
:10af1c0002008830010067900b000011251800001a
:10af2c00421807002430c3002518e6002418a3009b
:10af3c0001006054040003242528a6002428e50001
:10af4c000100a054080063342800058e0500a050b1
:10af5c00020002240000a2ac0400a4ac0800a3acc4
:10af6c0002000224020002a6180000ae1c0000ae73
:10af7c001400bf8f1000b08f0800e0031800bd272d
:10af8c0010006330030004240b0002240a10830019
:10af9c0025300000c0ff001025280000e8ffbd2769
:10afac001000b0af1400bfafbd6a400f2580800009
:10afbc000f0040101400bf8f2800048e0800801072
:10afcc0002000224340002968000437c10004230c0
:10afdc000100405404006334000083ac02000224de
:10afec00020002a6180000ae1c0000ae1400bf8fb9
:10affc001000b08f0800e0031800bd27e8ffbd2744
:10b00c001000b0af1400bfafbd6a400f25808000a8
:10b01c00140040101400bf8f34000296040043301b
:10b02c00050060542800048e200003961000601464
:10b03c00010005242800048e050080108000437c4c
:10b04c00100042300100405404006334000083ac13
:10b05c0002000224020002a6180000ae1c0000ae82
:10b06c001400bf8f1000b08f0800e0031800bd273c
:10b07c004f6a400f25200002f9ff40100200022405
:10b08c001a0002a6f6ff00101c0000a61c008294f9
:10b09c00e8ffbd271000b0af1400bfaf0600401092
:10b0ac0025808000010003240e004310f4ff0524ca
:10b0bc001f0000101400bf8f4f6a400f252800009e
:10b0cc0004004010020002241a0002a6010002240f
:10b0dc001c0002a61400bf8f1000b08f0800e00304
:10b0ec001800bd27bd6a400f00000000faff401099
:10b0fc001400bf8f340002861000410402000224a9
:10b10c00ad57410f000000002c00038e2b104300a4
:10b11c0005004050fcff0524020002241a0002a680
:10b12c00ecff00101c0000a6252000021400bf8fad
:10b13c001000b08f366a400b1800bd27020002a623
:10b14c00180000aee3ff00101c0000aee8ffbd27a6
:10b15c00010102241000b0af1400bfaf300082a474
:10b16c000800828c320085a4340086a4020042942c
:10b17c00258080000e69400f360082a4080041042f
:10b18c00f4ff0524366a400f25200002251000002c
:10b19c001400bf8f1000b08f0800e0031800bd270b
:10b1ac0003004238faff00102b100200e8ffbd2705
:10b1bc0000800634252800001000b0af1400bfaf8b
:10b1cc00566c400f258080000300401001000224c3
:10b1dc001a0002a61c0000a61400bf8f1000b08f2e
:10b1ec000800e0031800bd27e8ffbd271000b0af32
:10b1fc001400bfafbd6a400f2580800014004010c2
:10b20c001400bf8f220002963400049600204530b3
:10b21c000200a010fffd8330000283340010423086
:10b22c0002004010fffe6630000166340900052460
:10b23c00566c400f2520000204004010040002242c
:10b24c001a0002a6080002241c0002a61400bf8fdc
:10b25c001000b08f0800e0031800bd27e0ffbd27e9
:10b26c001800b1af200091940800838c1400b0af8b
:10b27c0025808000080024321c00bfaf28008010fd
:10b28c001000628c0100443025008010c232110085
:10b29c000100629040310600010043300200601052
:10b2ac000100c6340004c634440004962200032472
:10b2bc0005008314201604244600039620166330e0
:10b2cc0005006410040005240200423001004054c3
:10b2dc000008c63404000524566c400f25200002db
:10b2ec00070040100101313201010224090022162d
:10b2fc00040002241a0002a6060002241c0002a666
:10b30c001c00bf8f1800b18f1400b08f0800e00331
:10b31c002000bd271a0002a6f8ff00100800022426
:10b32c00006026320300c010005031320001467c10
:10b33c0040330600010020560001c63400014230a3
:10b34c00010040540040c63425280000566c400fc4
:10b35c0025200002eaff4010040002241a0002a675
:10b36c00e6ff00100a0002241a0082940300432c0a
:10b37c0007006010059d033c80100200b04263245e
:10b38c00211043000000598c08002003000000002d
:10b39c00366a400bf4ff0524e8ffbd271000b0af60
:10b3ac001400bfafbd6a400f258080001300401011
:10b3bc001400bf8f3400029608004230060040147f
:10b3cc00252000021400bf8f1000b08ff7ff05245a
:10b3dc00366a400b1800bd270012062425280000f1
:10b3ec00566c400f2520000203004010020002247e
:10b3fc001a0002a61c0000a61400bf8f1000b08f0c
:10b40c000800e0031800bd271a0082940800432ca2
:10b41c0007006010059d033c80100200bc426324b1
:10b42c00211043000000598c08002003000000008c
:10b43c00366a400bf4ff05241a0082940600432c54
:10b44c0007006010059d033c80100200dc42632461
:10b45c00211043000000598c08002003000000005c
:10b46c00366a400bf4ff05240010a330070060106f
:10b47c00f8ff02240002a5300400a014f6ff0224f9
:10b48c002000c630f5ff02240b100600366a400b74
:10b49c0025284000e8ffbd271000b0af1400bfaf57
:10b4ac00bd6a400f25808000070040102520000257
:10b4bc0034000696220005961400bf8f1000b08f42
:10b4cc001d6d400b1800bd271400bf8f1000b08fee
:10b4dc000800e0031800bd27e8ffbd271000b0af3f
:10b4ec001400bfafbd6a400f258080001a004010c9
:10b4fc001400bf8f340006962000c2301100405457
:10b50c0022000596ad57410f000000002c00038e61
:10b51c002b10430006004010252000021400bf8fa2
:10b52c001000b08f010005244f6a400b1800bd2796
:10b53c001400bf8f1000b08ff5ff0524366a400b46
:10b54c001800bd27252000021400bf8f1000b08ffb
:10b55c001d6d400b1800bd271000b08f0800e003d4
:10b56c001800bd27e0ffbd271800b2af0800928c71
:10b57c0001a0023c783042241000b0af1c00bfafd9
:10b58c001400b1af0200421225808000259000000b
:10b59c00bd6a400f252000021c0040101c00bf8f0c
:10b5ac0034000296220002a6000242301c00401415
:10b5bc0000000000cf57410f00000000ad57410fb5
:10b5cc00258840002000438ee80304240100052454
:10b5dc000400638c02182372e70363241b006400cd
:10b5ec00f4018000252000021218000021106200d6
:10b5fc004f6a400f2c0002ae0300401005000224dd
:10b60c001a0002a61c0000a61c00bf8f1800b28fe7
:10b61c001400b18f1000b08f0800e0032000bd278c
:10b62c00ad57410f000000002c00038e2b1043007f
:10b63c0008004010252000021c00bf8f1800b28f9c
:10b64c001400b18f1000b08f252800004f6a400bfa
:10b65c002000bd271c00bf8f1800b28f1400b18fc3
:10b66c001000b08ff6ff0524366a400b2000bd2772
:10b67c00e8ffbd271000b0af1400bfafbd6a400f8c
:10b68c0025808000120040101400bf8f34000296f9
:10b69c000010423006004014252000021400bf8f19
:10b6ac001000b08ff8ff0524366a400b1800bd2738
:10b6bc00252800004f6a400f25200002030040108f
:10b6cc00020002241a0002a61c0000a61400bf8f60
:10b6dc001000b08f0800e0031800bd271a008294f8
:10b6ec000300432c07006010059d033c80100200f2
:10b6fc00f4426324211043000000598c08002003fd
:10b70c0000000000366a400bf4ff05241a008294f6
:10b71c000500432c03006014059d033c366a400b66
:10b72c00f4ff052480100200004363242110430021
:10b73c000000598c08002003000000001c008294bb
:10b74c000b00432c07006010059d033c8010020089
:10b75c0014426324211043000000598c080020037c
:10b76c0000000000366a400bf4ff0524e8ffbd27fb
:10b77c001000b0af1400bfafbd6a400f2580800031
:10b78c000e0040101400bf8f3400029608004230a7
:10b79c000d0040100012062425280000566c400fa6
:10b7ac002520000204004010040002241a0002a606
:10b7bc000a0002241c0002a61400bf8f1000b08fd8
:10b7cc000800e0031800bd27252000021400bf8fdd
:10b7dc001000b08ff7ff0524366a400b1800bd2708
:10b7ec000800828ce8ffbd271000b0af1400438c1a
:10b7fc001000468c258080000400638c2528800076
:10b80c00059d043c1400bfaf09f86000404284243d
:10b81c0006004104252000021400bf8f1000b08fd9
:10b82c0025284000366a400b1800bd270400401440
:10b83c00040002241a0002a6050002241c0002a621
:10b84c001400bf8f1000b08f0800e0031800bd2754
:10b85c000800828ce8ffbd271000b0af1400438ca9
:10b86c000a004694258080000000638c2528800007
:10b87c00059d043c1400bfaf09f8600040428424cd
:10b88c000900401401000324040002243c0000ae13
:10b89c001a0002a61c0002a61400bf8f1000b08f65
:10b8ac000800e0031800bd27fbff43101400bf8ff6
:10b8bc00252000021000b08f25284000366a400b6e
:10b8cc001800bd27e8ffbd271000b0af1400bfafb4
:10b8dc00bd6a400f25808000430040101400bf8fcc
:10b8ec000800068e1000c38c060062300100405028
:10b8fc00040063343800623001004050200063348f
:10b90c00010062301f0040101000643007008010ee
:10b91c000800022402006430084005240b10a40027
:10b92c000400643001008054002042342000643054
:10b93c000600801002006430010080540010423474
:10b94c000400643001008054000842343a0005962b
:10b95c003400049601014234252085002410440053
:10b96c0000018530252845001000a0141400bf8f5d
:10b97c00252000021000b08ffaff0524366a400b18
:10b98c001800bd270600801002006230004005241c
:10b99c00002004240b20a200ecff001025108000d6
:10b9ac0000100524fbff0010000804241000c3ac99
:10b9bc0001018430200002a6010102240d00821432
:10b9cc003c0000ae0f0005244f6a400f25200002fa
:10b9dc0004004010040002241a0002a602000224f3
:10b9ec001c0002a61400bf8f1000b08f0800e003eb
:10b9fc001800bd27040002241a0002a6f8ff00104c
:10ba0c0003000224e0ffbd271800b2af0800928c9f
:10ba1c0001a0023c783042241000b0af1c00bfaf34
:10ba2c001400b1af02004212258080002590000066
:10ba3c001c00029601001124220051102528000040
:10ba4c00050040100200032426004310f4ff0524d7
:10ba5c003600001025200002008006342528000046
:10ba6c00566c400f252000021000401003000224e9
:10ba7c001c0011a6cf57410f1a0002a6ad57410f5b
:10ba8c00258840002000438ee80304240000638cca
:10ba9c0002182372e70363241b006400f401800086
:10baac0012180000211062002c0002ae1c00bf8f87
:10babc001800b28f1400b18f1000b08f0800e00393
:10bacc002000bd274f6a400f25200002f7ff4010d1
:10badc00030002241a0002a602000224f3ff001045
:10baec001c0002a6bd6a400f25200002f0ff40108a
:10bafc001c00bf8f34000286120041040400022493
:10bb0c00ad57410f000000002c00038e2b1043009a
:10bb1c0005004010fdff0524030002241a0002a6b4
:10bb2c00e2ff00101c0011a6252000021c00bf8f94
:10bb3c001800b28f1400b18f1000b08f366a400b12
:10bb4c002000bd271a0002a6d8ff00101c0000a67a
:10bb5c001c008294e0ffbd271800b1af0100112436
:10bb6c001400b0af1c00bfaf150051102580800031
:10bb7c0008004010020003241e0043101c00bf8f5d
:10bb8c001800b18f1400b08ff4ff0524366a400bf7
:10bb9c002000bd274f6a400f02000524030040100f
:10bbac00020002241a0002a61c0011a61c00bf8f62
:10bbbc001800b18f1400b08f0800e0032000bd27df
:10bbcc00bd6a400f00000000f8ff40102520000265
:10bbdc0034000296030005244f6a400f440002a66d
:10bbec00f2ff4010020002241a0002a6efff001020
:10bbfc001c0002a6bd6a400f00000000ecff4010c4
:10bc0c001c00bf8f340002961c0000a6460002a642
:10bc1c0003000224e5ff00101a0002a61c00829407
:10bc2c00e0ffbd271000b0af1c00bfaf1800b2afd3
:10bc3c001400b1af060040102580800001000324e1
:10bc4c0022004310f4ff0524350000101c00bf8fa8
:10bc5c000800928c1400428e1000428c0400405458
:10bc6c00400002ae029d023c089c4224400002ae01
:10bc7c00cf57410f3c0000aead57410f2588400017
:10bc8c002000438ee80304240000638c0218237206
:10bc9c00e70363241b006400f40180001218000009
:10bcac00211062002c0002ae010002241a0002a630
:10bcbc001c0002a61c00bf8f1800b28f1400b18f9d
:10bccc001000b08f0800e0032000bd274000828cdc
:10bcdc0025288000059d043c09f84000404284243e
:10bcec000500401400000000020002241a0002a605
:10bcfc00f0ff00101c0000a607004004252840009f
:10bd0c00ad57410f000000002c00038e2b10430098
:10bd1c00e8ff4014fbff0524252000021c00bf8f08
:10bd2c001800b28f1400b18f1000b08f366a400b20
:10bd3c002000bd27d8ffbd272000b2af0800928c91
:10bd4c001800b0af1000a5270a0050961c00b1af28
:10bd5c002400bfaf25888000fc67400f1000a0af07
:10bd6c00400003320a0060101000a2970a0042a69d
:10bd7c00258040001000428e800143300b00601083
:10bd8c00010043300400027c0a000010444a027c8b
:10bd9c0011000332f7ff4310f9ff0524366a400ff8
:10bdac0025202002f4ff00101000428e010060508c
:10bdbc00444a027c080003320c0060100400033279
:10bdcc00002042342400bf8f100042ae0100022438
:10bddc001a0022a61c0020a62000b28f1c00b18fd6
:10bdec001800b08f0800e0032800bd270300601086
:10bdfc0002000332f3ff0010001042340300601005
:10be0c0001001032efff001000804234edff0056ad
:10be1c0000404234ecff00102400bf8f0e00801055
:10be2c00f2ff02240800858c01a0033c78306324c7
:10be3c000900a31400000000e8ffbd271400bfafe9
:10be4c00366a400ff1ff05241400bf8f2510000047
:10be5c000800e0031800bd270800e0030000000004
:10be6c00e8ffbd271000b0af1400bfafbd6a400f94
:10be7c0025808000220040101400bf8f34000296f1
:10be8c00200043300e006014040043302800028e62
:10be9c00070040102520000200100324000043acd2
:10beac00040040ac080040ac252000021400bf8ff9
:10bebc001000b08ff5ff0524366a400b1800bd2723
:10becc0006006014000142302800028ef7ff40107b
:10bedc0025200002f2ff0010000040ac0b004010c7
:10beec000f0005244f6a400f25200002030040106c
:10befc00020002241a0002a61c0000a61400bf8f28
:10bf0c001000b08f0800e0031800bd2706000524c0
:10bf1c004f6a400f25200002f8ff40100500022454
:10bf2c00f5ff00101a0002a601000224180085a4d7
:10bf3c001c0080a41a0080a4020082a40800e00364
:04bf4c001e0086a4a9
:020000040000fa
:020000041d01dc
:10bf500000a0023c00a0063c251800000804422472
:10bf60003004c624000047940900e01400000000db
:10bf70000a18430004004224fbff46540000479483
:10bf80000500a010251000000800e0030000a3ac8d
:10bf9000f9ffe454040042240800e003000000001c
:10bfa0000100a0540000a0ac060080540000828074
:10bfb0000800e00325100000251000000800e00341
:10bfc0000800bd27faff4010000000000200093cf5
:10bfd00025100000251800002530000003000d2466
:10bfe0002e000a240605292564000b240a000c24cf
:10bff000f8ffbd2700008890150000150400672c8d
:10c0000003000424ecff64140200033c06056324cf
:10c010002b184300e8ff6010003a447c0a00062415
:10c0200018008600003c437c640004240000647017
:10c0300012180000211062000300a2a3dfffa0106d
:10c04000010002240000a38fdcff00100000a3ac5d
:10c05000d9ffe010d0ff07250800c014ff00e7302b
:10c060000a00e82cd4ff00110100c62400120200cf
:10c07000ff00c630120000100438e27c1200cd141c
:10c0800000000000ccff0a152b304900caffc01089
:10c09000003a477c1800ec00003c467c2140a3039a
:10c0a00001006324ff0063300000cb7012300000f9
:10c0b0002110c200000002a1253000002510000060
:10c0c000ccff001001008424e6ff0a150a00e82cca
:10c0d000eeff00102b30490060ffbd278400b3af96
:10c0e0007800b0af9c00bfaf9800beaf9400b7af70
:10c0f0009000b6af8c00b5af8800b4af8000b2af8f
:10c100007c00b1af258080000500a0102598a0001c
:10c1100010000624252800008066410f25206002bb
:10c120000e00001600000000251000009c00bf8fcc
:10c130009800be8f9400b78f9000b68f8c00b58f9b
:10c140008800b48f8400b38f8000b28f7c00b18fe1
:10c150007800b08f0800e003a000bd27ca65410f3a
:10c1600025200002f0ff4010252800025400a0af57
:10c170005800a0af5c00a0af6000a0af2110020289
:10c18000200004240000a3805a006410238045008e
:10c19000f7ff63240500632c56006014200003247d
:10c1a0002110b000ffff428054004310ffff112612
:10c1b000f7ff42240500422c500040144100022e9b
:10c1c000d9ff4010253000029466410f1000a427cb
:10c1d0001000a22721105000000040a01000a383ef
:10c1e0005b000224470062141000a227218851003e
:10c1f000000023825d000224cbff6214feff1026a4
:10c20000000020a21100b127218030022000042468
:10c21000000022823d00441023181102f7ff42243f
:10c220000500422c39004014211023026c00a2affb
:10c23000200004246c00a38fffff628035004410af
:10c24000f7ff42240500422c33004054ffff6324d3
:10c25000000060a0000022823a000324050043147d
:10c26000ff00142401002382afff62140200312674
:10c2700025a00000000030821267410f2520000237
:10c28000a9ff4010ff001032010031262590000068
:10c2900010001e243a0002246d000212df00023258
:10c2a0006b004010d2ff02260200422c68004014ae
:10c2b0000d00022466000212f7ff02260200422c43
:10c2c000630040146400a22725a8000025b84000a0
:10c2d0003a000a242e0009242f0008240d00072408
:10c2e0000a00062420000524090004240e00001082
:10c2f00004000324a3ff00100100a524a8ff0010e0
:10c3000025802002c0ff00101000b127c0ff0010e0
:10c3100001003126ffff6324c6ff00106c00a3afad
:10c3200081ffa3122588c002000050a000003092b7
:10c330000100b526ff00b5320f000a1201003626b3
:10c340000e0000521000a2270c0009521000a22774
:10c350000a0008521000a227080007521000a22766
:10c36000060006521000a227040005521000a22762
:10c37000ebff0416010042241000a22721105500f3
:10c38000540040a02e0002242b0002123a00022486
:10c39000030002160a00022464ffc21325100000e5
:10c3a00001a0033c2530c0036c00a5272520e00236
:10c3b0004cb060ac0d66410f7000a3af7000a38f4e
:10c3c0004cb0638c59ff605425100000ffff4430cf
:10c3d000040080146c00a28f21a8f50253ff5514ad
:10c3e00025100000b542410f000000004018120067
:10c3f0001000a4272118830001005226440062a4e3
:10c4000013000012ff0052323a0002240c00021600
:10c410002c0002240000c28204005014ff000224f9
:10c4200041ff82160200362625a040020000d0926d
:10c4300098ff00100100d126d9ff00100a001e2429
:10c440003aff021225100000f9ff00100000d09200
:10c450000900422e34ff4010080002241900421245
:10c46000ff00022431ff821225100000ffff422648
:10c4700008000524ff0042302328b2002034147c39
:10c480002024027c211845002a20860013008010f9
:10c49000ff0063302390920225108002070052268d
:10c4a0002b18420209006014401802001000a42753
:10c4b0002118830001004224440060a4f8ff00100a
:10c4c000ff004230eaff8216ffff42260d00601691
:10c4d0001000062415ff0010010002244020020075
:10c4e0001000a7272120e400440084944018030092
:10c4f0002118e300ffff4224440064a4e0ff001081
:10c50000ff0042305400a527d665410f2520600268
:10c5100006ff0010010002244500801025100000d5
:10c520004300a0102900c62c4100c01400000000e8
:10c53000d8ffbd272000b4af1800b2af1400b1afd0
:10c540001000b0af2400bfaf1c00b3af2580a00027
:10c5500025888000259000003000142400002492db
:10c560000e41410f259800002014027c0400541055
:10c5700000000000000002a20100132401001026a8
:10c580001541410f000024922014027c04005454f1
:10c59000000002a20400601200000000000002a2dd
:10c5a00001001324010010260e41410f01002492c6
:10c5b0002014027c04005454000002a20300601204
:10c5c00000000000000002a2010010261541410fea
:10c5d00001002492000002a207000224110042166a
:10c5e0003a0002240100102601005226ff005232b8
:10c5f00008000224d9ff421602003126000000a2e2
:10c600002400bf8f010002242000b48f1c00b38fd0
:10c610001800b28f1400b18f1000b08f0800e00333
:10c620002800bd27010002a2efff00100200102623
:10c630000800e00300000000069d023c069d033c4c
:10c64000188b4224308b63240000458c0400468cf8
:10c65000242885000600a6100000000008004224df
:10c66000faff43540000458c0800e0032510000049
:10c670000800e00301000224c8ffbd272400b2af78
:10c680002000b1af3400bfaf3000b5af2c00b4af65
:10c690002800b3af1c00b0af259080000700a010a9
:10c6a0002588a0000000a0a00100a0a00200a0a07a
:10c6b0000300a0a00400a0a00500a0a00a00401252
:10c6c0000100022400004382070060102580000062
:10c6d000000054821267410f252080020b00405455
:10c6e00001005582251000003400bf8f3000b58f47
:10c6f0002c00b48f2800b38f2400b28f2000b18f9c
:10c700001c00b08f0800e0033800bd271267410ffe
:10c710002520a002f3ff40100438b37e047a937ef4
:10c72000ec40410fffff64321000a3272118700076
:10c73000000062a002004282090040103a00032477
:10c74000030043102d000324e7ff431425100000cd
:10c750000100102606000224ddff02160300522607
:10c7600004002012060006241000a527d665410ffc
:10c77000252020020500023adbff00100100422cb8
:10c780001d00801025100000e0ffbd271800b2af8b
:10c790001000b0af069d123c069d103c1400b1afd6
:10c7a0001c00bfaf25888000f88a1026188b5226ff
:10c7b0000400058e0c00a05008001026e165410f12
:10c7c0002520200208004054080010260000028e98
:10c7d0001c00bf8f1800b28f1400b18f1000b08ff3
:10c7e0000800e0032000bd27f2ff12560400058e6a
:10c7f000f7ff0010251000000800e0030000000013
:10c800000400832c0600601025100000c0100400f6
:10c81000069d043cf88a8424212082000400828c36
:10c820000800e003000000000b008010251000004d
:10c830000900c0102548000001000a2402000b2452
:10c8400003000c24fdff0d242f000e245f000f2495
:10c850000300a054000088900800e00300000000de
:10c86000bfff0325ff0063301a00782c0600001775
:10c87000000000009fff03251a00632c0e006010cb
:10c88000b9ff0325ff0063301a0020152b40470035
:10c89000f1ff00118018030001004224ffff423025
:10c8a0000000c3a001000924ffffa5240100842487
:10c8b000e7ff0010ffffa530d0ff03250a00632c1f
:10c8c000f0ff601404000325d5ff032524186d0034
:10c8d000ff006330ecff60503e000324eaff0e11be
:10c8e0003f000324f1ff0f55ffffa524e6ff0010d2
:10c8f000000000000d002a15024103000000c9904d
:10c90000254009010000c8a02b404700d2ff0011bc
:10c9100000190300010042240100c3a0ffff4230c0
:10c920000100c624e0ff0010020009240d002b15b1
:10c93000824003000000c990254009010000c8a002
:10c940002b404700c4ff001180190300010042245e
:10c950000100c3a0ffff42300100c624d2ff001037
:10c9600003000924d1ff2c55ffffa5240000c89027
:10c97000254800000100c62425186800caff0010e1
:10c98000ffffc3a010008010251000000e00c01093
:10c99000254000002318e800ffff63300400632ceb
:10c9a000ffff0a2401000b2402000c243e000d248a
:10c9b0002f000e243d000f24040018242148c80035
:10c9c00025006010ffff02310800e00300000000b6
:10c9d0000100829002c9020080100200251879002f
:10c9e0003c0042300100a3a30300ac140200a2a348
:10c9f000240000100200842402008390fdffa5247f
:10ca00000300842482c90300251059003f006330cd
:10ca1000ffffa5300200a2a31b0000100300a3a388
:10ca2000030020133e00592c1e0000104700422432
:10ca300003002013000000001a000010fcff422435
:10ca400019004d102b0019243f00423825c8e00181
:10ca5000150000100ac8c201f8ffbd271d00a01074
:10ca60000000aaaf000083908210030000190300a9
:10ca7000300063300000a2a3d5ffab140100a3a3d4
:10ca80000100842425280000251800002110a3039c
:10ca9000000042901a00592ce1ff20133400592c59
:10caa00041004224ff00593021102301010063247a
:10cab000f6ff7814000059a0040008252318e800a8
:10cac000ffff63300400632c2148c800e3ff6010bf
:10cad000ffff02310800e0030800bd27ffff82309e
:10cae0000224040021104400007c447c21104400f6
:10caf0000800e003ffff42304600c01000000000c5
:10cb0000d0ffbd271c00b2af2590c0000100062455
:10cb10002800b5af2400b4af2000b3af1800b1af08
:10cb20002c00bfaf1400b0af25a8a000b122410f68
:10cb30002588e0002598400025a000000e00601622
:10cb400000000000b772400f252020022c00bf8f8c
:10cb500027100200ffff42302800b58f2400b48f59
:10cb60002000b38f1c00b28f1800b18f1400b08f5b
:10cb70000800e0033000bd27f2ff40120000000073
:10cb80000e0062960800708e218002020c006296f0
:10cb90002380150206004010ffff103225184000c8
:10cba0002b1002020100405425180002ffff7030d4
:10cbb0002b10500203004054258040021100005207
:10cbc0000000738e2530000025280002bd42410f71
:10cbd0002520a0022710020001008332030060100c
:10cbe000ffff4230b542410f252040002390500204
:10cbf00021a09002ffff5232ffff943221882202cf
:10cc00000000738ecfff601200000000cbff001009
:10cc10000800758e0800e0032510e000c8ffbd275e
:10cc20002c00b7af0000d78c2400b5af25a8c000fa
:10cc30004800a6932000b4af25a0a0002528e0025c
:10cc40003000beaf2800b6af1800b2af1400b1afcd
:10cc50003400bfaf1c00b3af1000b0afb122410f22
:10cc60002590e0002588400025f0e00225b0000076
:10cc7000040020123400bf8f0f0040560e00229691
:10cc80003400bf8f0000b7ae2510c0023000be8f49
:10cc90002c00b78f2800b68f2400b58f2000b48fea
:10cca0001c00b38f1800b28f1400b18f1000b08f2a
:10ccb0000800e0033800bd270800338e069d063cbf
:10ccc000059d053c2198620223987e0227201300cf
:10ccd0005b010724e48ac6245c6ca5247f39400fdd
:10cce000c22704000c003096ffff62322b10500068
:10ccf0000100405425806002ffff10322b105002cb
:10cd000003004054258040020c0000520000318e88
:10cd100025208002253000022528c00323905002e0
:10cd2000d665410f21b0d00221a09002ffff523200
:10cd300021b8d003ffffd6320000318ed1ff201280
:10cd40003400bf8fcaff001008003e8ed8ffbd27f9
:10cd50002000b3af1800b1af1400b0af2400bfafd4
:10cd60001c00b2af258880000f0080a02580000045
:10cd70000f00132421903002b967410f0000449244
:10cd8000ff0042300f004014000042a220000324a4
:10cd90002110300201001026000043a0ff000232e3
:10cda0000f00422cfaff40142400bf8f2000b38fe5
:10cdb0001c00b28f1800b18f1400b08f0800e00380
:10cdc0002800bd2701001026eaff13162400bf8f9c
:10cdd000f7ff00102000b38f25380000ff00e3307c
:10cde000c01003002b1866000d006010ff004230d9
:10cdf000211887000100e7242140a700000063906c
:10ce0000ffff0891f5ff68102618680080000424d1
:10ce100027180300242864000300a05401004224c2
:10ce20000800e00300000000ff004230f9ff00109e
:10ce300042200400000080ac040080ac0800e00345
:10ce4000080080ac0000828c0000a2ac0400828c40
:10ce500002004014000085ac040085ac0800828c00
:10ce6000010042240800e003080082ac0400828c28
:10ce7000070040140000a0ac000085ac0800828cc4
:10ce8000040085ac010042240800e003080082ace5
:10ce9000faff0010000045ac0000c28c0000a2acfc
:10cea0000800828c0000c5ac010042240800e003a9
:10ceb000080082ac0300c014251080009173400b61
:10cec000000000000400878c0300e6540800438c37
:10ced0009b73400b000000000000c48c0100632421
:10cee0000000a4ac0000c5ac0800e003080043ac9f
:10cef0000000828c09004010000000000400838cb8
:10cf0000080062540000438c000080ac040080ac38
:10cf10000800838cffff6324080083ac0800e00353
:10cf200000000000faff0010000083ac0300a01412
:10cf300025188000bc73400b000000000000a28c8c
:10cf400009004010000000000000448c0000a4ac68
:10cf50000400648c01008250040065ac0800648cfd
:10cf6000ffff8424080064ac0800e0030000000018
:10cf70000000868c0900c51425108000e8ffbd273d
:10cf80001400bfafbc73400f000000001400bf8f3f
:10cf90002510c0000800e0031800bd270d00c010d8
:10cfa000000000000000c38cfcff655425306000c9
:10cfb0000000a38c0000c3ac0400438c010065504a
:10cfc000040046ac0800438c2530a000ffff63241a
:10cfd000080043ac0800e0032510c0000000828c6c
:10cfe00003004014000000000800e00300000000ff
:10cff0000300451000000000f9ff00100000428c03
:10d000000800e00301000224e8ffbd271400bfafc1
:10d01000253080002538a000bc73400f2520e0009b
:10d0200005004010252840009b73400f2520c000bc
:10d03000f9ff0010000000001400bf8f0800e0039b
:10d040001800bd27e8ffbd271000b0af1400bfaf28
:10d0500025808000000080ac040080ac080080ac1b
:10d06000010007240100062425280000ea37410fab
:10d070000c0084241400bf8f010042380100422cb0
:10d08000100002a21000b08f0800e0031800bd27b6
:10d090001000829015004010ffff0524e0ffbd271f
:10d0a0001800b1af0c0091241400b0af25808000af
:10d0b0001c00bfaf2038410f25202002bc73400f59
:10d0c00025200002fdff4014000000001338410f2e
:10d0d000252020021c00bf8f100000a21800b18f75
:10d0e0001400b08f0800e0032000bd270800e00313
:10d0f00000000000100082901600401000000000a8
:10d10000e0ffbd271800b2af0c0092241400b1afad
:10d110001000b0af2588a00025808000ffff052407
:10d120001c00bfaf2038410f2520400225200002ff
:10d130009173400f25282002252040021c00bf8f3c
:10d140001800b28f1400b18f1000b08f3038410b2f
:10d150002000bd270800e0030000000010008290be
:10d160001600401000000000e0ffbd271800b2af1d
:10d170000c0092241400b1af1000b0af2588a000bd
:10d1800025808000ffff05241c00bfaf2038410f21
:10d1900025204002252000029b73400f25282002f5
:10d1a000252040021c00bf8f1800b28f1400b18fe1
:10d1b0001000b08f3038410b2000bd270800e0037d
:10d1c00000000000100082901c00401000000000d1
:10d1d000d8ffbd272000b3af0c0093241c00b2afd2
:10d1e0001800b1af1400b0af2588c0002590a00092
:10d1f00025808000ffff05242400bfaf2038410fa9
:10d20000252060020000228e252060022400bf8fae
:10d21000000042ae0800028e000032ae2000b38f44
:10d2200001004224080002ae1c00b28f1800b18f2a
:10d230001400b08f3038410b2800bd270800e003f0
:10d2400000000000100082901a0040100000000052
:10d25000d8ffbd272000b3af0c0093241c00b2af51
:10d260001800b1af1400b0af2590c0002588a00011
:10d2700025808000ffff05242400bfaf2038410f28
:10d28000252060022520000225304002ad73400faa
:10d2900025282002252060022400bf8f2000b38fa4
:10d2a0001c00b28f1800b18f1400b08f3038410bc2
:10d2b0002800bd270800e003000000001000829055
:10d2c000e0ffbd271400b0af1c00bfaf1800b1af26
:10d2d0000b004010258000000c0091242580800068
:10d2e000ffff05242038410f25202002bc73400f8a
:10d2f00025200002252020023038410f25804000e3
:10d300001c00bf8f251000021800b18f1400b08fd1
:10d310000800e0032000bd2710008290e0ffbd2739
:10d320001000b0af1c00bfaf1800b2af1400b1af17
:10d330000d004010258000000c0092242580800004
:10d340002588a000252040022038410fffff05243a
:10d3500025200002cb73400f252820022520400203
:10d360003038410f258040001c00bf8f251000027f
:10d370001800b28f1400b18f1000b08f0800e003c6
:10d380002000bd2710008290e0ffbd271000b0af45
:10d390001c00bfaf1800b2af1400b1af0d004010b9
:10d3a000258000000c009224258080002588a000a4
:10d3b000252040022038410fffff052425200002d0
:10d3c000dc73400f25282002252040023038410f11
:10d3d000258040001c00bf8f251000021800b28f6e
:10d3e0001400b18f1000b08f0800e0032000bd27ab
:10d3f000100082901600401000000000e0ffbd27e2
:10d400001800b2af0c0092241400b1af1000b0affe
:10d410002588a00025808000ffff05241c00bfafe9
:10d420002038410f25204002252000020274400fc1
:10d4300025282002252040021c00bf8f1800b28f33
:10d440001400b18f1000b08f3038410b2000bd2781
:10d450000800e0030000000010008290130040105c
:10d4600000000000e0ffbd271800b1af0c009124c0
:10d470001400b0afffff0524258080001c00bfaf63
:10d480002038410f25202002bc73400f25200002c8
:10d49000fdff40141c00bf8f252020021800b18f13
:10d4a0001400b08f3038410b2000bd270800e00386
:10d4b00000000000100082900a004010ffff0524c9
:10d4c000e8ffbd271400bfaf2038410f0c008424b3
:10d4d0001400bf8f010042380100422c0800e00315
:10d4e0001800bd270800e003000000001000829033
:10d4f0000a00401000000000e8ffbd271400bfaf85
:10d500003038410f0c0084241400bf8f01004238d2
:10d510000100422c0800e0031800bd270800e003ca
:10d5200000000000000080ac040080ac0800e003b4
:10d53000080080ac0000828c090040540000a2acbe
:10d54000000085ac040085ac0000a0ac0400a0acd9
:10d550000800828c010042240800e003080082ac2d
:10d560000400a0ac040045acf9ff0010000085ac3d
:10d570000000828c090040540400828c000085acbd
:10d58000040085ac0000a0ac0400a0ac0800828cb4
:10d59000010042240800e003080082ac0000a0acb7
:10d5a0000400a2ac000045acf8ff0010040085acfc
:10d5b0000000c28c0400a6ac0000a2ac040045ac84
:10d5c0000800828c0000c5ac010042240800e00382
:10d5d000080082ac0300c0540400838c4d75400bde
:10d5e0000000000003006614000000005c75400ba2
:10d5f000000000006c75400b000000000000828cf1
:10d6000009004010000000000400838c08006254f0
:10d610000000438c000080ac040080ac0800838cc8
:10d62000ffff6324080083ac0800e0030000000053
:10d63000000083acf9ff0010040060ac0400828c91
:10d6400009004010000000000000838c08006254b4
:10d650000400438c000080ac040080ac0800838c84
:10d66000ffff6324080083ac0800e0030000000013
:10d67000040083acf9ff0010000060ac0000a28c35
:10d680000400a38c000062ac040043ac0800828c50
:10d69000ffff42240800e003080082ac0000868cf3
:10d6a0000300c5540400838c7f75400b000000000c
:10d6b00003006514000000008f75400b000000009f
:10d6c0009f75400b000000000000828c0300401496
:10d6d000000000000800e003000000000300451007
:10d6e00000000000f9ff00100000428c0800e00379
:10d6f00001000224e8ffbd271000b0af1400bfaf47
:10d7000025808000000080ac040080ac080080ac64
:10d71000010007240100062425280000ea37410ff4
:10d720000c0084241400bf8f010042380100422cf9
:10d73000100002a21000b08f0800e0031800bd27ff
:10d740001000829015004010ffff0524e0ffbd2768
:10d750001800b1af0c0091241400b0af25808000f8
:10d760001c00bfaf2038410f252020027f75400fdd
:10d7700025200002fdff4014000000001338410f77
:10d78000252020021c00bf8f100000a21800b18fbe
:10d790001400b08f0800e0032000bd270800e0035c
:10d7a00000000000100082901600401000000000f1
:10d7b000e0ffbd271800b2af0c0092241400b1aff7
:10d7c0001000b0af2588a00025808000ffff052451
:10d7d0001c00bfaf2038410f252040022520000249
:10d7e0004d75400f25282002252040021c00bf8fc8
:10d7f0001800b28f1400b18f1000b08f3038410b79
:10d800002000bd270800e003000000001000829007
:10d810001600401000000000e0ffbd271800b2af66
:10d820000c0092241400b1af1000b0af2588a00006
:10d8300025808000ffff05241c00bfaf2038410f6a
:10d8400025204002252000025c75400f252820027b
:10d85000252040021c00bf8f1800b28f1400b18f2a
:10d860001000b08f3038410b2000bd270800e003c6
:10d8700000000000100082901a004010000000001c
:10d88000d8ffbd272000b3af0c0093241c00b2af1b
:10d890001800b1af1400b0af2590c0002588a000db
:10d8a00025808000ffff05242400bfaf2038410ff2
:10d8b0002520600225200002253040026c75400fb3
:10d8c00025282002252060022400bf8f2000b38f6e
:10d8d0001c00b28f1800b18f1400b08f3038410b8c
:10d8e0002800bd270800e00300000000100082901f
:10d8f0001a00401000000000d8ffbd272000b3af81
:10d900000c0093241c00b2af1800b1af1400b0afec
:10d910002590c0002588a00025808000ffff0524f9
:10d920002400bfaf2038410f2520600225200002cf
:10d93000253040027575400f252820022520600201
:10d940002400bf8f2000b38f1c00b28f1800b18f4e
:10d950001400b08f3038410b2800bd270800e003c9
:10d960000000000010008290e0ffbd271400b0af5f
:10d970001c00bfaf1800b1af0b00401025800000a5
:10d980000c00912425808000ffff05242038410fe2
:10d99000252020027f75400f25200002252020022f
:10d9a0003038410f258040001c00bf8f2510000239
:10d9b0001800b18f1400b08f0800e0032000bd27cd
:10d9c00010008290e0ffbd271400b0af1c00bfaf75
:10d9d0001800b1af0b004010258000000c0091240e
:10d9e00025808000ffff05242038410f25202002dc
:10d9f0008f75400f25200002252020023038410f6e
:10da0000258040001c00bf8f251000021800b18f38
:10da10001400b08f0800e0032000bd2710008290a2
:10da20001600401000000000e0ffbd271800b2af54
:10da30000c0092241400b1af1000b0af2588a000f4
:10da400025808000ffff05241c00bfaf2038410f58
:10da500025204002252000029f75400f2528200226
:10da6000252040021c00bf8f1800b28f1400b18f18
:10da70001000b08f3038410b2000bd270800e003b4
:10da8000000000001000829016004010000000000e
:10da9000e0ffbd271800b2af0c0092241400b1af14
:10daa0001000b0af2588a00025808000ffff05246e
:10dab0001c00bfaf2038410f252040022520000266
:10dac000a775400f25282002252040021c00bf8f8b
:10dad0001800b28f1400b18f1000b08f3038410b96
:10dae0002000bd270800e003000000001000829025
:10daf0001300401000000000e0ffbd271800b1af88
:10db00000c0091241400b0afffff05242580800095
:10db10001c00bfaf2038410f252020027f75400f29
:10db200025200002fdff40141c00bf8f252020028d
:10db30001800b18f1400b08f3038410b2000bd2782
:10db40000800e00300000000100082900300401075
:10db5000ffff05242038410b0c0084240800e0035b
:10db60000000000010008290030040100000000040
:10db70003038410b0c0084240800e0030000000052
:10db8000e8ffbd271400bfafd46f400f2528000069
:10db9000251840000300601025100000020062906c
:10dba000010042301400bf8f0800e0031800bd27b9
:10dbb000e8ffbd271400bfafd46f400f2528000039
:10dbc0002518400003006010251000000200629438
:10dbd0004000427c1400bf8f0800e0031800bd27fe
:10dbe0000100a52c0300c0100100a5240a00022496
:10dbf0000000c2ac0a00832c0c006010251000004d
:10dc00008010040000a0043c080484242120820029
:10dc10000000829405004010000000000200839480
:10dc200027180300241865000b1003000800e00308
:10dc300000000000e0ffbd271c00bfaf06008014fd
:10dc40001000a0af254800001c00bf8f2510200148
:10dc50000800e0032000bd270100a82c1000a52724
:10dc60002548c000d46f400f010008250b0020118b
:10dc70000000000007004054020045941000a28fed
:10dc8000f1ff405025480000000044a4eeff0010c2
:10dc9000020048a4fdff0010254005010300405488
:10dca00002004594e8ff0010010009242740080005
:10dcb00024400501fbff0015020048a4f9ff0010f5
:10dcc000000040a4d0ffbd273c00a7af3c00a72721
:10dcd0002c00bfaf2800b3af2400b2af2000b1af1b
:10dce0001c00b0af2588a000595a410f1000a7af03
:10dcf00027200200069d133c059d123c2580400014
:10dd0000d88a66269c6c4526160907247f39400f61
:10dd1000c22704002b203002d88a66269c6c452638
:10dd20001a0907247f39400f010084382c00bf8f67
:10dd3000251000022800b38f2400b28f2000b18f7d
:10dd40001c00b08f0800e0033000bd27b8ffbd27de
:10dd50004000b2af4400bfaf3c00b1af3800b0af3d
:10dd600019008010259000001700a0102588c00021
:10dd700003008290059d063c1800a2af020082902d
:10dd8000d46cc6242580a0001400a2af01008290ac
:10dd9000140005241000a2af000087903177400fd7
:10dda0002000a427ca65410f2000a42701004224b7
:10ddb0002b3022020400c0142000a5278a66410fe0
:10ddc00025200002010012244400bf8f25104002cc
:10ddd0003c00b18f4000b28f3800b08f0800e003e4
:10dde0004800bd27251880001b008010251000006a
:10ddf0001900a0102520a0001200c52c1600a014a8
:10de00002528c000d0ffbd272c00bfaf2510600023
:10de100005006390059d063c2000a3af04004390dd
:10de2000e06cc6241c00a3af030043901800a3af0e
:10de3000020043901400a3af010043901000a3af71
:10de40003177400f000047902c00bf8f0100022463
:10de50000800e0033000bd270800e00300000000d8
:10de60007341410b00000000c8ffbd272400b3af81
:10de70002000b2af1800b0af3400bfaf3000b6af73
:10de80002c00b5af2800b4af1c00b1af2590c00086
:10de90002598000015008010ffff102425888000c1
:10dea000ca65410f25b0a0001000401025a0400019
:10deb00001a0153c2530c0021000a5272520200216
:10dec0000266410f4cb0a0ae259840004cb0a28e27
:10ded00006004014000000001000b08f23801102e3
:10dee000268014022b801000238010000100405671
:10def000000053ae3400bf8f251000023000b68ff3
:10df00002c00b58f2800b48f2400b38f2000b28f6f
:10df10001c00b18f1800b08f0800e0033800bd2747
:10df2000c8ffbd272400b3af2000b2af1800b0afc8
:10df30003400bfaf3000b6af2c00b5af2800b4af8f
:10df40001c00b1af2590c00025980000150080107e
:10df5000ffff102425888000ca65410f25b0a0006e
:10df60001000401025a0400001a0153c2530c00243
:10df70001000a527252020020d66410f4cb0a0ae51
:10df8000259840004cb0a28e06004014000000000e
:10df90001000b08f23801102268014022b80100005
:10dfa0002380100001004056000053ae3400bf8fa4
:10dfb000251000023000b68f2c00b58f2800b48fda
:10dfc0002400b38f2000b28f1c00b18f1800b08fd7
:10dfd0000800e0033800bd27e881828f0000428cf2
:10dfe0000500401400000000ffff0224bc8182af46
:10dff0000800e00300000000e881828f0c00428ce2
:10e00000faff00100000428ce0ffbd271400b1af02
:10e010001000b0afd881918f25808000ec81848f73
:10e020001800b2af1c00bfaf04008424a256410ff9
:10e030002590a0000a004014ffff0224ec81828f8b
:10e04000d481838f2c00448c0100022404108200b0
:10e050002710020024104300d48182afffff022466
:10e060001c000216000000001a00401201a0033c30
:10e07000882e6524ec81848f0400a28c080082ac79
:10e080000800468cec81848f0c0086acec81848f78
:10e090000800468c040084240400c4acec81848f06
:10e0a00004008424080044acec81828f140045ac49
:10e0b000882e628c01004224882e62ac1c00bf8f27
:10e0c0001800b28f1400b18f1000b08f0800e00369
:10e0d0002000bd27ec81828f218030022b88110225
:10e0e0000a002012040050ace481848fec81858ffb
:10e0f0001c00bf8f1800b28f1400b18f1000b08fba
:10e100000400a5248b56410b2000bd27e881848f95
:10e11000ec81858f8b56410f0400a524bc81828f32
:10e120002b100202e5ff4054bc8190afe4ff0010c9
:10e130001c00bf8fe8ffbd271000b0af1400bfafb9
:10e14000b148410f2580800001000052ec81908f82
:10e1500025204000d548410f2c00108e1400bf8fa1
:10e16000251000021000b08f0800e0031800bd2742
:10e17000f8ffbd270400bfaf00600240847a027c34
:10e18000000c423400608240c00000000400bf8fd9
:10e190000800bd27d08180af9c48410b00000000e3
:10e1a000b481828f01004224b48182af0800e00371
:10e1b00000000000d881828f0800e003000000000a
:10e1c000d881828f0800e00300000000dc81828f8c
:10e1d0000800e0030000000001008050ec81848f03
:10e1e0000800e00334008224b481828fe8ffbd2759
:10e1f0006a0040141400bfafd881848f01008424ca
:10e20000d88184af0a00801400000000e881828f6a
:10e21000e481838fe88183afe48182afc481828f00
:10e2200001004224c48182aff677400f0000000055
:10e23000bc81828f01a0063c2b1082001000401090
:10e24000ec2ec62425100000ec81838f14000424da
:10e250002c00638c02286470010004242130a60085
:10e260000000c38c0200632c0a108300c881838fd6
:10e270000b1083001400bf8f0800e0031800bd27b7
:10e280002510000001000a2414000b24e881838f6c
:10e290000000638c04006014ffff0324bc8183af83
:10e2a000e9ff001000000000e881838f0c00638c00
:10e2b0000c00638c0400658c2b3885000400e05052
:10e2c0001400658cbc8185afdfff001000000000ea
:10e2d0000800688c0c00678c04006924080007adf6
:10e2e0000400e8ac0400a88c010009510400a7acac
:10e2f0000000a78c140060acffffe7240000a7ac6f
:10e300002800658c0f00a0502c00658c1c00678cc9
:10e310002000688c0400ac8c0800e8ac2000688cfd
:10e32000040007ad18006724010087510400a8ac61
:10e330000000a78c280060acffffe7240000a7ac1a
:10e340002c00658cd481888f0438aa002538e80019
:10e350000240ab70d48187af213806010400e88cfd
:10e3600008000c8d080068ac0c006cac08000c8d2b
:10e37000040089ad080009ad140067ac0000e38c0f
:10e38000010063240000e3acec81838f2c00638cdc
:10e390002b286500bdff00100b104501cc81828f3a
:10e3a00001004224cc8182afb2ff00102510000092
:10e3b000b481828fe8ffbd27060040101400bfaf74
:10e3c00001000224c88182af1400bf8f0800e0035f
:10e3d0001800bd27c88180afec81828fa5a5033cc2
:10e3e000a5a563343000428c0000458c0a00a314bc
:10e3f000000000000400448c0700851400000000a9
:10e400000800438c04006414000000000c00428cdf
:10e410000500431000000000ec81848fec81858fa3
:10e420006a5f410f3400a524d481838f01a0043c8e
:10e43000ec2e8424201062701f0003242318620035
:10e440001400022402106270212882000400a68cad
:10e4500008004224211082000400c68c0300c2146c
:10e460000400a6ac0400c28c0400a2ac1400022478
:10e47000022862702118a4000400628c0c00428cf7
:10e48000ec8182afd1ff00101400bf8fe8ffbd27e1
:10e490001000b0af2580a000ec81858f1400bfafc5
:10e4a0008b56410f1800a524252000021400bf8fb1
:10e4b0001000b08f010005240278400b1800bd2722
:10e4c000ec81838f0080023c2528a200180065acf7
:10e4d0000400828cec81838f0800458c1c0062aca8
:10e4e000ec81838f200065acec81838f0800458c24
:10e4f000180063240400a3acec81838f0100052481
:10e5000018006324080043acec81828f280044acdf
:10e510000000828c01004224000082ac0278400b93
:10e520002520c0000c00828c0c00428c2800438cfb
:10e530001c00458c2000448c180046240800a4ac24
:10e54000040085ac0400658c0100a650040064ac96
:10e550000000648c280040acffff8424000064ac01
:10e56000b481838f2c0060142c00448c0800468cee
:10e570000c00458c1400438c0800c5ac0c00458c85
:10e580000400678c0400a6ac040046240100e65099
:10e59000040065ac0000658cffffa524000065ac9d
:10e5a000d481858f01000324041883002518650099
:10e5b000d48183af01a0033cec2e65241400032416
:10e5c000023883702118e5000400658c0800a78cd0
:10e5d000080045ac0c0047ac0800a78c0400e6ac72
:10e5e0000800a6ac140043ac0000628c0100422479
:10e5f000000062acec81828f2c00428c2b20440006
:10e60000030080102510000001000224c88182afa1
:10e610000800e0030000000001a0053cb02ea72484
:10e620000400e38c0800688c1c0043ac200048ac5c
:10e630000800688c040006ad080066ac280047acf2
:10e64000b02ea28c01004224b02ea2ace9ff001033
:10e65000000000000080023c2528a200000085acdc
:10e660000400868c0800858c1000838c0c00828c42
:10e670000800c5ac0800858c0400a6ac0400668cbc
:10e680000100c450040065ac100080ac0000648c34
:10e690000800458c04004624ffff8424000064ac7d
:10e6a0000c00448c1400438c0800a4ac0c00448c77
:10e6b000040085ac0400658c0100a650040064ac25
:10e6c0000000648c01000724ffff8424000064ac78
:10e6d0002c00448cd481858f041887002518650090
:10e6e000d48183af01a0033cec2e652414000324e5
:10e6f00002408370211805010400658c0800a88c75
:10e70000080045ac0c0048ac0800a88c040006ad1d
:10e710000800a6ac140043ac0000628c0100422447
:10e72000000062acec81828f2c00428c2b204400d4
:10e7300001008054c88187af0800e003000000009a
:10e74000c481828f000082acd881828f0800e003f0
:10e75000040082ac01000224c88182af0800e003fb
:10e7600000000000ec81828f0800e0030000000040
:10e770004d00801025100000ec81828f2c00838cce
:10e78000e0ffbd272c00428c1c00bfaf1800b2afc9
:10e790002b1062001400b1af3e0040101000b0af6b
:10e7a0001800828c0700400401a0023cec81828f9b
:10e7b0002c00458c0500022423104500180082ac73
:10e7c00001a0023cec2e51241400022402286270a5
:10e7d0001400828c2118b1002a00431404009224f2
:10e7e00025808000a256410f2520400208004014d9
:10e7f000000000002c00048ed481838f01000224cd
:10e80000041082002710020024104300d48182af3c
:10e81000ec81828fd481848f010003242c00428cf0
:10e820000418430025186400d48183af1400032426
:10e83000022043702c0002ae211091000400438c92
:10e840000800648c080003ae0c0004ae0800648c61
:10e85000040092ac080072ac0000438c140002aebd
:10e8600001006324000043ac010002241c00bf8fa0
:10e870001800b28f1400b18f1000b08f0800e003b1
:10e880002000bd27ec81828f2c00428cf6ff001007
:10e890002c0082acec81838f4800828c2c00638c2e
:10e8a000f2ff00102b1043000800e00300000000fe
:10e8b000030080544c00828c0800e0032510000007
:10e8c0002c00858c4800838cffff4224faffa310a4
:10e8d0004c0082acf8ff401400000000e0ffbd27b0
:10e8e0001800b1af040091241400b0af258080005f
:10e8f0001c00bfafa256410f252020020900405442
:10e900004800028e2c00048ed481838f01000224e3
:10e91000041082002710020024104300d48182af2b
:10e920004800028e05000324d481848f23186200de
:10e93000180003ae010003240418430025186400e6
:10e940001400042402284470d48183af01a0033c46
:10e95000ec2e63242c0002ae1c00bf8f2110a300fc
:10e960000400438c0800648c080003ae0c0004ae65
:10e970000800648c040091ac080071ac0000438c6a
:10e98000140002ae1800b18f01006324000043acf4
:10e990001400b08f010002240800e0032000bd270e
:10e9a00042008010000000004800838c2b1065009e
:10e9b0000a2862002c00838c3c00651000000000d7
:10e9c0004c00868c010002243800c21400000000b4
:10e9d0001800828ce0ffbd271c00bfaf1800b2af4b
:10e9e0001400b1af1000b0af040040042c0085ac9f
:10e9f0000500022423284500180085ac01a0023c34
:10ea0000ec2e512414000224022862701400828c1f
:10ea10002118b1001f0043140400922425808000b7
:10ea2000a256410f25204002070040142c00038eff
:10ea3000d481848f01000224041062002710020098
:10ea400024104400d48182afd481848f0100022439
:10ea50000410620025104400d48182af1400022407
:10ea600002206270211091000400438c0800648c25
:10ea7000080003ae0c0004ae0800648c040092ace5
:10ea8000080072ac0000438c140002ae0100632445
:10ea9000000043ac1c00bf8f1800b28f1400b18f70
:10eaa0001000b08f0800e0032000bd270800e0033d
:10eab00000000000f8ffbd270400bfaf0060024067
:10eac000847a027c000c423400608240c000000066
:10ead000d081828f070040100400bf8fec81838fac
:10eae0004400628c01004224440062acec81828fbd
:10eaf0000400bf8f0800e0030800bd27d081828f8b
:10eb0000f8ffbd27110040100400bfafec81828fd9
:10eb10004400428c0e0040100400bf8fec81838fb4
:10eb20004400628cffff4224440062acec81828f7f
:10eb30004400428c060040140400bf8f0060024075
:10eb4000847a027c00608240c00000000400bf8f15
:10eb50000800e0030800bd27c8ffbd271400b1afbf
:10eb6000808806002400b5af25a88000252020025b
:10eb70003000beaf2c00b7af2800b6af2000b4af56
:10eb80001c00b3af3400bfaf1800b2af1000b0af7d
:10eb90002598a00025b0e0004800b78f3131410f23
:10eba0004c00b48f86004010ffff1e245800042440
:10ebb0003131410f259040007f00401025804000fa
:10ebc00058000624252800008066410f25204000bb
:10ebd000300012ae25302002a50005248066410fca
:10ebe000252040028300601630001e8e0500f32ea3
:10ebf000040002240b10f302040012262c0002aec3
:10ec0000480002ae25204002259840007c56410f66
:10ec1000fcff31267c56410f180004262188d103c1
:10ec2000050002242398530025202002100010ae76
:10ec3000180013ae240010ae2530c0022528a00213
:10ec40007048410f0410047c02008012000002aee4
:10ec5000000090aead7a400f00000000dc81828f92
:10ec600001a0113c01004224dc8182afec81828f43
:10ec70006c00401400000000ec8190afdc81838fb9
:10ec80000100022423006214c081828f7356410f59
:10ec9000ec2e242601a0043c7356410f002f84243f
:10eca00001a0043c7356410f142f842401a0043c9e
:10ecb0007356410f282f842401a0043c3c2f842448
:10ecc0007356410f01a0143c01a0133c7356410f31
:10ecd000d82e84267356410fc42e642601a0043c0e
:10ece0007356410fb02e842401a0043c7356410f8b
:10ecf0009c2e842401a0043c882e8424d82e9426a3
:10ed00007356410fc42e7326e88194afe48193af0c
:10ed1000c081828fd481848f0100032401004224aa
:10ed2000c08182af2c00028eec2e312601001e2401
:10ed30000418430025186400d48183af1400032411
:10ed400002204370211091000400438c0800648c61
:10ed5000080003ae0c0004ae0800648c040092ac02
:10ed6000080072ac0000438c140002ae0100632462
:10ed7000000043acbf7a400f00000000d081828fba
:10ed8000100040103400bf8fec81828f2c00038e66
:10ed90002c00428c2b1043000b0040102510c003a8
:10eda000006802400001423400688240c000000058
:10edb000040000103400bf8f8d31410f2520400228
:10edc0003400bf8f2510c0032c00b78f3000be8fda
:10edd0002800b68f2400b58f2000b48f1c00b38f9d
:10ede0001800b28f1400b18f1000b08f0800e0033c
:10edf0003800bd27251000001000042421186202ed
:10ee00000000638021280202040060103400a3a0e7
:10ee100001004224faff44142118620273ff00101b
:10ee2000430000a2d081828fbaff4014c081828f3c
:10ee3000ec81838f2c00028e2c00638c2b104300fe
:10ee4000b3ff4050ec8190afb2ff0010c081828fc1
:10ee5000e0ffbd27b8818227019d053c029d043c4f
:10ee60001400a2af1000a0af2538000080000624d7
:10ee70007893a5241c00bfafd67a400fc8f3842432
:10ee8000010003240d0043141c00bf8f00600340e9
:10ee9000847a037c000c633400608340c00000006f
:10eea000ffff0324bc8183afd08182afd88180afc4
:10eeb0009e48410f000000001c00bf8f00a0023cd4
:10eec0006004428c0800e0032000bd27e0ffbd275e
:10eed0001400b0af1c00bfafad7a400f1800b1af47
:10eee0000200801425808000ec81908f04001126a0
:10eef000a256410f252020020f00401414000324c5
:10ef00002c00058e01a0043c0210a370ec2e84247a
:10ef1000211844000000628c080040542800028e32
:10ef2000d481838f010002240410a2002710020064
:10ef300024104300d48182af2800028e04004010c8
:10ef4000c081828fa256410f18000426c081828f93
:10ef500001004224c08182afec81828f1f005014d7
:10ef60002528200201a0043c7e56410f9c2e8424bb
:10ef7000e081828f01004224e08182afbf7a400f9e
:10ef800000000000ec81828f05005010000000009e
:10ef90008d31410f3000048e8d31410f252000024c
:10efa000d081828f090040101c00bf8fec81828fbe
:10efb000070050141800b18f00680240000142346d
:10efc00000688240c00000001c00bf8f1800b18f95
:10efd0001400b08f0800e0032000bd27dc81828f81
:10efe000ffff4224dc8182aff677400f0000000073
:10eff000e2ff001000000000e8ffbd271400bfafd3
:10f00000ad7a400f0000000001008050ec81848f39
:10f01000bf7a400f2c00848c1400bf8f2510800015
:10f020000800e0031800bd27d8ffbd271000b0afcf
:10f030002400bfaf2000b4af1c00b3af1800b2afc4
:10f04000ad7a400f1400b1af02008014258080001b
:10f05000ec81908f0500a22c040003240a28620092
:10f060004800028e3f0045102b18450045006010f7
:10f0700000000000ec81838f0500701025880000df
:10f08000ec81838f2c00718c2b88b1000100313a08
:10f090002c00148e010054502c0005ae1800028e76
:10f0a00004004004480005ae050002242328450062
:10f0b000180005ae01a0023cec2e522414000224dc
:10f0c00002188272211072001400038e1f00621455
:10f0d00004001326a256410f252060020800405468
:10f0e0002c00028ed481838f01000224041082023e
:10f0f0002710020024104300d48182af2c00028e1e
:10f10000d481848f0100032404184300251864006f
:10f11000d48183af14000324022043702110920095
:10f120000400438c0800648c080003ae0c0004ae9d
:10f130000800648c040093ac080073ac0000438c9e
:10f14000140002ae01006324000043ac060020124c
:10f150002400bf8f006802400001423400688240f2
:10f16000c00000002400bf8f2000b48f1c00b38fac
:10f170001800b28f1400b18f1000b08fbf7a400b0f
:10f180002800bd27ec81918f26883002c0ff001037
:10f190000100312ee0ffbd271400b0af1c00bfaf4f
:10f1a000ad7a400f1800b1af0200801425808000b6
:10f1b000ec81908f04001126a256410f25202002d9
:10f1c0000f004014140003242c00058e01a0043c01
:10f1d0000210a370ec2e8424211844000000628cdd
:10f1e000080040542800028ed481838f010002243d
:10f1f0000410a2002710020024104300d48182af23
:10f200002800028e0400401025282002a256410f3b
:10f21000180004262528200201a0113c7e56410f2b
:10f22000882e24265400029201000324010062501b
:10f23000540000a2bf7a400f00000000d081828fee
:10f240000700401000000000ad7a400f00000000f1
:10f25000f677400f00000000bf7a400f000000006a
:10f26000ec81828f090050141c00bf8fd081828fe7
:10f270000a00401000000000006802400001423413
:10f2800000688240c00000001c00bf8f1800b18fd2
:10f290001400b08f0800e0032000bd27882e238ec5
:10f2a000dc81828f040062541c00bf8fec8180af30
:10f2b000f6ff00101c00bf8f1800b18f1400b08f34
:10f2c000ec78400b2000bd27ec81828fe0ffbd274a
:10f2d0001c00bfaf1800b1af360044101400b0af2f
:10f2e000350080101c00bf8fad7a400f2580800054
:10f2f0001400838c01a0023c882e42242800621452
:10f3000001a0023c2800838cb02e4224250062100c
:10f310001c00bf8f2300601404009124a256410feb
:10f32000252020022c00038ed481848f010002242a
:10f330000410620025104400d48182af01a0023c79
:10f34000ec2e442414000224022862702110a40030
:10f350000400448c0800858c080004ae0c0005ae47
:10f360000800858c0400b1ac080091ac0000448c0e
:10f37000140002ae01008424000044acec81828fb2
:10f380002c00428c2b186200060060141c00bf8ffa
:10f39000006802400001423400688240c000000062
:10f3a0001c00bf8f1800b18f1400b08fbf7a400bc4
:10f3b0002000bd271c00bf8f1800b18f1400b08f34
:10f3c0000800e0032000bd27e0ffbd271000b0af1c
:10f3d00001a0103c1800b2af1c00bfaf1400b1afc9
:10f3e0009c2e102601a0123ce081828f0b0040145d
:10f3f00000000000ec2e428e0200422cfaff401466
:10f4000000000000006802400001423400688240b1
:10f41000c0000000f4ff001000000000ad7a400fb3
:10f42000000000000c00028e0c00518ca256410f0f
:10f4300004002426dc81828fffff4224dc8182af1e
:10f44000e081828fffff4224e08182afbf7a400fcc
:10f45000000000008d31410f3000248e8d31410fae
:10f4600025202002e0ff001000000000e8ffbd277b
:10f470001400bfafad7a400f00000000b481828f4e
:10f48000ffff4224b48182afb481828f0800401014
:10f490000000000025200000bf7a400f000000009f
:10f4a0001400bf8f251080000800e0031800bd275e
:10f4b000dc81828ff7ff401001a0033cb02e622454
:10f4c00001a0063c0c004a8c25406000251000007d
:10f4d00001000924ec2ec62414000b24b02e038d49
:10f4e0001a0060540c00428d030040100000000020
:10f4f000f677400f00000000cc818d8f0a00a0112c
:10f500000000000001000e247a78400f0000000087
:10f5100001004054c8818eafffffad25faffa01552
:10f5200000000000cc8180afc881828fdaff40509c
:10f53000252000000068024000014234006882403b
:10f54000c0000000d4ff0010010004241c00458c02
:10f550002000448c2800438c0800a4ac2000478c79
:10f560000400e5ac0400678c180045240100e55058
:10f57000040064ac0000648c280040ac0800458c9a
:10f58000ffff8424000064ac0c00448c1400438c06
:10f59000040047240800a4ac0c00448c040085ac93
:10f5a0000400658c0100a750040064ac0000648c6a
:10f5b000ffff8424000064ac2c00438cd481858f31
:10f5c000042069002520850002286b70d48184af57
:10f5d0002120a6000400858c0800ac8c080045acf6
:10f5e0000c004cac0800ac8c040087ad0800a7ac44
:10f5f0000000858c140044ac0100a524000085acfb
:10f60000ec81848f2c00848c2b186400b3ff605035
:10f61000c88189afb1ff001000000000e8ffbd27de
:10f620001400bfaf6878400f000000000000838c1a
:10f63000d881868f211065002b28c300000082ac82
:10f640001000a0102b184300100060142b18c200eb
:10f65000257800001b7d400f0000000006004014cc
:10f660001400bf8f006802400001423400688240ed
:10f67000c00000001400bf8f2510e0010800e00367
:10f680001800bd27030060142b18c200f1ff605062
:10f6900025780000252800000278400f232046002e
:10f6a000ecff001001000f24e8ffbd2708008014c4
:10f6b0001400bfaf0068024000014234006882407d
:10f6c000c00000001400bf8f0800e0031800bd2731
:10f6d0006878400f252800000278400f00000000e5
:10f6e0001b7d400f00000000f2ff40101400bf8f90
:10f6f000f5ff001000000000e8ffbd271400bfafb9
:10f700006878400f00000000ad7a400f0000000054
:10f71000cc81828f21104400cc8182afbf7a400f10
:10f72000000000001400bf8f1b7d400b1800bd2798
:10f73000e8ffbd271400bfafad7a400f0000000006
:10f74000c481828f1400bf8f1800bd27000082acd7
:10f75000d881828fbf7a400b040082ace8ffbd27be
:10f760001400bfafad7a400f000000000000a38c72
:10f77000ffff0224d881878f0a0062102530000025
:10f78000c481868f0000888c0c0006110400828cd6
:10f790002b30e2000a00c0142330e2000000a0accd
:10f7a00001000624bf7a400f000000001400bf8f44
:10f7b0002510c0000800e0031800bd272330e20038
:10f7c0002b30c300f5ffc01023186700211862001a
:10f7d000d079400f0000a3acf2ff001025300000ec
:10f7e000ec81828fec81838fec81848f1800428cb6
:10f7f0002c00658c05000324231865000800e00335
:10f80000180083acec81828f0500401000000000de
:10f81000ec81838f4c00628c010042244c0062ac6e
:10f82000ec81828f0800e00300000000e0ffbd27ac
:10f830001800b2af1400b1af1000b0af1c00bfafe2
:10f8400025888000ad7a400f2590a000ec81828f42
:10f850001400902480181000211043000000428cf6
:10f860000d00401400000000ec81828f0100032491
:10f8700021104400540043a00700c0102520c00000
:10f880000278400f01000524006802400001423464
:10f8900000688240c0000000bf7a400f00000000f6
:10f8a000ad7a400f00000000ec81828f80181000bc
:10f8b000211043000000458c0600a010000000004d
:10f8c000ec81828f0f004012ffffa4242118430017
:10f8d000000060acec81848f21209100540080a056
:10f8e000bf7a400f000000001c00bf8f2510a00051
:10f8f0001800b28f1400b18f1000b08f0800e00321
:10f900002000bd2721184300000064acf1ff001067
:10f9100000000000e0ffbd271800b2af1400b1af37
:10f920001000b0af1c00bfaf258080002588c0004c
:10f930002590e000ad7a400f3000a48fec81828fdb
:10f940000200032421105000540042901400621061
:10f9500000000000ec81828f80181000272805002d
:10f96000211043005000438c2428a300500045acd4
:10f97000ec81828f0100032421105000540043a029
:10f9800007008010000000000278400f01000524ed
:10f99000006802400001423400688240c00000005c
:10f9a000bf7a400f00000000ad7a400f0000000059
:10f9b0000700401200000000ec81828f1400032633
:10f9c00080180300211043000000428c000042ae6a
:10f9d000ec81828f020003242520000021105000ba
:10f9e000540042900900621400000000ec81828ff4
:10f9f0008018100027881100211043005000438c0c
:10fa00000100042424882302500051acec81838f30
:10fa100021807000540000a2bf7a400f0000000057
:10fa20001c00bf8f251080001800b28f1400b18f0a
:10fa30001000b08f0800e0032000bd27e8ffbd27bd
:10fa40002800a88f1400bfafad7a400f000000005f
:10fa5000050000111400a224801002002110820071
:10fa60000000428c000002ad21108500540043903c
:10fa700002000824540048a0020002242300e210df
:10fa8000ff0063300300e82c0e000051030008243f
:10fa9000010002241700e250802805000100022422
:10faa000210062500800858c01000724bf7a400fb6
:10fab000000000001400bf8f2510e0000800e003e4
:10fac0001800bd270500e81004000824f4ffe854de
:10fad00001000224f5ff6210253800001400a5245f
:10fae00080280500212885000000a6acecff00104e
:10faf00001000224212885005000a28c25304600f8
:10fb00005000a6ace6ff001001000224802805008a
:10fb1000212885005000a28c010042245000a2ac94
:10fb2000dfff0010010002240c00838c1400828c83
:10fb3000040086240800a3ac0c00838c040065ac90
:10fb40000400458c0100a650040043ac0000438c27
:10fb5000ffff6324000043ac2c00838cd481858f8d
:10fb6000010002240410620025104500d48182aff8
:10fb700001a0023cec2e45241400022402386270dd
:10fb80002110e5000400458c0800a78c080085ac16
:10fb90000c0087ac0800a78c0400e6ac0800a6acfb
:10fba000140082ac0000448c01008424000044acaa
:10fbb000ec81828f2c00428c2b184300bbff6050dd
:10fbc00001000724006802400001423400688240be
:10fbd000c0000000b5ff001001000724d0ffbd27c2
:10fbe0002400b4af4000b48f2800b5af2000b3affd
:10fbf0001c00b2af1800b1af1400b0af2590800068
:10fc00002c00bfaf2580a00025a8c0002598e000eb
:10fc1000b148410f4400b18f0600801225204000fa
:10fc20001400032680180300211843020000628c90
:10fc3000000082ae211050025400439002000524bf
:10fc4000540045a00200022428006212ff00633025
:10fc50000300652e1300a0500300052401000224b8
:10fc60001c006252808010000100022426006210f5
:10fc700001001324d548410f000000002c00bf8f65
:10fc8000251060022800b58f2400b48f2000b38fa8
:10fc90001c00b28f1800b18f1400b08f0800e00371
:10fca0003000bd270500651204000524efff6556ee
:10fcb00001000224efff62102598000014001026b6
:10fcc0008080100021805002000015aee7ff001078
:10fcd00001000224218050025000068e2530d500fc
:10fce000500006aee1ff00100100022480801000e9
:10fcf000218050025000028e01004224500002aeca
:10fd0000daff001001000224b481828f2f0040141a
:10fd10002c00458e0800468e0c00438e1400428e47
:10fd20000800c3ac0c00438e0400478c040066ac92
:10fd3000040046260100e650040043ac0000438c5a
:10fd4000ffff6324000043acd481828f01000324b1
:10fd50000418a30025186200d48183af01a0033cde
:10fd6000ec2e6224140003240238a3702118e20050
:10fd70000400628c0800478c080042ae0c0047aebd
:10fd80000800478c0400e6ac080046ac0000628c1a
:10fd9000140043ae01004224000062acec81828f6b
:10fda0002c00428c2b284500b2ffa0100100132428
:10fdb0000200201201000224000022ae01000224f1
:10fdc000c88182afabff00100100132401a0023ce8
:10fdd000b02e46240400c38c0800678c1c0043ae80
:10fde000200047ae0800688c18004726040007adc5
:10fdf000080067acb02e438c280046ae0100632497
:10fe0000b02e43ace5ff001000000000e0ffbd276e
:10fe10001400b1af1000b0af2588a000258080008d
:10fe20001800b2af1c00bfafb148410f2590c00011
:10fe300021181102020005248088110054006490ea
:10fe400021881102540065a05000238e0100632414
:10fe5000500023ae01000324310064141c00bf8f46
:10fe6000b481838f340060142c00058e0800068e48
:10fe70000c00048e1400038e040008260800c4ac95
:10fe80000c00048e040086ac0400668c0100c8508f
:10fe9000040064ac0000678cffffe724000067ac3f
:10fea000d481848f010003240418a3002518640062
:10feb000d48183af01a0033cec2e672414000324fb
:10fec0000220a370211887000400678c0800e48cce
:10fed000080007ae0c0004ae0800e48c040088acf7
:10fee0000800e8ac0000678c140003ae0100e724b2
:10fef000000067acec81838f2c00638c2b2865009d
:10ff00000700a0101c00bf8f020040120100032454
:10ff1000000043ae01000324c88183af1c00bf8fe3
:10ff20001800b28f1400b18f1000b08f2520400050
:10ff3000d548410b2000bd2701a0073cb02ee4248a
:10ff40000400838c0800668c1c0003ae200006ae03
:10ff50000800688c18000626040006ad080066ac90
:10ff6000b02ee38c280004ae01006324b02ee3ac75
:10ff7000e0ff001000000000e8ffbd270200801431
:10ff80001400bfafec81848fad7a400f2120850033
:10ff9000540082900200032403006214252800000c
:10ffa000540080a001000524bf7a400f000000002b
:10ffb0001400bf8f2510a0000800e0031800bd2723
:10ffc000e8ffbd27020080141400bfafec81848fce
:10ffd000ad7a400f80280500212085005000858cd7
:10ffe0005000828c273006002430c200500086acbe
:10fff000bf7a400f000000001400bf8f2510a00042
:020000041d02db
:080000000800e0031800bd2711
:020000040000fa
:020000041d02db
:100008000800e0030000000000a0033c880263240d
:1000180005008314ffff022414008390010063305d
:10002800010060541000828c0800e003000000000a
:1000380000a0023c88024224030044100000000093
:100048000800e003251000000200e010200003244f
:100058000000e3acfaffa0102000c62cf8ffc01483
:100068002520a000e8ffbd27200006241400bfaf0c
:10007800d665410f240045241400bf8f20000224b8
:100088000800e0031800bd27401003240d00831466
:10009800ffff022400a0043c8802842414008390fb
:1000a800010065300700a010020065300500a014ab
:1000b80000000000010002244408437c140083a0cf
:1000c800251080000800e0030000000000a0023caa
:1000d8008802422406008214000000001400829066
:1000e80001004330020060104408027c140082a022
:1000f8000800e0030000000000a0033c880263241d
:100108001c00831425100000140083900400633041
:1001180018006010000000003c00828ce8ffbd273a
:100128001000b0af1000428c258080000800848c3d
:100138001400bfaf09f84000000000008800028edc
:10014800059d033cb0536324801002002110430036
:100158000000428c09f84000252000021400029299
:100168001400bf8f1000b08f0001427c0800e0032c
:100178001800bd270800e003000000000800e003a5
:10018800010002242000a28ce8ffbd271000b0afb8
:10019800242082001a00a2841400bfaf2580a0008a
:1001a800212082000000848c6800a28c4010062464
:1001b80009f84000010005240801028e1400bf8fd1
:1001c80001004224080102ae1000b08f0800e003cd
:1001d8001800bd272510c0005800d98c2530a00074
:1001e80025288000080020035400448c00110400d6
:1001f80000404330c211040004004230251043007f
:1002080042190400080063302510620080190400b8
:100218004020633025186200c0100400800342307b
:1002280025184300801004002000423025104300a8
:100238004008847c0800e0032510820000a0033ced
:100248008802632402008314251000009400828c25
:100258000800e00300000000d8ffbd271c00b2af73
:100268001400b2901800b1af1000918c1400b0af18
:100278002400bfaf2000b3af2580a0000100523298
:10028800070020162400bf8f2000b38f1c00b28ff8
:100298001800b18f1400b08f0800e0032800bd27b4
:1002a8000000338e0e004012000020ae6c00028e5b
:1002b800030040100500052409f84000e800042662
:1002c8000800258e0ace400f252000026c00028e01
:1002d800030040100600052409f84000e800042641
:1002e8001a0003860400228e2110430005004012e4
:1002f8000000448c1000229604004230060040544e
:100308002000828c6400028e09f840000000000082
:10031800dbff001025886002c418027cfcff001077
:10032800200082ace0ffbd271400b0af2580a000fc
:100338001800b1af25288000258880001c00bfafb9
:100348000acd400f252000020c0040505c00198e99
:100358002000038e241043001a0003862110430056
:100368000000448c1000828c000040ac6400028eb7
:1003780009f84000000000005c00198e25282002c2
:100388005400048e1c00bf8f1800b18f1400b08f6a
:10039800080020032000bd27e0ffbd271400b0aff0
:1003a8002580a0001800b1af25288000258880008e
:1003b8001c00bfaf0acd400f2520000209004010e5
:1003c800401006242000038efeff0524241043005d
:1003d8001a000386211043006800038e09f86000a4
:1003e8000000448c5c00198e252820025400048edd
:1003f8001c00bf8f1800b18f1400b08f08002003b5
:100408002000bd2714008290e8ffbd271000b0af80
:10041800cf004230140082a01400bfafad57410f87
:10042800258080001400bf8f740002ae880000aee3
:100438001000b08f0800e0031800bd27d8ffbd27c3
:100448001c00b1af3c00918c1800b0af2580800033
:100458001c00228e0c00848c2000b2af2400bfaf99
:1004680009f840001000a0af010012240900521042
:100478002400bf8f2000228e09f840000c00048e53
:10048800090040507c00028e0381400f25200002a5
:100498002400bf8f2000b28f1c00b18f1800b08fce
:1004a8000800e0032800bd2701004230f6ff401095
:1004b800000000000c00048e3400228e09f8400071
:1004c8001000a5271000a58f0040032400800234e7
:1004d8000100a5300b106500252840008000028e21
:1004e8008400068e252000022528a20031cc400f6a
:1004f800800005ae14000292880000ae0421427efe
:10050800e3ff0010140002a2e0ffbd271800b1affe
:100518003c00918c1400b0af258080001c00228e16
:100528000c00848c1c00bfaf09f8400000000000dc
:1005380001000324140043101c00bf8f2000228eea
:1005480009f840000c00048e070040503c00228e41
:10055800252000021c00bf8f1800b18f1400b08f37
:100568000381400b2000bd270c00048e7c0006266a
:1005780009f8400025280000f5ff40040400022483
:10058800880002ae1c00bf8f1800b18f1400b08f16
:100598000800e0032000bd27e0ffbd271800b2af28
:1005a8003c00928c1000b0af258080001c00428e69
:1005b8000c00848c1400b1af1c00bfaf09f84000d8
:1005c80001001124160051101c00bf8f2000428e1c
:1005d80009f840000c00048e080040507c00028e90
:1005e800252000021c00bf8f1800b28f1400b18fa5
:1005f8001000b08f0381400b2000bd27010042305e
:10060800f8ff4010252000021400028e0001427cf1
:100618000800511402000224880000ae1c00bf8f9d
:100628001800b28f1400b18f1000b08f0800e003db
:100638002000bd27f9ff0010880002ae3c00828c24
:10064800e8ffbd271000b0af7c008624258080001d
:100658004000428c0c00848c1400bfaf2538000089
:1006680009f8400025280000050041042520000263
:100678001400bf8f1000b08f0381400b1800bd27f6
:100688001400bf8f01000224880002ae1000b08f52
:100698000800e0031800bd2714008290e8ffbd277a
:1006a8001000b0af200042301400bfaf0c0040145f
:1006b80025808000ad57410f000000007400038eb4
:1006c800231043007800038e2b1043000b004014c6
:1006d80001000324140002924429627c140002a23f
:1006e800140002920800433008006014010003243b
:1006f8000421627c140002a2880000ae1400bf8f9f
:100708001000b08f0800e0031800bd273c00028edf
:100718000c00048e253000003800428c09f8400097
:100728002528000005004104252000021400bf8f81
:100738001000b08f0381400b1800bd27030002246e
:10074800eeff0010880002aed0ffbd2700a0023cdb
:100758001c00b0af880250242c00bfaf2800b3aff4
:100768002400b2af030004122000b1af6b000010e8
:1007780025880000259840006c00028e2590c00056
:100788002588a0001400a0af050040101000a0affd
:1007980000a0043c0500052409f8400070038424e7
:1007a80000a0053c880264261400a7271000a6278d
:1007b800bbce400f3003a524259840006c00028e64
:1007c800040040100600052400a0043c09f840007d
:1007d80070038424ffff62260200422c110040545b
:1007e80001000224550060560001028e1400a28ff9
:1007f800060043902024037c060081041000633027
:100808000300429001004230251043001d00405073
:10081800f000028efc00028e01004224fc0002aeb1
:10082800f5ff022404002052b000028e1800401088
:10083800000022aeb000028e38004050258800002b
:100848006c00028e0400401000a0043c0500052442
:1008580009f8400070038424b000058e0ace400fca
:10086800252000026c00028ec0ff401000a0043c4e
:100878000600052409f840007003842427000010ae
:10088800258800000100422430002016f00002ae46
:100898002000038eb000028e241043001a00038645
:1008a800211043000000518cb40002961000238ee2
:1008b800fcff4424eeff4224000060acb40004a610
:1008c8000c0062a40800628c140022ae0e004224c0
:1008d800ad57410f180022ae240022ae2000228e10
:1008e8001400a48f0431027c08004334200023ae96
:1008f80003008390400065301600a050201c037c44
:100908002800423405004012200022ae0000828cec
:10091800000042ae0400828c040042ae2c00bf8f5f
:10092800251020022800b38f2400b28f2000b18f39
:100938001c00b08f0800e0033000bd2701004224ee
:10094800000102aeb7ff0010f6ff0224d0ff00102e
:10095800000020aeebff630418004234e9ff0010ea
:100968004800423400a0033cd0ffbd27880263241e
:100978002c00bfaf2800b2af2400b1af2000b0af49
:100988001000a0af1400a0a713008314faff0224dc
:100998002588a0004400928c0700a010ffff1024b7
:1009a800060006241000a5272f65410f25202002e8
:1009b8000f00401425282002252040028d28410fd1
:1009c800008005342530000025380000a928410f93
:1009d80025204002251000002c00bf8f2800b28f70
:1009e8002400b18f2000b08f0800e0033000bd273d
:1009f80006000624d665410f1800a427c104053c4b
:100a08001800a2271e00a827b71da52400004390a0
:100a1800080004244038100001006630c24f10005e
:100a28002630c9002680e500ffff84240a80e600fe
:100a3800f8ff801442180300000043a0010042247c
:100a4800f2ff021589bf043c0007027e0200401431
:100a5800589083244890832401000224c025107ee6
:100a680004800202000070ac008005349128410f18
:100a780025204002d8ff001025100000d8ffbd2710
:100a88001800b1af00a0113c1400b0af88023026a6
:100a98002400bfaf2000b3af1c00b2af370004166c
:100aa800faff02242590c0001900a0102598a00084
:100ab8006c00028e0400401000a0043c05000524d0
:100ac80009f840007003842400a0053c7c03a52499
:100ad8001dcf400f8802242600a0053c8003a524d2
:100ae8002dcf400f880224266c00028e040040108f
:100af80000a0043c0600052409f840007003842483
:100b080018000624f0000526d665410f252060024e
:100b18001a004012251000006c00028e04004010dc
:100b280000a0043c0500052409f84000740384244f
:100b380000a0053c9403a5243dcf400f880224263d
:100b48000c01028e5000038e211043000c0102aeee
:100b58006c00028e0400401000a0043c060005242e
:100b680009f84000740384241000062408010526af
:100b7800d665410f25204002251000002400bf8fb4
:100b88002000b38f1c00b28f1800b18f1400b08ff3
:100b98000800e0032800bd27d8ffbd272000b3af19
:100ba80000a0133c880273262400bfaf1c00b2af1c
:100bb8001800b1af1400b0af08006416faff0224a1
:100bc8000300e0102580a000080002240000e2ac29
:100bd800090000160900d22c251000002400bf8f40
:100be8002000b38f1c00b28f1800b18f1400b08f93
:100bf8000800e0032800bd27080002240b10d200db
:100c08002800062402104670059d113ce453312645
:100c180021905000f0ff1212252000022528200202
:100c28009466410f240006240c00228e4400648e32
:100c38002800102609f8400010003126f5ff0010a2
:100c4800fcff02aedf28410b00000000dd28410b4d
:100c580000000000db28410b00000000d928410bf0
:100c680000000000d728410b00000000e8ffbd2766
:100c78001400bfaf5028410f000000001400bf8fc0
:100c88000800e0031800bd27d528410b000000002c
:100c9800d328410b0000000000a0023ce0ffbd2764
:100ca800880242241800b1af1c00bfaf1400b0afd7
:100cb80010008214faff11241000838c0200022411
:100cc8000c006214feff11240a00a0102588000001
:100cd8004400848cc628410f2580a000030002240c
:100ce800080002ae010002240c0002aedc0502245a
:100cf800100002ae1c00bf8f251020021400b08f18
:100d08001800b18f0800e0032000bd27d8ffbd27d9
:100d18001000b0af00a0103c880210261800b2af37
:100d28002400bfaf2000b4af1c00b3af1400b1afb4
:100d380020000416259000002588a0002590c000fa
:100d48004400138e2400c0109000148e03008012fb
:100d580000000000505f410f8c00048e7d80400f22
:100d6800252020029000038e258823029800038ef8
:100d7800900011ae2518620003002016980003aefb
:100d88000c000010010012249c00118e2520600226
:100d98002788110024882202e128410f25282002f3
:100da80025206002e428410f25282002674f410fc3
:100db8008c00048e2400bf8f251040022000b48fc1
:100dc8001c00b38f1800b28f1400b18f1000b08fc1
:100dd8000800e0032800bd2705008052248834025b
:100de800505f410f8c00048e259040002488340207
:100df8007d80400f2520200225a040009000028e13
:100e0800278811002718140024105100900002ae02
:100e18009800028e252880022520600224104300b5
:100e2800980002ae9400028e24882202940011ae2b
:100e38009c00028e241862009c0003aee728410f34
:100e48000000000025288002e128410f25206002cb
:100e58009000028ed7ff4050010012248c00048eaf
:100e6800645f410f25284002d2ff001001001224c0
:100e780000a0033c880263242f008314251000007f
:100e88009000838c2c00601000000000d8ffbd2764
:100e98001c00b3af1000b0af4400938c25808000d5
:100ea8002520a0002400bfaf2000b4af1800b2afc7
:100eb8001400b1af7d80400f2588a0008c00048eff
:100ec80025904000505f410f278811009400058e3f
:100ed80025a040002718120024882502940011ae8e
:100ee8009c00028e252840022520600224186200fa
:100ef8009c0003aee128410f0000000025284002b5
:100f0800e428410f252060028c00048e645f410fa5
:100f1800252880022400bf8f010002242000b48ffe
:100f28001c00b38f1800b28f1400b18f1000b08f5f
:100f38000800e0032800bd270800e00300000000c7
:100f4800c8ffbd273000b7af2c00b6af2800b5af3b
:100f58002000b3af1c00b2af3400bfaf2400b4af61
:100f68001800b1af1400b0af25b080000100b53053
:100f78004000b77c0400b230259800003500761296
:100f880000a0143c88029026260005966000028e78
:100f980025300000f2ffa524ffffa53009f8400026
:100fa800380004242b004010258840000400a012bb
:100fb8001000428c1000439404006334100043a4d2
:100fc800029d033c60026324080023ae0600e01281
:100fd8000c0030ae0e0045944400048ef0ffa5309e
:100fe800ad28410f260005a607004012000020aedc
:100ff8006c00028e0400401000a0043c050005248b
:1010080009f84000700384241000258e8802842685
:101018002538a0020100062415cd400f0800a5249c
:101028000700401225a040006c00028e040040100a
:101038000600052400a0043c09f84000700384243d
:1010480010008052010073266400028e09f84000e7
:10105800252020023400bf8f251060023000b78f92
:101068002c00b68f2800b58f2400b48f2000b38fd2
:101078001c00b28f1800b18f1400b08f0800e00375
:101088003800bd27bdff001025b80000d0ffbd27e0
:101098002800b2af2400b1af2c00bfaf2000b0af22
:1010a800259080002588a0001000a0af1400a0aff4
:1010b8000800a0101800a0af00a0023cf402428c67
:1010c8000400401000a0043c0500052409f8400075
:1010d8007403842400a0103cd00210264dcf400f8a
:1010e8002520000214004014252840000700201283
:1010f80000a0023cf402428c0400401000a0043c12
:101108000600052409f840007403842400a0103c5c
:10111800880210264dcf400f1000a4270a00401463
:101128002c00bf8f2800b28f2400b18f2000b08f11
:101138000800e0033000bd275ccf400f1000a42753
:10114800e6ff0010000000006800038e401006242f
:101158002528400209f8600025204000edff001016
:1011680000000000d8ffbd271800b1af00a0113c57
:101178001400b0af880230268c00048e2400bfaf64
:101188002000b3af505f410f1c00b2af252800000c
:101198000ecc400f25200002974f410f8c00048e83
:1011a8005080828f0c0002560c00048e505f410f55
:1011b8008c00048e974f410f8c00048e940000ae73
:1011c800a00000ae900000ae980000ae9c0000aefb
:1011d800508080af0c00048effff1224050092108f
:1011e8003c00138e1800628e09f8400000000000d1
:1011f8000c0012ae0800048effff122406009210a5
:10120800880227260800628e09f8400000000000c6
:10121800080012ae88022726029d063c2520e00021
:10122800a003c624dfcc400f0200052425280000b7
:101238002584400ffeff042488022726029d063cd1
:101248002c03c62401000524dfcc400f2520e00034
:101258002400bf8f100000ae140000a62000b38f3a
:101268001c00b28f1800b18f1400b08f0800e00383
:101278002800bd27d8ffbd271000b0af00a0103c44
:10128800880210262400bfaf2000b4af1c00b3af03
:101298001800b2af440090141400b1af140082904b
:1012a8000100423040004010258880003c00938cab
:1012b8001000628e09f840000800848c1000328efd
:1012c80001000224390042162400bf8f0c00348e1e
:1012d8001c00628e09f8400025208002330052105d
:1012e8002400bf8f2000628e09f84000252080026c
:1012f80016004010259840005b84400f0000000055
:10130800ffff02248162410f100022ae2700401027
:101318002400bf8f7b62410f00000000253060026f
:101328002400bf8f2000b48f1c00b38f1800b28f29
:101338001400b18f1000b08f069d053c8899a52434
:1013480025204000ef29410b2800bd2714000292f8
:101358003400068e8410427e0100c3301a006010eb
:10136800140002a2c418427e140002a2ad57410f15
:1013780000000000cf57410f740002ae3200039600
:10138800880000ae02106270e8030324e7034224d9
:101398001b004300f401600012100000780002ae48
:1013a80002000224100002ae2400bf8f2000b48f78
:1013b8001c00b38f1800b28f1400b18f1000b08fcb
:1013c8000800e0032800bd270200c6300100c05411
:1013d8000f0006247000058e31cc400f2520000236
:1013e800e2ff00100000000000a0023c8802422436
:1013f80007008214000000001400829001004230af
:1014080003004010000000005b84400b0000000057
:101418000800e00300000000059d023ca853438c2f
:10142800a853422404004294a0ffbd275000b2af45
:101438004400a2a7401002245c00bfaf5800b4af1c
:101448005400b3af4c00b1af4800b0af4000a3aff9
:101458003800a0af3c00a0a708008214ffff1224a8
:1014680000a0103c880210261400029201004330ac
:101478000b00601002004230259000025c00bf8f14
:10148800251040025800b48f5400b38f5000b28f1b
:101498004c00b18f4800b08f0800e0036000bd2702
:1014a800f7ff40145c00bf8f0400b18c0c00228e43
:1014b800f4ff4010251040020800b38cf2ff6012c0
:1014c8005800b48f1800628eefff401025104002bc
:1014d8001c00628eeaff401000a0043c14010624a0
:1014e800252800008066410f8c0284243c000224d9
:1014f8008c0002ae0c00228e36002396fcff0424da
:10150800540002ae0400228e0c0012ae080012ae87
:10151800580002ae0800228e20000624252860020a
:101528005c0002ae300022961a0002a63200229613
:101538001c0002a61000228e600002ae1400228e4b
:10154800640002ae1800228e180003a6680002aede
:101558001c00228e6c0002ae010062300b908200eb
:1015680024000426d665410f200012ae24000296fe
:101578000400422c0200401004000224240002a6a9
:10158800260002968000442c030080148000032467
:101598000f004224f0ff433088bf123c00905236bf
:1015a8003c000424260003a6505f410f440012aefd
:1015b800d1cb400f252000028c00048e974f410f9d
:1015c800ffff1424000605243328410f252040027c
:1015d8003c00138e4000058e0000628e09f8400022
:1015e800252000008000541000000000080002ae12
:1015f8001400628e0300052409f84000252000002d
:101608007900541000a0063c4000038ef802c6245e
:10161800080064941800a5270c0002ae1800a4afb7
:101628003400048e1c00a4af0c00648c1400638c7e
:101638002000a4af2800a3af2c00638e0f00042461
:101648002400a4af09f8600025204000ffc005343d
:101658008d28410f25204002059d023cc453422499
:10166800252800002518000001000724080006248a
:1016780004206700570084300300801001006324b1
:101688000000448c2528a400f9ff661404004224b5
:1016980088bf123c9128410f009044363000052441
:1016a8009528410f00904436020005249928410fdf
:1016b80000904436252800009b28410f00904436ae
:1016c8009d28410f00904436a128410f00904436d0
:1016d800a528410f00904436060006243800252628
:1016e800d665410f3000a427060006244000a52730
:1016f8002f65410f3000a42708004010060006247b
:101708003800a5272f65410f3000a427030040109b
:101718003000a527b928410f0090443624000596cb
:10172800029d123c1000b0afdc01472602000624df
:1017380071cc400f25200002240003962a00431490
:10174800dc014726280005961000b0af01000624ea
:1017580071cc400f25200002280003962200431474
:10176800000000002a0012961b0040160300052402
:101778002c001396200060165080828f10000212f1
:101788002590000218004014000000008c00048e10
:101798002000338e505f410f2400318e974f410f48
:1017a8008c00048e940000ae900000ae980000ae4d
:1017b8009c0000aea00013aea40011ae508090af04
:1017c8001400039201000224100002ae0400437cbe
:1017d8002aff0010140003a2d283400f25204002e4
:1017e800e4ff42522c0013965b84400fffff122443
:1017f80023ff00105c00bf8f0100452e4028050024
:10180800d283400f25206002f7ff62165080828f36
:10181800daff001000000000c8ffbd272800b2afa3
:1018280000a0123c2000b0af3400bfaf3000b4af0e
:101838002c00b3af2400b1af1900801088025026e5
:101848006c00028e050040102588800000a0043c32
:101858000500052409f840007403842400a0133c03
:10186800d00273262000228e0000348e2528200204
:1018780008004234200022ae5ccf400f25206002d1
:10188800f8ff8016258880026c00028e0400401044
:101898000600052400a0043c09f8400074038424d1
:1018a8001800029604004230100040546c00028e6a
:1018b80014000292100042300b004014010005246d
:1018c8002584400fffff04243400bf8f3000b48ffd
:1018d8002c00b38f2800b28f2400b18f2000b08f66
:1018e8000800e0033800bd276c00028e1000a0af8e
:1018f8001400a0af050040101800a0af00a0043ce1
:101908000500052409f840007403842400a0113c54
:10191800d00233264dcf400f252060022500401409
:10192800252840006c00028e0400401006000524a3
:1019380000a0043c09f84000740384241000a28f1e
:101948000c0040506c00028e1000458cb3cd400f47
:10195800880244261d004010030003241900435444
:101968001001028e1401028e01004224140102aefd
:101978006c00028e0400401000a0043c0500052401
:1019880009f84000740384241000a52767cf400f8e
:10199800d00224266c00028ecbff401006000524de
:1019a80000a0043c09f8400074038424c7ff001019
:1019b8003400bf8f5ccf400f1000a427d5ff001064
:1019c8000000000001004224100102ae4dcf400f7c
:1019d8001000a427daff00101000a28f00a0033c1b
:1019e8008802632418008314faff0224e8ffbd2745
:1019f800029d063c1000b0af253880002580a0006d
:101a08008c01c6241400bfaf61ce400f252800000a
:101a180025100002080040541000438c0886400f2f
:101a280025200002010002241400bf8f1000b08f8f
:101a38000800e0031800bd27fbff6050f5ff0224f3
:101a4800f4ff00100000428c0800e00300000000d2
:101a5800d8ffbd2700a0023c1800b0af8802502470
:101a68001c00b1af2400bfaf258840002000b2aff2
:101a780028000416faff0224029d063c25380002bd
:101a88008c01c62461ce400f252800000886400f2f
:101a9800252000002e0012961e004012251000007e
:101aa8006c00028e050040101000a0af00a0043c9e
:101ab8000500052409f84000700384241000a527b8
:101ac8002dcf400f880224266c00028e040040109f
:101ad8000600052400a0043c09f840007003842493
:101ae8001000a28f2b1842020a0060542510000033
:101af80030000496040080140000000023204202f5
:101b08000400801025100000d283400f0400052433
:101b1800251000002400bf8f2000b28f1c00b18f59
:101b28001800b08f0800e0032800bd27d8ffbd27a4
:101b38001c00b3af18011324021093701400b1af46
:101b480000a0113c880231262000b4af1000b0afcd
:101b5800258080001800b2af2400bfaf2198510043
:101b68004400748eea28410f252080029800728e66
:101b78002490520028004012180102249c00628e12
:101b88000219120025284002251052009c0062ae5e
:101b98009400648e00046230c019120000026330a1
:101ba8002518620040111200251864000001423017
:101bb8002518620082111200810042302518620047
:101bc800c210120070004230251862008210120004
:101bd800080042302518620040101200060042300a
:101be80025186200940063aee728410f2520800283
:101bf80025284002e128410f25208002a000628e9e
:101c080005004050180102249400648e09f8400031
:101c1800a400658e18010224021802722400bf8fe6
:101c28002000b48f1c00b38f1800b28f2180710080
:101c38008c00048e1400b18f1000b08f974f410ba9
:101c48002800bd27cd86400b25200000d0ffbd27ea
:101c58002c00bfaf2800b4af2400b3af2000b2af50
:101c68001c00b1af0b0080141800b0af25a0000015
:101c78002c00bf8f251080022400b38f2800b48f5a
:101c88002000b28f1c00b18f1800b08f0800e0034d
:101c98003000bd270000a0ac2580e0000000c0aceb
:101ca8002588c0000000e0ac2590a0001000a7af78
:101cb8002538c0002530a000029d053cb050a52461
:101cc800bc66410f2598800003000324e8ff4310f9
:101cd80001001424029d053c2538200225304002cd
:101ce800bc50a524bc66410f2520600202000324d5
:101cf80003004354029d053cddff0010000000aec8
:101d080025304002c450a524bc66410f252060023e
:101d1800d7ff545425a00000f7ff0010000020aea4
:101d280025180000200005242110830000004280af
:101d38000800401000000000e0ff4224ff0042308d
:101d48005f00422c0500401001006324f7ff655432
:101d5800211083000800e003010002240800e003ca
:101d680025100000d0ffbd271800b0af7482908ff7
:101d78001c00b1af2c00bfaf2800b4af2400b3af34
:101d88002000b2af0f000012010011240438107cab
:101d98000c00001225288000259080002480848f64
:101da800ffff14321efe400f253080020e00401443
:101db80025884000029d053cc850a524ef29410f05
:101dc800252000002c00bf8f251020022800b48f8a
:101dd8002400b38f2000b28f1c00b18f1800b08f81
:101de8000800e0033000bd272880828f2b185000a0
:101df80006006010029d053c0451a524ef29410fff
:101e080025200000efff00102588000001a0133cea
:101e1800d0cd73262480848f2198620225308002d9
:101e2800dbfd400f2528600204004014258840008f
:101e3800029d053ce1ff00104851a5242530000013
:101e480021104602000047902110660200004290cf
:101e58000800e210029d053c9051a5241000a2af95
:101e6800ef29410f25200000029d053ce3ff0010eb
:101e7800f051a5240100c624f2ff061621104602df
:101e88007482938f239870020400601225306002d8
:101e980021285002e161410f252040022480828fd1
:101ea800748293af21805000c6ff0010248090af49
:101eb800029d053cd8ffbd272852a52425200000f7
:101ec8002400bfaf2000b1afef29410f1c00b0af15
:101ed800019d023cb893438cb8934224040042907d
:101ee800050005241000a4271000a3af2d5d410fa5
:101ef8001400a2a3029d053c253040005c52a52495
:101f080025200000ef29410f258840001c81033c53
:101f18001000a2271500a527c59d70340000439026
:101f280001004224261870000031030040200300fd
:101f38002120860021208300c03103000086030091
:101f480021208600001a030021188300f3ffa21441
:101f580021800302029d053c253000028c52a524f5
:101f6800ef29410f252000000a003016029d053c8c
:101f7800029d053cc052a524ef29410f25200000f1
:101f88002400bf8f2000b18f1c00b08f0800e00331
:101f98002800bd27f8ff0010ec52a524029d053c3f
:101fa80028ffbd272853a52425200000d400bfaf53
:101fb800d000beafcc00b7afc800b6afc400b5af55
:101fc800c000b4afbc00b3afb800b2afb400b1af9b
:101fd800ef29410fb000b0afd3fd400f0000000063
:101fe80012004014029d053c6453a52425200000de
:101ff800ef29410f25f04000d400bf8f2510c00302
:10200800cc00b78fd000be8fc800b68fc400b58f84
:10201800c000b48fbc00b38fb800b28fb400b18fca
:10202800b000b08f0800e003d800bd270700063cc9
:10203800029d053c010002240080c6349853a52463
:1020480025200000ef29410f788282a3a05b410f71
:10205800000404241400401425804000029d053c1f
:10206800c453a524ef29410f25200000a05b410f90
:10207800000204240800401425804000029d053c0d
:10208800f853a524ef29410f25200000788280a36a
:10209800d9ff001025f00000029d053c2c54a52412
:1020a800ef29410f25200000009d123c2090463664
:1020b800200005248b49410f8400a42709004014ff
:1020c80025f04000029d053c5454a524ef29410ffa
:1020d80025200000b760410f25200002c6ff001030
:1020e800788280a340904636200005248b49410f12
:1020f8006400a4270400401425f04000029d053c1c
:10210800f2ff00108054a524029d053c8400a627f8
:10211800b054a524ef29410f25200000029d053c5d
:102128006400a627d054a524ef29410f25200000dc
:102138000700143c1c81023c008094360080523613
:10214800c59d51340104932e000402240b10930200
:102158002530400225284000252000028b49410fe8
:10216800259840000500401425f040002530400225
:10217800029d053c6a000010f454a52425200000a7
:10218800211004020000429001008424261051000e
:102198000029020040180200211865002118620079
:1021a800c0290200008e02002118650000120200fa
:1021b80021106200f2ff64162188220223a09302f4
:1021c800e0ff801621905302029d053c01a0123cbd
:1021d800fc285226253020023055a524ef29410f2e
:1021e800252000004c000624252800008066410fa9
:1021f800252040021f0006248400a5279466410f6d
:102208002520400201a0043c1f0006246400a527e5
:102218009466410f1c2984240700023c0080423444
:1022280000200424400042ae6cfe400f440051ae32
:102238000400401425f04000029d053ca3ff001057
:102248006055a5244c000624252840021efe400f98
:10225800002004240400401425f04000029d053ca1
:102268009aff00109055a524029d053cc455a5244d
:10227800ef29410f252000004c0006241800a5274f
:10228800dbfd400f002004240400401425f040002a
:10229800029d053c8dff0010fc55a5246000a2930b
:1022a80023004014029d063c029d063c2053c62490
:1022b800029d053c4456a524ef29410f2520000026
:1022c800029d053c780006248056a524ef29410f7d
:1022d80025200000029d143c88bf023c2588000090
:1022e800b8569426ac00a2af009b110000307326ac
:1022f800253860022530200225288002ef29410f69
:10230800252000006cfe400f252060020a004014c2
:1023180025f04000029d053c25302002ec56a524fe
:10232800ef29410f252000006aff0010000000007f
:10233800dfff00101853c624ac00a38f020002244c
:10234800010004246c6162acaa7d400f01003126b3
:1023580078000224e4ff2216029d053c1c57a524a0
:10236800252000000700133cef29410f009d153c74
:1023780000301624a800a0af008073360080b53660
:102388000104712e000402240b10710225884000fc
:10239800010014242530a002252820028b49410f72
:1023a800252000020300401425f0400070ff0010b3
:1023b8002530a002ffff3e322530c0032528000249
:1023c8001efe400f2520c0020f004014029d053c50
:1023d800253080025057a524ef29410f2520000001
:1023e8000100942604000224eaff8216029d053c9f
:1023f80003000624e85aa524ef29410f25200000f0
:102408000900001000000000a05b410f25202002f9
:102418000900401425b84000029d053ca057a5249a
:10242800ef29410f25200000b760410f2520000249
:1024380017ff0010788280a32530c00325284000ac
:10244800dbfd400f2520c0020a00401425f04000a3
:10245800029d053c25308002d457a524ef29410f61
:1024680025200000b760410f2520e002ddff0010a5
:102478000100942625300000211006020000479034
:102488002110e602000042903600e210029d053c51
:102498001000a2afa800a28f1400b4af21304600ec
:1024a8002058a524ef29410f2520000025f0000021
:1024b800b760410f2520e0022f00c013029d053ca4
:1024c8008058a524ef29410f25200000a800a28fdd
:1024d80023987102029d053c21105100252000001f
:1024e8002538600225302002b058a524ef29410f75
:1024f800a800a2afac00a38f0200022401000424ac
:1025080021a8b10221b0d1026c6162acaa7d400f52
:10251800000000009bff60160104712eb760410f98
:1025280025200002029d053c010002242c59a52407
:1025380025200000ef29410f480042a26cfe400f01
:10254800002004241200401425f04000029d053ca0
:102558006c59a524ef29410f25200000a6fe001084
:10256800788280a30100c624c4ff26162110060223
:10257800cfff001000000000029d053cf058a52484
:10258800ef29410f2520000096ff00100100942636
:102598004c000624252840021efe400f002004247b
:1025a8000400401425f04000029d053ce9ff00109e
:1025b800b459a52401a0103c4c000624b0280526d7
:1025c800dbfd400f002004240400401425f04000e7
:1025d800029d053cdfff0010f059a524b028102605
:1025e800480002920d004014029d063c029d063ce4
:1025f8002053c624029d053c2c5aa524ef29410fdf
:102608002520000048001e920600c057029d053c88
:10261800029d053ccfff0010645aa524f5ff001069
:102628001853c624cbff0010a45aa524029d053ccc
:10263800e8ffbd27305ba5241400bfafef29410f89
:10264800252000001400bf8f010002240800e003c9
:102658001800bd27029d053c20ffbd276c5ba52403
:1026680025200000dc00bfafd800beafd400b7af54
:10267800d000b6afcc00b5afc800b4afc400b3af9c
:10268800c000b2afbc00b1afef29410fb800b0af86
:10269800d3fd400f0000000012004014029d053ccd
:1026a8006453a52425200000ef29410f25b84000d8
:1026b800dc00bf8f2510e002d800be8fd400b78f92
:1026c800d000b68fcc00b58fc800b48fc400b38fcc
:1026d800c000b28fbc00b18fb800b08f0800e00313
:1026e800e000bd27010002244c0006241800a5279d
:1026f80000200424dbfd400f788282a307004014e9
:1027080025b84000029d053ca85ba524ef29410f90
:1027180025200000e6ff0010788280a3029d053c7a
:102728001800a627e45ba524ef29410f2520000007
:10273800029d053c3800a627105ca524ef29410f0f
:10274800252000005800a68f029d053c3c5ca5246e
:10275800ef29410f252000005c00a68f029d103c48
:10276800705c0526ef29410f252000006000a29328
:102778000c004014ac00b0af029d063c2053c624a8
:10278800029d053ca05ca524ef29410f25200000ef
:102798006000b7930600e016029d053cdbff0010c1
:1027a800cc5ca524029d063cf5ff00101853c624f6
:1027b800009d143c20908636200005248b49410f4b
:1027c8008400a4270400401425b84000029d053c5d
:1027d800ceff0010185da524409086362000052401
:1027e8008b49410f6400a4270400401425b8400019
:1027f800029d053cc5ff00104c5da524029d053ccb
:102808008400a627845da524ef29410f2520000018
:10281800029d053c6400a627b05da524ef29410f61
:1028280025200000200006241800a527cf63410fab
:102838008400a42707004010029d053cdc5da52408
:10284800ef29410f25200000788280a398ff00100f
:1028580025b80000200006243800a527cf63410fc3
:102868006400a42703004010029d053cf4ff0010fb
:10287800045ea5245800b38f0700063c0080c634c8
:1028880007006612029d053c253860022c5ea524cf
:10289800ef29410f25200000ecff0010788280a36b
:1028a800a05b410f0002042400020424a05b410f36
:1028b8002580400003000012258840000f004014c6
:1028c800029d053c029d053c6c5ea524ef29410f45
:1028d800252000000300001200000000b760410f2f
:1028e80025200002d9ff2052788280a3b760410fcb
:1028f80025202002d5ff0010788280a3a85ea52499
:10290800ef29410f252000000030022425b0600285
:1029180025a80000a800a2af008094360102d22e9c
:10292800000202240b10d202253080022528400024
:10293800252000028b49410f259040000c004014cf
:1029480025b84000029d053c25308002dc5ea524a8
:10295800ef29410f25200000b760410f2520000214
:10296800b760410f2520200251ff0010788280a314
:10297800a800a48fffff4632dbfd400f2528200268
:102988000500401425b84000029d053ca800a68f0c
:10299800efff0010205fa5242e00a016029d053c25
:1029a800645fa524ef29410f25200000029d053c06
:1029b800945fa524ef29410f25200000029d1e3cad
:1029c800251800002120030200008690b05fc5276b
:1029d80025200000ef29410fb000a3afb000a38f5e
:1029e800100004240100632444006414029d073c81
:1029f800b85fe52425200000ef29410fb000a7affc
:102a0800029d053cbc5fa524ef29410f252000004d
:102a1800b000a78f2518000021202302000086900f
:102a2800b05fc52725200000b400a7afef29410fec
:102a3800b000a3afb000a38f1000042401006324ea
:102a480032006414b400a78fb85fe524ef29410f62
:102a58002520000025380000211807022140270200
:102a680000006590000004912c00a45421f0a702f6
:102a78000100e724f8ff4716a800a28f25b8000038
:102a880021a8b20221a0920221105200a800a2aff0
:102a9800ff3fa2320700401423b0d202029d053c3a
:102aa8002538c0022530a0027060a524ef29410f07
:102ab8002520000088bf023c0200032401000424f2
:102ac8006c6143acaa7d400f000000002600c012d4
:102ad8000000000092ffe0120102d22e029d053c88
:102ae800a860a524ef29410f25200000b760410ff9
:102af800252000027dff001000000000b1ff4316f2
:102b0800b85fe524bbff001000000000c2ff4316b9
:102b1800b85fe524cdff001000000000029d053cd1
:102b28002530c003d85fa52425200000b400a3af3a
:102b3800ef29410fb000a8afb000a88fb400a38f51
:102b4800029d053c000004912530c0032460a524a3
:102b58001000a4af00006790ef29410f2520000066
:102b6800c7ff0010a800a28fdcffe016029d053cfd
:102b7800dc60a524ef29410f25200000029d053cbb
:102b88002461a524ef29410f25200000009d153c54
:102b98001c81033cc59d72340080b5360102742e39
:102ba800000202240b1074022530a00225284000e0
:102bb800252000028b49410f25a040000700401442
:102bc80025b84000029d053c5461a524ef29410f1a
:102bd8002520000060ff00100000000025280000ec
:102be80021180502000063900100a5242618720030
:102bf80000310300402003002120860021208300ab
:102c0800c03103000096030021208600001a03004b
:102c180021188300f2ff851621904302239874023d
:102c2800deff601621a8b402029d053c2530400253
:102c38009c61a524ef29410f25200000ac00a28f3c
:102c48005c00a68f25200000ef29410f705c452409
:102c58005c00a38f0d007210029d053c029d053c8f
:102c6800cc61a524ef29410f252000005c00a78f27
:102c7800029d053c25304002fc61a524ef29410f47
:102c88002520000099ff0010000000004862a524dc
:102c9800ef29410f25200000b760410f25200002d1
:102ca800b760410f25202002029d053c97fe0010c9
:102cb8007862a52480ffbd27029d053c6000b1af66
:102cc8002530800025888000cc62a52425200000be
:102cd8007c00bfaf7800b7af7400b6af7000b5af77
:102ce8006c00b4af6800b3af6400b2afef29410f16
:102cf8005c00b0afd3fd400f00000000110040148d
:102d0800029d053c258040006453a524ef29410f0e
:102d1800252000007c00bf8f251000027800b78fa7
:102d28007400b68f7000b58f6c00b48f6800b38fd5
:102d38006400b28f6000b18f5c00b08f0800e003c0
:102d48008000bd27bbf0400f0000000004004014c5
:102d580025804000029d053cecff00100c63a52473
:102d680001a0133c252020024ea5400fc027652650
:102d7800258040000400401425886002029d053c1f
:102d8800e2ff00103463a52401a0153cfc28b226fc
:102d9800029d103c010002244c0006242528000056
:102da80025204002788282a38066410f01a0143c4e
:102db800646305261f0006249466410f25204002ff
:102dc800c0277326646305261f0006249466410ff6
:102dd8001c298426e000628e029d053c0020062402
:102de8007063a52425200000ef29410f400042ae62
:102df8006cfe400f002004240a0040142580400087
:102e0800029d053c6055a524ef29410f25200000af
:102e18002520600231a6400f00000000bdff001011
:102e2800788280a34c000624252840021efe400f0d
:102e3800002004240400401425804000029d053c25
:102e4800f1ff00109055a5240700073c029d053ca2
:102e58000080e73478000624a463a5242520000018
:102e6800ef29410f029d173c25980000b856f72618
:102e780088bf163c00831300003010262538000256
:102e8800253060022528e002ef29410f25200000a7
:102e98006cfe400f252000020800401425804000e9
:102ea800029d053c25306002ec56a524ef29410f10
:102eb80025200000d7ff0010c02724260200022486
:102ec800010004246c61c2aeaa7d400f0100732684
:102ed80078000224e7ff6216029d053c1c57a524d2
:102ee800ef29410f25200000029d053c00300224f7
:102ef800f463a52425200000248082afef29410f28
:102f0800748280af2880868f029d053c1c64a524ae
:102f1800ef29410f252000001c81033cc59d773413
:102f280025980000029d103c2880838f7482828f30
:102f38001000621425200000ef29410f586405266f
:102f48005b87400f2c80848f0b0040142c80858f6a
:102f5800029d053c8c64a524ef29410f2520000023
:102f680031a6400fc02724262580000069ff0010e5
:102f7800788280a32c80858f7482828f0102062438
:102f8800c0272426cca5400f2128a2000300410415
:102f9800029d053cf0ff0010c064a52428004014e1
:102fa800029d053cf464a524ef29410f252000006b
:102fb8007482868f6800c010029d053c8065a52438
:102fc800ef29410f252000007482828f000103241d
:102fd800ff005030238070000d0003122c80848f76
:102fe80025300002ff0005248066410f2120820061
:102ff8007482828f029d053c25300002211050000a
:10300800b865a52425200000ef29410f748282affe
:10301800748286972c80858f1efe400f2480848fb3
:103028003500401425804000029d053cf465a52428
:10303800ef29410f2520000076ff0010c027242625
:103048007482858f2c80888f2520000021184500e8
:10305800748283af21188500211803010000639052
:1030680001008424261877000039030040b80300c3
:1030780021b8e70221b8e302c03903000036030093
:1030880021b8e702001a03002118e30221b8c3009f
:103098002a188200efff6014253040002198620250
:1030a800029d053c2520000025386002ef29410fcc
:1030b8001c65a5245b87400f2c80848fa4ff4010db
:1030c8000700023c008042342b10620203004014c7
:1030d800029d053cb4ff00105065a524020002249f
:1030e800010004246c61c2aeaa7d400f00000000fc
:1030f8008eff00102880838f2880828f7482868fad
:103108002b18460003006010029d053c92ff00103a
:103118003466a52401a0163cd0cdd6262480848f01
:1031280021b0c202ffffc630dbfd400f2528c002d8
:1031380021004010258040007482838f2c80848f6a
:10314800253000001f006614029d053c4c67a5242d
:10315800ef29410f2520000031a6400fc027242663
:10316800029d053c253060028067a524ef29410fa8
:1031780025200000029d053c2530e0023055a5249d
:10318800ef29410f25200000200006243800a5273c
:10319800dbfd400f20400424180040142580400027
:1031a800029d053cc067a524ef29410f252000009a
:1031b800d8fe0010788280a3029d053c9cff001079
:1031c8007466a52421108600000047902110c602cd
:1031d80000004290dbffe2500100c624029d053c3e
:1031e800b866a5241000a2afef29410f25200000e2
:1031f800029d053c58ff00101867a52420000624ee
:103208001800a52740400424dbfd400f5700a0a369
:103218000400401425804000029d053ce2ff001098
:103228000068a524029d053c1800a7273800a6279a
:103238004468a52425200000ef29410f3700a0a3ea
:103248001f0006243800a5279466410ffc28a426f1
:103258001f0006241800a5279466410f1c29842600
:10326800029d053c010002242c59a52425200000bc
:10327800480042a2400053aeef29410f440057ae28
:103288006cfe400f002004240400401425804000f8
:10329800029d053cc4ff00106c59a5244c0006246f
:1032a800252840021efe400f00200424040040147c
:1032b80025804000029d053cbbff0010b459a524a1
:1032c80001a0113c4c000624b0282526dbfd400f48
:1032d800002004240400401425804000029d053c81
:1032e800b1ff0010f059a524b028312648002292d9
:1032f8000d004014029d063c029d063c2053c62446
:10330800029d053c2c5aa524ef29410f25200000d9
:103318004800309206000056029d053c029d053c7f
:10332800a1ff0010645aa524f5ff00101853c62405
:103338009dff00107c68a524e8ffbd271000b0aff2
:10334800009d063c01a0103c2090c63420000524b6
:103358001400bfaf8b49410fa02704260900401471
:10336800029d053c185da524ef29410f252000008a
:10337800251000001400bf8f1000b08f0800e00374
:103388001800bd27a0270226faff00101f0040a042
:10339800e8ffbd271000b0af009d063c01a0103c1f
:1033a8004090c634200005241400bfaf8b49410f5c
:1033b8008027042609004014029d053c4c5da52485
:1033c800ef29410f25200000251000001400bf8fb1
:1033d8001000b08f0800e0031800bd2780270226e0
:1033e800faff00101f0040a098ffbd276400bfaf80
:1033f800d3fd400f6000b0af07004014788282937d
:10340800029d023cc06842246400bf8f6000b08ff8
:103418000800e0036800bd27130040144c00062490
:103428001000a527dbfd400f00200424f4ff401006
:103438005800a293f3ff4010029d023c4a87400fb8
:103448001000a427eeff401001a0103c1f00062426
:103458001000a5279466410f6027042660270226de
:10346800e9ff00101f0040a001a0023ce6ff001089
:103478006027422498ffbd276400bfafd3fd400feb
:103488006000b0af0700401478828293029d023c2e
:10349800c06842246400bf8f6000b08f0800e0035a
:1034a8006800bd27130040144c0006241000a5270f
:1034b800dbfd400f00200424f4ff40105800a293c5
:1034c800f3ff4010029d023c4a87400f3000a427ba
:1034d800eeff401001a0103c1f0006243000a52775
:1034e8009466410f4027042640270226e9ff001072
:1034f8001f0040a001a0023ce6ff00104027422424
:1035080098ffbd276400bfafd3fd400f0000000047
:103518000500401478828293251000006400bf8f54
:103528000800e0036800bd27fbff40144c00062498
:103538001000a527dbfd400f00200424f6ff4010f3
:103548005800a293f5ff4010251000004a87400f4d
:103558001000a427f1ff4010251000004a87400ff3
:103568003000a427edff401025100000d08c400f3c
:1035780000000000e8ff4010200006241000a527e6
:10358800cf63410f25204000e4ff00100100422cca
:10359800c8ffbd273400bfaf3000b1afe68c400f85
:1035a8002c00b0af0a004014029d053cc868a52451
:1035b800ef29410f25200000251000003400bf8f9f
:1035c8003000b18f2c00b08f0800e0033800bd2711
:1035d8001f8d400f258840000300401425804000bf
:1035e800f6ff001001000224029d053cc068a524d6
:1035f800e165410f25204000f0ff40100100022442
:10360800428d400f00000000f5ff40101c00a72766
:103618002000a6272400a5271587400f2520200273
:10362800050040141000a727ffff032427100300fc
:10363800e2ff0010c21702001400a6271800a527f1
:103648001587400f25200002f8ff401001000324d1
:103658002400a28f1800a48f2a288200f4ffa05407
:10366800271003002a104400f0ff4054ffff0324f2
:103678002000a28f1400a48f2a288200ecffa054f7
:10368800271003002a104400e8ff4054ffff0324da
:103698001c00a28f1000a48f2a288200e4ffa054e7
:1036a800271003002a184400e0ff00102318030025
:1036b800d8ffbd272400bfaf2000b1afd08c400f8a
:1036c8001c00b0afe68c400f25804000668d400f8f
:1036d8002588400020004014029d023c029d023cc7
:1036e80008694224029d053c253820022530000245
:1036f8003069a52425200000ef29410f1000a2af52
:10370800fc8c400f000000001f8d400f25804000fa
:10371800428d400f2588400011004014029d023c54
:10372800029d023c24694224029d053c1000a2af80
:1037380025382002253000025869a524ef29410fb9
:10374800252000002400bf8f2000b18f1c00b08fff
:103758000800e0032800bd27e2ff0010fc684224af
:10376800f1ff001018694224029d053ce8ffbd27bf
:103778008069a5241400bfafef29410f2520000060
:103788001400bf8fae8d400b1800bd270800e00362
:04379800788282931e
:020000040000fa
:020000041d02db
:10379c000300c2880000c298251840000800a28cc3
:1037ac00261043000800e0032b1002000300c2881f
:1037bc000000c2980800e0030800a2ac0100063c1f
:1037cc00e8ffbd270200c6241c0005241400bfaf6f
:1037dc00e022410f3800042404004010029d033cf9
:1037ec0004386324080043ac0c0040ac1400bf8fb9
:1037fc000800e0031800bd2701a0023c8c31428c6c
:10380c00030044502000438c3923410b000000007e
:10381c00c418037c0800e003200043acd8ffbd278c
:10382c0001a0023c1400b0af443150241800b1afd9
:10383c000400118e2400bfaf2000b3af0d00201286
:10384c001c00b2af259040002c00312625980000ba
:10385c004431428e2b10620221004054d4ff248e3e
:10386c000800048e0c00828c09f840000400058ec0
:10387c00040000ae0800058e01a0043c6946410f0f
:10388c00643184241c00048e04008010080000aef7
:10389c00e93e400f000000001c0000ae4800048e02
:1038ac00090080102400bf8f2000828c0800423059
:1038bc0004004054480000ae3923410f00000000c2
:1038cc00480000ae2400bf8f2000b38f1c00b28fc5
:1038dc001800b18f1400b08f0800e0032800bd273a
:1038ec000f00805001007326e230410f00000000f1
:1038fc002474400f252020022474400fecff242652
:10390c002474400fd8ff24260800048e0c00828cef
:10391c0009f84000d4ff258ed4ff20ae0100732699
:10392c00cbff001048003126e8ffbd271000b0afd8
:10393c00258080000000848c0c0080101400bfaf28
:10394c00e230410f000000001675400f2c000426d9
:10395c001675400f18000426040004261400bf8faf
:10396c001000b08f1675400b1800bd271400bf8fc8
:10397c001000b08f0800e0031800bd27e8ffbd273a
:10398c001000b0af25808000000084941400bfaffd
:10399c00b542410f0000000002000496b542410ff1
:1039ac00000002a606000496b542410f020002a6d2
:1039bc001400bf8f060002a61000b08f0800e003b1
:1039cc001800bd2700008294e0ffbd271800b1af9e
:1039dc003fff4230252845001400b0af1c00bfaf9c
:1039ec00258080002588e0000600c010000085a41a
:1039fc002518c0002528600006000624d665410f56
:103a0c001000842401a0023c5831428c0c0002ae00
:103a1c000100022408002012160002a6040005264c
:103a2c00252020021c00bf8f1800b18f1400b08f0e
:103a3c005774400b2000bd271c00bf8f1800b18f9e
:103a4c001400b08f0800e0032000bd27c8ffbd277d
:103a5c002000b1af01a0113c2400b2af2590800032
:103a6c00643124263000b5af2c00b4af2800b3afbe
:103a7c001c00b0af3400bfaf2598a00025a0c0003b
:103a8c002d75400f25a8e0006431308e0a00001619
:103a9c00643124263400bf8f3000b58f2c00b48fd6
:103aac002800b38f2400b28f2000b18f1c00b08f80
:103abc003b75400b3800bd270c00028e04004050b3
:103acc000800028ef1ff52540000108e0800028e86
:103adc002538a002253080021000a2af0400028e0f
:103aec002528600209f8400025204002e7ff00105d
:103afc000000108ed8ffbd271000b0af01a0023c13
:103b0c002580a0002000b4af1c00b3af1800b2afea
:103b1c001400b1af259880002400bfaf25a0c000d1
:103b2c00b03d400f4831528c000003964000643089
:103b3c00100080140300112448000424022844704f
:103b4c00800063302120b20018009224150060140c
:103b5c0004000526e174400f2c008424010011247c
:103b6c00253840022530800280000524748e400fd9
:103b7c002520000225382002100006260800052604
:103b8c00252060022400bf8f2000b48f1c00b38f4f
:103b9c001800b28f1400b18f1000b08f968e400bae
:103bac002800bd27e174400f25204002ecff0010d7
:103bbc0002001124d0ffbd271000b0af01a0103cb3
:103bcc00443110261400b1af4800118e2800b6af56
:103bdc002400b5af2000b4af1c00b3af1800b2afd7
:103bec002c00bfaf2590800025b0a00025a0c00000
:103bfc002598e000050020124400b58f2000228e8d
:103c0c0008004230120040501800308ef28d400fe8
:103c1c00000000000c004014258840002510000016
:103c2c002c00bf8f2800b68f2400b58f2000b48fd6
:103c3c001c00b38f1800b28f1400b18f1000b08f1e
:103c4c000800e0033000bd27480002ae1800308e9b
:103c5c0001000224000002a600080224020002a6b1
:103c6c0006040224040002a62400a016060016a6d0
:103c7c003c004296080002a63e0042960a0002a6ac
:103c8c00400042960c0002a64000a58f110014aa19
:103c9c000600062412000426d665410f0e0014ba45
:103cac001b0013aa25200002628e400f180013bac5
:103cbc001000228e1c00032425204002ad3e400f34
:103ccc000c0043a44000a58f0608072425304000b3
:103cdc008c22410f25202002d0ff401025282002e5
:103cec00000020ae280032ae6a44400f252040026e
:103cfc0027100200caff0010c2170200060006249b
:103d0c002528a002d665410f08000426dfff00100d
:103d1c004000a58f0000a294e0ffbd271800b1afb2
:103d2c00400043301400b0af1c00bfaf25808000b2
:103d3c000b0060102588a00004008424e174400f5f
:103d4c0004002526252820020000048e1c00bf8fad
:103d5c001800b18f1400b08fd830410b2000bd2754
:103d6c0080004230f5ff40102c008424f3ff00103b
:103d7c0018000426c0ffbd270f00052402000424f0
:103d8c002800b2af3c00bfaf3800b6af3400b5afbf
:103d9c003000b4af2c00b3af2400b1afef3e400ff6
:103dac002000b0af259040000100423006004010ca
:103dbc0001a0143c44319426593f400f02000424c6
:103dcc001e0040142598400002005232110040128f
:103ddc0001a0113c443131261800228ee803032443
:103dec0025a00000d00742241b004300f401600012
:103dfc00180022ae12100000163a400f140022ae2a
:103e0c000400308e25a84000180010266000b4165f
:103e1c00000000003c00bf8f3800b68f3400b58f17
:103e2c003000b48f2c00b38f2800b28f2400b18fd8
:103e3c002000b08f0800e0034000bd271800708ef2
:103e4c00628e400f25200002000003960100022420
:103e5c001f006214f2ff05240400039606040224da
:103e6c001c006214020006241b00158a2800718ea7
:103e7c000400968e1800159a25202002b03d400fa4
:103e8c001c00b5af1100038a1800a5270e00039a79
:103e9c001800a3af480003240220437021109600a1
:103eac006f30410f0000448c0500401025b04000dd
:103ebc000800062625284000c08e400f2520200231
:103ecc000400228e0c00a25242002396020005240c
:103edc00020006248323410f25206002b6ff001048
:103eec000000000025284000c08e400f2520200235
:103efc00190000100600039600106330f4ff6014e4
:103f0c00020005241300c016252020020400968e02
:103f1c00b03d400f48001524021855701800a52715
:103f2c0021a87600a430410f0000a48e0a00405056
:103f3c00060003960000439402006330e9ff601012
:103f4c00080006261800a72680000524748e400f52
:103f5c00252040000600039601000224dbff6214ba
:103f6c003c0022261100078a0400268e0e00079ab8
:103f7c00080010261400a2af1000b0af02000524f8
:103f8c00f08e400f25202002d1ff001002000524e6
:103f9c00193a400f2520800225984000140016265f
:103fac001400128e100040560800438e4200769684
:103fbc000010d6321e004056fcff43960000128eb5
:103fcc003c004016e8ff048e2400828c2800038eef
:103fdc002b10430056004010259000000100942641
:103fec008aff0010480010261400228e2310430074
:103ffc003800238e2b104300edff40544200769680
:10400c00e8ff048ed830410ffcff4526af74400ffb
:10401c002520c002ffff07242530000004004526a0
:10402c00968e400f25206002deff00101400128ec9
:10403c000002623002004050440022964600229654
:10404c00120044962b108200daff40500000528e72
:10405c000800458e1400228e231045003c00258e4e
:10406c00022085702b104400d2ff40540000528e69
:10407c000300c01200016330ceff60500000528e6e
:10408c000400478e0400668e048082271400a0afc3
:10409c001000a2af01000524f08e400f2520600215
:1040ac001200429601004224120042a6c1ff0010e9
:1040bc000000528e0800438e1400228e2310430001
:1040cc003400238e2b104300c0ff40542400828cfc
:1040dc00d830410ffcff4526af74400f252000025d
:1040ec00fdff07242530000004004526968e400f66
:1040fc0025206002b2ff00100000128eaf74400f3a
:10410c0025200002b5ff401025b04000e8ff048eca
:10411c00fcff4524d830410f01005226fcff072438
:10412c00253000000400c526968e400f2520600225
:10413c002c00028e2b104202f0ff401400000000f5
:10414c00a7ff0010010094260400848ce8ffbd2713
:10415c001400bfaf2c00858c1100a01001a0033cf3
:10416c00443163241400628c0800a58c3800638ce5
:10417c00231045002b1043000200405418008424e7
:10418c002c008424af74400f000000000100405448
:10419c00fcff42241400bf8f0800e0031800bd2769
:1041ac00f8ff001018008424e8ffbd271000b0af02
:1041bc00258080002520a0001400bfaf195d410fa1
:1041cc00040005240c00038e1400bf8f1000b08f68
:1041dc001b004300f40160001800bd270800e00339
:1041ec0010100000c0ffbd270040e2303800beaf09
:1041fc002c00b5af3c00bfaf3400b7af3000b6af4a
:10420c002800b4af2400b3af2000b2af1c00b1af94
:10421c001800b0af25f0e000180040105000b58f2a
:10422c00048082271400a0af1000a2af0000a78c5e
:10423c000000c68c0f00c533f08e400f0600112411
:10424c00f7ff03240a8862003c00bf8f2510200270
:10425c003800be8f3400b78f3000b68f2c00b58f6e
:10426c002800b48f2400b38f2000b28f1c00b18fb4
:10427c001800b08f0800e0034000bd2701a0143cdb
:10428c00443194260400918e25b8800025b0c000de
:10429c004400a5afb03d400f4800102402185070e8
:1042ac004400a58f218071000000048ea430410fc2
:1042bc00feff1124e4ff40102590400000005394b1
:1042cc00020062321300401002291e000020c2338b
:1042dc00020040100001a5300002a5342c00072676
:1042ec0025300000748e400f252040020480822768
:1042fc000800478e1400a0af1000a2af0000c68ebd
:10430c000f00c533f08e400f2520e002ceff0010c9
:10431c0001001124c0006232cbff401003001124b5
:10432c000400a0120600062410004526d665410f95
:10433c002520a00280007332c3ff601202001124fa
:10434c00180010260400532625286002e174400f43
:10435c00252000021400828e2528600225200002f0
:10436c005774400f0c0042aeb8ff00103c00bf8fda
:10437c000800e003ffff02240800e0032510000002
:10438c00c8ffbd272c00b6af1400b0af3400bfafd0
:10439c003000b7af2800b5af2400b4af2000b3afe6
:1043ac001c00b2af1800b1af1600839001a0163cf0
:1043bc0003000224170062144431d026100011921d
:1043cc0008002052010011241000848cb03d400fd5
:1043dc000400108e48000424021844704d8e400fc7
:1043ec00212070003400bf8f251020023000b78fc1
:1043fc002c00b68f2800b58f2400b48f2000b38f0b
:10440c001c00b28f1800b18f1400b08f0800e003ad
:10441c003800bd270c00028e4800401425a08000f7
:10442c000400a0540400a29025880000eeff0010a8
:10443c003400bf8f0400038e2598a000100002a248
:10444c000700601000009194030040144431c28ea8
:10445c00040051500800628e0a8e400f00000000cc
:10446c000800628e0800848e4431d1ae340002ae56
:10447c000c00628e080004ae380002ae1000628e92
:10448c003c0002ae1400628e400002ae2000628e30
:10449c00440002a62400628e460002a60400028e8e
:1044ac0026004014480006240800828c09f84000bd
:1044bc002528200225904000dbff4010040002aeae
:1044cc000000628e1800152425b8000002a8a27204
:1044dc002800b5264431c28e2b10e202260040542f
:1044ec000800048ef28d400f00000000029d053c78
:1044fc00d0070624803da52402000424b83e400fba
:10450c00480002ae01a0043c64318424f145410f03
:10451c001c0002ae4800038e1c006010000000005e
:10452c001c00038e190060100000000017004010e2
:10453c0000000000180000ae140000ae1000848ec5
:10454c00b03d400f0400118e100003920600605025
:10455c000c00028e48000424021844704d8e400f4b
:10456c00212071000c00028e010042240c0002aece
:10457c009cff0010010011240400828c09f84000fb
:10458c002528a00205004014258840000a8e400f03
:10459c002588000094ff00103400bf8f28004224af
:1045ac00000022ae18000224080022ae0000628e29
:1045bc0025202002040032ae0c0022ae01000224a1
:1045cc00100022ae029d023cb4414224140022aee3
:1045dc00029d023c54414224180022ae029d023c32
:1045ec009c3742241c0022ae029d023cb837422468
:1045fc006330410f200022ae000051ae1174400f09
:10460c0004004426e1ff4010000000001174400f2c
:10461c0018004426ddff4010000000001174400f0c
:10462c002c004426d9ff40100100f7260000428ed2
:10463c001800638e480052260c00428c0210437006
:10464c0064000324630042241b004300f401600057
:10465c0012100000f8ff42ae1c00628e9dff00108d
:10466c00fcff42ae01a0023c443142240c00438cbe
:10467c001c00601804000524160086901200c51456
:10468c00ffff632410004390160060100000000030
:10469c001000848ce8ffbd271000b0af1400bfaf32
:1046ac00b03d400f0400508c4800042402184470a4
:1046bc0021207000080080101400bf8f1000b08ff4
:1046cc004d8e400b1800bd27060060140c0043ac47
:1046dc000a8e400b000000001000b08f0800e003b1
:1046ec001800bd270800e003000000001300a01014
:1046fc002510000001a0023c4c31428c0f004010f0
:10470c0010000724d8ffbd271c00a4af01a0043c57
:10471c001400a5af1800a6af1000a627252840004e
:10472c00643184242400bfaff345410f1000a0afc7
:10473c002400bf8f0800e0032800bd270800e00319
:10474c0000000000070080100000000001a0023ce7
:10475c004c31468c0300c01001a0053c1246410ba5
:10476c006431a5240800e003251000001900a010f6
:10477c00fbff02240000a38c160060100000000058
:10478c00e0ffbd271800b0af1c00bfaf5b3e400f71
:10479c002580a000252040000a008010faff02248a
:1047ac00420083940010633006006014f8ff02246a
:1047bc001000a0af01000724040086247c90400f59
:1047cc00252800021c00bf8f1800b08f0800e003e2
:1047dc002000bd270800e003000000002300a0100b
:1047ec00fbff02240000a38c2000601000000000de
:1047fc001e00c01000000000d8ffbd272000b2af83
:10480c001c00b1af1800b0af2400bfaf2590e00082
:10481c002588c0005b3e400f2580a000252040006d
:10482c000c008010faff02244200829400104230e7
:10483c00030040100010433206006010f8ff022401
:10484c001000a0af25384002253020027c90400f8c
:10485c00252800022400bf8f2000b28f1c00b18fce
:10486c001800b08f0800e0032800bd270800e00303
:10487c0000000000d8ffbd272400bfaf2000b4af5c
:10488c001c00b3af1800b2af1400b1af0b00a014f2
:10489c001000b0af25a000002400bf8f25108002af
:1048ac001c00b38f2000b48f1800b28f1400b18f8e
:1048bc001000b08f0800e0032800bd270000a38c77
:1048cc00f5ff601025a00000f4ff80102400bf8fbe
:1048dc004200829440004230efff401001a0123c95
:1048ec00443152262588a00025a0c0000400538e18
:1048fc00b03d400f480010240218507025282002ab
:10490c00218073006f30410f0000048ee1ff4010d6
:10491c002588400000005394c0006232deff4050f6
:10492c0025a0000004008012060006241000252695
:10493c00d665410f2520800280007332d6ff6012ad
:10494c0001001424180010260400332625286002c8
:10495c00e174400f252000021400428e25286002cd
:10496c00252000025774400f0c0022aecbff001024
:10497c002400bf8fc8ffbd271800b1af3400bfaff4
:10498c003000b7af2c00b6af2800b5af2400b4afe1
:10499c002000b3af1c00b2af1400b0af3f00a010aa
:1049ac00fbff11240000a38c3d0060503400bf8f2e
:1049bc003a008010faff11244200829440004230e9
:1049cc003600401001a0123c443152262588a0002c
:1049dc002598e00025a0c000b03d400f0400508e8b
:1049ec00480003240220437025282002feff1124d6
:1049fc0021809000a430410f0000048e270040104d
:104a0c0025a8400018001626030060128000172409
:104a1c0004001626400017240000a2960200433022
:104a2c002a00601440004330050060140400042682
:104a3c0080004230020040102c000426180004268e
:104a4c001600961004001124e174400f0400a526f2
:104a5c002538c002253080022528e002748e400fd4
:104a6c002520a0020e0060123400bf8f0000028ec1
:104a7c004000438e0c00428c0210437064000324ef
:104a8c001b004300f40160000c00038e12100000a8
:104a9c002b106200050003240a8862003400bf8fcb
:104aac00251020023000b78f2c00b68f2800b58f50
:104abc002400b48f2000b38f1c00b28f1800b18f6c
:104acc001400b08f0800e0033800bd27e0ff001091
:104adc00258800001e00a010fbff02240000a88cfb
:104aec001b0000110000000019008010faff0224c6
:104afc004200889440000a3115004011000000006b
:104b0c00e0ffbd270b00e0101c00bfaf0010083108
:104b1c0005000015f8ff02241000a6af01000724c1
:104b2c007c90400f040086241c00bf8f0800e0031b
:104b3c002000bd272092400f00000000020003243b
:104b4c00ffff04240b206200f7ff001025108000eb
:104b5c000800e003000000002e00a010fbff022460
:104b6c000000a68c2b00c010000000002900801053
:104b7c00faff0224420086944000c6302500c01083
:104b8c0000000000d8ffbd2701a0023c2400bfafed
:104b9c002000b3af1c00b2af1800b1af1400b0af1f
:104bac002588a000258080004831538cb03d400ff3
:104bbc0048001224021852702528200221907300fc
:104bcc006f30410f0000448e258840000a002012ef
:104bdc00ffff022425282002488f400f2520400289
:104bec00feff07242530000008002526968e400f76
:104bfc0025200002251000002400bf8f2000b38f59
:104c0c001c00b28f1800b18f1400b08f0800e003a5
:104c1c002800bd270800e003000000005600a0108b
:104c2c00fbff02240000a38c530060100000000066
:104c3c0051008010faff022442008394400063303c
:104c4c004d00601000000000ffffe7240400e32c7f
:104c5c0049006010f9ff0224019d023c5c93422440
:104c6c00c8ffbd272110e2002000b4af0000549013
:104c7c00019d023c589342242138e20001a0023ce1
:104c8c003000beaf2c00b7af2800b6af2400b5afd4
:104c9c001c00b3af1800b2af1400b1af2590a00048
:104cac001000b0af2598c0004831558c4800102436
:104cbc003400bfaf25888000b03d400f0000f69057
:104ccc000218507000005e8e0000628e259000006d
:104cdc0024f0c203218075000000178e0c00e28eb8
:104cec002b1042020c0040143400bf8f3000be8fda
:104cfc002c00b78f2800b68f2400b58f2000b48ffe
:104d0c001c00b38f1800b28f1400b18f1000b08f3d
:104d1c000800e0033800bd270000048ef430410f7a
:104d2c002528400225a84000000042940100433091
:104d3c000f00601024105400e8ff56540100522656
:104d4c000800a28e0000638e2410430008005e143d
:104d5c002528a002488f400f25200002feff0724c3
:104d6c00253000000800a526968e400f2520200235
:104d7c00daff0010010052260800e00300000000da
:104d8c0031008010faff0224420085944000a530c7
:104d9c002d00a01000000000d8ffbd2701a0023c90
:104dac002000b4af1c00b3af1400b1af1000b0af13
:104dbc004831518c480010242400bfaf1800b2af0a
:104dcc00b03d400f25988000021850702180710072
:104ddc000000148e258800000c00828e2b102202fd
:104dec00080040142400bf8f2000b48f1c00b38f28
:104dfc001800b28f1400b18f1000b08f0800e003c0
:104e0c002800bd270000048ef430410f2528200215
:104e1c0025904000000042940100423008004010f0
:104e2c0025284002488f400f25200002feff072452
:104e3c002530000008004526968e400f2520600284
:104e4c00e5ff0010010031260800e003000000001f
:104e5c0038008010faff0724420082944000423050
:104e6c003400401000000000e0ffbd2701a0023c10
:104e7c001c00bfaf1800b2af1400b1af1000b0af40
:104e8c002588a0002580c000b03d400f4831528cd1
:104e9c004800032402204370252820022110920090
:104eac00f430410f0000448c0a004010fcff072432
:104ebc00080000122538000000004394040000aee6
:104ecc00080000ae01006430090080140c0000a63c
:104edc00000000ae1c00bf8f2510e0001800b28f40
:104eec001400b18f1000b08f0800e0032000bd2724
:104efc00c00065300b00a0100800448c40006330eb
:104f0c000100632c01006324000003ae1000438ced
:104f1c0014004294040004ae080003aeedff001030
:104f2c000c0002a603000224000002aee9ff0010f0
:104f3c00040004ae0800e0032510e00031008010ee
:104f4c002510000042008394400063302d00601057
:104f5c0000000000e0ffbd2701a0023c1800b1af2b
:104f6c001400b0af4831518c1c00bfafb03d400fa6
:104f7c002580a000480003240220437021109100da
:104f8c000500042e1d0080100000438c029d053c82
:104f9c0080801000b44fa5242180b0000000048e46
:104fac000800800000000000c84f029de84f029de1
:104fbc00f04f029df84f029d0050029d0c00628c38
:104fcc002400638c231043001c00bf8f1800b18f8a
:104fdc001400b08f0800e0032000bd27faff00107a
:104fec000c00428cf8ff00102000428cf6ff0010e1
:104ffc003400428cf4ff00102400628cf2ff00108d
:10500c000c00628c0800e0030000000023008010fc
:10501c00faff022442008394400063301f006010aa
:10502c0000000000e0ffbd2701a0023c1800b2af59
:10503c001400b1af1000b0af1c00bfaf2580a000b2
:10504c002588c000b03d400f4831528c48000324e5
:10505c00022043701c00bf8f211092000000438c73
:10506c001800b28f0c00658c64000324440051ac12
:10507c00022805721400b18f1000b08f2000bd27dc
:10508c006300a5241b00a300f4016000122800009b
:10509c00400045ac0800e003251000000800e003c8
:0450ac000000000000
:020000040000fa
:020000041d02db
:1050b00025642e25642e25640000000c25642e2511
:1050c0006400000c256400006669726d776172658a
:1050d0005f7570646174653a206661696c6564200f
:1050e000746f207772697465206275666665726593
:1050f00064206461746120746f20666c6173680d54
:105100000a0000006669726d776172655f75706490
:105110006174653a206275666665726564206461d3
:10512000746120746f6f206c6172676520666f72a6
:1051300020766572696669636174696f6e20627555
:10514000666665720d0a00006669726d7761726548
:105150005f7570646174653a206661696c6564208e
:10516000746f2072656164206261636b2062756692
:105170006665726564206461746120666f72207672
:105180006572696669636174696f6e0d0a0000007b
:105190006669726d776172655f7570646174653a96
:1051a000206275666665726564206461746120764c
:1051b0006572696669636174696f6e206661696ca6
:1051c0006564206174206f666673657420256c7554
:1051d0003a2065787065637465643d3078253032b7
:1051e000782c20676f743d3078253032780d0a00b6
:1051f0006669726d776172655f7570646174653a36
:1052000020627566666572656420646174612076eb
:105210006572696669636174696f6e206661696c45
:1052200065640d0a000000006669726d7761726541
:105230005f7570646174653a20646562756767695b
:105240006e6720636865636b73756d2063616c6363
:10525000756c6174696f6e0d0a0000006669726d8d
:10526000776172655f7570646174653a20666e7609
:105270005f3332615f6861736820726573756c7447
:105280003a2030782530386c780d0a006669726de6
:10529000776172655f7570646174653a206d616ee7
:1052a00075616c20464e562d3332612072657375e0
:1052b0006c743a2030782530386c780d0a00000084
:1052c0006669726d776172655f7570646174653a65
:1052d00020636865636b73756d206d6574686f64ba
:1052e00073206d617463680d0a0000006669726d59
:1052f000776172655f7570646174653a2063686593
:10530000636b73756d206d6574686f647320646979
:1053100066666572210d0a007472756500000000f2
:1053200066616c73650000006669726d7761726515
:105330005f7570646174653a20636f707920696e7f
:105340007465726e616c20666c61736820746f2086
:1053500065787465726e616c20666c6173680d0aa5
:10536000000000006669726d776172655f75706438
:105370006174653a2065787465726e616c20666c44
:10538000617368206e6f7420696e697469616c69fd
:105390007a65640d0a0000006669726d7761726556
:1053a0005f7570646174653a2062696e617279201c
:1053b00073697a653a20256c752062797465730d7e
:1053c0000a0000006669726d776172655f757064ce
:1053d0006174653a206661696c656420746f206150
:1053e0006c6c6f6361746520314b42206275666638
:1053f00065720d0a000000006669726d7761726562
:105400005f7570646174653a206661696c656420db
:10541000746f20616c6c6f6361746520353132424a
:10542000206275666665720d0a0000006669726d1d
:10543000776172655f7570646174653a2075736930
:105440006e672035313242206275666665720d0adc
:10545000000000006669726d776172655f75706447
:105460006174653a206661696c656420746f2072ae
:1054700065616420617070206e616d650d0a0000c9
:105480006669726d776172655f7570646174653aa3
:10549000206661696c656420746f207265616420a8
:1054a0006170702076657273696f6e0d0a0000007e
:1054b0006669726d776172655f7570646174653a73
:1054c00020617070206e616d653a2025730d0a00b1
:1054d0006669726d776172655f7570646174653a53
:1054e000206170702076657273696f6e3a20257343
:1054f0000d0a00006669726d776172655f75706490
:105500006174653a206661696c656420746f20720d
:105510006561642062696e617279206368756e6b83
:105520002061742030782530386c780d0a00000036
:105530006669726d776172655f7570646174653af2
:105540002063616c63756c61746564206368656376
:105550006b73756d3a2030782530386c780d0a0001
:105560006669726d776172655f7570646174653ac2
:10557000206661696c656420746f20657261736573
:1055800020696e666f20736563746f720d0a000088
:105590006669726d776172655f7570646174653a92
:1055a000206661696c656420746f20777269746528
:1055b000206669726d7761726520696e666f0d0a8b
:1055c000000000006669726d776172655f757064d6
:1055d0006174653a206669726d7761726520696ee3
:1055e000666f207772697474656e20737563636586
:1055f000737366756c6c790d0a0000006669726dd4
:10560000776172655f7570646174653a206661697f
:105610006c656420746f2072656164206261636be5
:10562000206669726d7761726520696e666f2066ab
:105630006f7220766572696669636174696f6e0d59
:105640000a0000006669726d776172655f7570644b
:105650006174653a20766572696679696e6720665d
:1056600069726d7761726520696e666f202d207694
:10567000616c696420666c61673a2025730d0a00cd
:105680006669726d776172655f7570646174653aa1
:105690002065726173696e6720256c752073656380
:1056a000746f727320666f722062696e6172792006
:1056b000646174610d0a00006669726d77617265dc
:1056c0005f7570646174653a2065726173696e67b5
:1056d00020736563746f7220256c752061742030af
:1056e000782530386c780d0a000000006669726d0c
:1056f000776172655f7570646174653a206661698f
:105700006c656420746f20657261736520736563d6
:10571000746f7220256c750d0a0000006669726d49
:10572000776172655f7570646174653a20616c6c55
:1057300020736563746f7273206572617365642092
:105740007375636365737366756c6c790d0a00001d
:105750006669726d776172655f7570646174653ad0
:10576000206661696c656420746f20777269746566
:105770002062696e617279206368756e6b20746f48
:105780002065787465726e616c20666c6173682048
:1057900028726574727920256c75290d0a00000045
:1057a0006669726d776172655f7570646174653a80
:1057b000206661696c656420746f20616c6c6f6336
:1057c00061746520766572696679206275666665c2
:1057d000720d0a006669726d776172655f7570643b
:1057e0006174653a206661696c656420746f20722b
:1057f000656164206261636b206368756e6b20660f
:105800006f7220766572696669636174696f6e2074
:1058100028726574727920256c75290d0a000000c4
:105820006669726d776172655f7570646174653aff
:1058300020766572696669636174696f6e2066615e
:10584000696c6564206174206f66667365742025d9
:105850006c753a2065787065637465643d307825b1
:105860003032782c20676f743d30782530327820c4
:1058700028726574727920256c75290d0a00000064
:105880006669726d776172655f7570646174653a9f
:10589000206368756e6b2076657269666965642041
:1058a0007375636365737366756c6c790d0a0000bc
:1058b0006669726d776172655f7570646174653a6f
:1058c00020636f7069656420616e6420766572691b
:1058d0006669656420256c752062797465732c2077
:1058e000256c752072656d61696e696e670d0a00c1
:1058f0006669726d776172655f7570646174653a2f
:10590000206368756e6b2076657269666963617481
:10591000696f6e206661696c65642c2072657472b3
:1059200079696e672e2e2e0d0a0000006669726d71
:10593000776172655f7570646174653a2075706433
:105940006174696e67206669726d7761726520693e
:105950006e666f2076616c696420666c6167207486
:105960006f20747275650d0a000000006669726d23
:10597000776172655f7570646174653a206661690c
:105980006c656420746f20657261736520696e6652
:105990006f20736563746f7220666f722076616c1e
:1059a000696420666c6167207570646174650d0ab6
:1059b000000000006669726d776172655f757064e2
:1059c0006174653a206661696c656420746f207546
:1059d0007064617465206669726d776172652069b3
:1059e0006e666f2061732076616c69640d0a000039
:1059f0006669726d776172655f7570646174653a2e
:105a0000206661696c656420746f20726561642032
:105a10006261636b2066696e616c206669726d7786
:105a200061726520696e666f0d0a00006669726dad
:105a3000776172655f7570646174653a2066696e3e
:105a4000616c206669726d7761726520696e666f40
:105a5000202d2076616c696420666c61673a202590
:105a6000730d0a006669726d776172655f757064a7
:105a70006174653a205741524e494e47202d207699
:105a8000616c696420666c616720776173206e6f5a
:105a9000742073657420636f72726563746c79210e
:105aa0000d0a00006669726d776172655f757064da
:105ab0006174653a20636f707920636f6d706c65f7
:105ac000746564207375636365737366756c6c7954
:105ad00020776974682076657269666963617469a4
:105ae0006f6e0d0a000000006669726d7761726565
:105af0005f7570646174653a206661696c656420e5
:105b0000746f20777269746520616e6420766572a7
:105b1000696679206368756e6b20616674657220b2
:105b2000256c7520726574726965730d0a0000003a
:105b30006669726d776172655f7570646174653aec
:105b400020636f70792065787465726e616c206671
:105b50006c61736820746f20696e7465726e616c1d
:105b600020666c6173680d0a000000006669726d42
:105b7000776172655f7570646174653a20636f6dfb
:105b80007061726520696e7465726e616c20666cfe
:105b900061736820746f2065787465726e616c2023
:105ba000666c6173680d0a006669726d7761726573
:105bb0005f7570646174653a206661696c65642024
:105bc000746f20726561642065787465726e616cb3
:105bd000206669726d7761726520696e666f0d0a65
:105be000000000006669726d776172655f757064b0
:105bf0006174653a2065787465726e616c206170bd
:105c000070206e616d653a2025730d0a000000005a
:105c10006669726d776172655f7570646174653a0b
:105c20002065787465726e616c2061707020766595
:105c30007273696f6e3a2025730d0a006669726d82
:105c4000776172655f7570646174653a2065787418
:105c500065726e616c2066696c652073697a653a5d
:105c600020256c752062797465730d0a00000000b0
:105c70006669726d776172655f7570646174653aab
:105c80002065787465726e616c20636865636b7300
:105c9000756d3a2030782530386c780d0a00000098
:105ca0006669726d776172655f7570646174653a7b
:105cb0002065787465726e616c2076616c69642011
:105cc000666c61673a2025730d0a00006669726d83
:105cd000776172655f7570646174653a2065787488
:105ce00065726e616c206669726d7761726520699c
:105cf0006e666f20696e6469636174657320696e96
:105d000076616c69642f636f72727570746564205c
:105d1000636f70790d0a00006669726d7761726554
:105d20005f7570646174653a206661696c656420b2
:105d3000746f207265616420696e7465726e616c47
:105d400020617070206e616d650d0a006669726d6c
:105d5000776172655f7570646174653a2066616928
:105d60006c656420746f207265616420696e74656f
:105d7000726e616c206170702076657273696f6eef
:105d80000d0a00006669726d776172655f757064f7
:105d90006174653a20696e7465726e616c20617021
:105da00070206e616d653a2025730d0a00000000b9
:105db0006669726d776172655f7570646174653a6a
:105dc00020696e7465726e616c20617070207665fa
:105dd0007273696f6e3a2025730d0a006669726de1
:105de000776172655f7570646174653a2061707087
:105df000206e616d65206d69736d617463680d0a55
:105e0000000000006669726d776172655f7570648d
:105e10006174653a206170702076657273696f6e87
:105e2000206d69736d617463680d0a006669726d37
:105e3000776172655f7570646174653a2066696c3c
:105e4000652073697a65206d69736d61746368207c
:105e50002d2065787065637465643a20256c752c17
:105e600020676f743a20256c750d0a006669726da3
:105e7000776172655f7570646174653a2066616907
:105e80006c656420746f20616c6c6f636174652055
:105e9000636f6d70617269736f6e2062756666659f
:105ea00072730d0a000000006669726d7761726599
:105eb0005f7570646174653a207374617274696ea1
:105ec0006720627974652d62792d6279746520632b
:105ed0006f6d70617269736f6e0d0a006669726d25
:105ee000776172655f7570646174653a2066616997
:105ef0006c656420746f207265616420696e7465de
:105f0000726e616c2062696e617279206368756e71
:105f10006b2061742030782530386c780d0a0000d1
:105f20006669726d776172655f7570646174653af8
:105f3000206661696c656420746f207265616420fd
:105f400065787465726e616c2062696e6172792029
:105f50006368756e6b2061742030782530386c78fa
:105f60000d0a00006669726d776172655f75706415
:105f70006174653a206669727374203136206279e3
:105f800074657320636f6d70617269736f6e3a0d23
:105f90000a0000006669726d776172655f757064f2
:105fa0006174653a20696e7465726e616c3a2000a6
:105fb00030782530327820000d0a00006669726d55
:105fc000776172655f7570646174653a2065787495
:105fd00065726e616c3a20006669726d77617265f8
:105fe0005f7570646174653a2062696e61727920d0
:105ff00064617461206d69736d617463682061749c
:10600000206f666673657420256c7520286368753b
:106010006e6b206f666673657420256c75290d0a9a
:10602000000000006669726d776172655f7570646b
:106030006174653a206d69736d6174636820617481
:10604000206279746520256c753a20696e746572da
:106050006e616c3d3078253032782c20657874651f
:10606000726e616c3d3078253032780d0a00000088
:106070006669726d776172655f7570646174653aa7
:1060800020636f6d706172656420256c7520627984
:106090007465732c20256c752072656d61696e695d
:1060a0006e670d0a000000006669726d77617265a7
:1060b0005f7570646174653a20627974652d6279e8
:1060c0002d6279746520636f6d70617269736f6e94
:1060d000204641494c45440d0a0000006669726d36
:1060e000776172655f7570646174653a2062797476
:1060f000652d62792d6279746520636f6d706172b0
:1061000069736f6e20504153534544202d20616cbc
:106110006c2064617461206d6174636865730d0a3d
:10612000000000006669726d776172655f7570646a
:106130006174653a207374617274696e6720636874
:1061400065636b73756d20636f6d70617269736fda
:106150006e0d0a006669726d776172655f757064b5
:106160006174653a206661696c656420746f2072a1
:1061700065616420696e7465726e616c2062696e1f
:10618000617279206368756e6b20666f7220636838
:1061900065636b73756d0d0a000000006669726db2
:1061a000776172655f7570646174653a20696e74b9
:1061b00065726e616c20636865636b73756d3a2000
:1061c00030782530386c780d0a0000006669726df1
:1061d000776172655f7570646174653a20636865a4
:1061e000636b73756d20636f6d70617269736f6e31
:1061f000204641494c45440d0a0000006669726d15
:10620000776172655f7570646174653a2063686573
:10621000636b73756d206d69736d61746368202d98
:1062200020696e7465726e616c3a20307825303862
:106230006c782c2065787465726e616c3a203078c9
:106240002530386c780d0a006669726d7761726569
:106250005f7570646174653a20636865636b73751c
:106260006d20636f6d70617269736f6e2050415362
:106270005345440d0a0000006669726d77617265ce
:106280005f7570646174653a20636f6d70617269e7
:10629000736f6e20636f6d706c65746564207375c9
:1062a000636365737366756c6c79202d20616c6c0b
:1062b000206461746120616e6420636865636b7340
:1062c000756d73206d617463680d0a006669726d87
:1062d000776172655f7570646174653a20646f7789
:1062e0006e6c6f61642062696e61727920746f20d8
:1062f00065787465726e616c20666c617368206687
:10630000726f6d2025730d0a000000006669726dc2
:10631000776172655f7570646174653a206e65744b
:10632000776f726b206e6f742072656164790d0aed
:10633000000000006669726d776172655f75706458
:106340006174653a206661696c656420746f206fc2
:1063500070656e20485454502073747265616d0de1
:106360000a000000756e61737369676e65640000f2
:106370006669726d776172655f7570646174653aa4
:106380002065726173696e6720696e666f20736540
:1063900063746f722061742030782530386c780d0a
:1063a0000a0000006669726d776172655f757064de
:1063b0006174653a2065726173696e6720256c753a
:1063c00020736563746f727320666f722062696eea
:1063d0006172792064617461202862696e617279ea
:1063e0002073697a653a20256c752062797465732b
:1063f000290d0a006669726d776172655f75706458
:106400006174653a207374617274696e6720646f99
:10641000776e6c6f61642e2e2e0d0a006669726da8
:10642000776172655f7570646174653a2075736930
:106430006e6720646f776e6c6f616420627566664c
:1064400065722073697a653a20256c7520627974cb
:1064500065730d0a000000006669726d77617265f0
:106460005f7570646174653a206275666665722056
:1064700066756c6c2c20666c757368696e67207429
:106480006f20666c6173680d0a0000006669726daa
:10649000776172655f7570646174653a20666169e1
:1064a0006c656420746f20666c7573682062756615
:1064b00066657220746f20666c6173680d0a000057
:1064c0006669726d776172655f7570646174653a53
:1064d000206572726f722072656164696e672066f2
:1064e000726f6d20485454502073747265616d0d45
:1064f0000a0000006669726d776172655f7570648d
:106500006174653a20646f776e6c6f616420636fad
:106510006d706c6574650d0a000000006669726d2f
:10652000776172655f7570646174653a2072656346
:1065300065697665642025642062797465732c2012
:10654000746f74616c3a20256c750d0a00000000b0
:106550006669726d776172655f7570646174653ac2
:106560002072656163686564206578706563746531
:10657000642062696e6172792073697a650d0a0020
:106580006669726d776172655f7570646174653a92
:1065900020666c757368696e672066696e616c2031
:1065a000256c7520627974657320746f20666c6148
:1065b00073680d0a000000006669726d776172658c
:1065c0005f7570646174653a20706164646564200d
:1065d0007769746820256c752062797465732074fe
:1065e0006f20636f6d706c65746520706167650df9
:1065f0000a0000006669726d776172655f7570648c
:106600006174653a206661696c656420746f2077f7
:10661000726974652066696e616c20627566666574
:10662000726564206461746120746f20666c6173ac
:10663000680d0a006669726d776172655f757064d6
:106640006174653a2066696e616c206461746120d2
:10665000746f6f206c6172676520666f722076655b
:1066600072696669636174696f6e206275666665da
:10667000720d0a006669726d776172655f7570648c
:106680006174653a206661696c656420746f20727c
:10669000656164206261636b2066696e616c206471
:1066a00061746120666f72207665726966696361e4
:1066b00074696f6e0d0a00006669726d77617265ac
:1066c0005f7570646174653a2066696e616c206400
:1066d00061746120766572696669636174696f6e61
:1066e000206661696c6564206174206f66667365fd
:1066f0007420256c753a2065787065637465643d17
:106700003078253032782c20676f743d3078253012
:1067100032780d0a000000006669726d776172655b
:106720005f7570646174653a2066696e616c20649f
:1067300061746120766572696669636174696f6e00
:10674000206661696c65640d0a0000006669726dff
:10675000776172655f7570646174653a2066696e11
:10676000616c206461746120766572696669656434
:10677000207375636365737366756c6c790d0a00bd
:106780006669726d776172655f7570646174653a90
:1067900020646f776e6c6f616420636f6d706c65e1
:1067a000746564207375636365737366756c6c7967
:1067b0003a20256c752062797465730d0a0000001b
:1067c0006669726d776172655f7570646174653a50
:1067d000206661696c656420746f20726561642055
:1067e0006e616d652066726f6d20646f776e6c6f81
:1067f000616465642062696e6172790d0a0000004f
:106800006669726d776172655f7570646174653a0f
:10681000206661696c656420746f20726561642014
:1068200076657273696f6e2066726f6d20646f7724
:106830006e6c6f616465642062696e6172790d0ac5
:10684000000000006669726d776172655f75706443
:106850006174653a20657874726163746564206e52
:10686000616d653a20272573272c20766572736940
:106870006f6e3a20272573270d0a00006669726d36
:10688000776172655f7570646174653a20646f77d3
:106890006e6c6f616420616e6420766572696669f2
:1068a000636174696f6e20636f6d706c657465648d
:1068b000207375636365737366756c6c790d0a007c
:1068c0006e6f6e65000000006669726d77617265bb
:1068d0005f7570646174653a206661696c656420f7
:1068e000746f2067657420696e7465726e616c20c8
:1068f00076657273696f6e0d0a0000006c617465d5
:10690000737420e29c9300006e6f74206c61746558
:10691000737420e29c97000076616c696420e29cad
:1069200093000000696e76616c696420e29c9700b8
:106930006669726d776172655f7570646174653ade
:1069400020696e7465726e616c3a20257320257320
:106950002025730d0a0000006669726d776172650b
:106960005f7570646174653a2065787465726e61f4
:106970006c3a2025732025732025730d0a00000032
:106980006669726d776172655f7570646174653a8e
:0869900020696e69740d0a0014
:020000040000fa
:020000041d02db
:1069980098f7bd27010002244808b1af4408b0affa
:1069a8006408bfaf6008b7af5c08b6af5808b5afaa
:1069b8005408b4af5008b3af4c08b2af2588800074
:1069c8001800a2100400908c0000828c039d053ce6
:1069d800b45ea5240000428c09f84000252000027e
:1069e8000000228e039d053cc85ea5240000428c51
:1069f80009f84000252000026408bf8f6008b78f9f
:106a08005c08b68f5808b58f5408b48f5008b38ff8
:106a18004c08b28f4808b18f4408b08f0800e003d3
:106a28006808bd27163a400f2598000025b0400099
:106a3800039d153cf1ff76126408bf8f193a400f89
:106a48002520600225204000f744400f2590400093
:106a580001000324f7ff4354010073264b3a400f0b
:106a68002520400225a040000000228e039d053c01
:106a7800253080020400428cd85ea52409f8400025
:106a8800252000022808a6271008a527293b400f23
:106a980025204002450040100000238e0400628c2f
:106aa800039d053cfc5ea52409f840002520000252
:106ab8001808a38f0000228e1408a78f1000a3af18
:106ac8000400428c1008a68f039d053c145fa52482
:106ad80009f84000252000022408a38f0000228e18
:106ae8002008a78f1000a3af1c08a68f0400428cb3
:106af800039d053c585fa52409f8400025200002a5
:106b08000000228e039d053ca45fa5240400428c4e
:106b180009f84000252000023408a38f0000228ec7
:106b28002c08a78f1400a3af3008a38f2808a68fbe
:106b3800039d053c1000a3af0400428cc05fa52450
:106b480009f84000252000020000228e039d053c24
:106b5800253080020400428c2c60a52409f84000ee
:106b6800252000023808a727320006241800a52788
:106b78003c3b400f252040021f00401025a000008c
:106b88000c08a0a31800b227039d173c3808a28f51
:106b98002b108202030040103200022409008216e2
:106ba80025284002a3ff0010010073260000628c14
:106bb8001860a52609f8400025200002e3ff001010
:106bc8000000228e240006249466410fe807a427bb
:106bd8000000228e2400478ee807a6270400428c76
:106be8005860e52609f840002520000228005226b2
:106bf800e6ff0010010094260000228e1860a526ea
:106c08000000428c09f840002520000289ff00108e
:106c180001007326c8ffbd270200a5282000b2afd7
:106c28001c00b1af3400bfaf3000b6af2c00b5af19
:106c38002800b4af2400b3af1800b0af2588800097
:106c48003600a0140400928c2510c0000400448c67
:106c58001000a6270a0005249a77400f1000a0af5d
:106c68001000a28fffff43240300632c110060145f
:106c7800039d053c0000228e030006240400428c7c
:106c88006860a52409f84000252040023400bf8f21
:106c98003000b68f2c00b58f2800b48f2400b38f36
:106ca8002000b28f1c00b18f1800b08f0800e003dd
:106cb8003800bd2701005324010014241000a2af9e
:106cc8001000a48f2b109300f0ff4010059d033c8b
:106cd80080100400306f6324211043002528000031
:106ce800c944400f0000558c100040142580400016
:106cf80007008012039d053c0000228e2530a0026b
:106d08000400428c8c60a52409f84000252040022c
:106d18001000a28fe9ff00100100422425a0000006
:106d280004001324e5ff0010010002241000428c27
:106d380009f84000252000020000238e039d053c31
:106d4800253840000400638c2530a002b060a524db
:106d580009f86000252040020000228e0400558cae
:106d68001400028e09f8400025200002039d053c0e
:106d780025304000e860a52409f8a002252040023b
:106d88000000228e0400558c1800028e09f840007d
:106d98002520000225b040001c00028e09f84000a2
:106da80025200002039d053c253840002530c002ff
:106db8001061a52409f8a002252040020000228eb7
:106dc8000400558c2000028e09f84000252000029e
:106dd800039d053c253040002520400209f8a0020b
:106de8004861a5240000228e039d053c6061a5240e
:106df8000000428c09f8400025204002c5ff001021
:106e08001000a28fc0ffbd270200a5283000b1af37
:106e18002c00b0af3c00bfaf3800b3af3400b2af06
:106e2800258080001400a0100400918c0000828c42
:106e3800039d053ca461a5240000428c09f840008c
:106e4800252020020000028e039d053cc861a52470
:106e58000000428c09f84000252020023c00bf8f2a
:106e68003800b38f3400b28f3000b18f2c00b08f50
:106e78000800e0034000bd270400d28c039d053cb8
:106e8800e461a524e165410f252040022800401453
:106e980025280000ec41400f2520000025904000e7
:106ea800ffff022405004212039d053c0000028eec
:106eb800e861a524e7ff00100000428cb880858fa8
:106ec8000600a014180006240000028e039d053c4d
:106ed800fc61a524dfff00100000428cd665410f3d
:106ee8001000a4270000028e1800a68f039d053c01
:106ef8000400428c1c62a52409f8400025202002c9
:106f08001000a527ec41400f252000000600525034
:106f1800039d053c039d053c8c61a5240000028e61
:106f2800ccff00100000428cfcff00107861a52403
:106f3800039d053c4862a524e165410f25204002d8
:106f4800c6ff401425280000ec41400f2520000012
:106f580025984000ffff02240600621601a0123c9b
:106f68000000028e039d053c5062a524b9ff001065
:106f78000000428cc8324526b739400f25206002f0
:106f8800c8325226252060021842400fb88092afbe
:106f98000000028e039d053c7862a524adff001019
:106fa8000000428c80ffbd27030002246c00b1afb3
:106fb8006800b0af7c00bfaf7800b4af7400b3af67
:106fc8007000b2af258880004c00a0af5000a0af81
:106fd8005400a0af5800a0af5c00a0af6000a0af05
:106fe8001500a2100400908c0000828c039d053cc3
:106ff8008c62a5240000428c09f84000252000027c
:107008000000228e039d053cb062a5240000428c3e
:1070180009f84000252000027c00bf8f7800b48f5b
:107028007400b38f7000b28f6c00b18f6800b08f9e
:107038000800e0038000bd270400c48c513c400fc9
:1070480025a0c00006004014259040000000228eb4
:10705800039d053cc862a524edff00100000428c8a
:10706800243a400f252040000800948e039d053cdb
:10707800e461a52425208002e165410f25984000a0
:107088002c004014039d053c963c400f25204002ef
:1070980006004050252800000000228e039d053c74
:1070a800e862a524daff00100000428cec41400f92
:1070b8002520000025204000b739400f4c00a527a7
:1070c8005000a28f060040543c0005240000228e88
:1070d800039d053c0463a524cdff00100000428ced
:1070e800ffff7332021865721000a4273c000624c3
:1070f800d665410f21286200039d023c2c6342247f
:107108001000a52725204002fe3f400f3000a2af07
:107118000000238e1c0040100000638c039d053c7a
:107128007463a52409f8600025200002bbff001045
:107138007c00bf8f4862a524e165410f25208002ad
:107148000d0040540000228e963c400f252040023e
:1071580005004014039d053c0000228e3463a524dd
:10716800abff00100000428ce83f400f2520400292
:10717800e8ff00100000238e039d053c5463a524fe
:10718800a3ff00100000428c039d053ce5ff0010a2
:107198008c63a524d0ffbd27030002242000b1afd3
:1071a8001c00b0af2c00bfaf2800b3af2400b2afb3
:1071b800258880001400a2100400908c0000828ca6
:1071c800039d053ca063a5240000428c09f84000fb
:1071d800252000020000228e039d053ccc63a524d7
:1071e8000000428c09f84000252000022c00bf8fc7
:1071f8002800b38f2400b28f2000b18f1c00b08ffd
:107208000800e0033000bd270400c48c513c400f47
:107218002590c00025984000050060160000228ec9
:10722800039d053c0000428ceeff0010c862a524b7
:107238000400428c0800468e039d053cf863a52493
:1072480009f84000252000020800448e9e71400f76
:107258001000a52705004014039d053c0000228e60
:107268000864a524dfff00100000428c1000a52749
:10727800f13a400f25206002dcff4014039d053cd5
:107288000000228e2864a524d6ff00100000428c3e
:10729800e0ffbd27030002241400b1af1000b0af17
:1072a8001c00bfaf1800b2af258080001200a210ea
:1072b8000400918c0000828c039d053c7064a52419
:1072c8000000428c09f84000252020020000028eb0
:1072d800039d053c9864a5240000598c25202002b4
:1072e8001c00bf8f1800b28f1400b18f1000b08f30
:1072f800080020032000bd270400c48c513c400f27
:107308002590c00005004014039d053c0000028e36
:10731800c862a524f1ff00100000598c0800458eb2
:10732800063b400f2520400006004054039d053cc5
:10733800039d053c5864a5240000028ee7ff001059
:107348000000598cfcff00104464a524c0ffbd2731
:107358000300a5283000b1af2c00b0af3c00bfaf90
:107368003800b3af3400b2af258080001400a010fd
:107378000400918c0000828c039d053cfc64a524cc
:107388000000428c09f84000252020020000028eef
:10739800039d053c3865a5240000428c09f840008f
:1073a800252020023c00bf8f3800b38f3400b28ff5
:1073b8003000b18f2c00b08f0800e0034000bd27db
:1073c8000400c48c513c400f2590c00006004014b6
:1073d800259840000000028e039d053cc862a52444
:1073e800eeff00100000428c0800448ee86f400f4a
:1073f8002000a5270b0040500800448e2000a52738
:10740800b53a400f252060020d004054039d053c0d
:10741800039d053cdc64a5240000028edfff0010fc
:107428000000428c3670400f1000a5270000028e25
:10743800039d053c5c65a524d8ff00100000428c24
:10744800f5ff0010c064a524c0ffbd270300a228d3
:107458002c00b1af2800b0af3c00bfaf3800b4afcc
:107468003400b3af3000b2af258080001500401063
:107478000400918c0000828c039d053ca865a5241e
:107488000000428c09f84000252020020000028eee
:10749800039d053cf065a5240000428c09f84000d6
:1074a800252020023c00bf8f3800b48f3400b38ff2
:1074b8003000b28f2c00b18f2800b08f0800e00395
:1074c8004000bd270400c48c25a0a000513c400ffb
:1074d8002598c00006004014259040000000028e48
:1074e800039d053cc862a524ecff00100000428cf7
:1074f800420042944000423005004014039d053c80
:107508000000028e2066a524e4ff00100000428cd3
:107518000800648ee86f400f2000a527090040147a
:10752800000000000800648e3670400f1000a52788
:107538000000028e039d053c5c65a524d7ff001062
:107548000000428cea3c400f252040020500401014
:10755800039d053c0000028e3c66a524cfff001069
:107568000000428c030002240a0082122530000029
:107578000c00648ee86f400f1000a527100040141f
:10758800039d053c0000028e8466a524c3ff0010fd
:107598000000428c010007242000a527b33c400fbf
:1075a8002520400208004054039d053c039d053cee
:1075b8009065a5240000028eb8ff00100000428ce0
:1075c800f4ff00101000a627faff00107c65a52420
:1075d800c8ffbd270300a2282000b1af1c00b0af30
:1075e8003400bfaf3000b5af2c00b4af2800b3af44
:1075f8002400b2af25808000160040100400918c52
:107608000000828c039d053cb066a5240000428cd6
:1076180009f84000252020020000028e039d053c49
:10762800d066a5240000428c09f8400025202002dd
:107638003400bf8f3000b58f2c00b48f2800b38f73
:107648002400b28f2000b18f1c00b08f0800e00327
:107658003800bd270400c48c25a8a000513c400f69
:107668002598c00006004014259040000000028eb6
:10767800039d053cf066a524ebff00100000428c3a
:107688000800648ee86f400f1400a5270500401419
:10769800039d053c0000028e1067a524e2ff001040
:1076a8000000428c01001424030002241100a216d9
:1076b8001000b4af1400a527d83a400f2520400287
:1076c8001f004014039d073c039d073ca866e72460
:1076d8000000028e1000a68f039d053c0400428c1a
:1076e8004467a52409f8400025202002d1ff001096
:1076f8003400bf8f0c00648e1000a6279a77400fc5
:107708000a0005241000a38fffff62240200422c08
:1077180005004014039d053c0000028e3067a52437
:10772800c1ff00100000428ce2ff74101400a5276e
:10773800e23a400f25204002e1ff0010000000005f
:10774800e3ff0010a066e72478ffbd270300a22806
:107758007400b2af7000b1af6c00b0af8400bfafbf
:107768008000b5af7c00b4af7800b3af2588800047
:107778002590c000180040100400908c0000828cf6
:107788000000c68c039d053c0400428c7867a52444
:1077980009f84000252000020000228e0000468ed5
:1077a800039d053c0400428cb067a52409f84000fd
:1077b800252000028400bf8f8000b58f7c00b48f25
:1077c8007800b38f7400b28f7000b18f6c00b08fe7
:1077d8000800e0038800bd270400c48c25a8a00089
:1077e800513c400f6000a0af0900401425984000ac
:1077f8000000228e039d053cc867a5240000428c2a
:1078080009f8400025200002ebff00108400bf8f1c
:107818000800548e039d053cdc67a524e165410ff3
:107828002520800297004010039d053ce067a524b1
:10783800e165410f25208002ac004010039d053c06
:10784800e467a524e165410f25208002a3004010cc
:10785800039d053cec67a524e165410f25208002c6
:1078680010004014030002240500a216039d053ce5
:107878000000228ef467a524e1ff00100000428c6e
:107888000c00448ee86f400f6000a5278e0040145e
:10789800039d053c0000228e5c65a524d8ff0010de
:1078a8000000428c039d053c1468a524e165410f46
:1078b800252080026f0040540000228e1800a52762
:1078c800f265400f25206002660040100000238efc
:1078d8001c00a28f1800a68f039d053c1000a2afc4
:1078e8000400628c090007241c68a52409f84000dc
:1078f800252000021800a28f0900422cadff401479
:10790800039d053c0000228e4c00a0a32400a78ff5
:107918000400428c2000a68f4868a52409f840007e
:10792800252000020000228e2c00a78f2800a68f99
:107938000400428c039d053c7068a52409f84000aa
:1079480025200002140006244c00a5275377400f79
:107958003000a4270000228e039d053c4c00a6277a
:107968000400428c9868a52409f8400025200002ec
:10797800140006244c00a5275377400f3800a4278d
:107988000000228e039d053c4c00a6270400428c73
:10799800ac68a52409f84000252000023c00a68f09
:1079a8002e00c050039d063c0000c2802b004050b2
:1079b800039d063c0000228e039d053cc068a5245b
:1079c8000400428c09f84000252000024000a293e0
:1079d800040040104400a48f140006245377400f7d
:1079e8004c00a5274000a6930300c0144c00a7270d
:1079f800039d073c6867e7240000228e039d053c31
:107a0800d868a5240400428c09f84000252000020b
:107a18004100a293040040104800a48f14000624db
:107a28005377400f4c00a5274100a6930300c014cc
:107a38004c00a727039d073c6867e7240000228eb7
:107a4800039d053cf468a5240400428c09f8400015
:107a58002520000258ff00108400bf8fd5ff0010ba
:107a68005c67c624039d053c0000628c64ff00101f
:107a78001069a524039d053c2c69a52460ff00100e
:107a88000000428cf964400f252060021b0040145e
:107a9800039d023c039d023c706742240000238e34
:107aa8001000a2af0800478e0400628c0000468eca
:107ab800039d053c4069a52409f8400025200002e3
:107ac8003dff00108400bf8f6000a58f0765400f41
:107ad80025206002edff0010000000000065400f47
:107ae80025206002e9ff001000000000cd64400f6f
:107af80025206002e5ff001000000000e7ff0010ed
:107b0800a0664224c0ffbd270200a2282c00b1af06
:107b18002800b0af3c00bfaf3800b4af3400b3affb
:107b28003000b2af25808000420040140400918ce0
:107b38000400d28c25a0a000039d053c6069a52403
:107b480025204002e165410f2598c0000e00401431
:107b580002000224380082520000028e513c400f7d
:107b68000800648e1d004014039d053c0000028e31
:107b7800c862a5240000428c09f840002520200294
:107b8800230000103c00bf8f039d053c6469a524b9
:107b9800e165410f25204002270040540000028e75
:107ba800ca39400f000000002520400014000624b8
:107bb800523a400f1000a527030040141000a627d2
:107bc800039d063c6867c6240000028e039d053ca1
:107bd8008469a5240b0000100400428ccc39400fa6
:107be8002520400011004014039d063c039d063cdf
:107bf8005869c6240000028e039d053c6869a524c7
:107c08000400428c09f84000252020023c00bf8f68
:107c18003800b48f3400b38f3000b28f2c00b18f8e
:107c28002800b08f0800e0034000bd27f1ff0010d6
:107c38004c69c6240000028e039d053ca069a5245a
:107c48000000428c09f84000252020020000028e26
:107c5800039d053cc469a524c7ff00100000428ca1
:107c6800b8ffbd270300a5283000b1af2c00b0af86
:107c78004400bfaf4000b5af3c00b4af3800b3af6d
:107c88003400b2af25808000ce00a0140400918c8f
:107c98000000828c039d053c2c6aa5240000428cc0
:107ca80009f84000252020020000028e039d053cb3
:107cb800406aa5240000428c09f8400025202002d3
:107cc8004400bf8f4000b58f3c00b48f3800b38f9d
:107cd8003400b28f3000b18f2c00b08f0800e00361
:107ce8004800bd27193a400f252060022520400092
:107cf800140006241000a527523a400f2590400092
:107d08000000028e252040024b3a400f0400558c9b
:107d1800039d053c25202002253840001000a62799
:107d280009f8a002506aa524963c400f252040027d
:107d38000e004014000000000000028e039d053c68
:107d48007c6aa5240000428c09f840002520200206
:107d580001007326bc80828f2b106202e1ff401461
:107d68004400bf8fd8ff00104000b58f013b400f83
:107d7800252040020000038e039d053c253040006d
:107d88000400638c906aa52409f86000252020026d
:107d9800bd3d400f25204002140006241000a527f1
:107da8002400a4275377400f2400a2af0000028ebe
:107db800039d053c1000a6270400428cb46aa52444
:107dc80009f8400025202002f93d400f25204002f7
:107dd800140006241000a5272400a4275377400f79
:107de8002400a2af0000028e039d053c1000a627c8
:107df8000400428cc86aa52409f840002520200206
:107e0800c03a400f25204002140006241000a52780
:107e18002400a4275377400f2400a2af0000028e4d
:107e2800039d053c1000a6270400428cd46aa524b3
:107e380009f8400025202002c83a400f25204002ba
:107e4800140006241000a5272400a4275377400f08
:107e58002400a2af0000028e039d053c1000a62757
:107e68000400428ce46aa52409f840002520200279
:107e7800d03a400f25204002140006241000a52700
:107e88002400a4275377400f2400a2af0000028edd
:107e9800039d053c1000a6270400428cf06aa52427
:107ea80009f8400025202002b63e400f2520400258
:107eb80025204000140006247977400f1000a527dc
:107ec8000000028e039d053c1000a6270400428c8a
:107ed800fc6aa52409f84000252020022565400fea
:107ee800252040023000401425a84000039d063c90
:107ef800e469c6240000028e039d053c106ba5248e
:107f08000400428c09f84000252020020c00a0162d
:107f1800252040020000028e0e65400f0400558c9b
:107f280024004014039d063c039d063c006ac624b9
:107f3800039d053c1c6ba52409f8a00225202002fe
:107f48000000028e25204002513e400f0400558c4f
:107f58001a004054039d063c039d063c106ac62443
:107f6800039d053c2c6ba52409f8a00225202002be
:107f78000000028e25204002663e400f0400558c0a
:107f88000300401425308002039d063c206ac62465
:107f9800039d053c3c6ba52409f8a002252020027e
:107fa8006cff001001007326039d063cd1ff0010f2
:107fb800dc69c624deff0010f869c624e8ff00105b
:107fc8000c6ac624039d143c2598000061ff00102c
:107fd800186a9426d8ffbd27030002241c00b2affc
:107fe8001800b1af1400b0af2400bfaf2000b3af8a
:107ff800259080002588c0001500a2100400908cf0
:108008000000828c0000c68c039d053c0400428c55
:108018004c6ba52409f84000252000020000428e80
:108028000000268e039d053c0400598cb067a524ea
:10803800252000022400bf8f2000b38f1c00b28fc0
:108048001800b18f1400b08f080020032800bd2746
:10805800513c400f0400c48c0c0040140000528ea8
:108068000000598e039d053cc867a5242520000201
:108078002400bf8f2000b38f1c00b28f1800b18f6f
:108088001400b08f080020032800bd270800338e95
:10809800039d053cdc67a524e165410f25206002ae
:1080a8000b004010039d053c039d053ce067a5249b
:1080b800e165410f2520600205004050039d053c05
:1080c800039d053c0000598ee8ff00102c69a5248b
:1080d8000400598e0000268ed5ff0010706ba52471
:1080e800e8ffbd271000b0af1400bfaf16008390a3
:1080f800030002241900621001001024b480828f4a
:108108001e004014039d073c00008294039d063c1a
:10811800059d043c886be7249c6bc6240d00052450
:10812800406f842454c3400fbc8082af10004014b9
:10813800258040008162410f0000000008004010c7
:108148001400bf8f7b62410f00000000039d053cb7
:10815800a46ba524ef29410f252040001400bf8ff0
:10816800251000021000b08f0800e0031800bd279a
:10817800cf57410f00000000b480828f0100102407
:1081880001004224f5ff0010b48082afb480828fd2
:10819800050040180200032416008490020083148e
:1081a800ffff4224b48082af0800e0030000000013
:1081b8000f000524ef3e400b1e000424d0ffbd270e
:1081c8002000b1af2c00bfaf2800b3af2400b2af7e
:1081d8001c00b0af2b008010258800002900a010db
:1081e8002598a000049d053c4897a524285f410fc9
:1081f800259080000700401425804000049d053c20
:108208005097a524285f410f252040021d004010eb
:10821800258040002b10500222004010049d053c90
:108228005497a524285f410f252040021d004010c7
:108238002b1850001b0060100f004424200002245b
:1082480000008380feff6250010084240660410f15
:108258000400102623801202258840002380700223
:10826800049d053c253800021000b3af25304000be
:108278006497a52425200000ef29410f2b801102c7
:108288000100113a2c00bf8f251020022800b38f5f
:108298002400b28f2000b18f1c00b08f0800e003cb
:1082a8003000bd27049d053ca897a524285f410ff1
:1082b80025204002080040102b10500006004010f6
:1082c800049d053cc497a524285f410f2520400242
:1082d800ecff00102b880200e903622ee9ff401032
:1082e800010011242380120226801302e5ff0010ea
:1082f8002b881000d8ffbd271400b0af2580800060
:10830800000084842000b3af1c00b2af2400bfafcc
:108318001800b1af2598a000c231400f2590c000c9
:1083280017004014049d053ccc97a524ef29410f64
:1083380025200000ffff02242400bf8f2000b38ff8
:108348001c00b28f1800b18f1400b08f0800e00332
:108358002800bd273f32400f000004860a00401461
:108368002b304202aa7d400f01000424ffff312672
:10837800f8ff2016049d053cecff00102498a52466
:10838800faff0010e9031124000004860a90460051
:10839800ffff46324d32400f25286002e6ff4014a9
:1083a800049d053ce1ff0010f897a524d8ffbd27e0
:1083b8001400b0af25808000000084842000b3af93
:1083c8001c00b2af2400bfaf1800b1af2598a000c1
:1083d800c231400f2590c00022004014049d053c86
:1083e8005c98a524ef29410f2520000015000010f6
:1083f800ffff10247c33400f000004861d0040144a
:108408002b304202aa7d400f01000424ffff3126d1
:10841800f8ff2016049d053cec98a524ef29410f90
:108428002520000000000486c231400fffff102401
:1084380004004014049d053c8898a524ef29410fa9
:10844800252000002400bf8f251000022000b38fd4
:108458001c00b28f1800b18f1400b08f0800e00321
:108468002800bd27e9ff0010b90b1124ddff00101b
:10847800c098a524000004860a904600ffff4632f3
:108488008733400f25286002f8ff4050049d053cc3
:10849800ecff001025804000c0ffbd273400b3afbb
:1084a8002800b0af3c00bfaf3800b4af3000b2af67
:1084b8002c00b1af25808000400087242600a01042
:1084c80001a0133c2500c050049d063c1400a6af33
:1084d800049d063c1800a5af1000a4af1c99c62443
:1084e800000205242d67410fd0d56426ca65410fc7
:1084f800d0d5642625904000c8000292670040103d
:1085080025880000cc0002926e00401025a00000d3
:1085180032ba400fd000048e2b10320203004010f4
:108528008813822e14004054d400048e32ba400faf
:10853800d000048e222e410fd400048e3100410455
:10854800049d053c309aa524ef29410f2520000001
:108558001400001025100000049d063c1000b0af68
:108568009899c624000205242d67410fd0d56426aa
:10857800deff001000000000d0d565262330510230
:10858800e22d410f2128b1000e00410425304000a2
:10859800049d053ccc99a524ef29410f2520000016
:1085a800251000003c00bf8f3800b48f3400b38f13
:1085b8003000b28f2c00b18f2800b08f0800e00384
:1085c8004000bd270500405421882202aa7d400fa3
:1085d8000a000424d1ff00102b103202049d053c30
:1085e80025382002fc99a52425200000ef29410ff9
:1085f8001000b2afaa7d400f0a000424c6ff001085
:108608000a009426c231400fca0004860400405470
:10861800049d053c049d053ccbff00105c9aa524f5
:10862800989aa524ef29410f25200000d000048e38
:1086380023b9400f2000a527aa7d400f010004247c
:10864800d8ff0010010002242b304300ca00048622
:108658000a106600d0d56526ffff46304d32400f20
:108668002128b1000400401421882202049d053c01
:10867800b5ff0010089ba524049d053c252000009b
:108688001000b2af2538200225304000ef29410ff5
:10869800349ba524aa7d400f010004242b1032022c
:1086a800e5ff4010000000003f32400fca0004867a
:1086b800e5ff401423185102049d053ca2ff001059
:1086c800dc9aa524f5ff001025880000c8008290d8
:1086d800e8ffbd271000b0af1400bfaf0600401080
:1086e80025808000cc00829004004050ca00048697
:1086f8002f2e410fd400848cca0004861400bf8f2b
:108708001000b08f0332400b1800bd27c0ffbd27f3
:108718002c00b4af3c00bfaf3800b7af3400b6afe1
:108728003000b5af2800b3af2400b2af2000b1af1e
:108738001c00b0af7700a01025a000002580e00045
:1087480025b0c0002590a000258880000000e0ac7e
:1087580025a80000c80022927a00401000000000fe
:10876800cc00339277006012e80302241b00a202b7
:10877800f40140001010000004004054d000248e82
:1087880032ba400fd000248ed000248e1000a527c6
:1087980023b9400fffffd7261000a68f2500c01071
:1087a8000000048e23b8e4022b18d7000bb8c300ce
:1087b8002530e00225284000d665410f21204402db
:1087c800d000248e30b9400f2528e0020000078e23
:1087d800049d053c2530e0022138e702000007ae81
:1087e800649ba524ef29410f252000000000028e7c
:1087f80021104202000040a00000058e71a0400f29
:108808002520400238004054c8003492c231400f3d
:10881800ca00248666004014049d053c649ca52477
:10882800ef29410f252000000000138e2d000010b5
:108838002b9813002330e40221284402a12d410f74
:10884800d400248e0900401825a040000000068ea0
:1088580021a046002bb897024c00e012000014ae8d
:1088680021a05402e4ff0010000080a2e7ff40109e
:1088780000000000c231400fca002486e3ff401404
:10888800049d053c253080029c9ba524ef29410fbf
:1088980025200000d000228e0000468c0400c01065
:1088a800049d053cc09ba524ef29410f252000000d
:1088b800c231400fca00248604004014049d053cc0
:1088c800e89ba524ef29410f252000000000068e13
:1088d800ceffc010049d053c209ca524ef29410f24
:1088e80025200000c80034920a0080520100142498
:1088f8000000068e0800c0103c00bf8f06006056be
:1089080025a06002049d053cbc9ca524ef29410fcd
:10891800252000003c00bf8f251080023800b78f4b
:108928003400b68f3000b58f2c00b48f2800b38f79
:108938002400b28f2000b18f1c00b08f0800e00324
:108948004000bd277c33400fca002486afff40108b
:10895800000000000000058effffd326ca00248611
:10896800231865022b3043000a106600ffff4630cb
:108978008733400f212845020000038e2110430051
:108988002b98530003006016000002aed5ff0010bc
:108998002598000021104202000040a00000058e2a
:1089a80071a0400f2520400296ff00102598400036
:1089b800aa7d400f0a0004240a00b526e80306240d
:1089c8001b00a602f401c0001010000005004014ae
:1089d80012300000049d053c909ca524ef29410f0e
:1089e80025200000881302245affa21625980000ab
:1089f800bdff0010c8003492c6ff001025a0600219
:108a08007c82828fe80342240800e0037c8282afe4
:108a1800d8ffbd271c00b2af2400bfaf2000b3af02
:108a28001800b1af1400b0af1600801025900000f8
:108a38001400a010049d133c2588a00007000624fc
:108a4800f89c6526cf63410f2580800017004014ed
:108a5800070004262000032400008280060040103e
:108a6800000000000f00431420000224000083804f
:108a7800feff6250010084240660410f01001224a9
:108a8800000022ae2400bf8f251040022000b38fc3
:108a98001c00b28f1800b18f1400b08f0800e003db
:108aa8002800bd27ecff001001008424f89c6526ef
:108ab800285f410f25200002f2ff401007004424e0
:108ac8002000032400008280ebff4010000000001b
:108ad800060043142000022400008380e6ff62148d
:108ae80000000000fcff001001008424f5ff0010c6
:108af80001008424c8ffbd272400b4af3400bfaff1
:108b08003000b7af2c00b6af2800b5af2000b3af28
:108b18001c00b2af1800b1af1400b0af0d00801444
:108b28004800b48f251000003400bf8f3000b78f85
:108b38002c00b68f2800b58f2400b48f2000b38f87
:108b48001c00b28f1800b18f1400b08f0800e0032a
:108b58003800bd27f4ffa01025100000f3ffc01057
:108b68003400bf8ff2ffe0103000b78feeff8012a5
:108b78002590a000049d053c25b0c000009da524bb
:108b88000800062425808000cf63410f25a8e00057
:108b98002800401401000224000082a208001026c8
:108ba8003a0005248065410f252000022f00052486
:108bb800252000028065410f25b840002b00e012f7
:108bc80025884000030040102b10e2022c004010c2
:108bd800251020022398f0024000622ad2ff40109c
:108be80025100000252040022530600225280002bb
:108bf8009466410f21905302000040a20660410f85
:108c08000100e426ffff4230060040140000c2a61f
:108c180000008292bb010424500003240b18820038
:108c28000000c3a60c002052049d053c0b00001058
:108c380025282002049d053c070006240c9da52438
:108c4800cf63410f25200002d5ff4014000080a209
:108c5800d3ff001007001026149da5248a66410f33
:108c68002520a002b0ff00100100022405004014d6
:108c780023985000ca65410f2520000221100202e6
:108c8800239850004000622aa7ff401025100000da
:108c98002520400225306002252800029466410ff5
:108ca80021905302daff0010000040a275008010e6
:108cb800251800007300a01000000000d0ffbd2799
:108cc8002400b1af2000b0af258880002580a00027
:108cd8002c00bfaf252880002800b2af2520000057
:108ce8002e0006240000a2801a0040140000000094
:108cf80003000224240082141b00a2271400a2af40
:108d0800049d053c1a00a227252020021000a2afce
:108d18001900a7271800a627bc66410f189da5248f
:108d28000400042404004414251800001800a28f2d
:108d3800000002ae010003242c00bf8f2510600044
:108d48002800b28f2400b18f2000b08f0800e00304
:108d58003000bd2705004614d0ff422401008424ba
:108d680025180000dfff00100100a524ff00423095
:108d78000a00422c04004010010063240400622809
:108d8800d8ff40140100a524010005243c63410fcd
:108d980025202002faff032406004314049d053c05
:108da8002c9da524ef29410f25200000e2ff00108b
:108db800251800000200432c080060141027122414
:108dc800049d053c25304000589da524ef29410ffe
:108dd80025200000d8ff00102518000001000624f7
:108de800252800003e63410f252020021500401071
:108df80025300000f3ff4004049d053c1800a0af97
:108e08001800a28f10274228060040140000000016
:108e1800ffff5226f1ff4016049d053ce1ff0010bc
:108e2800dc9da5241800a28f010042241800a2afdf
:108e3800f3ff001000000000049d053cd9ff00105e
:108e4800849da524252800024063410f2520200287
:108e5800f9ff40142520000003000292049d053c00
:108e6800b09da5241400a2af020002921000a2af88
:108e780001000792ef29410f00000692aeff001093
:108e8800010003240800e00325106000a0ffbd27af
:108e98005c00bfaf5800b3af5400b2af5000b1afe1
:108ea800070080144c00b0af049d053c049ea52427
:108eb800ef29410f000000000d0000102588000078
:108ec800c800a2241000a2af4000a724c000a62416
:108ed800bfa2400f2580a0000d0040142588400047
:108ee800049d053c289ea524ef29410f252000005c
:108ef8005c00bf8f251020025800b38f5400b28f3a
:108f08005000b18f4c00b08f0800e0036000bd270f
:108f1800bbf0400f0000000004004014258840000a
:108f2800049d053cf0ff00104c9ea524c4000526b6
:108f38002da3400f2520000204004014258840007e
:108f4800049d053ce8ff0010709ea524c00005960e
:108f5800253000009d31400f01000424ffff032449
:108f680005004314ca0002a6049d053c9c9ea52446
:108f7800cfff001025200000c400038ec000069615
:108f88003800a72701000524252040006137400f3d
:108f98003800a3af0900401425884000049d053c13
:108fa800d09ea524ef29410f252000000332400f51
:108fb800ca000486cfff00105c00bf8fed31400f60
:108fc800ca0004861d00401425884000049d053c05
:108fd800f4ff0010009fa524aa7d400f0a00042476
:108fe8000a003126e80306241b002602f401c0000b
:108ff8001010000004004014123000002c9f452679
:10900800ef29410f25200000c231400fca00048615
:109018000300401488130224efff2216000000000a
:10902800c231400fca00048607004014258840005a
:10903800049d053cdbff00105c9fa52425880000eb
:10904800f1ff0010049d123cc8001392a8ff6012a3
:1090580001a0123c1858410f80b0442601a0053cdd
:109068000100072400100624d0bda52486b8400faf
:1090780080b044260303023c80b0512603034224f7
:10908800069d033c589e6324440522ae01a0023c81
:1090980050b043ac069d053c50b042240300062462
:1090a800f899a524980c22aee9b8400f2520200293
:1090b800059d023cf43b42248c0c22ae069d023cea
:1090c80098964224252020025866410f840c22ae2f
:1090d8004e66410f25202002059d023cf062422485
:1090e800b40c22ae059d023c287e4224b80c22ae68
:1090f8005965410f252020026665410f2520200271
:10910800069d053c20000624d899a524d665410f64
:109118001800a427200006241800a527cab8400f65
:109128002520200225300000252800001b58410f6b
:109138002520200219004014049d053c849fa52485
:10914800ef29410f2520000032ba400f25202002c8
:10915800049d053c25304000b49fa524ef29410f0c
:109168002520000080b0468e0400c010049d053cf8
:10917800c09ba524ef29410f25200000049d053c34
:10918800f09fa524ef29410f252000000332400f4e
:10919800ca00048656ff001025880000039d023c83
:1091a800fc824224ca00072601a0123c039d063c0b
:1091b8001000a2af2528200268b044261400a7afeb
:1091c800992d410fb483c62468b0522601000224a9
:1091d800d00011aed40012aecc0002a244ff0010a1
:1091e80025886002848282930700401400000000f2
:1091f800049d053c0100022418a0a5242520000098
:10920800ef29410b848282a30800e00300000000dc
:109218007ba4400b00000000f0febd270401b4afa2
:109228000c01bfaf0801b5af0001b3affc00b2af8e
:10923800f800b1aff400b0af0f0080142001b48f74
:10924800049d053cef29410f3ca0a5242590000072
:109258000c01bf8f251040020801b58f0401b48f9f
:109268000001b38ffc00b28ff800b18ff400b08f0b
:109278000800e0031001bd27258080002588a00094
:1092880025a8c0000600e0142598e0000008022484
:1092980001a0133c348082af34809427d0cd73264c
:1092a800049d053c2530000258a0a524ef29410f54
:1092b80025200000d8000624252800008066410fdc
:1092c8001000a4271000a527a5a3400f2520000201
:1092d8000700401425904000049d053c74a0a52477
:1092e800ef29410f25200000daff00100c01bf8f85
:1092f800d800a29315004014049d063c049d063c2a
:1093080034a0c624049d053c9ca0a524ef29410f48
:10931800252000002530a0022528200228a1400f82
:109328001000a4270b00401425904000049d053c24
:10933800c0a0a524ef29410f25200000b5a1400faa
:109348001000a427c3ff00100c01bf8fedff001011
:109358002ca0c62401a0113cec00a7270008062475
:10936800d0cd25261000a427ec00a0afc5a1400f42
:10937800d0cd20a20400401425904000049d053c57
:10938800ecff0010e8a0a524e800a527d0cd2426ee
:1093980086a2400fe800a0af2d004010e800a68f7d
:1093a800049d053c10a1a524ef29410f25200000ac
:1093b800049d053c4897a524285f410fd0cd24265d
:1093c8003800401404005024049d053c5097a524ff
:1093d800285f410fd0cd24263200401402005024cb
:1093e8007b0005248065410fd0cd2426060040145b
:1093f800258040005b0005248065410fd0cd2426e0
:1094080021004010258040004000043cffff032657
:10941800d0cd3126090084242b10230212004010dd
:109428000000000000006290f6ff4224ff00423076
:109438001700452c0e00a010061044000000427cc6
:109448000c00405000006280f3ff0010ffff63240f
:10945800049d053c30a1a524ef29410f25200000db
:10946800d4ff0010049d053c08007114ec00a68f81
:10947800000062800d0003240c0043100a0003243e
:109488000a00431000000000ec00a68f049d053c74
:1094980084a1a524ef29410f252000001300001006
:1094a800000080aef9ff0052ec00a68fca65410f9c
:1094b80025200002049d053c253040005ca1a52420
:1094c80025200000ef29410f25a840000000828eca
:1094d80025280002252060022b88a2020aa8510034
:1094e800d665410f2530a002000095aeb5a1400f0a
:1094f8001000a427049d053c79ff0010b8a1a524fd
:10950800e0ffbd271000a6af2538a00025300000d9
:109518001c00bfaf88a4400f252800001c00bf8f87
:109528000800e0032000bd2788a4400b00000000cd
:10953800d0ffbd272c00bfaf2800b3af2400b2afc7
:109548002000b1af030080101c00b0af0700a014ca
:109558002580a000049d053cdca1a524ef29410f2e
:10956800252000000f0000102588000025888000b5
:10957800f0000624252800008066410f25200002ff
:1095880025202002a5a3400f252800020d00401425
:1095980025884000049d053c00a2a524ef29410f21
:1095a800252000002c00bf8f251020022800b38f33
:1095b8002400b28f2000b18f1c00b08f0800e00398
:1095c8003000bd27253000002528000028a1400fc5
:1095d800252000020900401425884000049d053c10
:1095e80028a2a524ef29410f25200000b5a1400f8e
:1095f80025200002ecff00102c00bf8f01a0133cb7
:109608001000a72700080624d0cd652625200002d3
:10961800c5a1400f1000a0af2588400004004014e9
:1096280025906002049d053ceeff001050a2a52481
:10963800e400052686a2400fd0cd6426040040141d
:1096480025884000049d053ce6ff001078a2a5246b
:10965800e400068ec80002240800c210049d053ce0
:10966800a4a2a524ef29410f25200000b5a1400f91
:1096780025200002cbff001025880000049d053c32
:109688005497a524285f410fd0cd64260a004010c6
:10969800049d053c0660410f0f004424049d053cd1
:1096a800e00002ae25304000c8a2a524ef29410ff2
:1096b80025200000049d053c4897a524285f410ffc
:1096c800d0cd44260c0040141000a68fe80000ae50
:1096d80001000224049d053cd80002a22ca3a52465
:1096e800ef29410f252000008082828f010042244b
:1096f800acff0010808282af04004224d0cd5226f5
:10970800e80002ae231052002330c200049d053c3d
:10971800ec0006aef4a2a524ef29410f2520000095
:10972800ecff001001000224d0ffbd272000b1afdc
:109738002c00bfaf2800b3af2400b2af1c00b0affd
:109748000d008010ffff11240c00a0502c00bf8fcb
:109758000900c0102590c000d80082902598a0006c
:109768000d00401425808000049d053c58a3a524c5
:10977800ef29410f252000002c00bf8f2510200263
:109788002800b38f2400b28f2000b18f1c00b08f47
:109798000800e0033000bd27d9008290f6ff40148e
:1097a80025880000ec00918c220020122b10d1009b
:1097b800e800858c0b88c20025302002d665410f51
:1097c80025206002e800028e049d053c2530200219
:1097d80021105100e80002aeec00028e7ca3a52403
:1097e8002520000023105100ec0002aedc00028ea0
:1097f80021105100ef29410fdc0002aee000028e7b
:109808000a0040502b103202dc00038e2b1062003d
:10981800060040142b10320201000224049d053c6e
:10982800d90002a2d2ff0010aca3a524d3ff401098
:109838002c00bf8f23305102cfffc0101000a72784
:109848002128710225200002c5a1400f1000a0aff9
:10985800140040101000a38f0a00601000000000e0
:10986800dc00028e2188230221106200e000038eb2
:1098780004006010dc0002ae2b104300e7ff40102c
:1098880001000224c231400fca000486baff401406
:1098980001000224049d053cd90002a2b4ff001077
:1098a800e8a3a524049d053c20a4a524ef29410f85
:1098b80025200000b0ff0010ffff11240d008010cc
:1098c800000000008082828fe8ffbd271400bfaf30
:1098d800ffff4224b5a1400f808282af1400bf8fe2
:1098e800049d053c4ca4a52425200000ef29410b2c
:1098f8001800bd270800e003000000008082828f66
:089908000800e0032b1002002f
:020000040000fa
:020000041d02db
:109910000800829004004010000000009880828fb0
:10992000ffff4224988082af0800e003000000009f
:109930000c0080142538c0002530a000059d053c92
:10994000e8ffbd271400bfafef29410fe076a52443
:109950009080828ffeff40141400bf8f0800e00348
:109960001800bd270800e00300000000a080848fdd
:10997000e8ffbd27040080101400bfafd491400f52
:1099800000000000a08080afac80858f01a0043c67
:109990006946410fd831842401a0043cf831842465
:1099a000988080af2474400f00000000a880848f4e
:1099b00005008010a480858fe93e400f0000000064
:1099c000a88080afa480858f0500a010ac80848f14
:1099d0000c00828c09f8400000000000a48080afd9
:1099e0001400bf8fac8080af0800e0031800bd27d3
:1099f0000000a28c1500401400000000e8ffbd2705
:109a00001000b0af1400bfaf5b3e400f2580a00038
:109a10000a004050251000004200439400106330bb
:109a2000070060101400bf8f2000038ec005637c08
:109a3000040060141000b08f251000001400bf8fc8
:109a40001000b08f0800e0031800bd270800e003f5
:109a500025100000b8ffbd272400b0af1000a427d8
:109a600001a0103c4400bfaf4000b7af3c00b6af10
:109a70003400b4af3000b3af25a0e00025b0a000a3
:109a800025b8c0003800b5af2c00b2af8d73400fc1
:109a90002800b1af2d75400ff83104260000932a3d
:109aa000fbff0324fcff02240a10730025984000ea
:109ab000bc73400ff83104260b0040142588400089
:109ac0001000a28ff8310426f83102ae1400a28fe4
:109ad000040082ac1800a28f3b75400f080082acd6
:109ae0002b0000104400bf8f0400229201000324c9
:109af000200043140200032405002492193a400f69
:109b00000800328e25a840000c00238e0000c28e73
:109b100029006214252820020b0080060600062476
:109b20001400448ed665410f2528e0020600a012dd
:109b3000000040ae252840026a44400f2520a002c4
:109b40000600430401a0043c03000624252860020b
:109b50008323410f2520400201a0043c2528200238
:109b6000ec3184249b73400f00000000d0ff0010f4
:109b700000000000e0ff4310059d053cb70a0624e5
:109b8000f07ea5244ca6400f252000004400bf8f86
:109b90004000b78f3c00b68f3800b58f3400b48fcb
:109ba0003000b38f2c00b28f2800b18f2400b08f0b
:109bb0000800e0034800bd27eaff00101000a427ba
:109bc000b0ffbd270f000524030004244c00bfafe5
:109bd0004800beaf4400b7af4000b6af3c00b5afe1
:109be0003800b4af3400b3af3000b2af2c00b1af27
:109bf000ef3e400f2800b0af010042300700401098
:109c0000059d143c01a0133ca47e9426593f400faf
:109c1000030004240d004014258040004c00bf8f39
:109c20004800be8f4400b78f4000b68f3c00b58f10
:109c30003800b48f3400b38f3000b28f2c00b18f56
:109c40002800b08f0800e0035000bd271800128ed6
:109c50004000032400004292f000423007004350cd
:109c60000000518ef2ff0524030006248323410fd8
:109c700025200002e5ff0010000000008088110090
:109c80003c0031321400222ef6ff4014ffff373221
:109c90001000028e0c0042942b105700f2ff40146b
:109ca000f2ff0524b542410f0200449625f0400022
:109cb0002b105700ecff4014f2ff0524d222410f75
:109cc000252000022b105e00e7ff4014f2ff052460
:109cd0002800168e0300c0564200c296e2ff001014
:109ce000ecff052440004230fcff4010ffff02243f
:109cf0000c00438edcff6210f5ff05240800c28ec5
:109d00000400c48e2710020025104400d7ff621003
:109d1000030006241000558e7400a01214000624bf
:109d200025284002d665410f1000a4271600a497ed
:109d3000b542410f1200bea71600a2a71400a38fc0
:109d4000ff3f023c24104300c7ff4014f2ff0524ec
:109d50002000028e0001423021004010253000001a
:109d60000400c38e0800c28e242062000f00a412db
:109d7000ffff04242f00a412271002002510430027
:109d80002c00a2122000a293e0000424f000423034
:109d9000280044100001023c7f0042242600a25209
:109da0001800128e2400a3521800128e9880828f01
:109db0009880838ffdff431400000000aaff40102d
:109dc000ecff05242d75400fd8316426d831728ef2
:109dd0000a00401625a80000120000100000000034
:109de0002528e002bd42410f25204002dcff401043
:109df000f6ff05249dff0010030006240800429290
:109e0000030040540400428ef1ff00100000528e07
:109e10002528200209f8400025200002faff401002
:109e200025a840003b75400fd83164268effa01254
:109e3000ecff05241800128e1000038e0000518ed6
:109e400002004496808811003c00313221105102fa
:109e50001c0002ae0c006294ffff3132231051004f
:109e6000b542410f0c0062a406004496020042a6cf
:109e700023105100b542410f2c0002a6060042a655
:109e800009004292ffff4224ff0042301100432ca0
:109e9000030060142110540073ff0010f1ff05242b
:109ea00000005590fcffa012ff3f113c0400428ec1
:109eb000059d053c24882202da0b0624b87ea524e1
:109ec0004ca6400f0100242e50ff2016010006244e
:109ed00025280002353f400f2520a0024bff4014eb
:109ee000f1ff052461ff0010030006245eff00104f
:109ef000f4ff05240800e003251000000800e0033b
:109f00002510000016008690030003246d00c31086
:109f1000010002249c80828fd8ffbd272400bfafa0
:109f20002000b4af1c00b3af1800b2af1400b1af43
:109f30003e0040141000b0af0800828c01a0113c1c
:109f400001a0133c01a0103cf83120aed83100ae86
:109f5000f8313126d8311026ec317426ec3160ae60
:109f60002590a000ac8082afa08080afa88080af99
:109f7000040020ae080020ae0c0020ae100020ae81
:109f8000040080ae080080aea48080af040000ae64
:109f9000080000ae0c0000ae100000ae988080af4c
:109fa0002c00a050ffff10240000a28c28004010bd
:109fb000039d053c25300000c09ba524b83e400f02
:109fc0000300042439004010a88082af1174400fb0
:109fd000252020021f004050fdff1024f145410fb5
:109fe0002520000233004010ac80848f0000458e95
:109ff0000800828c09f84000100006242f00401051
:10a00000a48082af8d73400f25208002a480918fa1
:10a01000258000000000428e002910002b10020253
:10a020000700401421282502948080af9c80828ff5
:10a03000010042249c8082af140000100100022421
:10a040009b73400fec316426f2ff001001001026d4
:10a05000ffff10248162410f000000000800401043
:10a06000000000007b62410f00000000059d053ce0
:10a07000253000020477a524ef29410f2520400058
:10a080005ba6400f00000000251000002400bf8fd9
:10a090002000b48f1c00b38f1800b28f1400b18f52
:10a0a0001000b08f0800e0032800bd27e9ff001072
:10a0b000feff1024e7ff0010fcff1024e5ff001056
:10a0c000fbff10240800e003000000009c80828f4a
:10a0d000c0ffbd273c00bfaf3800b5af3400b4af00
:10a0e0003000b3af2c00b2af2800b1af3f00401832
:10a0f0002400b0af1000938c2590800001a0103c8c
:10a100008d73400f1000a4272d75400ff8310426e1
:10a1100001a0153cbc73400ff83104260b0040141d
:10a12000258840001000a28ff8310426f83102aed5
:10a130001400a28f040082ac1800a28f3b75400f60
:10a14000080082ac21000010160043920400229205
:10a150000100032416004314020003240500249286
:10a16000193a400f0800348e040060520400229215
:10a17000270062162528200204002292ffff4224b5
:10a180000200422c0400401003000624fbff0524bb
:10a190008323410f2520800225282002ec31a426ac
:10a1a0009b73400f00000000daff00100000000069
:10a1b000eaff4310059d053c2e040624087fa524d4
:10a1c0004ca6400f252000001600439202000224f6
:10a1d000060062149c80828fffff4224030040141b
:10a1e0009c8082af5ba6400f000000003c00bf8f48
:10a1f0003800b58f3400b48f3000b38f2c00b28f8d
:10a200002800b18f2400b08f0800e0034000bd2774
:10a21000e3ff00101000a4270800e0032510000051
:10a220000800e003251000000800e003f4ff02240a
:10a230000800e003f4ff02240800e003f4ff022416
:10a240000800e003f4ff02240800e003f4ff022406
:10a2500025008010000000000000828c22004010c9
:10a2600000000000e0ffbd271800b2af1400b1af3e
:10a270001c00bfaf1000b0af163a400f2588800019
:10a28000259040000200422c110040141c00bf8f9a
:10a2900025800000193a400f252000025b3e400f48
:10a2a0002520400008004010010010260400448cc6
:10a2b0000000238e261864000800448c24186400d3
:10a2c0000b0060101c00bf8ff2ff50161c00bf8fe8
:10a2d0001800b28f1400b18f1000b08f0100042459
:10a2e000733e400b2000bd270800e003251000004e
:10a2f0001800b28f1400b18f1000b08f0800e00377
:10a300002000bd27e0ffbd271800b2af1400b1af99
:10a310001c00bfaf1000b0af2590a000050080105a
:10a320002588c00042008294400042301c00401446
:10a33000000000000f00e0142528200294a8400f20
:10a34000252040020400401025804000b53d400f0c
:10a3500025200002000022ae1c00bf8f2510000245
:10a360001800b28f1400b18f1000b08f0800e00306
:10a370002000bd27da39400f25200000f6ff4014e9
:10a3800025804000252040021c00bf8f1800b28f9e
:10a390001400b18f1000b08f94a8400b2000bd278f
:10a3a000eaffe01025808000ecff00101c00bf8f4a
:10a3b000c0ffbd273400b5af25a8a0002400b1af71
:10a3c0000ba88600258880004000848c3000b4af44
:10a3d00002000224010014243c00bfaf3800b6afd5
:10a3e0002c00b3af2800b2af2000b0af0c00801437
:10a3f0000aa04600251000003c00bf8f3800b68f31
:10a400003400b58f3000b48f2c00b38f2800b28f8a
:10a410002400b18f2000b08f0800e0034000bd276a
:10a420002580a0009e3a400f3c0025262c004010bd
:10a4300025904000060006243c004524d665410fc7
:10a440001000a42725980000400032ae1000b2276b
:10a450004000248e7ca6400f25280002e5ff401016
:10a4600025884000280002ae1800028e0000458cae
:10a470009480828f570040104013a57c09f840005b
:10a48000252020022f0002a2000807243c002626d7
:10a49000252840028c22410f2520000295006052a1
:10a4a0002000028ed222410f252000026600239652
:10a4b000f2ff4224ffff42302b186200ceff6054af
:10a4c000251000004e004012252800026a44400f6b
:10a4d0002520200227100200c7ff0010c21702002b
:10a4e0003c00338effff0224050062564000368e8a
:10a4f000ffff02241000a2af0c0000101400a2a75e
:10a500008a3c400f2520c002faff6212ffff02249e
:10a510000900c012030002246d00c39207006254b8
:10a520003c0022921000a0af1400a0a71000b22798
:10a53000c7ff0010010013243c0022922000422497
:10a54000ff0042301000422c09004010010002249c
:10a550001000a2a75e0002241200a2a33d002292d6
:10a560007f0042301300a2a3e3ff00103e002296ba
:10a570003c00238e0400c28e0800c48e26106200a8
:10a580002410440003004010010013240c00c38e6b
:10a5900002001324010007241000a6271800a52795
:10a5a0002520c002b892400f1800a3af0200032478
:10a5b000060043104408027c010003248eff43146c
:10a5c00025100000a3ff00104000248ea0ff001003
:10a5d0001000b2276a002292022845700700022468
:10a5e0001a00a200f401400012280000a5ffa010ec
:10a5f00025100000ffffa524a2ff0010ff00a230dd
:10a60000a080828f14004014039d053c253000007b
:10a61000549aa524be91400f252000000e0040143e
:10a62000a08082af8162410f000000000200422c36
:10a6300071ff4054251000007b62410f00000000b4
:10a64000059d053c2c77a524ef29410f25204000ce
:10a6500069ff0010251000006000329601a0113c37
:10a660002d75400ff831242601a0043cbc73400f27
:10a67000ec31842410004014259820028162410f9f
:10a68000000000000200422c0700401400000000ff
:10a690007b62410f00000000059d053c5c77a5240e
:10a6a000ef29410f252040003b75400ff83164260b
:10a6b00051ff0010251000001800a38f040054a0c3
:10a6c000050052a0080055ac0c0043ac2528400002
:10a6d0009b73400ff83124263b75400ff831242638
:10a6e0002000028e08004234200002ae42ff00101b
:10a6f0000100022401000624252800021000423433
:10a70000200002ae3b44400f252020023aff0010fb
:10a710000100022401000624eca8400b252880003b
:10a72000c8ffbd273000beaf2c00b7af2800b6afc2
:10a730002000b4af1400b1af1000b0af3400bfaf11
:10a740002400b5af1c00b3af1800b2af4400929024
:10a750001800908c059d1e3c140052262588800010
:10a7600025a0a00025b0c000d47ec5270b0a062472
:10a770003d00442e4ca6400f25b8e0000000029298
:10a78000040003240439627c821812000418627cdd
:10a79000000002a246002296010042301100401043
:10a7a0001d0a062445002292140013268010020080
:10a7b0002198620294040224000062a60400752617
:10a7c0002110120223a8a20220ae157c020060a66e
:10a7d000d47ec5274ca6400f0100a42a0100a20682
:10a7e000040060a21a00e012010000a20000e29240
:10a7f00020004330040060102518000001000424ec
:10a800008410837c010003a2100043300400601018
:10a810000100042401000392c418837c010003a2f8
:10a82000080043300400601001000424010003927a
:10a830000421837c010003a207004330050060501f
:10a8400021205602010003924439437c010003a2f7
:10a8500021205602b542410fffff8430b08084971b
:10a86000020002a601008424ffff8430b542410f9c
:10a87000b08084a7040002a6b542410f2520000045
:10a880000900e012060002a60200e3920300601035
:10a89000010003248473627c060002a60100e29298
:10a8a00003004054080002a264000224080002a22f
:10a8b000090014a23800228e0a0000a60c0002ae85
:10a8c0003c00228e100002ae4000228e68004290b2
:10a8d00004004230050040142530000025284002c5
:10a8e000bd42410f252000020a0002a61000238e5f
:10a8f0003400bf8f3000be8f0c0062942c00b78fe5
:10a900002800b68f211042020c0062a41800228e8b
:10a910002400b58f2000b48f219052004000228e79
:10a920001c0032ae1c00b38f280022ae1800b28f7c
:10a930001400b18f1000b08f0800e0033800bd276d
:10a94000d0ffbd272000b0afac80908f2c00bfaff0
:10a950002800b2af190000122400b1af1e00801011
:10a9600001a0123c1800a0af1400a4af1800a5a3ca
:10a970002588a0000c000724252800021000a62727
:10a98000d8314426f345410f1000a0af0b00401012
:10a99000258040000a0020122c00bf8f2d75400f2b
:10a9a000d83144269880828fd83144260100422431
:10a9b000988082af3b75400f000000002c00bf8fd5
:10a9c000251000022800b28f2400b18f2000b08f24
:10a9d0000800e0033000bd27f8ff001025800000cc
:10a9e00007008010ac80868f0500c010039d073cd7
:10a9f00001a0053c1099e7242846410bd831a52435
:10aa00000800e00325100000d8ffbd271400b0aff8
:10aa100001a0103c1c00b2af25908000d831042664
:10aa20002000b3af2400bfaf1800b1af2d75400fa9
:10aa30002598a000d831028e0e0040102588000015
:10aa4000fdff52540000428c080042922b1002007d
:10aa500008005310000000009880828f02006052ae
:10aa6000ffff422401004224988082af080053a2d5
:10aa7000010011243b75400fd83104262400bf8ffc
:10aa8000251020022000b38f1c00b28f1800b18f58
:10aa90001400b08f0800e0032800bd271800828c46
:10aaa0000800e003100042241800828c0800e00334
:10aab0000c004224e8ffbd271000b0af25808000c5
:10aac0001400bfafce37410f2520000025284000dd
:10aad000e037410f252000001400bf8fffff023236
:10aae0001000b08f0800e0031800bd27e8ffbd2765
:10aaf0001400bfafce37410f2520000025284000ad
:10ab0000e037410f252000001400bf8f2510000002
:10ab10000800e0031800bd27d8ffbd271000b0af24
:10ab20001800908c1c00b3af2800938c0c00028e90
:10ab30002400bfaf2000b4af1800b2af1400b1af13
:10ab4000100002ae0400628e258880000200049688
:10ab50000c0002ae25a0a000b542410f2590c00018
:10ab600006000496b542410f020002a6060002a6a6
:10ab7000080002920200401464000224080002a2ad
:10ab80001000248e0000028e0c00839480100200be
:10ab90003c0045302118a300090080120c0083a45a
:10aba0000a0000a668006392040063300400601489
:10abb00025300000bd42410f252000020a0002a6f8
:10abc0000f004012060006241400248e0600902474
:10abd000d665410f252800022800258e0100a054cb
:10abe0003c00a52406000624d665410f252000025e
:10abf0001000238e0c0062940e0042240c0062a40c
:10ac00002000228e2400bf8f2000b48f0200423427
:10ac1000200022ae1c00b38f1800b28f1400b18f39
:10ac20001000b08f0800e0032800bd270a00a01420
:10ac3000251000000800e0030000000025100000bf
:10ac40001c00bf8f1800b28f1400b18f1000b08f9e
:10ac50000800e0032000bd27e0ffbd271400b1afce
:10ac60002588a0001000b0af2528c00025808000f6
:10ac70001800b2af1c00bfaf9e3a400f2520200243
:10ac8000030040142590000025102002010012242a
:10ac9000252040007ca6400f25280002e7ff401039
:10aca0002520400009004016280002ae2000028e38
:10acb0000100062425280002100042343b44400fc6
:10acc000200002aedeff0010010002246a44400fa3
:10acd0002528000227100200d9ff0010c217020029
:10ace000e0ffbd271800b1af1400b0af1c00bfaf2c
:10acf000258800001600c010258000001400a01058
:10ad000025180000140009240000a88c1f00091158
:10ad10000400a2940a10080021805000010063245e
:10ad2000ffff1032f8ffc3140800a52409000052e9
:10ad30001400842403001026fcff0232258040000a
:10ad40002900422c0100405028001024ffff10323f
:10ad500014008424212804020200e634ffffa530f9
:10ad6000e022410f48000424040040101c00bf8f63
:10ad7000440050a0460051a41c00bf8f1800b18fa2
:10ad80001400b08f0800e0032000bd27010011244b
:10ad9000e1ff0010040002240200c0101800878c9c
:10ada000450080a045008390440086902330c30076
:10adb0002330c5000600c004251000004010030029
:10adc0001400e724211865002110e200450083a04b
:10add0000800e003000000000100c0540a30050034
:10ade0001800848c4000072400008390f00063303a
:10adf00014006714251000000000838c80180300e5
:10ae00003c0063301500672c0e00e014ecff632457
:10ae1000140084240700c01001008790000088906f
:10ae20000800a524fcffa7a41f000831f8ffa8ac68
:10ae3000ffffc6242318670001004224f5ff6014b9
:10ae4000212087000800e00300000000e8ffbd2784
:10ae50002540a0001400bfaf1000b0af0200e0100a
:10ae60002528c0000a3806001800848c40000324fe
:10ae700000008290f000423013004314258000004f
:10ae80000000828c801002003c0042301500432cf0
:10ae90000d006014ecff4224140084240000839011
:10aea0001f0063300d006814010090902b38f000f3
:10aeb0000600e0141400bf8f0500001225100002e8
:10aec000d665410f253000021400bf8f2510000207
:10aed0001000b08f0800e0031800bd2723105000b9
:10aee000eeff401421209000f7ff001025800000a5
:10aef000080080102510000042008294400042307b
:10af0000040040100000000066008294ecff422420
:10af1000ffff42300800e003000000000800e003eb
:10af2000251000000800e003251000000800e003e1
:10af300025100000e0ffbd271800b1af2588800074
:10af40001400b0af1c00bfafce37410f252000006a
:10af50009480838f0300601425800000948091af5b
:10af60000100102425284000e037410f2520000073
:10af70001c00bf8f251000021800b18f1400b08f85
:10af80000800e0032000bd27e0ffbd271800b1af97
:10af9000258880001400b0af1c00bfafce37410f32
:10afa000252000009480838f030071142580000009
:10afb000948080af0100102425284000e037410f25
:10afc000252000001c00bf8f251000021800b18f43
:10afd0001400b08f0800e0032000bd27e8ffbd2764
:10afe000450002241400bfaf1000b0af0c00a2acab
:10aff000170002242000a3242580a0002004a2a47e
:10b00000049d053c2520600017000624d665410fed
:10b01000c87fa524049d053c370000a225304000d0
:10b02000e07fa524ef29410f252000001400bf8fe9
:10b03000010002241000b08f0800e0031800bd27b3
:10b0400040fdbd27bc02bfafb802b4afb402b3af7e
:10b05000b002b2afac02b1afa802b0af41f0400f46
:10b060002580a00041f0400f0000519041f0400fba
:10b070000100529041f0400f02005390afef400f9b
:10b080000300549033004014049d023c059d023c93
:10b0900004804224059d063c1400b3af1000b2affb
:10b0a000253820020c80c624800005242002a42715
:10b0b0001c00a2af1800b4af2d67410fa002b22749
:10b0c00025384002000106242001a5272002a427dc
:10b0d0007925410fa002a0af2000401020001326c8
:10b0e000059d053c253040004080a524ef29410ff7
:10b0f00025200000450002240c0002ae320002248c
:10b100002002a427ca65410f1c0002ae200402a63b
:10b110002002a52725206002d665410f253040007a
:10b12000059d053c6880a524ef29410f25200000de
:10b13000bc02bf8f01000224b802b48fb402b38fe7
:10b14000b002b28fac02b18fa802b08f0800e0034a
:10b15000c002bd27cfff0010fc7f4224a002b18fa8
:10b16000450002240c0002ae3c000224ffff263200
:10b170002001a527252060021c0002aed665410fe4
:10b18000200411a62000a627252820022001a4279c
:10b190001400a0af1000b2af15f9400f0001072452
:10b1a000049d053c2000a627e07fa524ef29410f40
:10b1b00025200000dfff0010bc02bf8f0400a22c7e
:10b1c0000e004010000000000800e0032510000001
:10b1d000251000002c00bf8f2800b68f2400b58feb
:10b1e0002000b48f1c00b38f1800b28f1400b18ff1
:10b1f0001000b08f0800e0033000bd27f2ff801080
:10b2000000000000f0ffc01000000000d0ffbd27cc
:10b210002800b6af1c00b3af1800b2af2c00bfaf10
:10b220002400b5af2000b4af1400b1af1000b0af30
:10b230000000829025b080002590c000821102009d
:10b240000000c2a0000082902598a0000009427c66
:10b250000400c2ac000082900f0042300800c2a07f
:10b260000100829002008494b542410f0c00c2acf0
:10b27000080046921a00c010100042a60400d42410
:10b280002a107402d2ff40140400c526d665410f6f
:10b2900012004426ffff9432220440a225a8000099
:10b2a0002b1093020c004050200440a6220442922e
:10b2b0001000422c0c0040542110d4022580800242
:10b2c00023307002ffffc630200446a62128d0029a
:10b2d000d665410f20004426beff00100100022465
:10b2e000edff00100400142400005190010090268e
:10b2f000ff00022406002216ffff10322b1013025b
:10b30000f0ff401423307002f3ff0010200440a629
:10b31000021111000d000324260043140e00032423
:10b320002b101302aaff40102180d00200000292cd
:10b330000d00b52621a8a202ffffb5320200822629
:10b34000ffff50300f0022320d0003242800431469
:10b350000e0003242b1013029dff40102110d00279
:10b3600000004290010010260d004224ff004230f0
:10b37000ffff1032211802022a18630294ff6014a2
:10b38000ffff4230220444922128d002c01804005a
:10b3900021184302260462a40100842421105000d5
:10b3a000240475a4280465acffff5430bcff0010d2
:10b3b000220444a20c00435421a8a2020100022648
:10b3c0002a10530082ff40102180d0020000049612
:10b3d000b542410f0d01b52621a8a202ffffb532eb
:10b3e000d7ff001003008226d6ff0010ffffb53202
:10b3f000e1ff431421180202010002262a10530023
:10b4000073ff40102110d00200004494b542410f58
:10b41000020010260d004224d5ff0010ff0042302c
:10b4200092008010251000009000a0100000000085
:10b430008e00c01000000000c8ffbd272400b4af7c
:10b440001c00b2af1800b1af1400b0af3400bfaff2
:10b450003000b7af2c00b6af2800b5af2000b3afb7
:10b4600000008290080083902590800080110200e7
:10b47000251043000400838c25a0c0002588a0006f
:10b4800000190300251043000000a2a00c00828ccc
:10b49000040010240100a2a0b542410f10008494c2
:10b4a000020022a6080046920500c01012004526a0
:10b4b000d665410f0400242608005092040010268f
:10b4c0002404552625b8000025b00000220442922d
:10b4d0002a10e2021c0040540000a6962004429666
:10b4e0000c00401001001326ffff022421803002cf
:10b4f000000002a220044696ffff7332200045267a
:10b50000d665410f2120330220045096218070021d
:10b51000ffff10323400bf8f000090a6010002240c
:10b520003000b78f2c00b68f2800b58f2400b48f61
:10b530002000b38f1c00b28f1800b18f1400b08fa1
:10b540000800e0033800bd272310d600ffff42307b
:10b550000d00432c0d0060100200b3960d00632e09
:10b560001c0060100100032600110200251053008a
:10b5700021803002000002a2ffff7030060060123e
:10b5800025b0c000220000100400a58e0d01432c40
:10b59000270060140d00632e0100f726cbff00107a
:10b5a0000800b52601000326ffff6330d0ff042406
:10b5b00021283002252064020200102621182302cf
:10b5c000f3ff42240000a4a0ffff1032ebff0010a5
:10b5d000000062a00d01632eefff60100011020059
:10b5e00001000326212030020d004234ffff6330aa
:10b5f000000082a00200102621102302f3ff632620
:10b60000ffff1032000043a00400a58e25b0c0004b
:10b61000e2ffa0500100f726212030022530600211
:10b62000d665410f21807002dbff0010ffff103252
:10b63000dcff60140d01632ed7ff6010211830026b
:10b64000ddff0424000064a001000426ffff843015
:10b650000200032621202402f3ff4224ffff63306f
:10b66000000082a0e4ff0010030010260800e003a1
:10b6700000000000a0fbbd274404b1af7804b18fe7
:10b680005404b5af4004b0af5c04bfaf5804b6afcc
:10b690005004b4af4c04b3af4804b2af7004b58fdc
:10b6a0007404b0973c002012251000003a00a0124c
:10b6b0002598c00025a0a0002a0406242528000003
:10b6c00025b080001000a4278066410f2590e0007f
:10b6d000b542410f000804241c0004261c00a2a748
:10b6e000ffff843045000224b542410f1e00a2a393
:10b6f0002000a2a74011023c00404224040006247e
:10b700002528c0022a00a427d665410f2400a2af35
:10b710000400062425288002d665410f2e00a427a8
:10b72000b542410f2520600225204002b542410f5d
:10b730003200a2a708000426ffff8430b542410f63
:10b740003400a2a70e0006241000a5272520200201
:10b75000d665410f3600a2a7140006241e00a527b7
:10b76000d665410f0e002426080006243200a527c6
:10b77000d665410f22002426253000022528a0028c
:10b78000d665410f2a0024267c04a28f2a001026a9
:10b79000000050a4010002245c04bf8f5804b68f3f
:10b7a0005404b58f5004b48f4c04b38f4804b28f47
:10b7b0004404b18f4004b08f0800e0036004bd274b
:10b7c00025180000251000002a3064000300c01472
:10b7d0002130a3000800e0030000000001006730f2
:10b7e0000400e0100000c69021104600f6ff001093
:10b7f00001006324fcff0010003206000214040064
:10b8000004004054ffff8430271004000800e003c8
:10b81000ffff4230f9ff001021208200e8ffbd2722
:10b820002548a0002528e0001400bfaf2550800067
:10b83000f0ad400f2558c000252860010800042401
:10b84000f0ad400f254040001400bf8f21100201d1
:10b8500021202a0121208200ffad400b1800bd27c6
:10b860000e00879040000224f000e33006006214ce
:10b8700006000224170085900500a2101100022482
:10b880000400a210060003240800e00300000000ea
:10b890001000032411008290100086900f00e73002
:10b8a0000012020025104600a010027c803807001c
:10b8b000ffff423023104700010066242a30c200f7
:10b8c000f1ffc0100e00e7242118e3002168830077
:10b8d0000100632421608300e8ffbd271400bfaf8f
:10b8e000213887000000a0a11a008624000080a152
:10b8f00007ae400fffff4430021a02000000a3a170
:10b90000000082a11400bf8f0800e0031800bd27cb
:10b91000d0ffbd271c00b0af2c00bfaf2800b3afd5
:10b920002400b2af2000b1af1000a01025800000ad
:10b930000e00c0102510c00001a0123c2588a000f8
:10b94000259880001000a627f001452608ad400f7d
:10b95000252040000d00401425804000059d053c39
:10b960009480a524ef29410f252000002c00bf8fd3
:10b97000251000022800b38f2400b28f2000b18f61
:10b980001c00b08f0800e0033000bd2701a0103c70
:10b99000f00510262a040624252800008066410fa1
:10b9a000252000020600062425286002d665410fe6
:10b9b000252000023ff0400f0000000001a0043ce1
:10b9c0000600062425284000d665410ff60584248c
:10b9d000b542410f000804241000a4970c0002a6f1
:10b9e000450002241c008424ffff8430b542410f2f
:10b9f0000e0002a6100002a601a0023c6c0a42241e
:10ba00000400449401008324b542410f040043a480
:10ba1000120002a601a0043c6411023c04000624aa
:10ba2000252820020a068424140002aed665410fa0
:10ba3000180000a601a0043c0400062404002526ea
:10ba4000d665410f0e068424b542410f08002496a6
:10ba50000a002496b542410f220002a61000a497c6
:10ba6000240002a608008424b542410fffff843061
:10ba70001000a69701a0043cf00145261a06842474
:10ba8000260002a6d665410f280000a62510000258
:10ba900014000526252000000e0043900f0046905c
:10baa00002004224001a030025186600faffa214bf
:10bab000212083000214040012004054ffff843050
:10bac00027200400b542410fffff84301000a597e6
:10bad00025200002180002a618ae400f2a00a52457
:10bae0001000a59725200002b1ef400f2a00a524e1
:10baf0009eff401425804000059d053c99ff0010e5
:10bb0000ac80a524ebff001021208200e0ffbd27c0
:10bb10001800b1af1400b0af1c00bfafadef400fc5
:10bb2000258880000b00401425804000059d053cc1
:10bb3000cc80a524ef29410f252000001c00bf8fd9
:10bb4000251000021800b18f1400b08f0800e00328
:10bb50002000bd2701a0033c01000224059d053cf7
:10bb60006c0a62a0253020026c0a632401000224c2
:10bb7000f880a52425200000020071a4ef29410fc0
:10bb8000040062a4eeff00101c00bf8fe8ffbd2779
:10bb90001000b0af1400bfafadef400f00000000c9
:10bba0000a00401425804000059d053c1c81a52409
:10bbb000ef29410f252000001400bf8f251000023f
:10bbc0001000b08f0800e0031800bd2701a0033c5f
:10bbd0006c0a60a0010002246c0a6324059d053ce8
:10bbe000040062a4f2ff00104881a52464828293bd
:10bbf000e8ffbd270a00432c090060141400bfaf02
:10bc0000059d053c6481a524ef29410f25200000f6
:10bc1000251000001400bf8f0800e0031800bd27a6
:10bc200001a0063cc01802001c0ac62421186600a8
:10bc300001004224648282a3000064ac040065ac6d
:10bc4000f4ff001001000224d8ffbd270104a22c3c
:10bc50002400bfaf2000b3af1c00b2af1800b1afdb
:10bc60000d0040141400b0af059d053c8c81a52447
:10bc7000ef29410f25200000251000002400bf8f70
:10bc80002000b38f1c00b28f1800b18f1400b08f4a
:10bc90000800e0032800bd2765828293ff00423040
:10bca0000400401001a0103c059d053cf0ff001071
:10bcb000a481a524180f10262588a0002598c0006f
:10bcc0002530a0002528800025200002d665410fe0
:10bcd0002590e000040006242528600202040426c2
:10bce000d665410f000411a6040006242528400251
:10bcf000d665410f060404263800a2974000a58fa0
:10bd0000060006240a0402a63c00a2970e0404269c
:10bd1000d665410f0c0402a601000224658282a3ad
:10bd2000d6ff001001000224059d053ce0ffbd2761
:10bd3000c481a5241c00bfafef29410f25200000be
:10bd400001000224059d053c039d043c1400a0afa6
:10bd50001000a2af2538000000080624d481a524d5
:10bd60000cc18424658280a3d67a400f00000000b5
:10bd70001c00bf8f0800e0032000bd273e0080109c
:10bd8000251000003c00a010000000003a00c01088
:10bd9000000000000200c22c2f000324d0ffbd27aa
:10bda0000b1802002800b5af2000b3af1c00b2afe3
:10bdb0001800b1af1400b0af2c00bfaf2400b4af77
:10bdc00025a8c0002580a000258880000100422c05
:10bdd0000000a3a0240492242598000022042392aa
:10bde0002a1863020a0060142c00bf8f010002248d
:10bdf0002800b58f2400b48f2000b38f1c00b28fb1
:10be00001800b18f1400b08f0800e0033000bd2788
:10be1000000044960b000324140083140200432cfa
:10be20000700601421180202010042242f0004249c
:10be3000ffff4230000064a021180202000060a051
:10be40000200469621a046002a189502080060507c
:10be5000010073260400458ed665410f21200202a1
:10be6000ffff823221180202000060a00100732649
:10be7000daff0010080052260800e003000000006e
:10be800020f6bd27cc09b5aff409b59733160224c7
:10be9000c809b4afdc09bfafd809beafd409b7af8a
:10bea000d009b6afc409b3afc009b2afbc09b1afd6
:10beb000b809b0af0300a212f009b497800082164f
:10bec000258000002590c000b404a6276fac400f69
:10bed0002598e0000700401425804000059d053ca2
:10bee000e081a524ef29410f2520000075000010f6
:10bef000dc09bf8f01a0023c6c0a51908000201227
:10bf0000b804a28f7e004014a40406242528000053
:10bf10008066410f1000a427010002241000a2a394
:10bf200002000224bc04a6931400a2afc404a2978a
:10bf3000c604a5272200a4271800a6a3d665410f92
:10bf40002000a2a7400006245809a527b404a4276e
:10bf50002c00a0af5faf400f3204a0a30400401438
:10bf6000059d053cf881a5248a66410f5809a42740
:10bf700001a0163c648283931c0ad626258000000b
:10bf800025b8c0022a10030209004014059d053c93
:10bf90005809a6271c82a524ef29410f252000005f
:10bfa000840002241c00a2af19000010251000001c
:10bfb0000000de8e5809a527b009a3afe165410f47
:10bfc0002520c0030800d62619004014b009a38f0d
:10bfd000059d053cc08010002530c003fc81a524d0
:10bfe00025200000ef29410f2180f0020400028e7d
:10bff000b404a42709f840001000a527c004a48faa
:10c00000010003240c008310000000002510200212
:10c01000c004a48f030003241800831480000324a9
:10c02000440004240b188200140000101c00a3af6d
:10c03000d4ff0010010010262e0040103204a393fc
:10c040001000622c0d004010840062241000a42710
:10c05000c0100200211082000100043c0c00842466
:10c06000040044ac2c00a48f010063243204a3a379
:10c07000ac09a4a3ac09a427080044ac040006241e
:10c08000252860029809a427a409a0afa809a0af99
:10c09000a009b5a7d665410fa209b4a704000624dc
:10c0a00025284002d665410f9c09a427f809a48fd2
:10c0b0001000a62744ae400f9809a527258020022e
:10c0c000dc09bf8f25100002d809be8fd409b78fb5
:10c0d000d009b68fcc09b58fc809b48fc409b38f06
:10c0e000c009b28fbc09b18fb809b08f0800e00356
:10c0f000e009bd2784000224e0ff00101c00a2af6d
:10c10000059d053c77ff00105482a524d0ffbd2774
:10c11000059d053c2400b1af2000b0af8482a5246a
:10c120002520000001a0103c01a0113c2800b2af66
:10c130002c00bfafef29410f180f10262613312610
:10c1400001a0123c65828293ff0042300c00401037
:10c1500001a0063c0c040296000405961400a2af50
:10c160000a0402961800b1af1e1347261000a2afb2
:10c170001a13c624a0af400f25200002658280a3b9
:10c18000aa7d400f0a000424eeff0010000000000a
:10c190002000801025100000220483901000652ce0
:10c1a0001c00a01000000000240485240c000724bb
:10c1b000f8ffbd272a3043000b00c0540800a52417
:10c1c000c0100300211082000c000524240445a4a3
:10c1d0000100632402000524260445a428045dac64
:10c1e00009000010220483a0f8ffa694f1ffc754b1
:10c1f00001004224c010020021208200020002241b
:10c20000260482a428049dac010002240800e00357
:10c210000800bd270800e0030000000009008010ae
:10c220002510000022048690240483240c00072497
:10c23000020008242a2846000400a0540000659447
:10c24000251000000800e003000000000a00a754c9
:10c2500001004224020065940700a8540100422412
:10c2600084004224c0100200211082000800428c89
:10c270000800e00300004294eeff00100800632471
:10c2800080ffbd275c00b1af2588a000059d053c5f
:10c290005800b0af9882a52425808000252000009a
:10c2a0007c00bfaf7800beaf7400b7af7000b6af10
:10c2b0006c00b5af6800b4af6400b3afef29410fb5
:10c2c0006000b2af0d0002920c00049207000392ce
:10c2d00008000592090006920a0007920b000892d6
:10c2e0000012020025204400000012920100139267
:10c2f0000200149203001592040016920500179292
:10c3000006001e925000a3af4c00a5af4800a6af98
:10c310004400a7afb542410f4000a8af4c00a58f25
:10c320004000a88f5000a38f4400a78f4800a68f1d
:10c330002800a5af059d053c3400a8af2400a3af9d
:10c34000b482a5243800a2af3000a7af2c00a6af5e
:10c3500025386002253040021000b4af25200000cf
:10c360002000beaf1c00b7af1800b6afef29410fd9
:10c370001400b5af11000292100004920e00129248
:10c380000012020025204400b542410f0f00139215
:10c3900025a0400013000292120004920012020035
:10c3a000b542410f25204400059d053c253860021b
:10c3b000253040021400a2af1000b4af2083a524a2
:10c3c000ef29410f25200000190002921800049265
:10c3d000150003920012020025104400140006927a
:10c3e0001400a2af1700029216000792001a030071
:10c3f000059d053c253066001000a2af6483a5248e
:10c40000ef29410f25200000210002921b00079216
:10c410001a0006922400a2af20000292059d053c5e
:10c42000a483a5242000a2af1f00029225200000b3
:10c43000059d143c1c00a2af1e0002921800a2af82
:10c440001d0002921400a2af1c000292ef29410fbe
:10c450001000a2af230002922200049200120200f8
:10c46000b542410f2520440025904000250002924e
:10c470002400049200120200b542410f252044001e
:10c480002598400027000292260004920012020024
:10c49000b542410f25204400290003922800049250
:10c4a000059d053c001a030025186400253860022c
:10c4b0001400a3af1000a2af25304002d483a524fe
:10c4c000ef29410f25200000059d053c2530200265
:10c4d0001084a524ef29410f25200000059d053c6f
:10c4e0002884a524ef29410f252000002590000075
:10c4f0001100332e020060162510200210000224c5
:10c50000ffff42302a10420219004054211012024b
:10c5100004006016059d053c4084a524ef29410fc9
:10c5200025200000059d053c4484a524ef29410fea
:10c53000252000007c00bf8f7800be8f7400b78f6d
:10c540007000b68f6c00b58f6800b48f6400b38f35
:10c550006000b28f5c00b18f5800b08f059d053c24
:10c560004884a52425200000ef29410b8000bd2729
:10c570002a00469038848526ef29410f25200000a7
:10c58000dcff001001005226059d053ca8ffbd27d9
:10c590005c84a524252000005400bfafef29410f83
:10c5a0005000b0af069d053c1000a4273a000624b9
:10c5b000d665410f1c93a5243800a697059d103c15
:10c5c0007c840526ef29410f252000001000a427b8
:10c5d0003a00052418ae400f3800a0a73800a697ef
:10c5e0007c840526ef29410f25200000059d053c90
:10c5f0009884a524ef29410f252000005400bf8f07
:10c600005000b08f0800e0035800bd27e8ffbd27a9
:10c61000331604241400bfafc3ae400f1000b0aff8
:10c620000f004010039d053c059d043cdcafa52494
:10c63000fbae400ff8818424039d053c059d043c1e
:10c6400040b0a524bc848424fbae400f069d103c62
:10c65000f89610260000048e050080540800058e10
:10c660001400bf8f1000b08f0800e0031800bd2732
:10c67000f8ffa0100c001026fbae400f00000000d9
:08c68000f5ff00100000048e1c
:020000040000fa
:020000041d02db
:10c68800251000000000838cc01102000100652401
:10c69800000085ac000063907f006530201c037c9f
:10c6a800f8ff60042510a2000800e0030000000065
:10c6b8000000828c000042908001427c231002001e
:10c6c8000000838cc011020001006524000085acc5
:10c6d800000063907f006530201c037cf8ff600435
:10c6e8002510a2000800e00300000000039d073c9d
:10c6f800e0ffbd27986ee724039d023c25308000ab
:10c708001c00bfaf7c714224080087ac1000a4272e
:10c71800a2b1400f1000a2af0400c38c8020020019
:10c7280000140200211864000800c48c1c00bf8f8c
:10c738002338870021104700040064240400c4ac97
:10c74800000062ac1000a28f2000bd270800e003a3
:10c758000800c2ac0800828c98fdbd274c02b3af1c
:10c768004802b2af4002b0af039d133c0000908c6a
:10c778000400928c3402a2af886d62264402b1afe5
:10c788006402bfaf6002beaf5c02b7af5802b6af7b
:10c798005402b5af5002b4af258880003802a2af6a
:10c7a8003402a28f010043243402a3af0000429058
:10c7b8005800432cfb046010039d033c80100200ca
:10c7c800dcc76324211062000000428c080040008e
:10c7d800000000006cc9029de0c9029df4c9029dd9
:10c7e80014ca029d38ca029d50ca029d74ca029d8d
:10c7f80098ca029db0ca029dc8ca029de0ca029d9d
:10c80800fcca029d14cb029d30cb029d50cb029de9
:10c8180070cb029d8ccb029da8cb029dc0cb029d04
:10c82800eccb029d10cc029d34cc029d5ccc029dc9
:10c8380080cc029d98cc029de4cc029d08cd029d3f
:10c848008cc9029d20cd029dd0cd029d18ce029d9f
:10c8580050ce029d6cce029d74ce029dfcce029df0
:10c868007cd0029da4d1029d2cd2029d34d2029d7f
:10c8780044d2029d9cd2029db4d2029dc4d2029d94
:10c8880020d3029d54d3029d68d3029d7cd3029d80
:10c8980090d3029da8d3029de0d3029d0cd4029da3
:10c8a80030d4029d54d4029d64d4029d74d4029d58
:10c8b80084d4029d9cd4029dacd4029d28d5029daf
:10c8c80090d5029dc0d5029dd8d5029df0d5029d78
:10c8d80008d6029d20d6029d3cd6029d84d6029d94
:10c8e8009cd6029db4d6029dc8d6029df8d6029d5c
:10c8f80028d7029d50d7029d78d7029db4d7029db4
:10c90800f0d7029d0cd8029d28d8029d4cc9029de3
:10c91800acd8029dc4d8029d20da029d9cda029d03
:10c92800fcda029d24db029d40db029d5cdb029d5c
:10c9380080db029d9aff00102580800298ff00107e
:10c9480025808002bc04258e2518000025100000d3
:10c95800cd03a254b804248e000003ae90ff00104b
:10c9680004001026fcff428e021c020080180300ff
:10c9780023904302ffff433012006014fcff52264d
:10c988003402a0af3402a28f6402bf8f000030ae21
:10c99800040032ae080022ae6002be8f5c02b78f80
:10c9a8005802b68f5402b58f5002b48f4c02b38f21
:10c9b8004802b28f4402b18f4002b08f0800e003f2
:10c9c8006802bd27039d023c986e42242110430053
:10c9d80073ff00103402a2afaeb1400f3402a42797
:10c9e800000002ae6eff001004001026a2b1400f36
:10c9f8003402a4278010020023104202f8ff428c60
:10ca08000400102666ff0010fcff02ae3402a427c3
:10ca1800a2b1400ffcff0626fcff038e8010020027
:10ca280023104202f8ff43ac5dff00102580c000d0
:10ca3800aeb1400f3402a4273402a38f2110620044
:10ca480057ff00103402a2afaeb1400f3402a42742
:10ca5800fcff038e52ff6010fcff10263402a38fe8
:10ca6800211862004eff00103402a3afaeb1400f90
:10ca78003402a427fcff038e49ff6014fcff102634
:10ca88003402a38f2118620045ff00103402a3afbf
:10ca9800f8ff028efcff038efcff10260210437085
:10caa8003fff0010fcff02aef8ff028efcff038e72
:10cab800fcff10262110430039ff0010fcff02aed6
:10cac800f8ff028efcff038efcff102623104300a4
:10cad80033ff0010fcff02aef8ff038efcff028e4e
:10cae800fcff10262a106200231002002cff001001
:10caf800fcff02aef8ff028efcff038efcff10263f
:10cb08000410620026ff0010fcff02aef8ff038e3f
:10cb1800fcff028efcff10262a104300ffff422470
:10cb28001fff0010fcff02aef8ff038efcff028e11
:10cb3800fcff1026261043002b10020023100200d1
:10cb480017ff0010fcff02aef8ff038efcff028ef9
:10cb5800fcff1026261043000100422c231002007f
:10cb68000fff0010fcff02aef8ff038efcff028ee1
:10cb7800fcff10262a1043002310020008ff0010b3
:10cb8800fcff02aef8ff038efcff028efcff1026ae
:10cb98002a106200ffff422401ff0010fcff02aed2
:10cba800f8ff028efcff038efcff102607106200c0
:10cbb800fbfe0010fcff02ae3805248e5dff8010de
:10cbc800fcff14260000828cfcff068e0c01252633
:10cbd8000c00428c09f8400025808002f1fe00100c
:10cbe8003402a28f3805248eeefe80503402a28fc4
:10cbf8000000828c1000428c09f840000000000000
:10cc0800e8fe00103402a28f3805248ee5fe80501d
:10cc18003402a28f0000828c1400428c09f8400074
:10cc280000000000dffe00103402a28f3805248eb9
:10cc380042ff8010fcff14260000828cfcff058e4a
:10cc48000800428c09f8400025808002d5fe0010bb
:10cc58003402a28f3805248ed2fe80503402a28f6f
:10cc68000000828c0400428c09f84000000000009b
:10cc7800ccfe00103402a28ff8ff028efcff038e58
:10cc8800fcff102624104300c5fe0010fcff02ae76
:10cc9800bc04238e0500601404000426ffff022450
:10cca800000002aebefe001025808000b804228e6f
:10ccb800ffff63240000458c08004224c00425ae11
:10ccc800fcff458cb80422aebc0423aec40425aed8
:10ccd800000005aeb2fe001025808000f8ff048e2b
:10cce800fcff068ef8ff14261cf884242528000073
:10ccf8008066410f21202402a9fe001025808002b1
:10cd08001c03228e040010262b10020023100200a0
:10cd1800a3fe0010fcff02aefcff178e1cf82426b1
:10cd2800f8ff168e84ba400f2528e00225a8400097
:10cd380028ff22962000a627a801a6af0303422cad
:10cd4800150040142c0334262528e002b43c410f7a
:10cd5800252080021900c016ac01a2af069d023c36
:10cd6800908a4224a801a3271800a3af0100032436
:10cd78001400a3af1000a2af300007242cff262612
:10cd88000c0005240c01242609f8a002f8ff10263f
:10cd980084fe00103402a28f01000524b43c410f28
:10cda800252080023000a62702000524b43c410f4c
:10cdb80025208002e7ff001024000224069d023c83
:10cdc800e8ff0010808a4224c404228e0002032453
:10cdd800c004258e0102542c0b1854002530600025
:10cde8000c012426d665410f25a06000c004228ec0
:10cdf8000400102621105400c00422aec404228e60
:10ce080023105400c40422ae65fe0010fcff14aecb
:10ce1800fcff038ec804228e8018030021104300f3
:10ce28000000558cca65410f2520a00225a04000ae
:10ce3800253040002528a002d665410f0c01242684
:10ce480057fe0010fcff14aefcff028e039d033c4e
:10ce5800407b6324211043000000429050fe0010e4
:10ce6800fcff02ae4efe0010180320ae3d052592d1
:10ce78000c0134262c0335261200a0102530800220
:10ce8800b43c410f2520a0023805248e0002052459
:10ce9800253880020000838c1000a5af3d0525923f
:10cea8002000638c09f86000253040000e00401413
:10ceb8001a00052417b8400f1cf82426b2fe0010eb
:10cec8003402a28f01000524b43c410f2520a002a2
:10ced8001c01262602000524b43c410f2520a0028f
:10cee800e9ff001024000224000002ae2cfe00100e
:10cef80004001026f8ff028e0e004010fcff1e8e64
:10cf08005cff3492e2ff35925dff36262005238ec2
:10cf18000000628c06108202010042300e0040546c
:10cf28000800628ce6ff0524f8ff1026e1ff0010d8
:10cf380023280500b404248e0000828c1800428c3b
:10cf480009f84000252800000400548c0800568c7d
:10cf5800eeff00100c00558c2520800209f84000d7
:10cf68002c02a52700004490ff00132442981300c8
:10cf78002b186402fdff60102c02a68fa801a527bc
:10cf88006833410fd0fc2426a801a3933002a527bb
:10cf98002520800224106302a801a2a32c02a28fdc
:10cfa8002000a327ffff422421106200880143903c
:10cfb80001006334880143a02005228e0400428cbe
:10cfc80009f840001cf837263002a28fd5ff551407
:10cfd8002530a0022528c002d665410f2000a427cd
:10cfe8002005228e1000b4af2c02a78f1000428caf
:10cff800a801a6272528a00209f840002000a42798
:10d00800c8ff4010252080022005228e0c00428c8b
:10d0180009f84000ec01a527ec01a78f2000a32701
:10d02800213062002528c003adba400f2520e00258
:10d038002005228e2c02a68f253880021400428cef
:10d04800a801a52709f840002000a4273002b48fc2
:10d058002000a5270c012426d665410f2530800223
:10d06800b1ff800625288002f8ff14aeccfd001021
:10d07800fcff1026b404248e252800000000828cb2
:10d088001800428c09f84000fcff1e8e0400438cf7
:10d098000800548c259840000b008012c4ff05241a
:10d0a800000064900a008010010063243b00832e76
:10d0b8009eff6054fcff10260102832e0600605478
:10d0c80062fd2496e9ff052498ff0010fcff102656
:10d0d800f1ff0010ffff94260c013726d0ff95269c
:10d0e80021a8f502022a0400d0fc36261cf82326c3
:10d0f8000000a5a20100a4a20200a5262e00062475
:10d108002520c0026833410f3c02a3af3c02a38f25
:10d118002530a0022528c00325206000adba400fa5
:10d1280030000724000203240c0123a60e01352633
:10d1380021183402db0060a0cdff86262528a00236
:10d148002520c0026833410fdb003e2621f0d403be
:10d158000000a3920c006010010006240100b5260f
:10d16800fbffd517040066266405238e2528800258
:10d1780009f860002520e002d3ff4010e9ff0524ec
:10d1880087fd0010fcff14ae2528a0026833410f6c
:10d198002520c002efff00100000a392b404248ee3
:10d1a80025280000fcff158e0000828cfcff142649
:10d1b8001800428c09f840001cf830260c00468cf8
:10d1c8008600c32c12006010a801a6af0800458c89
:10d1d800d665410f2000a4273805248ea801a6276c
:10d1e8000000828c1c00428c09f840002000a52712
:10d1f80007004010a801a78f252000022000a627bd
:10d20800adba400f2528a00265fd001025808002d8
:10d218002520000217b8400f1a000524d9fd001078
:10d22800258080025efd0010fcff1026fcff028ea8
:10d23800040010265afd0010fcff02aecc043796fd
:10d248000400e01604001626000000ae54fd00108d
:10d258002580c002c8043e8e0600152425a00000c3
:10d26800801014002110c2030000448cca65410fcd
:10d27800010094260100422421a8a2022b10970243
:10d28800f8ff401480101400000015ae44fd001093
:10d298002580c002fcff058efcff132617b8400f3f
:10d2a8001cf82426b7fd001025806002feb8400f48
:10d2b8001cf824263bfd00103402a28f3805248e6a
:10d2c80011008010fcff14260000828cfcff068ee3
:10d2d8002000a7271800428c1cf8252609f84000d2
:10d2e800258080022000a28f3c0522a22400a28f64
:10d2f8003d0522a22800a28fb80422ae2c00a28fde
:10d3080027fd0010bc0422ae3d0520a2bc0420aebf
:10d3180023fd001025808002b404248e0000828c36
:10d328001800428c09f840002000a527040040108e
:10d3380025180000000043902000a28f25186200e5
:10d34800000003ae16fd001004001026fcff028e3c
:10d35800211022021cf8429411fd0010fcff02aebd
:10d36800fcff028e211022021cf8428c0cfd0010da
:10d37800fcff02aefcff028e211022021cf8429034
:10d3880007fd0010fcff02ae1803228e04001026d1
:10d398002b1002002310020001fd0010fcff02ae5a
:10d3a800f4ff048ef8ff058efcff068e1cf884241b
:10d3b8001cf8a524212825022f65410f21202402cd
:10d3c8000100422cf8ff142623100200f4ff02aedd
:10d3d800f3fc001025808002f4ff048ef8ff058e10
:10d3e800fcff068e1cf884241cf8a524f4ff1426e0
:10d3f80021282502d665410f21202402e8fc0010cf
:10d4080025808002f8ff058efcff068ef8ff1426a3
:10d418001cf8a524212825026833410fd0fc2426b6
:10d42800dffc0010258080021803238e040060149e
:10d4380001000224dcb8400f1cf824260100422c0d
:10d44800000002aed6fc001004001026403c410f3c
:10d458002c032426d3fc00103402a28ffcff028e7a
:10d4680023100200cefc0010fcff02aefcff028e6f
:10d4780027100200cafc0010fcff02aef8ff028e63
:10d48800fcff038efcff102625104300c4fc00108f
:10d49800fcff02aef8ff028e04001026c0fc00104c
:10d4a800fcff02ae1803228ebefc40503402a28f4d
:10d4b800fcff158ef8ff168e0c03258e2ba0a202fa
:10d4c8000b10b4021cf8c426253040002120240289
:10d4d800d665410f25a040004ff82392160002247c
:10d4e80004006214253080020c03258e643c410f31
:10d4f8002c0324260c03228e21b0960223a8b40202
:10d50800f8ff16aefcff15ae211054000c0322ae36
:10d518001803228e23a05400a1fc0010180334ae77
:10d528001803228e14004010040014260c03228ec7
:10d53800010043240c0323ae000042904ff82392cd
:10d548002000a2a31600022404006214010006248d
:10d558002000a527643c410f2c0324262000a29319
:10d56800000002ae1803228e25808002ffff4224ad
:10d578008bfc0010180322aeffff0224000002ae4d
:10d5880087fc001025808002b404248e0000828c61
:10d598001800428c09f8400025280000000045903a
:10d5a800020004240200a414251800000400438c7f
:10d5b8007bfc0010340523aefcff028ef8ff038ebf
:10d5c800f8ff10262110220275fc00101cf843a455
:10d5d800fcff028ef8ff038ef8ff102621102202ae
:10d5e8006ffc00101cf843acfcff028ef8ff038ea2
:10d5f800f8ff10262110220269fc00101cf843a035
:10d60800fcff048e1cf88424ca65410f21202402e3
:10d6180063fc0010fcff02ae2005238e02006010a0
:10d62800251000000000628c000002ae5cfc0010b7
:10d6380004001026a0042526251800002520000037
:10d648000200022401000724070006240000a88c19
:10d6580003000011044047002520880001006324ce
:10d6680001004224f9ff46140400a524000004ae7a
:10d67800040003ae4afc0010080010262805228e7c
:10d68800040010262b1002002310020044fc001096
:10d69800fcff02ae2405228e040010262b10020087
:10d6a800231002003efc0010fcff02aef8ff028ec1
:10d6b800fcff038efcff02ae39fc0010f8ff03ae3e
:10d6c800fcff028ef4ff068ef0ff058e1400a2af59
:10d6d800f8ff028ee804278ef0ff14261000a2af90
:10d6e800d7bb400f1cf824262dfc00102580800293
:10d6f800fcff028ef4ff068ef0ff058e1400a2af29
:10d70800f8ff028ee804278ef0ff14261000a2af5f
:10d7180000bc400f1cf8242621fc00102580800244
:10d72800fcff028ef8ff068ef4ff058ee404278eb8
:10d73800f4ff14261000a2af4dbb400f1cf824269e
:10d7480017fc001025808002fcff028ef8ff068e71
:10d75800f4ff058ee404278ef4ff14261000a2af10
:10d7680076bb400f1cf824260dfc00102580800293
:10d77800f8ff028e02004050f004228ee004228e50
:10d78800fcff038ef4ff078ef0ff068eecff058e7c
:10d79800ecff14261400a3af1000a2afc5ba400fc7
:10d7a8001cf82426fefb001025808002f8ff028e5c
:10d7b80002004050ec04228edc04228efcff038e13
:10d7c800f4ff078ef0ff068eecff058eecff1426a3
:10d7d8001400a3af1000a2af0abb400f1cf8242608
:10d7e800effb001025808002fcff068ef8ff058ef7
:10d7f800f8ff14269dbb400f1cf82426e8fb0010f8
:10d8080025808002fcff068ef8ff058ef8ff14269f
:10d81800bbbb400f1cf82426e1fb001025808002ca
:10d82800fcff158ecc04369625a000000c01372687
:10d838002b10960203004014ffff0224d8fb0010af
:10d84800fcff02aec804228e801814002110430089
:10d8580000005e8cca65410f2520c00308005514de
:10d868002530a0022528c0032f65410f2520e0029e
:10d87800efff405401009426c9fb0010fcff14aed2
:10d88800ebff001001009426c03002000100422482
:10d89800212086000400848c030084242cfc0010c2
:10d8a80021186400f8ff028efcff038efcff10268f
:10d8b80006106200bafb0010fcff02aeb404248e0e
:10d8c80025280000fcff168e0000828cf8ff1e8eb3
:10d8d8001800428c09f84000f4ff148e2000a42799
:10d8e8003d3c410f25a84000180006249c0425262d
:10d8f800d665410f9001a427403c410f2000a42782
:10d9080020000624c5fe2526643c410f2000a427dc
:10d9180020000624e5fe2526643c410f2000a427ac
:10d92800030002242c02a2a75cff22920400062412
:10d938002c02a5272e02a2a3e2ff22922000a427f0
:10d94800643c410f2f02a2a3e2ff26925dff252629
:10d95800643c410f2000a4270a008012ec01a6278e
:10d9680025288002b43c410f2000a427a3004014be
:10d9780025b840001a000224f4ff02ae88fb00100c
:10d98800f8ff102601000524b43c410f2000a4270d
:10d99800f8ff4010fc01a62702000524b43c410f03
:10d9a8002000a427f4ff40501a0002249500c01359
:10d9b800240017240600001025300000039d023cb7
:10d9c80080a01400f87b422421a082020000868ee9
:10d9d8002405228ea801b4270400b5261400b4af8c
:10d9e8001000b5af2538e0022528c00209f840002c
:10d9f8000c012426060040102530e002ec01a52782
:10da08002f65410f25208002dcff4050f4ff02ae55
:10da1800d9ff00101b0002241c03228e61fb40501a
:10da28003402a28ffcff158ef8ff168e1003248e89
:10da38002ba0a2020b10b4021cf8c526253040000a
:10da480021282502d665410f25a0400050f82392d1
:10da58001600022404006214253080021003258e6b
:10da6800643c410f2c0324261003228e21b0960219
:10da780023a8b402f8ff16aefcff15ae211054001f
:10da8800100322ae1c03228e23a0540044fb001076
:10da98001c0334aefcff028e2000a2a31c03228ebe
:10daa800120040101600022450f823920400621459
:10dab800010006242000a527643c410f2c032426de
:10dac8001003228e01004324100323ae2000a393e9
:10dad800000043a01c03228effff42241c0322ae39
:10dae800ffff02242efb0010fcff02ae2cfb0010ef
:10daf800fcff00aeb404248efcff068efcff142647
:10db08000000828c0c0125260c00428c09f840008c
:10db18002580800223fb00103402a28fb404248ed7
:10db28000000828c1000428c09f8400000000000c0
:10db38001cfb00103402a28fb404248e0000828cd7
:10db48001400428c09f840000400102614fb001051
:10db5800fcff02aeb404248efcff058efcff1426e5
:10db68000000828c0800428c09f840002580800261
:10db78000cfb00103402a28ffcff028e0200401042
:10db880025280000c5fd2526b404248e0000828cbb
:10db98000400428c09f84000fcff102601fb00102d
:10dba8003402a28f3802a38fa8ff4224401002003b
:10dbb8002110430000004294039d033c986e6624a4
:10dbc8002110c2002000a427a2b1400f2000a2af5c
:10dbd8003402a38f8020020000140200231866007c
:10dbe800211862002000a28f21204402000083ac8b
:10dbf80004009224eafa00103402a2af6fffc05763
:10dc0800feff94260c0122261000a2af2005248ec8
:10dc18002805228e1400b6af0400a7262530e0029e
:10dc280009f84000ec01a5271b0003240b1802008b
:10dc380051ff001025106000300083900500022479
:10dc4800200082ac010002241c0080ac0300621496
:10dc5800180080ac03000224300082a00800e00312
:10dc680000000000e0ffbd27050002241400a2af59
:10dc78001000828c1800b0af1c00bfaffbff42241d
:10dc88001000a2af7802828c258080001000a627a1
:10dc98000400428c7802842409f840001400a52767
:10dca8001400a38f1000a28f1400049623104300c1
:10dcb8002b10820002004010212064001000a4af45
:10dcc8001000a28f240003ae2c0003ae3000039294
:10dcd800280002ae0200022402006214030002249b
:10dce800300002a21c00bf8f1800b08f0800e003ac
:10dcf8002000bd27320082900400405030008290fe
:10dd08000000a0ac0800e003251000000100032477
:10dd18000300431003000324faff43540000a0ac9f
:10dd28001800838c1c00828cf6ff62540000a0aca3
:10dd38000c00828c2000868c231043002b18c20014
:10dd48000b10c3000000a2ac1800838c0400828c66
:10dd58000800e003211043003000829001000324f2
:10dd680003004310030003240b0043540000a0ac3d
:10dd78001800828c1c00838c231862000000a3ac5e
:10dd880006006010251000000400828c1800838ca7
:10dd98000800e00321104300251000000800e003fc
:10dda800000000001800838c2128a3001c00838c2d
:10ddb8000800a314180085ac2000838c03006014ad
:10ddc8000500032410b7400b000000001c0083acc2
:10ddd800180083ac0800e0030000000030008290c7
:10dde800feff42240200422c0b0040500000a0ac71
:10ddf8002400828c2800838c231862000000a3acc6
:10de080006006010251000000800828c2400838c16
:10de18000800e00321104300251000000800e0037b
:10de2800000000002400828c2800838c1f0043100f
:10de3800000000002c00838cd8ffbd272400bfaf52
:10de4800231043001800a2af2510a20013004010b1
:10de58002000b0af7802828c258080000800878c73
:10de68001800a4271000a4af0800428c38000696ba
:10de7800340005922138e30009f8400078020426ae
:10de88000800038e231043001800a38f240002ae5d
:10de9800280002ae211062002c0002ae2400bf8fc1
:10dea8002000b08f0800e0032800bd270800e00329
:10deb8000000000030008390030002240700625431
:10dec8002400828c0400838c0800828c0200621477
:10ded80002000224300082a02400828c2128a200a3
:10dee8002800828c2b10a20005004014240085ac69
:10def8000100a524280085ac8bb7400b252800001d
:10df08000800e003000000000000a38c0000c28ca1
:10df1800231043000140422c0200401400406324b7
:10df28000000c3ac0800e003000000001000a28f4e
:10df3800021a0600fbffe5a0fcffe3a0fdffe6a038
:10df48000000438c02220300feffe4a0ffffe3a0d1
:10df58000000438c05006324000043ac0800e00384
:10df6800fbffe224d8ffbd272000b1af1c00b0aff3
:10df78002400bfaf258080002530a000e40791244d
:10df88001400a52758b7400f2520000205004010af
:10df9800f00a02ae33000392170002240100625017
:10dfa8001400a0af1000a52779b7400f2520000264
:10dfb800f40a02ae08004010f80a02ae2400028eed
:10dfc8002800038e050043501400a28f2c00038ef6
:10dfd800010043541000a0af1400a28f080b06a242
:10dfe800fc0a02ae1000a28f000b02ae040b028ed8
:10dff80009f840002520200230000292110040104c
:10e008002400bf8ff40a058ef80a028e0300a210be
:10e018002328a200afb7400f25200002fc0a028e79
:10e028001400a58f060045102328a2006bb7400fe7
:10e0380025200002fc0a028ed1ff40102530000086
:10e048002400bf8f2000b18f1c00b08f0800e003b0
:10e058002800bd2730008290030040100000000017
:10e06800300080a0000085ac0800e003000000003c
:10e078003c05838c1c006054010003248c0c858ca7
:10e08800e8ffbd271000b0af1400bfaf0e00a0140a
:10e0980025808000900c858c0c00a0142538000089
:10e0a800840c858c0a00a0142530000017b8400f96
:10e0b800020005241400bf8f251060001000b08fe7
:10e0c8000800e0031800bd272538000025300000af
:10e0d8004433410fb4040426010002243c0502ae77
:10e0e800f4ff0010010003240800e003251060007d
:10e0f8002400828c2800838c2b3043000800c01039
:10e10800140085a42c00868c2128a6002b18a300b7
:10e11800030060102b10450001004054280085ac16
:10e128000800e00300000000e8ffbd270300022408
:10e138001400bfaf254080002800a98f300082a4ba
:10e14800000080ac360080a4330080a0380080a492
:10e158000e00a014340080a00400828c0400401437
:10e16800019d023c17b8400f01000524019d023ca7
:10e1780034944224780202ad10b7400f25200001e4
:10e188001400bf8f1bb7400b1800bd27040085acd7
:10e198000300e0140c0086ac2548c0002538a00018
:10e1a800080007ad100009ad0e0002240100072485
:10e1b8000800052404184700550064242b20240176
:10e1c80004008014450163242b18c3000800601064
:10e1d8000d000324ffff4224f6ff45141400bf8fef
:10e1e800010005242520000117b8400b1800bd27a1
:10e1f800010043500c0002240100032404184300ca
:10e20800140003a5160002a1d8ff0010170000a1f2
:10e21800e0ffbd270800a0141c00bfaf1000a0af8e
:10e2280025380000253000004cb8400f00000000e1
:10e23800090000101c00bf8f1500e0102518800091
:10e248009a05c42c0600801001000224300060a04a
:10e25800000062ac1c00bf8f0800e0032000bd274f
:10e268009a43c42c2510c0002540a0000200801449
:10e2780055020624bbbe46241000a6af213806016d
:10e288002528000123304600e7ff00102520600004
:10e29800e5ff00101000a0afe8ffbd271000b0afe9
:10e2a8001400bfaf1eb8400f258080001900401031
:10e2b8001400bf8f4005028e0e0040543c05038eab
:10e2c8000124400f252000000800405001000224ce
:10e2d80009f84000b4040426040040500100022458
:10e2e800020002243c0502ae01000224400502aef1
:10e2f8003c05038e0200632805006010010002241b
:10e308000800052417b8400f25200002251000003a
:10e318001400bf8f1000b08f0800e0031800bd275d
:10e32800e8ffbd271000b0af1400bfaf2580800004
:10e338001c00a5af1eb8400f2000a6af0600401075
:10e348002000a68f1c00a58fdc32410fb4040426e0
:10e35800020002243c0502ae1400bf8f1000b08feb
:10e368000800e0031800bd27300083900100022454
:10e378000300621003000524060065140000000075
:10e388002000838c03006010010002241800828c96
:10e398000500422c0800e0030000000040100600c1
:10e3a8006100432c030060140000000017b8400b04
:10e3b80001000524e0ffbd271800b1af1400b0af7d
:10e3c8002588c00025808000253040001c00bfaf94
:10e3d800d665410f48058424a80511a21c00bf8feb
:10e3e8001800b18f1400b08f0800e0032000bd278b
:10e3f800f40a858cf80a828ce8ffbd271000b0afbc
:10e408001400bfaf0300a21025808000afb7400ff3
:10e418002328a2002400028e2800038e0700431040
:10e42800000b05262c00038e03004310252800004e
:10e438008bb7400f25200002000b052679b7400f47
:10e44800252000021400bf8ff40a02aef80a02aebb
:10e458001000b08f0800e0031800bd27b0048290b8
:10e4680001004230030040500000a0ac79b7400bd7
:10e47800000000000800e00325100000afb7400bc3
:10e4880000000000b00482900100423007004010f4
:10e498002530a00033008390170002240400625442
:10e4a8000000c0ac58b7400b000000000000c0ac32
:10e4b8000800e003251000006bb7400b00000000c7
:10e4c80030008290feff42240200422c0c00405093
:10e4d8000000a0ac2c00828c2400838c2b306200be
:10e4e8000700c0500000a0ac231043000000a2acfd
:10e4f8002400838c0800828c0800e003211043006c
:10e508000800e003251000002400828c2c00838c76
:10e51800e0ffbd272110a2001800b1af1400b0af72
:10e528001c00bfaf258080002588a000240082ac95
:10e5380003004314280082ac1bb7400f0000000002
:10e54800160020121c00bf8f2400028e2800038ea4
:10e5580005004354340003922c00038e100043142a
:10e568001800b18f340003921700022405006214ca
:10e5780025200002b0040292010042300700401436
:10e588001c00bf8f1c00bf8f1800b18f1400b08f04
:10e5980025280000dbb7400b2000bd271800b18fed
:10e5a8001400b08f0800e0032000bd273fb7400be0
:10e5b80000000000d0ffbd272400b0af2c00bfaf83
:10e5c8002800b1af3000839003000224258080002a
:10e5d800060062143400a5af0400838c0800828c06
:10e5e8000200621401000224300082a01800028e8a
:10e5f8002000038e2110a200232865000500432c6b
:10e60800180002ae1c0002ae14006014200005ae13
:10e61800050003244f004354310004920400038e84
:10e6280000006290330002a2020062900100649030
:10e638000012020025104400a010027cffff4530a4
:10e6480002320500030004241900c4503600049661
:10e658000300052417b8400f25200002300002925d
:10e668005b0040102c00bf8f3400a52758b7400f1f
:10e6780025200002560040102c00bf8f3300029264
:10e688001400432c050060141700432c4d0060143f
:10e698001700032452004350b00402920a000524d4
:10e6a80017b8400f25200002490000102c00bf8f2a
:10e6b80004008050360002a6e6ffa41404000524d6
:10e6c800360002a60400719003006290008a1100cf
:10e6d8002588220231000292a088117c1000401087
:10e6e800ffff31324000028e252820020400428cb0
:10e6f80009f8400040000426030040540c00028e34
:10e70800d4ff001005000524fbff42242b10510004
:10e718000600401006000524ceff0010000000008f
:10e728000140222ecbff401005000524050020568d
:10e738000500022410b7400f25200002c8ff001072
:10e74800300002921c0002ae180002aec3ff001097
:10e75800200011ae0300801400000000bfff00106d
:10e76800180003aebdffa014fbff42241800a2af9f
:10e778004000028e1800a3270400078e1000a3afe4
:10e78800330005920800428c360006960500e724ff
:10e7980009f8400040000426aeff40100700052499
:10e7a8000400038e231043001800a38f180002ae44
:10e7b80021184300dfff43101c0003aea8ff001020
:10e7c80030000292dbb7400f252800002c00bf8fd5
:10e7d8002800b18f2400b08f0800e0033000bd2767
:10e7e80001000324f9ff431002000324acff435443
:10e7f8000a0005246bb7400f3400a58ff4ff001002
:10e808002c00bf8f300082901200401000000000e2
:10e81800e0ffbd271000a5271c00bfaf23b9400f9c
:10e8280025388000050040101000a58f0400a05076
:10e83800010005246bb7400f00000000010005240b
:10e84800dbb7400f2520e0001c00bf8f0800e00365
:10e858002000bd270800e00300000000300083907e
:10e8680006006054c70785900800e00325100000e3
:10e878001c00bf8f0800e0032000bd27010003240f
:10e88800f9ffa31000000000e007838c020063304a
:10e89800f5ff601400000000e0ffbd271c00bfafbb
:10e8a80023b9400f1000a527f1ff405425100000a0
:10e8b800dbb7400f02000524edff00100100022421
:10e8c800300082902600401001000724feff4224f9
:10e8d800e0ffbd270200422c1e0040101c00bfaf05
:10e8e8002c00828c2400838c2b2862001900a01035
:10e8f800231043000800878c1000a2af2138e300e2
:10e908002b380700403807001000a5273fb7400ff5
:10e9180025408000010040540400e7341000a5277a
:10e9280019b9400f25200001010040540800e734c0
:10e938001000a52723b9400f2520000101004054ed
:10e948001000e7341c00bf8f2510e0000800e0032a
:10e958002000bd271000a0afebff001025380000f5
:10e968000800e0032510e0003000839007006010e5
:10e9780000000000b0048290010042300300401003
:10e98800000000008bb7400b000000000800e00307
:10e9980000000000e0ffbd271c00bfaf1800b2afa9
:10e9a8001400b1af1000b0af2590a0002580800002
:10e9b80010b7400f2588c0001bb7400f00000000ab
:10e9c800f0070226e40702ae70080226e4070426d0
:10e9d80009f84002e80702ae040b11ae320000a2ab
:10e9e800b00400a2090b00a2252000021c00bf8f62
:10e9f8001800b28f1400b18f1000b08f25280000c6
:10ea0800dbb7400b2000bd270c0782940303422c80
:10ea18000800401400000000050002240300a214ae
:10ea2800000000000800e003bc0c828c0800e00332
:10ea3800b80c828c0800e003b40c828cc8ffbd2798
:10ea4800c90682242548c0002000a2afa906862452
:10ea5800200002243400bfaf251880002540e000c4
:10ea68002800a6af2400a2af84ba400f2c00a2afa2
:10ea78002000a4271800a4af020004241400a4afa7
:10ea8800069d043c189d84241000a4af3000072480
:10ea9800100766244028090009f8400025200001d5
:10eaa8003400bf8f0800e0033800bd27c8ffbd272a
:10eab800a9068224c90688242000a2af20000224c7
:10eac8003400bfaf251880002800a8af2400a2afeb
:10ead80084ba400f2c00a2af2000a4271800a4afce
:10eae800020004241400a4af069d043c289d84243d
:10eaf8001000a4af3000052409f840001007642472
:10eb08003400bf8f0800e0033800bd270c0782944b
:10eb1800f0febd270801b7af0203422c0001b5afd4
:10eb2800fc00b4aff800b3aff400b2af25b8a00052
:10eb38000c01bfaf0401b6aff000b1afec00b0af4d
:10eb4800259880002528c0002001b28f2401b58fa8
:10eb58000200401025a000000400548e5b00e7244a
:10eb68008038070021386702100bf68c25206002d8
:10eb78002800a7270400d18e0032317e218035027b
:10eb880091ba400f2130140240301100401010009b
:10eb98002000e0122800a3272800a4272130a6027d
:10eba8002110820221187100213086002110820074
:10ebb800e40c648e0a1014001c00b1af1800b1af49
:10ebc8001000b6af2000a2af1400a3af0c00828cd7
:10ebd8002538a0022528400209f840004000642694
:10ebe8000c01bf8f01000224310062a20801b78f17
:10ebf8000401b68f0001b58ffc00b48ff800b38f05
:10ec0800f400b28ff000b18fec00b08f0800e00381
:10ec18001001bd2721306600e5ff001021106200b9
:10ec28000c078294f0febd270801b7af0203422cff
:10ec38000001b5affc00b4aff800b3aff400b2af59
:10ec480025b8a0000c01bfaf0401b6aff000b1af0a
:10ec5800ec00b0af259880002528c0002001b28fb5
:10ec68002401b58f0200401025a000000400548e36
:10ec78005b00e7248038070021386702100bf68c08
:10ec8800252060022800a7270400d18e0032317e9b
:10ec98002180350291ba400f213014024030110012
:10eca800401010001a00e0122800a3272130660047
:10ecb80021106200e80c648e0a1014001c00b1af29
:10ecc8001800b1af1000b6af2000a2af1400a3af78
:10ecd8000c00828c2538a0022528400209f8400043
:10ece800780264260c01bf8f0801b78f0401b68f24
:10ecf8000001b58ffc00b48ff800b38ff400b28f19
:10ed0800f000b18fec00b08f0800e0031001bd27c0
:10ed18002800a4272130a6022110820221187100a0
:10ed280021308600e3ff00102110820088ffbd27f4
:10ed38006800b1af8800b18f7000b3af6c00b2af9c
:10ed48002598a0002590e0002528c0001800a727d6
:10ed5800040026266400b0af7400bfaf91ba400f1c
:10ed680025808000401011001800a3272118620098
:10ed7800050060121800a627040042241800a327e3
:10ed88002130d100211862001400a3afd80c038ee3
:10ed9800ec0c028e253820021000a3af0c00428c28
:10eda8002528400209f84000400004267400bf8f5f
:10edb80001000224310002a27000b38f6c00b28ff0
:10edc8006800b18f6400b08f0800e0037800bd27a9
:10edd80088ffbd276400b0af8800b08f7000b3af64
:10ede8006c00b2af2598a0002590e0002528c0004f
:10edf8001800a727040006266800b1af7400bfaf4b
:10ee080091ba400f2588800040101000130060124e
:10ee18001800a32721106200253060001400a2af5b
:10ee2800d80c228ef00c238e253800021000a2afd9
:10ee38000c00628c2528400209f84000780224263c
:10ee48007400bf8f7000b38f6c00b28f6800b18ff1
:10ee58006400b08f0800e0037800bd270400422456
:10ee680021307000edff00102110620080ffbd27e7
:10ee78007800b1af1800a7272588a0002528c00072
:10ee88002c0006247400b0af7c00bfaf91ba400fcd
:10ee980025808000110020166400a2275800a227b0
:10eea8001800a727f40c038e1000a2afe00c068e02
:10eeb8000c00628cdc0c058e09f84000400004262a
:10eec8007c00bf8f01000224310002a27800b18fbc
:10eed8007400b08f0800e0038000bd27f1ff001028
:10eee8003800a72780ffbd277800b1af1800a727f3
:10eef8002588a0002528c0002c0006247400b0af87
:10ef08007c00bfaf91ba400f258080000f0020160b
:10ef18005800a2276400a2273800a727f80c038e00
:10ef28001000a2afe00c068edc0c058e0c00628c83
:10ef380009f84000780204267c00bf8f7800b18f62
:10ef48007400b08f0800e0038000bd27f3ff0010b5
:10ef58001800a72788ffbd276400b0af8800b08fce
:10ef68007000b3af6c00b2af2598a0002590e00008
:10ef78002528c0001800a727040006266800b1af9e
:10ef88007400bfaf91ba400f258880004010100070
:10ef98001800a32721186200050060121800a62790
:10efa800040042241800a3272130d0002118620051
:10efb8008c00a48ffc0c228e1000a3af1400a4af09
:10efc8000c00428c253800022528400209f8400030
:10efd800400024267400bf8f01000224310022a2c1
:10efe8007000b38f6c00b28f6800b18f6400b08f6f
:10eff8000800e0037800bd2788ffbd276400b0af94
:10f008008800b08f7000b3af6c00b2af2598a00035
:10f018002590e0002528c0001800a7270400062630
:10f028006800b1af7400bfaf91ba400f2588800067
:10f0380040101000130060121800a327211062006e
:10f04800253060008c00a48f000d238e1000a2af25
:10f058001400a4af0c00628c253800022528400259
:10f0680009f84000780224267400bf8f7000b38f1f
:10f078006c00b28f6800b18f6400b08f0800e003a5
:10f088007800bd270400422421307000edff0010f5
:04f0980021106200e1
:020000040000fa
:020000041d02db
:10f09c000800e0030000000009008010ffff0224bc
:10f0ac000800828c0200032405004354ffff022455
:10f0bc0004008394ffff0424010063300a108300d2
:10f0cc000800e003000000000c0080142538c0008c
:10f0dc002530a000069d053ce8ffbd271400bfaffe
:10f0ec00ef29410fb89ba5246080828ffeff40144e
:10f0fc001400bf8f0800e0031800bd270800e003d0
:10f10c0000000000e8ffbd271000b0af1400bfaf37
:10f11c000b008010258000000800838c0200022464
:10f12c000c0062142580800004008294010042309f
:10f13c0003004050258000002038410fffff0524bc
:10f14c001400bf8f251000021000b08f0800e003e0
:10f15c001800bd27faff001025800000e8ffbd272e
:10f16c001400bfaf0e0080101000b0af00008294ee
:10f17c000b004010258080000c00828c02000324c0
:10f18c0008004354258000000b00a0100400848c60
:10f19c0044bc400f00000000030040141400bf8f5b
:10f1ac00258000001400bf8f251000021000b08fc6
:10f1bc000800e0031800bd27faff805025800000ee
:10f1cc000800838cf7ff62542580000004008294b1
:10f1dc00f1ff001001004230e8ffbd271400bfaf63
:10f1ec005abc400f25280000251840000200601072
:10f1fc00ffff02240c00628c1400bf8f0800e00398
:10f20c001800bd27e0ffbd271800b1af1c00bfaf31
:10f21c001400b0af1600a0102588c0002580a000f7
:10f22c005abc400f0100052412004050ffff03247c
:10f23c00080050ac06002016251800003038410f8d
:10f24c000400448c050000101c00bf8f251000002a
:10f25c00faff4014000023ae1c00bf8f25100002e3
:10f26c001800b18f1400b08f0800e0032000bd27f8
:10f27c00fdff0324f5ff201625800000f7ff00108a
:10f28c001c00bf8fe0ffbd271800b1af2588a00080
:10f29c001400b0af1c00bfaf5abc400f01000524d6
:10f2ac0008004010ffff10240800438c0300711469
:10f2bc00fdff1024080040ac258000003038410fc1
:10f2cc000400448c1c00bf8f251000021800b18f65
:10f2dc001400b08f0800e0032000bd27e8ffbd2715
:10f2ec001400bfaf2a0080141000b0af01a0043c82
:10f2fc00502f842444bc400f2580a00024004010d3
:10f30c00080005320500a0501400439406004394f5
:10f31c001b006014ffff10241400439422006010a3
:10f32c00140043242400439415006014ffff1024a0
:10f33c00240043240100062401000424000064a4da
:10f34c0002000424080060a0090060a00a0060a06c
:10f35c000b0060a0020066a4040062ac0400a010c4
:10f36c000c0064ac0400449404008434040044a4f1
:10f37c00060044942580600001008424060044a407
:10f38c003038410f25204000030000101400bf8fbf
:10f39c00ffff10241400bf8f251000021000b08f47
:10f3ac000800e0031800bd27e3ff00102530000023
:10f3bc00e0ffbd271800b2af1c00bfaf1400b1af07
:10f3cc001000b0af1000a010f9ff12242588a00087
:10f3dc005abc400f010005240b004010ffff122403
:10f3ec000400508c25282002873d410f1000048e0c
:10f3fc0025904000040002962520000202004234b1
:10f40c003038410f040002a61c00bf8f25104002ab
:10f41c001400b18f1800b28f1000b08f0800e003f9
:10f42c002000bd27e0ffbd271400b0af1c00bfaf0c
:10f43c001800b1af0e00a290010003240a00431083
:10f44c002580a000020003241c004310059d053cf0
:10f45c00780406248443a52435bc400f25200000e5
:10f46c001a0000100700022425888000d13d410fae
:10f47c001000848c0d0040141c00bf8f1000248ed3
:10f48c000800079604000696d33d410f060005962a
:10f49c000d000292020004240600032401004230f5
:10f4ac000a1882000e0003a21c00bf8f1800b18f37
:10f4bc001400b08f0800e0032000bd27d13d410fa0
:10f4cc001000848cf8ff401406000224f6ff001094
:10f4dc000e0002a2e0ffbd271800b1af1400b0afc0
:10f4ec001c00bfaf0e00a2900100032425888000f1
:10f4fc000a0043102580a000020003241a004310c8
:10f50c00059d053c570406247043a52435bc400fcb
:10f51c00252000001c00001007000224d13d410fe3
:10f52c001000848c0c0040141c00bf8f1000248e23
:10f53c0004000696e83d410f060005960d00029268
:10f54c000200042406000324010042300a18820041
:10f55c000e0003a21c00bf8f1800b18f1400b08fd7
:10f56c000800e0032000bd27d13d410f1000848c22
:10f57c00f9ff40141c00bf8ff93d410f1000248e81
:10f58c00080002ae06000224f2ff00100e0002a2d8
:10f59c00e0ffbd271400b0af1c00bfaf1800b1af27
:10f5ac000e00a290010003240e0043102580a00041
:10f5bc001b004050059d053cfcff42240200422ce0
:10f5cc0017004050059d053c1000848c1a3e410fdd
:10f5dc000800a5240d004010050002240b000010ab
:10f5ec000e0002a225888000d13d410f1000848cb2
:10f5fc00070040141c00bf8f0400069606000596f9
:10f60c00033e410f1000248e0e0002a21c00bf8f7f
:10f61c001800b18f1400b08f0800e0032000bd2744
:10f62c00950406249843a52435bc400f25200000e2
:10f63c00f5ff001007000224e8ffbd271000b0af53
:10f64c001400bfaf0f008010258080000f00849045
:10f65c00feff82240200422c0a004050258000004c
:10f66c000e0002920600422c0b004010059d053c3a
:10f67c00020084387b0506243043a52435bc400f9a
:10f68c000100842c1400bf8f251000021000b08fd5
:10f69c000800e0031800bd2703008438f6ff0010b3
:10f6ac007f050624d8ffbd271c00b2af1800b1aff0
:10f6bc001400b0af2400bfaf2000b3af0e00a29077
:10f6cc0002001224258880002c0052102580a000f6
:10f6dc0003001324150053100100032434004314b9
:10f6ec00059d053cd13d410f1000848c0900401450
:10f6fc002400bf8f040006961000248e8019c57c50
:10f70c001000a534e83d410f4020c67c0e0013a22a
:10f71c002400bf8f2000b38f1c00b28f1800b18f54
:10f72c001400b08f0800e0032800bd27d13d410f25
:10f73c001000848cf7ff40142400bf8ff93d410f5b
:10f74c001000248e04000596080002ae1000248ed2
:10f75c004020a67c8019a57c0100c634e83d410ff1
:10f76c001000a5340d000292060003240100423063
:10f77c000a184202e6ff00100e0003a2d13d410f11
:10f78c001000848ce3ff40142400bf8ff93d410f1f
:10f79c001000248e0800038e00140200251862004d
:10f7ac00080003ae06000224d9ff00100e0002a2ce
:10f7bc00cb040624ac43a52435bc400f2520000007
:10f7cc00f9ff001007000224d8ffbd271c00b2afc0
:10f7dc001400b0af2400bfaf2000b3af1800b1af1e
:10f7ec000e00a290020012242c0052102580a000c2
:10f7fc0003001324170053102588800001000324f4
:10f80c002c004314059d053cd13d410f1000848c08
:10f81c000a0040142400bf8f0400069608000796c7
:10f82c001000248e8019c57c1000a534d33d410fe7
:10f83c004020c67c0e0013a22400bf8f2000b38f83
:10f84c001c00b28f1800b18f1400b08f0800e003b9
:10f85c002800bd27d13d410f1000848cf7ff4014c8
:10f86c002400bf8f040005960a0007961000248e12
:10f87c004020a67c8019a57c0100c634d33d410fe5
:10f88c001000a5340d000292060003240100423042
:10f89c000a184202e8ff00100e0003a2d13d410fee
:10f8ac001000848ce4ff401406000224e2ff0010d8
:10f8bc000e0002a2f8040624c443a52435bc400f54
:10f8cc0025200000f9ff001007000224040080ac82
:10f8dc00000080ac0800e003080080ac0400828cbf
:10f8ec00070040140000a0ac040085ac000085acff
:10f8fc000800828c010042240800e003080082ac5e
:10f90c00000045acfaff0010040085ace0ffbd27f9
:10f91c001c00bfaf1800b1af300080141400b0afa2
:10f92c0001a0103c502f10260800038e0200022468
:10f93c00050062142588a0000400029601004230e4
:10f94c00210040141c00bf8fa800062425280000ad
:10f95c008066410f252000022000201201000724a0
:10f96c000100062425280000ea37410f252000025b
:10f97c000100032413004354ffff1024040002a6cb
:10f98c0002000224080002ae0400228e01a0033cf7
:10f99c000c0000a6100002ae842f632401a0063ccc
:10f9ac00010002240f0062a0252860003abe400f1f
:10f9bc00d42fc42414006324d42fc224f9ff62145e
:10f9cc00010002241c00bf8f251000021800b18f0b
:10f9dc001400b08f0800e0032000bd27f9ff0010d1
:10f9ec00ffff10240000828c090040100000000072
:10f9fc000400838c080062540000438c040080ac2b
:10fa0c00000080ac0800838cffff6324080083aceb
:10fa1c000800e00300000000faff0010000083acb7
:10fa2c00c8ffbd272800b6af5000b68f3000beaf60
:10fa3c003400bfaffcffc2260200422c2c00b7af33
:10fa4c002400b5af2000b4af1c00b3af1800b2afa8
:10fa5c001400b1af1000b0af080040144c00be8fc2
:10fa6c002000a22c2590000038004010fbff112430
:10fa7c002000c22c35004010faff112425a8a0004c
:10fa8c000100052425b8e0005abc400f25a0c00099
:10fa9c00259040002d004010ffff11240400538cd2
:10faac0025800000040062960200433024006010a0
:10fabc00fcff11240800423021004014f8ff1124ef
:10facc007cbe400f84006426258040001c00401042
:10fadc00020011240f004490059d053c6001062492
:10faec00010084382044a52435bc400f0100842c2f
:10fafc004800a28f0c0016a2040015a60d0002a24d
:10fb0c00010002240e0002a203000224060014a627
:10fb1c00080017ae0400c216100012ae0400629664
:10fb2c0008004234040062a6252800023abe400fa9
:10fb3c0090006426020002240f0002a22588000017
:10fb4c003038410f25206002259000020100c0577b
:10fb5c000000d1af3400bf8f251040023000be8fa3
:10fb6c002c00b78f2800b68f2400b58f2000b48fdf
:10fb7c001c00b38f1800b28f1400b18f1000b08f1f
:10fb8c000800e0033800bd27d8ffbd270100022480
:10fb9c001800a2af3800a28f1000a7af1400a2afbc
:10fbac002400bfaf8bbe400f253800002400bf8f50
:10fbbc000800e0032800bd27d8ffbd27020002245f
:10fbcc001800a2af3c00a28f2400bfaf1400a2af5c
:10fbdc003800a28f8bbe400f1000a2af2400bf8f45
:10fbec000800e0032800bd27d8ffbd27030002242e
:10fbfc001800a2af3800a28f1000a7af1400a2af5c
:10fc0c002400bfaf8bbe400f253800002400bf8fef
:10fc1c000800e0032800bd27d8ffbd2704000224fc
:10fc2c001800a2af3800a28f1000a7af1400a2af2b
:10fc3c002400bfaf8bbe400f253800002400bf8fbf
:10fc4c000800e0032800bd27d8ffbd2705000224cb
:10fc5c001800a2af3c00a28f2400bfaf1400a2afcb
:10fc6c003800a28f8bbe400f1000a2af2400bf8fb4
:10fc7c000800e0032800bd270000828c0300451417
:10fc8c00251880007cbe400b000000000d004010c9
:10fc9c00000000000000448cfcff855425108000ff
:10fcac000000a48c000044ac0400648c010085505e
:10fcbc00040062ac0800628cffff4224080062acb6
:10fccc002510a0000800e00300000000d8ffbd27ad
:10fcdc002000b4af1c00b3af1800b2af1400b1af2a
:10fcec001000b0af2400bfaf258080000f00a4909f
:10fcfc00ff00e230059d143c262082002590a000d8
:10fd0c002588c000044485260100842c9205062415
:10fd1c0035bc400f2598e0002528400221bf400f3c
:10fd2c0025202002190052142588400014000624b6
:10fd3c0025280000252040008066410f0c005290c1
:10fd4c00252820023abe400f84000426010002241c
:10fd5c000f0022a203000224120042120000000035
:10fd6c0002000224150062162400bf8f1000048ebe
:10fd7c002000b48f1c00b38f1800b28f1400b18f09
:10fd8c001000b08fcf3d410b2800bd279e050624e7
:10fd9c000444852635bc400f25200000f1ff0010df
:10fdac0002000224183e410f1000048e040002963b
:10fdbc00f7ff4230eaff0010040002a62000b48fc7
:10fdcc001c00b38f1800b28f1400b18f1000b08fcd
:10fddc000800e0032800bd27b0ffbd273800b0aff6
:10fdec000400908c4800b4af4400b3af3c00b1affa
:10fdfc004c00bfaf4000b2af258880002c00a0aff4
:10fe0c002800a0af3000a0af2000a0af1c00a0af16
:10fe1c002400a0af1400a0af1000a0af1800a0af3a
:10fe2c0090001326059d143c7cbe400f25206002db
:10fe3c004c004010259040000f00449060010624b7
:10fe4c00204485260200843835bc400f0100842ce8
:10fe5c001000428e030022122528400202000010de
:10fe6c001c00a4272800a4273abe400f0000000065
:10fe7c00edff001000000000020007242800a62758
:10fe8c0036bf400f252000022800a58ffaffa014d2
:10fe9c009c001326059d143c7cbe400f252060025f
:10feac0029004010259040000f004490600106246a
:10febc00204485260300843835bc400f0100842c77
:10fecc001000428e0300221225284002020000106e
:10fedc001000a4272800a4273abe400f0000000001
:10feec00edff001000000000030007242800a627e7
:10fefc0036bf400f252000022800a58ffaffa01462
:10ff0c00ffff02240c0022ae0400228e000020a66b
:10ff1c004c00bf8f060043944800b48f4400b38f4d
:10ff2c00ffff6324060043a4040043944000b28ff7
:10ff3c003c00b18ffbff63303800b08f040043a44a
:10ff4c000800e0035000bd271000a28f9c0002aef9
:10ff5c001400a28fa00002ae1800a28fe6ff0010c2
:10ff6c00a40002ae1c00a28f900002ae2000a28f53
:10ff7c00940002ae2400a28fc3ff0010980002aec2
:10ff8c00e8ffbd271400bfaf44bc400f1000b0af5a
:10ff9c001100401025804000140042940400405091
:10ffac002400029679bf400f140004262400029608
:10ffbc00030040100000000079bf400f240004260d
:10ffcc001338410f25200002a80006242528000024
:10ffdc008066410f252000021400bf8f1000b08fe7
:10ffec000800e0031800bd27e8ffbd270100052429
:10fffc001400bfaf5abc400f1000b0af0800401047
:020000041d03da
:10000c002580400079bf400f252040000400048e5d
:10001c001400bf8f1000b08f3038410b1800bd2773
:10002c001400bf8f1000b08f0800e0031800bd272c
:10003c00d8ffbd272400bfaf2000b4af1c00b3af66
:10004c001800b2af1400b1af44bc400f1000b0aff9
:10005c008b004010059d143c25884000059d133ce9
:10006c00804494269000308e280000121f04062431
:10007c001000028edc4365260400448c26202402ea
:10008c0035bc400f0100842c0f0004922004062480
:10009c00dc4365260200843835bc400f0100842cfb
:1000ac000c000292ffff42240500422c200040105d
:1000bc002c0406240e000392010002240400625456
:1000cc000c000292cd3d410f1000248e0c000292c8
:1000dc0025280002ffff422480100200211054004a
:1000ec000000428c09f84000252020020e000292ec
:1000fc000600422c13004010000000000e0002927b
:10010c000500422c130040501000128e25202002b6
:10011c002400bf8f2000b48f1c00b38f1800b28f47
:10012c001400b18f1000b08f3038410b2800bd2760
:10013c00dc43652635bc400f252000000700022457
:10014c000e0002a2cf3d410f1000248eecff0010d8
:10015c000e000292059d053c210506240400448ee8
:10016c005c43a5242620240235bc400f0100842cbe
:10017c000d0003920100633016006014010002248c
:10018c000800438e13006010251000000e00029230
:10019c00ffff43240400632c0800601401000624b4
:1001ac000700432c180060100500032403004314bf
:1001bc0025300000040002240e0002a20800428e2a
:1001cc00080007962528000209f840002520400267
:1001dc00010002240c00049203000324ccff835082
:1001ec00252020020f00401090002426253080008e
:1001fc00020007242528000236bf400f25202002cc
:10020c0099ff00109000308e059d053c5b0506247f
:10021c004843a52435bc400f25200000e7ff001003
:10022c00ecff06247cbe400f0000000008004010cc
:10023c00259040000f004492059d053c600106246a
:10024c00020084382044a52435bc400f0100842cc6
:10025c0026201202059d053cb7020624f443a52472
:10026c0035bc400f0100842c252840023abe400fbb
:10027c009c002426030002247aff00100f0042a2e7
:10028c002400bf8f2000b48f1c00b38f1800b28fd6
:10029c001400b18f1000b08f0800e0032800bd27b8
:1002ac00d8ffbd271000b0af2580a00001000524a9
:1002bc002000b4af1400b1af2400bfaf1c00b3af2b
:1002cc001800b2af5abc400f25a0c0002a00401045
:1002dc00ffff1124252000022598400091bd400ffe
:1002ec000400528c258040001f004010feff11249a
:1002fc00090080520e0002920e004290fcff422434
:10030c000300422c040040500e0002920800028ea2
:10031c00000082ae0e000292ffff43240400632c07
:10032c0008006014010011240700432c1b0060100e
:10033c000500032403004314258800000400022454
:10034c000e0002a20e0002920600422c060040147f
:10035c00030007240400668e252800029c00c62496
:10036c0036bf400f25204002040040122400bf8fee
:10037c003038410f252040022400bf8f2510200269
:10038c002000b48f1c00b38f1800b28f1400b18ff3
:10039c001000b08f0800e0032800bd27059d053c28
:1003ac005b0506244843a52435bc400f25200000de
:1003bc00e4ff0010ecff1124e0ffbd271800b2afe2
:1003cc002590a000010005241400b1af1c00bfafa4
:1003dc005abc400f1000b0af15004010ffff1124a5
:1003ec002520400291bd400f0400508c0c004010a1
:1003fc00feff11240e004390900006260600632c8d
:10040c0003006014020007249c0006260300072446
:10041c002528400036bf400f25200002258800000b
:10042c00040000121c00bf8f3038410f2520000241
:10043c001c00bf8f251020021800b28f1400b18f42
:10044c001000b08f0800e0032000bd271800828c3c
:10045c001c00838c2b104300120040100000000085
:10046c000000828ce8ffbd271000b0af0000428c6a
:10047c00258080000000a58c0400848c1400bfaf84
:10048c0009f84000000000001800028e1400bf8f15
:10049c0001004224180002ae1000b08f0800e003e7
:1004ac001800bd270800e003000000001800828c33
:1004bc00200083242b18620007006010ffff4224e9
:1004cc000000838c180082ac0000798c0000a58c95
:1004dc00080020030400848c0800e00300000000e6
:1004ec00d0ffbd271400b0af0100022401a0103cc6
:1004fc001c00b2af1800b1af2c00bfaf2800b5afd5
:10050c002400b4af2000b3af259080000400918c80
:10051c005900a214301b102601a0133c251000001a
:10052c00059d143cf01b73260400038e1f006050c5
:10053c001800102606004014059d053c0000428e54
:10054c00a000a5240000428c09f8400025202002c0
:10055c000000428ecc0085260000428c09f8400039
:10056c00252020020000428e0800058e0000428cdf
:10057c0009f84000252020020000428e0c00058e58
:10058c000000428c09f84000252020020000428e19
:10059c00059d053cd400a5240000428c09f84000c0
:1005ac00252020020100022418001026deff13165d
:1005bc00059d053c0000428edc00a5240000428c09
:1005cc0025202002059d103c059d153c059d143ce5
:1005dc0009f84000059d133cfc7a1026cc00b5268a
:1005ec00d4009426207b73260000428e2528a0027e
:1005fc00252020020000428c09f840000c00102637
:10060c000000428ef4ff058e0000428c09f8400079
:10061c00252020020000428efcff058e0000428c3b
:10062c0009f84000252020020000428e2528800277
:10063c000000428c09f8400025202002eaff131626
:10064c00059d053c0000428e0000598c0801a52434
:10065c00252020022c00bf8f2800b58f2400b48fda
:10066c002000b38f1c00b28f1800b18f1400b08f14
:10067c00080020033000bd2701a0143c25a8c000b1
:10068c00f01b94260400138e0700605218001026ed
:10069c000400a58ee165410f0800048e1e00405039
:1006ac0025a0000018001026f6ff1416059d053c29
:1006bc000000428e0c01a524e5ff00100000598caf
:1006cc00059d053ccc00a52409f82003252020021b
:1006dc000000428e0000658e252020020000428c16
:1006ec000100942609f840000c0073260000428e8d
:1006fc00fcff658e0000428c09f84000252020028a
:10070c000000428e059d053cd400a5240000428cbf
:10071c0009f84000252020020000428e0000598c70
:10072c000000028e2b108202e5ff4014059d053c53
:10073c00c7ff00100801a5245e818497e0ffbd2748
:10074c001000a5271c00bfaf9529410f01000624fe
:10075c001c00bf8f1000a2830800e0032000bd27ff
:10076c00b329410b5e8184975e818497e8ffbd2796
:10077c001400bfaf5e29410f1c00a5a30200032487
:10078c00040043145e81849701000624c229410fa2
:10079c001c00a5271400bf8f0800e0031800bd271c
:1007ac00e0ffbd272520a0001c00bfafca65410f8c
:1007bc001000a5af1000a58f1c00bf8f5e81849721
:1007cc0025304000c229410b2000bd27e0fbbd278e
:1007dc002804a6af2c04a7af2530a0002804a72717
:1007ec00000405241000a4271804b0af1c04bfafec
:1007fc00595a410f1004a7af25804000ffff422437
:10080c00ff03422c1a0040101000a22721105000a8
:10081c00000040a06081828f211002020004422c53
:10082c0001004050608180af6081828f01a0033c49
:10083c00f01b632421186200252060008a66410f9a
:10084c001000a52725284000ebc1400f25200000f3
:10085c000300023202004010040003242310620043
:10086c006081838f2110500021106200608182af63
:10087c001c04bf8f1804b08f0800e0032004bd27b0
:10088c00c8ffbd272c00b7af0800b7241400b1afc8
:10089c00258880002520e0022800b6af3400bfafc9
:1008ac003000beaf2400b5af2000b4af1c00b3af16
:1008bc001800b2af1000b0afca65410f25b0a00050
:1008cc001c004010200032261c00308e0000348e9c
:1008dc000400338e25a8400023801202059d1e3c87
:1008ec002a10b0021f0040540000828e059d1e3c51
:1008fc0021000016252040028a66410f2528e002bf
:10090c000000828e059d053c3801a52409f84000a5
:10091c00252060020000828e2528400225206002de
:10092c0009f8400021905502180032ae1c0032ae7e
:10093c00d40036ae3400bf8f3000be8f2c00b78f82
:10094c002800b68f2400b58f2000b48f1c00b38f05
:10095c001800b28f1400b18f1000b08f0800e003a4
:10096c003800bd273001c52709f84000252060025a
:10097c00dbff0010ffff10260000828e3401c5271c
:10098c0009f8400025206002d9ff0010ffff102657
:10099c00d400838c07006010000000000400658cfc
:1009ac00d000828c030045100000000023c2400bd5
:1009bc00000000000800e00300000000d400828c5e
:1009cc0004004010cc00858c0000428c03004510c4
:1009dc002528400023c2400b000000000800e00363
:1009ec00000000001c00878c1800828c2b1847001c
:1009fc002300601000000000e0ffbd27010043242d
:100a0c001800b2af1400b1af0000928c0400918cae
:100a1c002338e3001c00bfaf1000b0af2118470013
:100a2c0013004314710090241c00828c059d053c1e
:100a3c00ffff43241c0083acffff40a01800868cf2
:100a4c003c01a524d066410f252000020000598ee0
:100a5c0025280002252020021c00bf8f1800b28f11
:100a6c001400b18f1000b08f080020032000bd27a8
:100a7c000100459001004224e9ff0010ffff45a052
:100a8c000800e003000000001c00868c1800828c1b
:100a9c002330c2001800c010059d053cd0ffbd27b7
:100aac002800b2af0000928c2400b1af2000b0af90
:100abc000400918c258080004801a5242c00bfaf38
:100acc00d066410f1000a4270000428e1000a5270d
:100adc0009f84000252020021c00028e2c00bf8f3c
:100aec002800b28f180002ae2400b18f2000b08f06
:100afc000800e0033000bd270800e0030000000000
:100b0c001800868cc8ffbd272800b1af20009124a7
:100b1c002330d1003400bfaf3000b3af2c00b2afe4
:100b2c000d00c0102400b0af0000938c059d053c57
:100b3c000400928c258080005001a524d066410fc2
:100b4c001000a4270000628e1000a52709f84000b1
:100b5c0025204002180011ae3400bf8f3000b38f37
:100b6c002c00b28f2800b18f2400b08f0800e00356
:100b7c003800bd270000828c0400848ce8ffbd2760
:100b8c000000428c059d053c1400bfaf09f84000e5
:100b9c005801a52401a0043cc0000624252800000f
:100bac008066410f301b84246481848f050080147f
:100bbc001400bf8f01000224588182af0800e003ab
:100bcc001800bd276881828f070044540800828c6e
:100bdc00688180af648180af8f38410f00000000c6
:100bec00f2ff00106481848ffbff0010648182afe0
:100bfc000000828c0400848ce8ffbd270000428c2e
:100c0c00059d053c1400bfaf09f840008c01a524dc
:100c1c001400bf8ff263410b1800bd27d8ffbd270e
:100c2c001c00b3af059d133c2000b4af1400b1af52
:100c3c001000b0af2400bfaf1800b2af2588800001
:100c4c0025a0a00025800000a80173262200052401
:100c5c008065410f252020020200401025904000a5
:100c6c00000040a025286002765c410f2520200260
:100c7c001b0040140800032a1000401201005226e9
:100c8c00220005248065410f252040020b004050b6
:100c9c00ffff1024190042120800032a0400601000
:100cac00000040a08018100021188302000072acd4
:100cbc0001005124e5ff2016010010262400bf8fef
:100ccc00251000022000b48f1c00b38f1800b28fc7
:100cdc001400b18f1000b08f0800e0032800bd276e
:100cec00030060108018100021188302000062ac11
:100cfc0001001026dbff001025880000efff00101c
:100d0c00ffff10240b0080102510000000008294bf
:100d1c00648180af688180af5c8182a7020082947d
:100d2c00588180af5e8182a7020082945e8182a787
:100d3c00010002240800e003000000000800e003aa
:100d4c000100022401a0033cd0ffbd27301b63240b
:100d5c002800b6af2400b5af2000b4af1c00b3af71
:100d6c001800b2af1000b0af25a8a0002c00bfaf88
:100d7c001400b1af259080002598c00025b0e0008c
:100d8c00ffff02242580000025a060000800052438
:100d9c000400648c22008050251000022000921464
:100dac0018001124021011722520600221885400b1
:100dbc00e165410f0800258e0e0040142518000037
:100dcc001000248e1400238e251000021800052418
:100ddc00023045702110d400140043ac040052ac16
:100dec00000055ac080053ac0c0056ac100044ace1
:100dfc00010003242c00bf8f251060002800b68f43
:100e0c002400b58f2000b48f1c00b38f1800b28f54
:100e1c001400b18f1000b08f0800e0033000bd2724
:100e2c0001001026daff051618006324ffff0324c7
:100e3c000300431425180000efff00102c00bf8f97
:100e4c00e2ff00102520000025288000ebc1400b9c
:100e5c0025200000e0fbbd272404a5af2804a6af85
:100e6c002c04a7af253080002404a72700040524f8
:100e7c001000a4271804b0af1c04bfaf595a410f7f
:100e8c001004a7af25804000ffff4224ff03422c33
:100e9c001a0040101000a22721105000000040a0a2
:100eac006081828f211002020004422c010040500c
:100ebc00608180af6081828f01a0033cf01b6324b2
:100ecc0021186200252060008a66410f1000a527ba
:100edc0025284000ebc1400f252000000300023202
:100eec000200401004000324231062006081838ff1
:100efc002110500021106200608182af1c04bf8f52
:100f0c001804b08f0800e0032004bd276481828f91
:100f1c00030080100000000003004014ffff842435
:100f2c000800e003000000000800428cf8ff0010ed
:100f3c002026047ce0ffbd271800b1af2588800077
:100f4c00480204241400b0af1c00bfaf8d38410f11
:100f5c002580a0001c0040102518400048020624e3
:100f6c00252800008066410f2520400025184000f0
:100f7c00000051ac040050ac20004224180062acbc
:100f8c001c0062ac48026624d8006224cc00648c3d
:100f9c0013008054000044accc0062acd00062acb6
:100fac00000042ac040042ac5c004224f8ffc25486
:100fbc00cc00648c6481828f0f004014080060acfc
:100fcc00648183af688183af1c00bf8f25106000e4
:100fdc001800b18f1400b08f0800e0032000bd276b
:100fec00d000658c040045ac0000a2ac040082acbf
:100ffc00edff0010cc0062ac6881828ff1ff001015
:10100c00080043ac5881828fe8febd271401bfafa6
:10101c001001beaf0c01b7af0801b6af0401b5affc
:10102c000001b4affc00b3aff800b2aff400b1af45
:10103c001f004014f000b0af6481828f1600401482
:10104c005d818693059d043c5d818527d0c3400f4f
:10105c00207b842410004014548182930f00401490
:10106c006481908f8162410f000000000200422ccd
:10107c0008004014010002247b62410f00000000b4
:10108c00059d053cac01a524ef29410f252040000e
:10109c0001000224548182a36481908f059d133c2e
:1010ac00059d143c887b73260e0000560000158e9f
:1010bc001401bf8f010002241001be8f0c01b78fe9
:1010cc000801b68f0401b58f0001b48ffc00b38ffb
:1010dc00f800b28ff400b18ff000b08f0800e0037d
:1010ec001801bd270400128e0c00a28e09f84000d6
:1010fc0025204002ecff40500800108e1000a28efc
:10110c0009f840002520400210001186270020120b
:10111c0025b040002110110201003126120056a00a
:10112c00208e117c030002240f002216100011a641
:10113c00150000a2347b9226120015260000458e65
:10114c0003000624cf63410f2520a0020900405064
:10115c000c0012ae0c005226f9ff53560000458ebf
:10116c00f1000010100000a60300222aceff40540c
:10117c000800108e0c00128e0800428ecaff2256f8
:10118c000800108e0000458ee165410f1200042608
:10119c00f3ff4014252840020400428e09f8400059
:1011ac0025200002e0000010100000a60d00022413
:1011bc000500c2521c00038e0a000224a900c2566c
:1011cc00080002241c00038e20001626070076144b
:1011dc000000a28e059d053c3801a52409f84000ad
:1011ec0025204002b0ff00100800108e059d053c24
:1011fc000801a52409f84000252040021c00028e9d
:10120c002000062425280000000040a0c000a427d0
:10121c00180016ae8066410f1c0016ae5100062455
:10122c002528c0026c00a4279466410f0400178e79
:10123c00c000a5270ac3400f6c00a4270b00401464
:10124c0025f040000000028e059d053cd001a52430
:10125c000000428c09f840002520e002059d053c69
:10126c000000a28eddff00107002a5240600405c79
:10127c00cc00118e0000028e059d053c0802a524b1
:10128c00f4ff00100000428cd000028e2900225680
:10129c000400438ccc0000aed00000ae51000624fc
:1012ac002528c0029466410f08002426cc00028e2b
:1012bc0025004054d000038ecc0011aed00011aeee
:1012cc00000031ae040031aec000a68f059d113c6c
:1012dc00059d033cd40000aefc7a3126207b6324b0
:1012ec000000258e2520c000e400a3afe165410f6e
:1012fc00e000a6afe000a68f1d004014e400a38f11
:10130c000900c22b160040540400228e0000028eed
:10131c00059d053c080006240400428c3802a524d7
:10132c002520e00209f8400000000000ccff00106e
:10133c00059d053cd00003ae000071ac040023ae4b
:10134c00d6ff001025884000000022ae040023ae1a
:10135c00000071ac040051acdbff0010cc0011aeee
:10136c00c000a6272528c003eeff00102520000290
:10137c000c003126dbff23560000258e01a0113c0a
:10138c00301b31260400288e1f000011e400a8af8a
:10139c001000238e14006010e000a3af510006244f
:1013ac002528c0029466410f1800a4271400228e31
:1013bc00e400a88fe000a38f1000a2af5100072417
:1013cc001800a6272528000209f860002520000136
:1013dc00a3ff4014059d053cc000a5270ac3400f80
:1013ec001800a42725f040000900c22bc7ff4010ad
:1013fc00c000a88f0400238e0000278e253000002b
:10140c000800c7540000658c01a0023c180031266e
:10141c00f01b4224dcff22560400288e96ff00109d
:10142c000000028e25200001ec00a7afe800a6af5b
:10143c00e400a3afe165410fe000a8afe000a88f86
:10144c00e400a38fe800a68f03004014ec00a78fe4
:10145c00c3ff00100400628c0100c624e8ff0010da
:10146c000c0063240300c2127f0002242a00c2165f
:10147c001b0002241800028e200003262b18620089
:10148c0009ff60500800108e1c00038e2b204300b7
:10149c0010008014233862000000a28e059d053ccc
:1014ac008002a52409f84000252040021800028e75
:1014bc00ffff4224180002ae1c00028effff4224e4
:1014cc00190000101c0002ae0000449001004224e0
:1014dc00feff44a0fcff6214710011261800028e5e
:1014ec00059d053cffff4224180002ae1c00028e35
:1014fc007402a52425202002ffff43241c0003ae08
:10150c00ffff40a0d066410f1800068e0000a28e8f
:10151c0032ff0010252820020500c216010002240b
:10152c00120016a2100002a6dffe00100800108e9a
:10153c001c00038e2000112623107100500042283d
:10154c00260040500000a28e1800078e233867003a
:10155c002000e01025106000ffff4490ffff4224a4
:10156c00010044a0232062002b208700faff801486
:10157c00059d053c1c00028e8802a5240100432415
:10158c001c0003ae010040a01800068e7200042659
:10159c00d066410f0100c624710016a20000a28e75
:1015ac007100052609f84000252040021800028e23
:1015bc00000056a01800028e1c00038e010042246d
:1015cc002b186200d8ff6010180002aed6ff001076
:1015dc001c0002aef0ff0010720000a2059d053c3d
:1015ec009002a52409f8400025204002180011aef5
:1015fc001aff00101c0011ae6481838fe8ffbd2719
:10160c001400bfaf0c006010251000000b008050c0
:10161c001400bf8f0d0064146881828f090044543c
:10162c000800828c648180af688180af8f38410f55
:10163c0000000000010002241400bf8f0800e0032a
:10164c001800bd27f9ff0010648182af0800628c7e
:10165c00faff40101400bf8ffcff82542518400085
:10166c000800828c080062ac6881828fefff4450c6
:10167c00688183afedff001000000000d0ffbd2794
:10168c002800b5af2c00bfaf2400b4af2000b3af1f
:10169c001c00b2af1800b1af1400b0af1800a0100e
:1016ac0025a8000001a0103c01a0113c25a0c00001
:1016bc002598a00025908000301b1026f01b3126a9
:1016cc000400028e0c00525418001026ce37410f25
:1016dc00252000001000038e040060142528400013
:1016ec00100013ae140014ae25a80002e037410f11
:1016fc002520000018001026f2ff11560400028e5f
:10170c002c00bf8f2510a0022400b48f2800b58fa9
:10171c002000b38f1c00b28f1800b18f1400b08f53
:10172c000800e0033000bd2701a0023c301b42241e
:10173c0023108200aaaa033cc3100200abaa633494
:10174c0002104370e0ffbd271800b1af1c00bfaf03
:10175c001400b0af0800422c0e0040102588000089
:10176c0025808000ce37410f252000000400038e19
:10177c0006006010252840001000038e0300601046
:10178c0000000000100000ae01001124e037410ff2
:10179c00252000001c00bf8f251020021400b08fe4
:0c17ac001800b18f0800e0032000bd27ea
:020000040000fa
:020000041d03da
:1017b8000000868c0000c38c0400c68c0100c63073
:1017c8000400c0100400848c0000798c08002003f9
:1017d80000000000231864002b1065000800e003d7
:1017e800010042380000868c0400c38c010063307d
:1017f800050060100400828c0000c38c0800798cfe
:101808000800200325204000211045000800e003bf
:10181800040082acdf0084304000032403008310fe
:1018280025100000800084382b1004000800e00315
:10183800000000000800e0030100022425108000d9
:101848000000488c0400438c2520a0000400028d71
:1018580001004230050040102548c0000000028dfc
:101868000400598c08002003252060002530e00082
:10187800d665410b21286900d665410b00000000a0
:10188800e8ffbd271400bfaf2f65410f000000001f
:101898001400bf8f0100422c0800e0031800bd2788
:1018a800e0ffbd271800b1af2588a000010005247e
:1018b8001400b0af1c00bfafeec5400f25808000fc
:1018c8000900401025282002252000021c00bf8f97
:1018d8001800b18f1400b08f0100072425300000d4
:1018e80011c6400b2000bd271c00bf8f1800b18f08
:1018f8001400b08f0800e0032000bd27d8ffbd27e3
:101908001800b0af2400bfaf2000b2af1c00b1afc9
:10191800ffff02240e0082a00f008290010007241e
:1019280025300000600042300f0082a01100a5277a
:101938002ac6400f25808000860040101100b2930f
:10194800e00051321f0052321c00422e0e0011a23c
:101958001100b2a31a0040140c0012a61f000224a2
:101968000b004212e000223a05010424030103247b
:101978000b188200251060002400bf8f2000b28f52
:101988001c00b18f1800b08f0800e0032800bd27a5
:1019980007c6400f2520200206004054e000223ae6
:1019a8000f000292100042340f0002a2f2ff001052
:1019b8002510000005010424edff00100201032496
:1019c8001800422e12004014e8ff422601000524a8
:1019d800042845000100a524eec5400f252000027b
:1019e800e5ff4010010102241800022411004216ec
:1019f8000c0000a601000724010006241000a527fa
:101a080011c6400f252000021000a2930c0002a668
:101a18004289110001000224160022560700022400
:101a28000f0002920e0000a204004234dfff0010f3
:101a38000f0002a21900022408004216020007241f
:101a4800010006240c00052611c6400f25200002bf
:101a58000c000296edff0010a010027c1100a2936a
:101a68000f0003920300423025104300e8ff0010e6
:101a78000f0002a2c0ff2216251000001100a29339
:101a8800ecff4224ff0042300c00432cc7ff6010db
:101a9800039d033c80100200b41a632421106200e5
:101aa8000000428c0800400000000000e41a039d7a
:101ab800001b039d001b039d001b039d1c1b039d16
:101ac800001b039df41a039df41a039d3c1b039d00
:101ad8003c1b039d3c1b039d3c1b039df5ff0224ff
:101ae8000c0000a6b1ff00100e0002a20f00029227
:101af800020042340f0002a2010007242530000032
:101b08000e00052611c6400f252000029aff00107e
:101b1800251000000c0003962000632c96ff60102f
:101b280025100000ffff02240e0002a292ff001001
:101b380006010224059d073c059d053c059d043cc6
:101b48007453e72400010624bc1fa5242564410f13
:101b5800dc1f842488ff001001010224d8ffbd2760
:101b68002000b1af0800918cffff02241c00b0af29
:101b78002400bfaf1b002216258080000100072427
:101b8800253000002ac6400f1000a5271500401078
:101b98001000a393ff0002241200621460000424c2
:101ba8000f000392600065300900a41002010224ae
:101bb8000e000592c00004240500a4101000633430
:101bc8000e0011a2080000ae0f0003a225100000ad
:101bd8002400bf8f2000b18f1c00b08f0800e003e5
:101be8002800bd2741c6400f25200002f9ff00103c
:101bf8002400bf8f0800828cffff05240b004510ce
:101c08000e008390c000062406006610ffff4224e1
:101c18000b004010080082ac0f0082904000423850
:101c28000f0082a0d9c6400b00000000c0000224ab
:101c3800faff62540f008290faff001000000000c3
:101c48000f0082900e0085a0ef0042300f0082a0a6
:101c58000800e003251000000f00829014004230b5
:101c68000b004014070102240800e00300000000f4
:101c7800070102243400bf8f3000b38f2c00b28fcd
:101c88002800b18f2400b08f0800e0033800bd277a
:101c9800c8ffbd272800b1af2400b0af2588a00039
:101ca8002580c00001000724253000001800a52762
:101cb8002c00b2af3400bfaf3000b3af2ac6400f1c
:101cc80025908000030040141800a393e9ff00103a
:101cd80001010224ff000224e5ff6210e0006430e5
:101ce8000e004592e3ff8514040102241f006330af
:101cf8001800622c060040101800a3a3000003aed1
:101d080001001324000033aedaff00102510000094
:101d18001c00642cd7ff8010050102240100132445
:101d2800e8ff632404187300010073242528600267
:101d3800eec5400f25204002ceff401001010224cd
:101d48001800a2931a00432c1700601019000324ee
:101d58000e00431402000724010006241000a527e2
:101d680011c6400f252040021000a297a010027c47
:101d7800ffff423025180000000002aebdff6014ce
:101d880000040224e0ff0010000033ae0100072425
:101d9800010006241000a52711c6400f2520400287
:101da800f4ff00101000a2931a0003240900431442
:101db80004000724010006241000a52711c6400fbf
:101dc800252040021000a28fa010027ce9ff00101d
:101dd8000214220008000724010006241000a52789
:101de80011c6400f252040021400a28f1000a38fb7
:101df800a010027ca018037c02142200deff001051
:101e0800021c2300d0ffbd272800b3af2598a000ef
:101e18001000a5272400b2af2000b1af1c00b0af5e
:101e28002c00bfaf2580800018c7400f2590c00048
:101e380012004014258840000000038e1000a68f71
:101e48000000528e0400628c0100423013004010e2
:101e58000400048e0000628c253840020c00428c7d
:101e680009f84000252860020400405425884000f5
:101e78000f000292fb0042300f0002a22c00bf8f1d
:101e8800251020022800b38f2400b28f2000b18fc4
:101e98001c00b08f0800e0033000bd272120860019
:101ea800040004ae25284002eec5400f252000029c
:101eb800f2ff4050010111240400028e000062aebe
:101ec80021105200eaff0010040002aeebff0010e0
:101ed80001011124e0ffbd271c00bfaf0f00839054
:101ee800020062300f004054010063300e008290ff
:101ef80006004224ff0042300200422c0800401431
:101f0800059d073c059d053c059d043c8453e7243d
:101f180049010624bc1fa5242564410fe01f842421
:101f2800010063300d00601008000724010006243a
:101f380011c6400f1000a5271400a28f1000a38f10
:101f4800a010027ca018037c02142200021c2300ab
:101f58001c00bf8f0800e0032000bd2704000724f1
:101f68000100062411c6400f1000a5271000a28ffb
:101f780025180000a010027cf5ff001002142200b2
:101f8800d8ffbd271800b0af2400bfaf2000b2af04
:101f98001c00b1af0f008290020042301e004010ba
:101fa80025808000b7c7400f000000002590400042
:101fb800258860001000a5270100072425300000af
:101fc80011c6400f252000021000a293252800000a
:101fd8001f0042301800432c040060141000a2a314
:101fe800e8ff4224010005240428450025200002ba
:101ff800fbc5400f0100a5242400bf8f2510400217
:10200800251820022000b28f1c00b18f1800b08f55
:102018000800e0032800bd270c009294e5ff00109b
:1020280025880000e8ffbd271000b0af1400bfaf3f
:10203800e2c7400f258080000e000492400005246e
:10204800df00843019008514252000020900601083
:10205800059d073c059d053c059d043c4453e7242c
:1020680034010624bc1fa524582084242564410f6c
:10207800000000000f00039210006330070060109a
:10208800059d053c059d043c4453e7243501062481
:10209800bc1fa524f5ff00107420842425284000c7
:1020a800fbc5400f25200002252000021400bf8f29
:1020b8001000b08fffc6400b1800bd271000a28f7c
:1020c80021288500010003240000e5ac0400e6aceb
:1020d800040044ac000047ac080043ac0f0040a02b
:1020e80041c6400b25204000010002240000a4ac9a
:1020f8000400a2ac2520c0000000c5ac0400c7ac99
:1021080041c6400b0800c2ac0f0082900800423064
:102118000300401400000000d9c6400b0000000076
:102128000800e00325100000e8ffbd271400bfaf3a
:10213800252880000e008490ff00022409008214e4
:10214800059d073c059d053c059d043c5853e72427
:10215800d4010624bc1fa524a82084242564410f8b
:102168000000000007c6400f0000000007004014f0
:10217800059d043c059d053c5853e724d5010624dc
:10218800bc1fa524f5ff0010c42084240800a28cdd
:10219800040040101400bf8f2520a0000bc8400b7e
:1021a8001800bd27030002240800e0031800bd271b
:1021b800e0ffbd271800b1af1400b0af1c00bfafdf
:1021c80025808000c00011240e00029205005114e1
:1021d800251000004cc8400f25200002fbff40508e
:1021e8000e0002921c00bf8f1800b18f1400b08f30
:1021f8000800e0032000bd27e0ffbd271c00bfaf9b
:102208001800b1af1400b0af0e0082908000032414
:10221800df00423008004310059d073c059d053c42
:10222800059d043c1453e72448020624bc1fa5243a
:102238002564410fdc2084242580a00025888000a7
:102248002528800010000624d665410f25200002ad
:102258000f002292100042300e004010ffff0224af
:10226800080002ae01000524fbc5400f252000022e
:102278000e00029225200002200042300f0002a228
:102288001c00bf8f1800b18f1400b08fd9c6400b47
:102298002000bd27e2c7400f25200002080002ae3b
:1022a80003006014ffff0424090044540e00049244
:1022b8000400228e040002ae000402241c00bf8f1a
:1022c8001800b18f1400b08f0800e0032000bd276c
:1022d800a00003240400831400000000f4ff40045d
:1022e80040180200080003aee1ff4014ffff02247b
:1022f8000e0002a2f1ff001025100000e8ffbd2724
:102308001400bfaf1000b0af0e008290800003240d
:10231800df00423009004310059d073c059d053c40
:10232800059d043cf852e72478020624bc1fa52426
:10233800dc2084242564410f000000000e00a390d7
:10234800ff00022407006210f852e724059d053caf
:10235800059d043c79020624bc1fa524f5ff001046
:10236800f82084240400a28c040082ac0f00a29000
:10237800100042300300401025808000fbc5400f4c
:1023880001000524252000021400bf8f1000b08f23
:10239800ffc6400b1800bd27e0ffbd271c00bfafdc
:1023a8001800b1af1400b0af0e00829008004010c2
:1023b800059d073c059d053c059d043cd852e72436
:1023c80032030624bc1fa5242564410f1c21842444
:1023d8000f008290258880000200423015004010ce
:1023e8002580a000b7c7400f000000000b00600464
:1023f80000040524000002ae040003ae0f0024927e
:1024080004008430050080102528000027200200e1
:1024180027180300000004ae040003ae1c00bf8fa1
:102428002510a0001800b18f1400b08f0800e00339
:102438002000bd270c008294eeff00102518000034
:10244800e0ffbd271c00bfaf1800b1af1400b0af4c
:102458000e00829008004010059d073c059d053c34
:10246800059d043cbc52e7245a030624bc1fa5243e
:102478002564410f1c2184240f0082902580800050
:10248800020042300e0040102588a000b7c7400f58
:10249800000000000f000492040084300b0080103c
:1024a80000000000040060140080033c2b18430067
:1024b8000b006014271002000b0000100004022417
:1024c8000c008294f3ff001025180000faff601436
:1024d8000080033c2b1843000300605000040224d2
:1024e800000022ae251000001c00bf8f1800b18f1d
:1024f8001400b08f0800e0032000bd270f00829071
:102508000c00453410004230090040100f0085a02f
:10251800e8ffbd271400bfaffbc5400f010005242d
:102528001400bf8f251000000800e0031800bd2725
:102538000800e00325100000e8ffbd271000b0af39
:102548001400bfaf0f00829010004230030040100b
:1025580025808000fbc5400f0100052425200002ce
:102568001400bf8f1000b08fffc6400b1800bd27a6
:10257800b8ffbd273800b4af2c00b1af4400bfafdf
:102588004000b6af3c00b5af3400b3af3000b2afd7
:102598002800b0af0e008290400003245800b18f8d
:1025a800df004230090043105c00b48f059d073cf2
:1025b800059d053c059d043ca452e724a704062478
:1025c800bc1fa5242564410f3c21842425a8a00014
:1025d8002598c000020020162590e0001000b127c1
:1025e8002528800010000624d665410f25202002ea
:1025f80001000224000042a241c9400f2520200208
:1026080024004014258000002000a6272400a527c8
:1026180083c7400f252020020701032416004350da
:10262800000042921b0040142000a68f21b0060231
:102638002b10d0021700401400040224000042921c
:1026480009004050000040a20000628e2b10560086
:10265800070040142400a58f09f880022120b00249
:102668002b100200000042a2e7ff00102580c002e4
:10267800fdff0010000040a2100040540000628ed0
:10268800000070ae50c9400f252020020200001043
:102698004400bf8f4400bf8f4000b68f3c00b58f09
:1026a8003800b48f3400b38f3000b28f2c00b18f54
:1026b8002800b08f0800e0034800bd272b10020255
:1026c800efff4010010006242000a0a32000a5274a
:1026d80009f880022120b0022b100200e8ff001048
:1026e800000042a2e0ffbd272530a0001c00bfafbc
:1026f80018c7400f1000a5271c00bf8f0800e00373
:102708002000bd27d0ffbd272800b1af2400b0afff
:102718002c00bfaf2580a0000200e0142588c0006f
:102728001000a7272528800010000624d665410f31
:102738002520e000252040002530200283c7400fd7
:10274800252800022c00bf8f2800b18f2400b08fed
:102758000800e0033000bd27d8ffbd270f00a014f4
:102768002400bfaf039d023c3c1842241000a7afd1
:102778001400a2af5ec9400f1800a7270400401438
:102788000080033c1800a2930b180200251060007b
:102798002400bf8f0800e0032800bd27039d023cea
:1027a800f2ff001080184224d0ffbd272800b1afe7
:1027b8002400b0af2c00bfaf2588a0000e00859084
:1027c8002580800007c6400f2520a0000800401083
:1027d800df00a5300bc8400f252000022c00bf8f5a
:1027e8002800b18f2400b08f0800e0033000bd2717
:1027f800800002240900a21025380002ffff0224ed
:102808001000a6272528000025200002d8c9400f5f
:102818001000a2aff2ff00102c00bf8fefff2012b4
:10282800010402241000a52780c8400f25200002bb
:10283800eaff4014ffff31261800a28f050040145c
:102848001000a527c1c8400f25200002e4ff001092
:102858002c00bf8f25282002ecc9400f1000a427a8
:10286800dfff40142c00bf8ff4ff00101800a28f68
:102878000e008590ff0003240a00a314059d073c61
:10288800059d053c059d043ce8ffbd273053e72422
:1028980008020624bc1fa5241400bfaf2564410ffd
:1028a800a82084240800828c030040100000000047
:1028b800ecc9400b000405240800e00303000224cf
:1028c800d8ffbd2725288000100006242400bfafac
:1028d800d665410f1000a4271eca400f1000a42778
:1028e8002400bf8f0800e0032800bd27ffff022453
:1028f8000000a2ac2530a00025380000d8c9400b44
:1029080025280000c0ffbd273800b1af3400b0afa4
:102918002588c0002580a0001000062425288000f6
:102928003c00bfafd665410f1800a4276ec8400f02
:102938001800a427050040142600a493600003246f
:102948000700831000000000000020a23c00bf8f99
:102958003800b18f3400b08f0800e0034000bd2775
:10296800ca65410f252000022800a2af039d023c42
:10297800881842241400a2af1000a0af2538200206
:102988002800a627252800025ec9400f1800a427a2
:10299800efff00103c00bf8fc8ffbd273400bfaf5a
:1029a8003000b4af2c00b3af2800b2af2400b1aff1
:1029b8002000b0af0e008390a0000224080062102f
:1029c800059d073c059d053c059d043c8852e72470
:1029d8008a050624bc1fa5242564410f842184246c
:1029e800258880002580c0002520a000ca65410fe9
:1029f8002598a000252020022528000280c8400f25
:102a080025a040003400401425884000039d123c56
:102a1800881852260800028e0b004014ffff02247b
:102a28000e0002a23400bf8f251020023000b48fa0
:102a38002c00b38f2800b28f2400b18f2000b08ff4
:102a48000800e0033800bd276ec8400f25200002ab
:102a580022004014ffff03240e00039260000224aa
:102a6800110062141c00a7271400b2af1000b0af09
:102a78001800a62725286002252000025ec9400ffd
:102a88001800b4af15004014ffff03241c00a293e4
:102a9800090040100000000041c6400f2520000238
:102aa800e0ff0010258840001eca400f25200002c4
:102ab8000a004014ffff03246ec8400f25200002bf
:102ac80006004014ffff03241eca400f2520000201
:102ad800d1ff40500800028effff0324f0ff0010d2
:102ae8000e0003a2e0ffbd271800b2af1400b1af7b
:102af8001000b0af1c00bfaf258080002588a00063
:102b08002590c0000000048e0400028e0a00825442
:102b18000000828c000000ae08008014040000aea3
:102b28001c00bf8f1800b28f1400b18f1000b08f37
:102b38000800e0032000bd27000002aef2ff20528b
:102b48000000048e09f8200225284002eeff00103c
:102b58000000048e2000a104feff0224d800838c0c
:102b68000000628c0400648c060082540000448ccf
:102b7800000060ac04008014040060ac0800e003ae
:102b880003000224000064ac00e0a37c00340600cb
:102b9800080043ac8001c634422f0500040003241a
:102ba800040046ac0600a3540400e38c0400438ce4
:102bb800010004248452837c040043ac0400e38ca9
:102bc800000040ac06006014140040ac0000e2ac09
:102bd8000400e2ac251000000800e003000000003b
:102be8000400442400e0847c000062acf8ff00107c
:102bf800140064acd0ffbd271400b0af0400c28c31
:102c08000000d08c2800b5af2400b4af2000b3afcb
:102c18001c00b2af1800b1af2c00bfaf2590a000c8
:102c28002588c00025a8e0004400948c2f000216d7
:102c38000400b38c0000c0ac0400c0ac0400028ed9
:102c4800c439027c040002ae0000228e0400238ee8
:102c58002e0043540000438c000020ae2c0040148a
:102c6800040020ae0000628e180006242528000209
:102c7800000002ae1400628e25206002d665410f66
:102c8800140002ae0400428e040000ae080000ae3c
:102c9800000000ae2d004014140000ae000050ae3d
:102ca800040050ae0400628e01000324c439627c23
:102cb800040062ae0400628e2900a0120003427c68
:102cc80027004014252080022c00bf8f2800b58fd4
:102cd8002400b48f2000b38f1c00b28f1800b18f6e
:102ce8001400b08f2728410b3000bd270000028e4a
:102cf800d2ff00100000c2ac0400442400e0847c31
:102d0800000062ac07000010140064ac000023aea1
:102d18000400438e000040acf7ff6014140040ac80
:102d2800000042ae040042ae0400428cc6ffa0126e
:102d38000003427cc5ff40540000228e2728410f23
:102d480025208002c1ff00100000228e0400032607
:102d580000e0637c000050acd1ff0010140043accd
:102d68002c00bf8f2800b58f2400b48f2000b38fac
:102d78001c00b28f1800b18f1400b08f0800e00358
:102d88003000bd270000a28c220040100000000087
:102d9800e0ffbd271800b1af1400b0af1c00bfaff3
:102da8000400438c2530a00001000524c4ffa37c47
:102db8004400918c040043ac0400c28c2538000008
:102dc800258080000400438c84f7a37c040043ac76
:102dd800ffca400fdc00858c5d28410f25202002aa
:102de8000700401425202002dc00028e0000458cdc
:102df8000400a5245828410f00e0a57c25202002c6
:102e08001c00bf8f1800b18f1400b08f4128410bf0
:102e18002000bd270800e003000000000000a38c8c
:102e280025100000254000002548000000e08b7cac
:102e380006006014000000001200001500000000e9
:102e4800010042240800e003000000000400678c31
:102e58002400e3040000678c0400801000000000d8
:102e68000800678c1f00eb540000678c0400628c1c
:102e7800c001427c0600401000000000f1ff001174
:102e8800020002240800e003251000002518e000d5
:102e98000400628cc001427cfdff40140000000069
:102ea8000400c28c0000678c140060ac1000401451
:102eb800000060ac0000c3ac0400628c8007427c58
:102ec800f2ff40100400c3ac020020510000a7ac80
:102ed800000027adebff801401000825251820010c
:102ee8000100022425486000d1ff00102518e000e9
:102ef80004006a2400e04a7d000043aceeff0010a5
:102f080014004aac251000000400801000000000e6
:102f18000000868c0300c014000000000800e003d5
:102f2800000000000400838cc001637c0100655030
:102f380001004224f4ff00102520c000e0ffbd2757
:102f48001800b1af4400918c1400b0af2580800008
:102f58001c00bfaf3528410f252020023d28410f16
:102f6800252020024528410f252020024d28410f09
:102f780025202002fdff4014000000003928410fe1
:102f8800252020025028410f25202002240040142b
:102f9800b8000226d80002aec0000226dc0002ae4d
:102fa800c8000226e00002aed0000226e40002ae0d
:102fb80025202002b80000aebc0000aec00000ae64
:102fc800c40000aec80000aecc0000aed00000ae19
:102fd800d40000aeec28410fef6305242520200221
:102fe8005828410f25280000252800005f28410f98
:102ff800252020022b28410f252020022f28410fb1
:1030080025202002252020021c00bf8f1800b18f28
:103018001400b08f000605243328410b2000bd277b
:103028002728410f25202002d6ff001000000000ad
:10303800e8ffbd270100a5301000b0af1400bfaff6
:103048000b00a0104400908c3d28410f2520000261
:103058005228410f25200002fdff40140000000007
:103068005528410f25200002fdff401400000000f4
:103078003d28410f252000024528410f2520000248
:103088002b28410f252000022f28410f2520000260
:103098003528410f252000024d28410f2520000228
:1030a800fdff4014252000021400bf8f1000b08fd0
:1030b800ef630524ec28410b1800bd27e0ffbd276e
:1030c800c21805001400b1af100063302588a000b5
:1030d8000200a5301c00bfaf1800b2af1000b0af9f
:1030e8000700a010010062340400c5300100a0549c
:1030f800090062340800c6300100c054040042349c
:10310800040023324400908c0291110089bf043cd2
:103118000100652c009282ac040042322510450063
:10312800b2404234109282ac1200052415000224e9
:103138000a2843006628410f252000020c000524b8
:103148006c28410f25200002120005247328410f26
:1031580025200002370005247928410f2520000288
:10316800004031320f0005247d28410f2520000240
:103178000d0020121c00bf8f8128410f252000025e
:103188008528410f25200002010045322520000234
:103198001c00bf8f1800b28f1400b18f1000b08fc1
:1031a8008928410b2000bd271800b28f1400b18f69
:1031b8001000b08f0800e0032000bd27d8ffbd270e
:1031c8002400bfaf2000b4af1c00b3af1800b2afeb
:1031d8001400b1af0b00e0141000b0af25a0000040
:1031e8002400bf8f251080021c00b38f2000b48fed
:1031f8001800b28f1400b18f1000b08f0800e003e0
:103208002800bd27020002242700c214010002245e
:10321800d800918cdc00908c0000028e2590e00094
:10322800100040142598a0003800a68f1800052427
:1032380009f8e00001000424e9ff401025a000007f
:103248000000038e000043ac0400632400e0637cac
:10325800140043ac0400038e02006014000002aea8
:10326800040002ae25806002ddff001223a0700278
:103278003800a68f1800052409f84002010004242c
:10328800d8ff40102400bf8f0400238e000040acfc
:103298000a006014140040ac000022ae040022ae04
:1032a800f1ff0010ffff1026cdffc21425a000007b
:1032b800e000918cd8ff0010e400908c04004424b6
:1032c80000e0847c000062acf4ff0010140064ace1
:1032d800d8ffbd27020002242400bfaf2000b3afef
:1032e8001c00b2af1800b1af0600c2141400b0af92
:1032f800d800908c2598e0002590a00012000010be
:103308002588a000010003241100c3142510000023
:10331800f8ff0010e000908c0000048e0400038e7b
:10332800120083540000828c000000ae0800801058
:10333800040000ae04006052ffff312609f8600265
:103348003800a58fffff3126f3ff20162310510206
:103358002400bf8f2000b38f1c00b28f1800b18fdc
:103368001400b08f0800e0032800bd27f1ff00100b
:10337800000002aed8ffbd270200a2302000b3af84
:103388001c00b2af1800b1af1400b0af2400bfaf3b
:10339800258080002598a0002588c00009004010dd
:1033a8002590e000d800848c2530e000bbca400f8f
:1033b80025282002dc00048e25304002bbca400fbd
:1033c80025282002010073320e00601225304002c9
:1033d800e000048ebbca400f252820022530400299
:1033e80025282002e400048e2400bf8f2000b38f1c
:1033f8001c00b28f1800b18f1400b08fbbca400bed
:103408002800bd272400bf8f2000b38f1c00b28f77
:103418001800b18f1400b08f0800e0032800bd2702
:103428000800a28c07004010000000000400a38cd4
:103438008002637c0200601000a0033c0080033c13
:10344800251043000800e00300000000d8ffbd2756
:103458001c00b0af2400bfaf2000b1af0300c01400
:1034680025808000ff7f063cffffc6344400118e94
:103478000000a38c0100eb301000a0af1400a0af37
:1034880080010a24010008240200e73004000c240b
:10349800040060501000a38f1700c054e000048e91
:1034a8001000a38f5600601025100000e400058e60
:1034b8002520000201000724ffca400f1000a6279c
:1034c8006428410f25202002070040140000000056
:1034d800e400028e252020020000458c0400a5246b
:1034e8005f28410f00e0a57c4928410f25202002d4
:1034f80043000010251000000000828c0400898c15
:10350800210022550000498c000080ac41002011a8
:10351800040080ac00e0647c080044ac04004aacc1
:1035280004006011000000000400448c444a047d3b
:10353800040044ac0500e010422703000400448c5a
:103548000463047d040044ac4227030010008c147b
:10355800000000000400438c8452037d040043ac47
:103568001400a38f000040ac0d006014140040aca0
:103578001000a2af0400a5241400a2afffffc624c8
:10358800c3ff00100000a38ce2ff0010000089ac0c
:10359800f4ff60041400a38f1f000010feff022434
:1035a8000400442400e0847c000062acf1ff0010b9
:1035b800140064ac0400662400e0c67c0000a3ace0
:1035c800070000101400a6ac1000a5af0400858cfd
:1035d800000060acf7ffa014140060ac000083acde
:1035e800040083ac1000a38f1400a58ff6ff655468
:1035f8000000658c1000a0aff4ff60141400a0afa9
:103608002400bf8f2000b18f1c00b08f0800e0039a
:103618002800bd2703000224f2ff0010e000048efa
:10362800d8ffbd271000a7272400bfaf2540800082
:103638001000a0afd7ca400f1400a0af0800401474
:103648001000a5272520000163cb400f1800a2af6a
:103658001800a28f2400bf8f0800e0032800bd27b0
:103668001000a38ffcff60102400bf8fd800048dca
:103678001000a38f1400a58f100065540000658cfe
:103688001000a0aff3ff60101400a0af0400858cf9
:10369800000060ac0400a014140060ac000083ac0f
:1036a800f3ff0010040083ac0400662400e0c67c2d
:1036b8000000a3acfaff00101400a6acf3ff001042
:1036c8001000a5afd8ffbd272400bfaf2548800054
:1036d8002540a0001000a0af1400a0af25100000e6
:1036e80025000011000000000b000589080005995d
:1036f8002100a010000000000d0006910c000391ad
:10370800003206002530c3001b00c0100000000076
:10371800130040101000a7271000a38f1d00601091
:103728002400bf8fd800248d1000a38f1400a58f0c
:103738001f0065540000658c1000a0af14006010d5
:103748001400a0af0400858c000060ac1300a01426
:10375800140060ac000083acf3ff0010040083acdd
:10376800d7ca400f252020010300038900000399d0
:10377800dbff001025406000e7ff401425202001f2
:103788001000a52763cb400f1800a2af1800a28f26
:103798002400bf8f0800e0032800bd27040066242a
:1037a80000e0c67c0000a3acebff00101400a6ac40
:1037b800e4ff00101000a5af0100c0540000c0ac29
:1037c800dc00828c00e0a57c0000438c12006010b5
:1037d800010002240400628cfcff43040000638c97
:1037e8000800628c0800a21000000000f7ff00101b
:1037f8000000638c0800c010251000000c00632432
:103808000800e0030000c3ac0400648cc001847ca1
:10381800f8ff8010020002240800e0030000000006
:10382800d0ffbd272000b0af258080002520a00054
:10383800e400058e1800a6272800b2af2400b1af17
:103848002c00bfaf4400118e1800a0af1c00a0af21
:103858001000a0af89cb400f1400a0af2590400006
:103868001800a38f1c00a28f2a0062540000628ceb
:103878001800a0af280060141c00a0af1000a28f91
:103888000500401001000724e400058e1000a6275b
:10389800ffca400f252000022c00bf8f25104002d0
:1038a8002400b18f2800b28f2000b08f0800e003f9
:1038b8003000bd2700e0847c000043ac2d000010e0
:1038c800140044ac000060ac140060ac0400858cab
:1038d8000c00a01404006624000083ac040083ac30
:1038e800080060ac0400638c0003637cddff605457
:1038f8001800a38f2728410f25202002d9ff001088
:103908001800a38f00e0c67c0000a3acf3ff0010f2
:103918001400a6ac1800a2af0400628c4002427cde
:10392800e8ff4050e000048e0400628c010004248b
:10393800000060acc4ff027c040062ac0400628c2e
:10394800140060ac84f7027c040062ac0400628c52
:10395800c45a027c040062ac0400628cc439827cc4
:10396800040062ac1400a28fd2ff40140400642447
:103978001000a3afbaff00101400a3af6c00828c34
:10398800d0ffbd272800b4af2400b3af1c00b1afef
:103998001800b0af2c00bfaf2000b2af2580800068
:1039a8002588a0002598c00025a0e0001000a0af41
:1039b800040040101400a0af0500052409f84000d9
:1039c800ec008424dc00058e1000a62789cb400f6c
:1039d80025202002259040006c00028e0300401034
:1039e8000600052409f84000ec000426190060567a
:1039f8001000b18f6c00028e2700401405000524ca
:103a08001000a28f1400a38f2c0043540000438c95
:103a18001000a0af2a0040141400a0af6c00028e62
:103a2800030040100600052409f84000ec000426b5
:103a38002c00bf8f251040022800b48f2400b38fbc
:103a48002000b28f1c00b18f1800b08f0800e0036f
:103a58003000bd27e8ff20526c00028e0400228e41
:103a6800fcff43040000318e0400228e0800238ee0
:103a780000a0043c8002427c030040102520640022
:103a88000080043c2520640009f860022528800293
:103a9800f0ff00100000318e09f84000ec00042609
:103aa800d8ff00101000a28f0400452400e0a57c78
:103ab800000082ac09000010140085ac1000a3af10
:103ac800d800038e080040ac000040ac0400648cb1
:103ad800f5ff8014140040ac000062acc8ff001071
:103ae800040062ac0600a050e400828c0b00a0a881
:103af8000800a0b80c00a0a00d00a0a0e400828cd3
:103b08000000438c4a006010010002240400628c0b
:103b18000400648cc001847c44008014c002427c90
:103b28000400648cf7ff83040000638cf5ff4054a5
:103b38000000638c0200e0100c0062240000e2ac7c
:103b48002510a00025206000254800002540000021
:103b580000a00c3c00800d3c050040140000000053
:103b68001400c014000000000800e0032510000045
:103b780004008a8c08008b8c80024a7d0200401168
:103b880025386c0125386d010b0047a8080047b897
:103b98000400878c010029250054e77c0c0047a00d
:103ba800023a07000d0047a0030047880000479825
:103bb8002510e0000400878cc001e77cfdffe014bd
:103bc800000000000400878c8007e77c1500e010e7
:103bd800010008250100c0540000c8ac05004010d1
:103be800000000000b0040a8080040b80c0040a0ee
:103bf8000d0040a00300a014000000000800e0032e
:103c0800251000000a002815fcff02240400628c1d
:103c180001000424c45a827c040062acf7ff00103f
:103c280000000000ccff00100000848c0200022479
:103c38000800e00300000000d0ffbd272570a000a9
:103c48002538c0001000a5272000a6272c00bfafec
:103c5800bbce400f1000a0af1800a38f2c00bf8f61
:103c68003000bd270800e0030000c3ad0d00a01020
:103c780000000000e400828ce8ffbd272538a00082
:103c88000000448c1400bfafc3cb400f25280000b0
:103c98001400bf8f0000e2ac1800bd270800e00345
:103ca800251000000800e003251000000d00a010fa
:103cb80000000000e400828ce8ffbd272538a00042
:103cc8000000448c1400bfafc3cb400f0100052493
:103cd8001400bf8f0000e2ac1800bd270800e00305
:103ce800251000000800e003251000000d00a010ba
:103cf80000000000dc00828ce8ffbd272538a0000a
:103d08000000448c1400bfafc3cb400f252800002f
:103d18001400bf8f0000e2ac1800bd270800e003c4
:103d2800251000000800e003251000000000828c28
:103d380009004010000000000400838c0800625451
:103d48000000438c000080ac040080ac0800838c29
:103d5800ffff6324080083ac0800e00300000000b4
:103d6800faff0010000083ac0400828c07004014a6
:103d78000000a0ac000085ac0800828c040085ac73
:103d8800010042240800e003080082acfaff00109a
:103d9800000045ace8ffbd271400bfaf2538800000
:103da8002530a0004dcf400f2520c000030040144f
:103db8001400bf8f0800e0031800bd272528400025
:103dc8005ccf400f2520e000f6ff00100000000047
:020000040000fa
:020000041d03da
:103dd800ffff8324feff632c0f00601025100000f6
:103de800ffff83300500652c0b00a010240006247b
:103df8000238667001a0053c902da5242118e50025
:103e08002000658c0400a4140000000000006290eb
:103e18000a180200251060000800e00300000000f6
:103e2800e0ffbd271400b1af01a0113c482e312698
:103e38001400238e3400228e1c00bfaf1800b2afce
:103e48001000b0af100023ae04004050ff7f103cbc
:103e58000c00438c04006104ff7f103c1400328e78
:103e680003000010ffff10360c00508c1400328e37
:103e78000400228e218050021800428c09f840006c
:103e88002b9012021000238e2b184300050060109f
:103e980025200000ffff44242b18820025108000f5
:103ea800252060002000238e211062002b1843007b
:103eb800211864002b204302050080140000000034
:103ec800110072142b1802020f006010000000008d
:103ed8001c0022ae1c00228e0200401401000224a5
:103ee8001c0022ae0400228e1c00248e1c00bf8ff2
:103ef8001800b28f1400b18f1000b08f1400598cc5
:103f0800080020032000bd271c0030aef1ff001080
:103f18000000000001a0033c482e63243400678c95
:103f2800252800002510e0001500401000000000c2
:103f38000f004454252840001c00828c05004010c6
:103f4800000000000c00888c0c00468c2130c80052
:103f58000c0046ac0800a0541c00a2ac1c00e28c6b
:103f6800340062ac010002240800e0031c0080acad
:103f7800edff00101c00428cfbff00102510000014
:103f88000800e00325100000320080102510000012
:103f980001a0073c482ee7243400e28c0c00858cf5
:103fa80005004014254000000c0085ac01000224e7
:103fb8000800e0033400e4ac253000002550000080
:103fc8000c00438c214866002b18230121186a0035
:103fd800120060142b48a9001000201500000000f2
:103fe8000c00438c2118c3002b406600253060006c
:103ff8001c00438c21500a01060060142540400033
:104008001c00028d1c0082ac1c0004ad08000010ce
:1040180025100000eaff001025106000f9ff005588
:104028001c00028d3400e4ac1c0082ac01000224a8
:104038001c00838c2328a6000c0085ac05006010aa
:10404800000000000c00858c0c00648c2320850087
:104058000c0064ac0800e0030000000001a0033c71
:10406800482e63243400628c0300401000000000d6
:1040780005008014000000001400628c100062ac7f
:104088000800e003000000000c00458c2b28a40069
:104098000700a014000000000c00458c2320a40099
:1040a8000c0044ac25200000efff00101c00428cdf
:1040b8000c00458c0c0040acfbff00102320850051
:1040c800e8ffbd271000b0af01a0103c482e102615
:1040d800300002921400bfaf0c004014010003240a
:1040e80001a0043c802e84248938410fffff052459
:1040f800010004240500441425180000505f410ff6
:104108000800048e310002a2010003241400bf8fae
:10411800251060001000b08f0800e0031800bd27cc
:10412800e8ffbd271000b0af01a0103c482e1026b4
:10413800310005920800048e1400bfaf645f410f80
:104148000000000030000292060040141400bf8fe7
:104158001000b08f01a0043c802e84248b38410bc2
:104168001800bd271000b08f0800e0031800bd2715
:10417800d8ffbd272000b4af1c00b3af1800b2af02
:104188001400b1af1000b0af2400bfaf259080007d
:104198002588a0002598c00032d0400f25a0e00057
:1041a80027004010ffff102401a0023c482e438c3a
:1041b8000200022420006214000000001e002012e9
:1041c8002b1032021c00401401a0033c25280000db
:1041d800902d63240500022400006490210080547f
:1041e8000100a52401000224000062a43800a28f67
:1041f800080071ac23883202040062ac10808297f8
:10420800180060a0100073ac00840200258005022d
:1042180001004224190060a0140074ac0c0071acb9
:10422800200070acffff4230ffff03340100435011
:1042380001000224108082a74ad0400f000000002d
:104248002400bf8f251000022000b48f1c00b38ffc
:104258001800b28f1400b18f1000b08f0800e0036f
:104268002800bd27dcffa21424006324f2ff0010fd
:10427800ffff1024e0ffbd271000b0af01a0103ce5
:10428800482e10260400028e1c00bfaf1800b2afe3
:104298001800428c1400b1af09f840002590800046
:1042a800140002ae1400118e1000028e2388220220
:1042b80019d0400f252020024c5f410f000000005c
:1042c8002800068e2c00078e252040002118260283
:1042d8002b88710021282702280003ae2c0005ae88
:1042e8004e5f410f00000000e4cf400f2520400240
:1042f8000c0040101c00bf8f4c5f410f00000000f5
:104308008acf400f25804000252000021c00bf8f67
:104318001800b28f1400b18f1000b08f4e5f410ba0
:104328002000bd271800b28f1400b18f1000b08f85
:104338000800e0032000bd270a00a01400000000c8
:104348000800e003ffff0224ffff02241c00bf8fc8
:104358001800b28f1400b18f1000b08f0800e0036e
:104368002000bd27f6ff80140000000001a0043cd7
:10437800e0ffbd27802e84241400b1af1c00bfaf1e
:104388001800b2af1000b0af6338410f2588a00005
:1043980001000324ecff431401a0123c0000228e0c
:1043a800482e5026040002ae0c00428c09f840004a
:1043b80000000000cc01042419004400c404063c99
:1043c80000b4c634253800000c0002ae12200000ec
:1043d8004d2e410f1028000002004224200002ae9a
:1043e8000400228e100000ae300000a2080002aec9
:1043f800ffff0224180002aeff7f023cffff423499
:104408001c0002ae25100000280002ae0400028e37
:1044180025180000039d043c0000428c2c0003aecc
:10442800340000ae2528000009f8400068488424bc
:104438000400028e1000428c040040500400028eda
:1044480009f840001800048e0400028e1c00048e37
:104458001400428c09f84000000000000400028e9d
:104468000400428c09f840000000000001a0043c50
:10447800b4000624252800008066410f902d84246e
:1044880002000224482e42aeb0ff001025100002a0
:1044980001a0023c482e42241400821400000000af
:1044a8000400828ce8ffbd271400bfaf0800428ccf
:1044b8001000b0af09f840002580800001a0043c3e
:1044c800b4000624252800008066410f902d84241e
:1044d800252000021400bf8f1000b08f4000062472
:1044e800252800008066410b1800bd270800e0035e
:1044f8000000000001a0033c482e65240200a4141b
:1045080025100000482e628c0800e003000000001f
:1045180001a0023c0800e003542e428ce0ffbd27b6
:104528001000b0af01a0103c1c00bfaf1800b2af24
:104538001400b1af4c5f410f482e10262590400063
:104548000400028e1800428c09f8400000000000a8
:104558001000038e2800068e2c00078e23184300b7
:10456800218866002b182302252040024e5f410f48
:10457800218067001c00bf8f25102002251800022b
:104588001800b28f1400b18f1000b08f0800e0033c
:104598002000bd27e8ffbd271400bfaf49d1400f59
:1045a800000000001400bf8f0800e0031800bd27ba
:1045b800e8ffbd271000b0af1400bfaf4c5f410f3c
:1045c8002580800001a0033c482e6324280070ac9d
:1045d8001400bf8f1000b08f253800002520400040
:1045e8001800bd272c0067ac4e5f410b000000008f
:1045f80001a0023c542e468c0f00023c404242244b
:1046080019008200e8ffbd27253800001400bfaf5d
:10461800122000004d2e410f102800001400bf8ffb
:104628000800e0031800bd2701a0023c542e468c68
:10463800e803022419008200e8ffbd27253800009e
:104648001400bfaf122000004d2e410f10280000ab
:104658001400bf8f0800e0031800bd2701a0023c2a
:10466800542e428c0f00063ce8ffbd27190082003b
:104678004042c634253800001400bfaf12200000a5
:104688004d2e410f102800001400bf8f0800e003d2
:104698001800bd2701a0023c542e428ce8ffbd271c
:1046a800e803062419008200253800001400bfaf73
:1046b800122000004d2e410f102800001400bf8f5b
:1046c8000800e0031800bd271000a28f0300401463
:1046d800000000000300c010000000005ed0400b86
:1046e8001000a2af0800e003ffff0224d0ffbd279f
:1046f8002800b5af2400b4af2000b3af1c00b2afa0
:104708001800b1af2c00bfaf1400b0af3000a4af99
:1047180025a0a0002588c0002598e00032d0400fd1
:104728004400b58f07004010010012240f00a016a6
:104738003000a48f0d006016000000004ad0400f22
:10474800000000002c00bf8f251040022800b58f04
:104758002400b48f2000b38f1c00b28f1800b18fd3
:104768001400b08f0800e0033000bd2776cf400f5b
:1047780001001224f1ff401025804000efff2012b5
:104788002b103402edff401400000000c7cf400f8b
:10479800252000024000a28f080011ae23883402b1
:1047a800180000a2140002ae190000a2040015ae01
:1047b8000c0011ae100013ae01a0023c782e4290fe
:1047c80007004014000000009fd0400f00000000c8
:1047d80001000224010002a2d8ff00102590000069
:1047e800e4cf400f00000000faff0010010002248f
:1047f800e8ffbd271000b0af1400bfaf32d0400fa4
:104808001800a4af110040100100102476cf400f0b
:104818001800a48f0b00401025484000010042906a
:104828000400401000000000c7cf400f25202001e1
:10483800010020a1180020a1000020a1190020a13a
:10484800258000004ad0400f000000001400bf8ff0
:10485800251000021000b08f0800e0031800bd27e3
:10486800e0ffbd271400b0af01a0103c482e102671
:104878000400028e1800b1af1c00bfaf1800428cb4
:1048880009f840003400118e140002ae1400048ea2
:104898001000028e2800088e2c00098e232082002a
:1048a800212888002b30a4002118c900280005ae53
:1048b8002c0003ae220020120000000030000292fb
:1048c8000100422419d0400f300002a23400118e9a
:1048d800250020160000000001a00b3c902d6b2540
:1048e80025600000256860012400022402188271f6
:1048f80021106d0019004390ff006330090060101b
:10490800010003240400648d190040a005008314ed
:10491800252060010800638d0c0043ace4cf400ff4
:104928000000000001008c2505000224eeff82151e
:1049380024006b2530000292ffff4224300002a2bf
:104948004c5f410f000000008acf400f25804000d7
:10495800252000021c00bf8f1800b18f1400b08ff3
:104968004e5f410b2000bd270c00228edaff401459
:1049780001000224180022a2190022a20400228e9b
:104988000d004014000000001000228e0a004010a4
:1049980000000000fed1400f2000248e1000228e5f
:1049a800cbff40503400118e09f840001400248ecb
:1049b800c7ff00103400118ec7cf400f25202002fa
:1049c8000400228ef5ff4050010020a2f4ff0010e1
:1049d8001000228ee0ffbd271800b1af1c00bfaf4a
:1049e8001400b0af32d0400f2000a4af1a0040101e
:1049f8000100112476cf400f2000a48f140040102e
:104a080025804000010042901100401425880000d4
:104a18000c00028e0400401401a0023c0800028e23
:104a28000c0002ae01a0023c782e42901000401407
:104a3800252000029fd0400f000000000100022442
:104a4800180000a2010002a2190000a22588000097
:104a58004ad0400f000000001c00bf8f2510200224
:104a68001400b08f1800b18f0800e0032000bd27a4
:104a7800e4cf400f00000000f1ff00100100022405
:104a8800e8ffbd271000b0af1400bfaf32d0400f11
:104a98001800a4af110040100100102476cf400f79
:104aa8001800a48f0b0040102548400001004290d8
:104ab8000800401025800000c7cf400f25202001a6
:104ac8000800228d180020a1010020a1190020a1b2
:104ad8000c0022ad4ad0400f000000001400bf8f28
:104ae800251000021000b08f0800e0031800bd2751
:104af800d8ffbd271c00b3af2400bfaf2000b4af60
:104b08001800b2af1400b1af1000b0af2800a4afc6
:104b180032d0400f2598a0000f004050010010240b
:104b28000b0060520100102476cf400f2800a48f9c
:104b38000700401001001024010043900f0060148a
:104b480001a0123c25100000000062ae2580000084
:104b58004ad0400f000000002400bf8f251000023b
:104b68002000b48f1c00b38f1800b28f1400b18fcf
:104b78001000b08f0800e0032800bd27482e5226f9
:104b88003400508e25880000190000120000000033
:104b980013005014000000000400428e0c00148e14
:104ba8001800428c09f84000218834021000438e16
:104bb800232843002b2825020300a01425200000e9
:104bc80023186200212071000800028e2b1844006f
:104bd800dcff601423104400dcff0010000062ae0c
:104be8000c00038e1c00108ee7ff001021882302a2
:104bf8000c00028c34000000e8ffbd271000b0afa5
:104c08001400bfaf32d0400f1800a4af0b00401003
:104c1800258040001800a48f76cf400f2580000023
:104c2800040040100000000018005090180040a038
:104c3800ff0010324ad0400f000000001400bf8f60
:104c4800251000021000b08f0800e0031800bd27ef
:104c58000800a014000000000800e003010002247e
:104c6800010002241c00bf8f1800b08f0800e00369
:104c78002000bd27f8ff80100000000001a0023cc2
:104c8800542e428ce0ffbd270f00063c190082001d
:104c98001800b0af4042c6342580a0002538000077
:104ca8001c00bfaf122000004d2e410f102800003d
:104cb800252840001000a0af25380000253000004e
:104cc8005ed0400f25200000ffff0324e4ff4310bf
:104cd800000002ae77d2400f25204000e1ff00100f
:104ce800251000000800a014000000000800e003e0
:104cf80001000224010002241c00bf8f1800b08f9d
:104d08000800e0032000bd27f8ff80100000000025
:104d180001a0023c542e428ce0ffbd271800b0af22
:104d2800190082002580a000e80306242538000029
:104d38001c00bfaf122000004d2e410f10280000ac
:104d4800252840001000a0af2538000025300000bd
:104d58005ed0400f25200000ffff0324e5ff43102d
:104d6800000002ae77d2400f25204000e2ff00107d
:104d780025100000e0ffbd271800b1af1400b0af48
:104d88001c00bfaf00d3400f2588800003004010ef
:104d980025804000fed1400f252020021c00bf8f37
:104da800251000021800b18f1400b08f0800e0032e
:104db8002000bd27d8ffbd272400bfaf2000b2af19
:104dc8001c00b1af0300e0141800b0af1c00801045
:104dd800ffff10241a00c010ffff102401a0033c9d
:104de80025808000542e648c2510c0000f00063cde
:104df800190044002588e0002590a0004042c634f0
:104e080025380000122000004d2e410f1028000008
:104e180025284000253000021000b1af2538400297
:104e28005ed0400f2520000025804000ffff0224af
:104e3800040002122400bf8f77d2400f2520000201
:104e48002400bf8f251000022000b28f1c00b18ff4
:104e58001800b08f0800e0032800bd27d8ffbd2741
:104e68002400bfaf2000b2af1c00b1af0300e014b4
:104e78001800b0af1b008010ffff10241900c010ed
:104e8800ffff102401a0033c25808000542e648c71
:104e98002510c0002588e000190044002590a000d6
:104ea800e803062425380000122000004d2e410f8b
:104eb8001028000025284000253000021000b1af5e
:104ec800253840025ed0400f252000002580400094
:104ed800ffff0224040002122400bf8f77d2400f84
:104ee800252000022400bf8f251000022000b28f69
:104ef8001c00b18f1800b08f0800e0032800bd2700
:104f0800e8ffbd271000b0af1400bfafad7a400f67
:104f1800258080003800108ebf7a400f0000000006
:104f28001400bf8f0100022e1000b08f0800e003ac
:104f38001800bd27e0ffbd271400b1af2588c000c9
:104f48004000868c1800b2af1000b0af1c00bfaf95
:104f5800258080003800928c1100c01400000000e9
:104f68000000828c05004014258800002c7a400f30
:104f78000800848c25884000080000ae1c00bf8f04
:104f880001005226380012ae251020021800b28ff8
:104f98001400b18f1000b08f0800e0032000bd2777
:104fa8000e00201600000000d665410f0400848c16
:104fb8000400028e4000038e211043000800038e77
:104fc800040002ae2b104300edff40141c00bf8ffd
:104fd8000000028ee9ff0010040002aed665410f02
:104fe8000c00848c4000038e0c00028e0000048e9e
:104ff80023180300211043000c0002ae2b104400bc
:1050080005004010020002240800028e2118430007
:105018000c0003ae02000224d8ff221625880000e7
:10502800d7ff40121c00bf8fd5ff0010ffff52268c
:10503800251080004000468c0c00c0102520a000e0
:105048000c00438c0800458c211866000c0043ac0a
:105058002b18650003006014000000000000438c5a
:105068000c0043acd665410b0c00458c0800e003ee
:1050780000000000e0ffbd271000b0af1800b2af7d
:105088001400b1af1c00bfafad7a400f258080007f
:105098004500119224001226208c117c1200201e3b
:1050a800ffff0224450002a2bf7a400f0000000063
:1050b800ad7a400f00000000440011921000122643
:1050c800208c117c1300201effff0224440002a242
:1050d8001c00bf8f1800b28f1400b18f1000b08f62
:1050e800bf7a400b2000bd272400028eedff401040
:1050f800ffff02244979400f252040020300401099
:10510800ffff3126d579400f00000000e3ff0010b3
:10511800208c117c1000028eecff4010ffff02244f
:105128004979400f2520400203004010ffff312637
:10513800d579400f00000000e2ff0010208c117ca0
:1051480039008010251000003c00838c3600601068
:10515800000000004000868c19006600101800004e
:105168003100601400000000e0ffbd271400b0af5c
:10517800258080001800b1af1c00bfafad7a400f8a
:105188002588a0004000058e3c00038e0000048e98
:10519800380000ae0210a370040004ae211882008b
:1051a80023104500211082000c0002aeffff0224ec
:1051b800440002a2080003ae450002a21400201613
:1051c800000000001000028e0900401000000000de
:1051d8004979400f10000426050040100000000027
:1051e800006802400001423400688240c0000000ac
:1051f800bf7a400f000000001c00bf8f010002248e
:105208001800b18f1400b08f0800e0032000bd27fc
:105218007356410f100004267356410f24000426cc
:10522800f3ff0010000000000800e0030000000089
:10523800e0ffbd271c00bfaf1800b2af1400b1af2c
:10524800090080141000b0af258000001c00bf8f3b
:10525800251000021800b28f1400b18f1000b08f13
:105268000800e0032000bd271900a400101000006a
:10527800f5ff401402108570b8ff432cf2ff601050
:1052880025908000480044243131410f2588a00032
:10529800edff4010258040000100205648004224c0
:1052a800000002ae3c0012ae400011ae0100052421
:1052b80052d4400f25200002e5ff00101c00bf8fcc
:1052c80011008010251000002b1885000e006014b6
:1052d80000000000e8ffbd271000b0af0200062460
:1052e8002580a0001400bfaf8ed4400f25280000f1
:1052f80001004054380050ac1400bf8f1000b08f2c
:105308000800e0031800bd270800e00300000000c3
:10531800d0ffbd272800b4af2400b3af2000b2af40
:105328001c00b1af1800b0af2c00bfaf25808000c3
:105338002590a0003800a6af2588e00025a0000031
:1053480010009324ad7a400f000000003800028e50
:105358003c00038e2b10430003004014020002247b
:105368001b0022163800a28f253020022528400273
:10537800cfd3400f252000022400038e03006010c5
:10538800000000004979400f240004260500401061
:1053980000000000006802400001423400688240ba
:1053a800c0000000bf7a400f000000000100022486
:1053b8002c00bf8f2800b48f2400b38f2000b28f39
:1053c8001c00b18f1800b08f0800e0033000bd2723
:1053d8000500401400000000bf7a400f00000000e4
:1053e800f3ff0010251000000300801600000000e5
:1053f800d079400f1000a427bf7a400f00000000aa
:105408006878400f00000000ad7a400f00000000ef
:1054180044000292ffff03242014027c0100435041
:10542800440000a245000292ffff03242014027cde
:1054380001004350450000a2bf7a400f0000000061
:105448003800a527d77d400f1000a427220040145c
:1054580000000000ad7a400f000000003800038e05
:105468003c00028e0e00621400000000bf7a400f5c
:10547800000000003800a58f2379400f2520600226
:105488001fd4400f252000021b7d400f00000000a4
:105498000b00401000000000aaff001001001424b7
:1054a800bf7a400f010014241fd4400f25200002aa
:1054b8001b7d400f00000000a2ff0010000000004c
:1054c800006802400001423400688240c0000000c9
:1054d8009cff0010010014241fd4400f2520000257
:1054e8001b7d400f00000000b1ff001025100000d8
:1054f800e8ffbd2725308000252800001000b0af48
:105508001400bfaf8ed4400f0100042409004010de
:1055180025804000080040ac000040ac0c0040acc6
:10552800253800002530000025280000c6d4400f8b
:10553800252040001400bf8f251000021000b08ff6
:105548000800e0031800bd27d0ffbd272800b5af2d
:105558002400b4af2000b3af1400b0af3400a5af3f
:10556800258080002c00bfaf1c00b2af1800b1af7f
:1055780025a0c000b148410f25a8e00025984000ab
:105588003c00038e3800028e2b10430004004014a8
:105598003400a58f020002240e00a2162588000000
:1055a800450011922530a002252000023800028e05
:1055b800cfd3400f2094117cffff0224190042161c
:1055c800000000002400028e0e00401400000000bd
:1055d80001001124d548410f252060022c00bf8fff
:1055e800251020022800b58f2400b48f2000b38f27
:1055f8001c00b28f1800b18f1400b08f0800e003b0
:105608003000bd274979400f24000426f1ff4010df
:1056180001001124efff801201000224edff0010a9
:10562800000082ae7378400f000000002b10420289
:10563800e7ff401001003126208c117c450011a2a3
:10564800e4ff001001001124d8ffbd272000b4afeb
:105658001c00b3af1400b1af1000b0af2400bfaf4f
:10566800258080001800b2afb148410f25a0a000e6
:10567800259840003c00038e3800028e2b1843000a
:105688000c0060102588000045001192010042249a
:10569800380002ae2094117cffff02241800421645
:1056a800000000002400028e0d00401400000000dd
:1056b80001001124d548410f252060022400bf8f26
:1056c800251020022000b48f1c00b38f1800b28f61
:1056d8001400b18f1000b08f0800e0032800bd2728
:1056e8004979400f24000426f2ff401001001124dc
:1056f800f0ff801201000224eeff0010000082aecd
:105708007378400f000000002b104202e8ff4010a1
:1057180001003126208c117c450011a2e5ff001004
:1057280001001124d0ffbd272800b4af2400b3af77
:105738002000b2af1800b0af2c00bfaf1c00b1af53
:10574800258080002590a0003800a6af25a0000085
:1057580024009324ad7a400f000000003800118e19
:105768001b00201225284002252000020ed4400fdd
:10577800ffff3126380011ae1000028e09004010dc
:10578800000000004979400f100004260500401071
:1057980000000000006802400001423400688240b6
:1057a800c0000000bf7a400f000000000100022482
:1057b8002c00bf8f2800b48f2400b38f2000b28f35
:1057c8001c00b18f1800b08f0800e0033000bd271f
:1057d8003800a28f0500401400000000bf7a400f77
:1057e80000000000f2ff00102510000003008016e2
:1057f80000000000d079400f1000a427bf7a400fa6
:10580800000000006878400f00000000ad7a400feb
:105818000000000044000292ffff03242014027cd1
:1058280001004350440000a245000292ffff0324f8
:105838002014027c01004350450000a2bf7a400fab
:10584800000000001000a427d77d400f3800a527ce
:105858001900401425200002c2d3400f00000000a8
:105868000f0040103800a58f2379400f25206002d3
:105878001fd4400f252000021b7d400f00000000b0
:10588800b4ff40540100142400680240000142346f
:1058980000688240c0000000aeff00100100142420
:1058a8001fd4400f252000021b7d400f0100142447
:1058b800a8ff0010000000001fd4400f00000000e7
:1058c8001b7d400f00000000c2d3400f25200002be
:1058d800f1ff401025100000b6ff00102c00bf8f0c
:1058e800d0ffbd272800b3af2400b2af2000b1af6e
:1058f8001c00b0af2c00bfaf258080003400a5afde
:10590800258800002598000024009224ad7a400fd5
:10591800000000003800028e1d004010ffff4224e6
:10592800380002ae0000028e04004014000000009f
:10593800017e400f00000000080002ae1000028e39
:1059480009004010000000004979400f10000426ab
:1059580005004010000000000068024000014234c9
:1059680000688240c0000000bf7a400f0100112487
:105978002c00bf8f251020022800b38f2400b28f7f
:105988002000b18f1c00b08f0800e0033000bd2755
:105998003400a28f0500401400000000bf7a400fb9
:1059a80025880000f3ff00102c00bf8f030060164d
:1059b80000000000d079400f1000a427bf7a400fe4
:1059c800000000006878400f00000000ad7a400f2a
:1059d8000000000044000292ffff03242014027c10
:1059e80001004350440000a245000292ffff032437
:1059f8002014027c01004350450000a2bf7a400fea
:105a0800000000001000a427d77d400f3400a52710
:105a18002300401425200002c2d3400f00000000dc
:105a280019004010000000000000028e0800401419
:105a38003400a58fad7a400f00000000dc79400fdc
:105a48000800048ebf7a400f258840003400a58fd7
:105a58002379400f252040021fd4400f2520000243
:105a68001b7d400f00000000a8ff405401001324d4
:105a7800006802400001423400688240c000000013
:105a8800a2ff0010010013241fd4400f252000029c
:105a98001b7d400f010013249cff00100000000034
:105aa8001fd4400f000000001b7d400f00000000c5
:105ab800c2d3400f2520000294ff40100100132498
:105ac800acff20122c00bf8fad7a400f0000000001
:105ad8002400058e0500a010000000003000028e92
:105ae800050005240000428c2328a200687a400f94
:105af8000800048ea9ff001000000000d0ffbd2799
:105b08002800b3af2400b2af2000b1af1c00b0af83
:105b18002c00bfaf258080002588a0003800a6afe4
:105b28002598000024009224ad7a400f0000000060
:105b38003800028e19004010252820022520000276
:105b48000ed4400f0c00128e2400028e0900401063
:105b58000c0012ae4979400f2400042605004010bd
:105b680000000000006802400001423400688240e2
:105b7800c0000000bf7a400f0000000001000224ae
:105b88002c00bf8f2800b38f2400b28f2000b18f64
:105b98001c00b08f0800e0033000bd273800a28f3a
:105ba8000500401400000000bf7a400f000000000c
:105bb800f3ff00102510000003006016000000002d
:105bc800d079400f1000a427bf7a400f00000000d2
:105bd8006878400f00000000ad7a400f0000000018
:105be80044000292ffff03242014027c010043506a
:105bf800440000a245000292ffff03242014027c07
:105c080001004350450000a2bf7a400f0000000089
:105c18001000a427d77d400f3800a527190040148d
:105c280025200002c2d3400f000000000f004010e2
:105c38003800a58f2379400f252040021fd4400f3c
:105c4800252000021b7d400f00000000b6ff4054d5
:105c580001001324006802400001423400688240b9
:105c6800c0000000b0ff0010010013241fd4400f33
:105c7800252000021b7d400f01001324aaff0010fd
:105c8800000000001fd4400f000000001b7d400fe3
:105c980000000000c2d3400f25200002f1ff401091
:105ca80025100000b7ff00102c00bf8fd0ffbd27c4
:105cb8001400b0af258080002800b5af2400b4af31
:105cc8002000b3af1800b1af2c00bfaf1c00b2afbb
:105cd8003400a5afb148410f25a8c0003800138e85
:105ce80025a040000f006012258800004400119292
:105cf8003400a58f252000020ed4400fffff732625
:105d08002094117cffff0224380013ae19004216bc
:105d1800000000001000028e0e0040140000000079
:105d280001001124d548410f252080022c00bf8f87
:105d3800251020022800b58f2400b48f2000b38fcf
:105d48001c00b28f1800b18f1400b08f0800e00358
:105d58003000bd274979400f10000426f1ff40109c
:105d680001001124efffa01201000224edff001032
:105d78000000a2ae7378400f000000002b10420212
:105d8800e7ff401001003126208c117c440011a24d
:105d9800e4ff001001001124e0ffbd271800b2af96
:105da8001400b1af1000b0af1c00bfaf2580800059
:105db800b148410f2400a5af259040003800028e5d
:105dc80007004010258800000c00118e2400a58fc4
:105dd8000ed4400f252000020c0011ae0100112442
:105de800d548410f252040021c00bf8f25102002f6
:105df8001800b28f1400b18f1000b08f0800e003b4
:105e08002000bd27e8ffbd271000b0af1400bfafca
:105e1800ad7a400f258080003800108ebf7a400f81
:105e2800000000001400bf8f251000021000b08f82
:105e38000800e0031800bd27e0ffbd271800b1af38
:105e4800258880001c00bfafad7a400f1400b0afaa
:105e58003800228e3c00308ebf7a400f2380020229
:105e68001c00bf8f251000021800b18f1400b08fde
:105e78000800e0032000bd273800828c0800e003fa
:105e8800000000008d31410b000000003800828cba
:105e98000800e0030100422c3800838c3c00828c0f
:0c5ea800261043000800e0030100422c1b
:020000040000fa
:020000041d03da
:105eb40055736167653a206d6163696e666f200d85
:105ec4000a00000c45783a206d6163696e666f20a4
:105ed4000d0a0000496e746572666163653a202597
:105ee40073204472697665722053746174697374a3
:105ef4006963730d0a00000c0d0a2052656365691d
:105f0400766520537461746973746963730d0a0050
:105f140009206e52784f6b5061636b6574733a203d
:105f240025640d0a09206e527850656e64427566c8
:105f3400666572733a2025640d0a09206e527853ff
:105f440063686564427566666572733a2025640dfc
:105f54000a00000c09206e52784572726f7250610b
:105f6400636b6574733a2025640d0a09206e5278b8
:105f7400467261676d656e744572726f72733a2012
:105f840025640d0a09206e5278427566664e6f7458
:105f9400417661696c61626c653a2025640d0a0082
:105fa4000d0a205472616e736d69742053746174a8
:105fb4006973746963730d0a0000000c09206e5440
:105fc400784f6b5061636b6574733a2025640d0ad6
:105fd40009206e547850656e644275666665727306
:105fe4003a2025640d0a09206e54784572726f7246
:105ff4005061636b6574733a2025640d0a09206e41
:106004005478517565756546756c6c3a2025640d38
:106014000a0d0a00096e6f7420737570706f7274c4
:1060240065640d0a0000000c496e74657266616354
:10603400653a202573204861726477617265205245
:1060440065676973746572205374617475730d0a9e
:106054000000000c092025733a20307825780d0ab9
:1060640000000000556e6b6e6f776e20686561707e
:1060740020747970652e205573653a205b312c208d
:1060840025645d0d0a0000004e6f20686561702074
:10609400696e666f2065786973747320666f722009
:1060a400747970653a202573210d0a004865617082
:1060b40020747970653a2025732e20496e697469bd
:1060c400616c206372656174656420686561702029
:1060d40073697a653a2025642042797465730d0ae0
:1060e40000000000416c6c6f6361626c6520626c3f
:1060f4006f636b20686561702073697a653a202547
:10610400642042797465730d0a000000416c6c20b0
:10611400617661696c61626c652068656170207389
:10612400697a653a2025642042797465732c206865
:106134006967682077617465726d61726b3a2025b6
:10614400640d0a004c617374206865617020657287
:10615400726f723a20307825780d0a004e6f205401
:106164007261636520696e666f2065786973747304
:106174002e0d0a00537461636b207570206661698b
:106184006c65640d0a000000537461636b207570c4
:10619400207375636365656465640d0a000000001f
:1061a40055736167653a20737461636b203c757045
:1061b4002f646f776e3e203c7072657365727665ee
:1061c4003e0d0a0045783a20737461636b20646f56
:1061d400776e2070726573657276650d0a00000033
:1061e40075700000537461636b20616c7265616447
:1061f40079207570210d0a005475726e20537461f4
:10620400636b20646f776e20616e64207468656ec2
:10621400207570210d0a00005265737461727469ef
:106224006e672074686520737461636b207769748a
:106234006820256420696e746572666163652873dd
:10624400290d0a00646f776e0000000053746163c7
:106254006b20646f776e3a2063616e6e6f74206793
:106264006574206120737461636b2068616e646c73
:10627400650d0a00537461636b20646f776e20644c
:106284006f6e650d0a00000055736167653a2069f9
:1062940066203c696e746572666163653e203c6489
:1062a4006f776e2f75703e200d0a000045783a20f6
:1062b4006966205049433332494e5420646f776ee7
:1062c400200d0a00556e6b6e6f776e20696e7465d3
:1062d40072666163652073706563696669656420cd
:1062e4000d0a00005468697320696e7465726661f2
:1062f400636520616c72656164792075700d0a00b4
:106304004f7065726174696f6e206661696c656453
:106314002e204e6f20636f6e6669677572617469b3
:106324006f6e0d0a0000000066756c6c00000000c2
:106334005468697320696e7465726661636520616f
:106344006c726561647920646f776e0d0a000000d9
:1063540057726f6e6720706172616d65746572202b
:10636400737065636966696564200d0a0000000046
:106374004f7065726174696f6e20737563636573c2
:106384007366756c210d0a004f7065726174696fd4
:106394006e206661696c6564210d0a00557361673e
:1063a400653a207365746d6163203c696e7465722f
:1063b400666163653e203c783a783a783a783a7870
:1063c4003a783e200d0a000045783a207365746dd2
:1063d4006163205049433332494e542061613a622b
:1063e400623a63633a64643a65653a6666200d0a04
:1063f40000000000617267765b325d3a2025730d00
:106404000a000000496e76616c6964204d414320a6
:106414006164647265737320737472696e67200dae
:106424000a000000536574204d4143206164647286
:10643400657373206661696c65640d0a0000000071
:106444005365742042494f53204e616d65204f4b74
:106454000d0a00005365742042494f53204e616d6c
:1064640065206661696c65640d0a00005573616797
:10647400653a2073657462696f73203c696e746554
:1064840072666163653e203c782e782e782e783ec5
:10649400200d0a0045783a2073657462696f732091
:1064a4005049433332494e54204d434850424f41a2
:1064b40052445f3239200d0a0000000053657420f5
:1064c40067617465776179206164647265737320b0
:1064d4004f4b0d0a0000000053657420676174651a
:1064e4007761792061646472657373206661696c95
:1064f40065640d0a0000000055736167653a2073f6
:1065040065746777203c696e746572666163653e85
:10651400203c697076342f3620616464726573732d
:106524003e203c76616c696454696d653e200d0ab9
:106534000000000045783a2073657467772050495d
:10654400433332494e54203139322e3136382e30cd
:106554002e31200d0a000000496e76616c696420ba
:106564004950206164647265737320737472696e38
:1065740067200d0a000000005365742069702061d3
:10658400646472657373204f4b0d0a005365742065
:1065940069702061646472657373206661696c65f7
:1065a400640d0a0055736167653a207365746970f8
:1065b400203c696e746572666163653e203c697057
:1065c40076342f3620616464726573733e203c69af
:1065d4007076346d61736b2f6970763620707265d6
:1065e400666978206c656e3e0d0a000045783a2095
:1065f4007365746970205049433332494e542031d5
:1066040039322e3136382e302e38203235352e326e
:1066140035352e3235352e30200d0a004e6f20735d
:1066240075636820696e7465726661636520697359
:106634002075700d0a000000416e2061646472656b
:106644007373207365727669636520697320616c66
:1066540072656164792072756e6e696e672e20535f
:10666400746f7020444843502c205a434c4c2c20c7
:106674006574632e2066697273740d0a000000004d
:10668400496e76616c6964204950206d61736b209a
:10669400737472696e67200d0a000000737563637a
:1066a400657373006661696c6564000055736167a6
:1066b400653a20736574646e73342069662061647e
:1066c40064203c312f323e0d0a00000045783a2008
:1066d400736574646e7334206574683020313932a4
:1066e4002e3136382e312e310d0a0000556e6b6e68
:1066f4006f776e20696e746572666163652073706e
:10670400656369666965640d0a000000496e766117
:106714006c696420495076342061646472657373d3
:1067240020737472696e670d0a000000556e6b6efb
:106734006f776e20444e5320696e6465780d0a00ad
:1067440053657420444e532025642061646472654b
:1067540073732025730d0a006e6f74206769766564
:106764006e0000004e6f6e65000000006661696c8b
:106774000000000055736167653a202573203c6969
:106784006e746572666163653e203c6f6e2f6f6642
:10679400662f72656e65772f726571756573742fd8
:1067a400696e666f3e200d0a0000000045783a20ad
:1067b4002573205049433332494e54206f6e200dc7
:1067c4000a000000556e6b6e6f776e20696e7465fb
:1067d40072666163650d0a006f6e00006f66660085
:1067e40072656e657700000072657175657374007b
:1067f40052657175657374206e6565647320616e8e
:1068040020495020616464726573730d0a000000ae
:10681400696e666f00000000444843502073746141
:106824007475733a2025642028202564203d3d207a
:10683400426f756e64292c2074696d653a20256455
:106844000d0a000044484350206c65617365207351
:10685400746172743a2025642c20647572617469c1
:106864006f6e3a202564730d0a00000044484350bb
:106874002072656e65772074696d653a2025642cf5
:1068840020726562696e642074696d653a202564be
:106894000d0a0000444843502061646472657373b8
:1068a4003a2025730d0a0000444843502073657252
:1068b4007665723a2025730d0a000000444843505f
:1068c40020626f6f74206e616d653a2025730d0a26
:1068d40000000000444843502054696d65207365ee
:1068e40072766572733a2025642c2025730d0a0094
:1068f40044484350204e5450207365727665727339
:106904003a2025642c2025730d0a00004448435086
:106914003a206661696c656420746f206765742031
:10692400696e666f0d0a0000556e6b6e6f776e2090
:106934006f7074696f6e0d0a0000000025732025c6
:10694400732025730d0a00007375636365737366a2
:10695400756c00006661696c656421007365740080
:106964006765740044656661756c7420696e74654e
:106974007266616365207365742025730d0a0000d7
:1069840044656661756c7420696e746572666163d2
:10699400652069733a2025730d0a000055736167f9
:1069a400653a206465666e6574207365742f676547
:1069b40074203c696e746572666163653e0d0a00fd
:1069c40045783a206465666e657420736574206545
:1069d4007468300d0a0000006468637000000000f1
:1069e40064656661756c74204950206164647265e5
:1069f40073730000656e61626c6564006469736141
:106a0400626c65640000000055500000444f574e0e
:106a14000000000052656164790000004e6f74202c
:106a2400526561647900000055736167653a206eb0
:106a34006574696e666f0d0a0000000045783a209f
:106a44006e6574696e666f0d0a0000002d2d2d2d84
:106a54002d2d2d2d2d2d20496e7465726661636573
:106a6400203c25732f25733e202d2d2d2d2d2d2dce
:106a74002d2d2d200d0a0000496e74657266616328
:106a84006520697320646f776e0d0a00486f737414
:106a9400204e616d653a202573202d204e424e53c1
:106aa4002064697361626c6564200d0a0000000053
:106ab4004950763420416464726573733a202573b7
:106ac4000d0a00004d61736b3a2025730d0a000016
:106ad400476174657761793a2025730d0a000000d7
:106ae400444e53313a2025730d0a0000444e53326c
:106af4003a2025730d0a00004d414320416464721d
:106b04006573733a2025730d0a000000257320690c
:106b140073204f4e0d0a000064686370206973206f
:106b240025730d0a000000004c696e6b2069732008
:106b340025730d0a000000005374617475733a20c4
:106b440025730d0a0000000055736167653a20251e
:106b540073203c696e746572666163653e203c6fa8
:106b64006e2f6f66663e200d0a000000556e6b6e38
:106b74006f776e20736572766963652025730d0add
:106b8400000000003a20737461636b20636f6d6dc5
:106b9400616e64730000000074637069700000002b
:106ba4004661696c656420746f2063726561746505
:106bb40020544350495020436f6d6d616e64730dd2
:106bc4000a000000696e7465726e616c000000005a
:106bd400706f6f6c0000000065787465726e616c94
:106be400000000006e6574696e666f003a204765a8
:106bf40074206e6574776f726b20696e666f726d48
:106c04006174696f6e0000006465666e65740000ef
:106c14003a205365742f4765742064656661756c0a
:106c24007420696e74657266616365003a20444835
:106c3400435020636c69656e7420636f6d6d616e83
:106c4400647300007a636c6c000000003a20547591
:106c5400726e205a434c4c206f6e2f6f6666000094
:106c6400736574646e7334003a2053657420444e23
:106c74005320495076342061646472657373000054
:106c840073657469700000003a205365742049509c
:106c9400206164647265737320616e64206d617336
:106ca4006b00000073657467770000003a20536539
:106cb40074204761746577617920616464726573d7
:106cc4007300000073657462696f73003a20536542
:106cd4007420686f73742773204e657442494f5350
:106ce400206e616d650000007365746d6163000062
:106cf4003a20536574204d41432061646472657386
:106d040073000000696600003a204272696e6720d1
:106d1400616e20696e746572666163652075702f9b
:106d2400646f776e00000000737461636b00000091
:106d34003a20537461636b207475726e206f6e2fea
:106d44006f66660068656170696e666f00000000ba
:106d54003a20436865636b206865617020737461d1
:106d6400747573006d6163696e666f003a204368e1
:106d740065636b204d414320737461746973746956
:046d84006373000035
:020000040000fa
:020000041d03da
:106d8800000005000a000f00140019001e0023006f
:106d980028002c003000340038003c00400044003b
:106da80048004c005000540058005c00600064002b
:106db80068006c007000740078007c008100860018
:106dc8008b00900095009a009f00a400a900ae00d7
:106dd800b300b800bd00c200c700cc00d100d60087
:106de800db00e000e500ea00ef00f400f900fe0037
:106df800030108010d01120117011c0121012601df
:106e08002f013c01400159015f0172017d01a6017a
:106e18001e022202630272027d028f02ac02b602d7
:106e2800da02e40232034003460381039403b70302
:106e3800e80334044f046e047904d9056c0684060b
:106e48005c076a0773077707d607eb0723082a0842
:106e5800350845084b085608790885088b089a08ac
:106e6800aa086b09740981098a0991099b09050a0d
:106e78001e0a2b0a3b0a4d0a6d0a8f0aff0b230cc8
:106e8800300c3e0c430c480c8a0c920c9a0c0000f7
:106e98000001000a000001000d000001000e0000c2
:106ea80001000f00000101080000010109000001b4
:106eb80002080000010209000025250000010c005d
:106ec800000110000001110000011800000112006b
:106ed80000010e000001160000010100000113006e
:106ee80000011500000104000001140000011a004f
:106ef800000117000001000000010f000001190047
:106f080000010a000001030000011c0000019608ae
:106f1800000001960900000189300000019a200054
:106f280000018e0e0000018d29000001960a000064
:106f3800018e400000018e410000018f46000001d3
:106f48008f600000019a210000019a14000001805e
:106f5800160000019a10000001917000000199309c
:106f6800000001803300000180340000018f4700d9
:106f780000018f4800000199320000018b290000b0
:106f8800018d490000018d6a0000018e0a00000190
:106f980080320000018a480000018b280000018e21
:106fa8000c00000180360000018a460000018a4476
:106fb80000000180380000092658060268280000f1
:106fc80006082c0e0502712804013c00000101008e
:106fd80001030099265e449d260504600100000215
:106fe800000e06029d005e046b0006026828000081
:106ff8002689440503010c0844792cab1c84010c38
:10700800310000261f01080b445c1f080001030023
:10701800772e0200361701010b773e291a3606072c
:107028000200cf030004750100c50200261a1706e6
:10703800026f28cf0476010100773e0116873e01d2
:10704800008a3c34d529b40609017faf017fd204f8
:107058008053b1792ca10120170601b5b826010d7e
:107068000e060725b7b8017f040201000300010ed0
:107078000e050272280602672833060272280200eb
:10708800061cd3802e01817f0e060d250110de011e
:1070980000dd792cab240404d60601d40401d60102
:1070a8007fd2017faf0101773e0117873e0000388c
:1070b8003800009a010c110100380e06052501114f
:1070c80004300101380e0605250121042501023886
:1070d8000e0605250122041a0103380e06052501ae
:1070e80012040f0104380e060525011204040100dc
:1070f80044250000822e010e0e0604010004020140
:107108000500004006040106040201000000882e64
:1071180026060801010901110704032501050001dc
:10712800410300250100430603020008420603024a
:10713800000826060601010b01060800008b3f2601
:10714800060301090800014026061e010003002667
:10715800060e260101170200080300010111046f41
:1071680025020001010b01060800007f2d441101d2
:1071780001173500009fce260107170100380e06bb
:10718800092501101706019f04350101380e062c48
:1071980025250100773eb3882e01010e0101a8378d
:1071a8000617291a360604ce250478018064c5011d
:1071b80001773e0117873e04019f040372282504c6
:1071c800ff34012603000926580602682802000039
:1071d800009a010f170000762e0100380e061025c0
:1071e8002601010d0603250102763e010004210156
:1071f80001380e0614250100763e260180640e062d
:107208000501820008285a0407250182000828255c
:10721800000001002f06053aac3704782606040161
:10722800018f3e0001bfaabfaac18444260300b64d
:107238009b9b02004d2658060a0103a806027228e5
:107248002504035c8a3c00002f060b862e01140dd2
:10725800060272280411ce0107172601020d060640
:1072680006027228047025c201010d333706026137
:1072780028260101c836b20001b8010b0e050272ba
:10728800282601030e0608c0060268284425004483
:1072980057c0aa260623c0aa265626061826018203
:1072a800000f06050182000401260300840200b6cf
:1072b80002005304659b54045a9b9b5526060235cd
:1072c80000252b0000792ca1017fb0265806023535
:1072d80028260502722838170d060274283b00007c
:1072e8009cb801140d0602722884010c08010cb622
:1072f8009b8426010c08010c30050264280000b9a3
:107308000602722806026628000ab801020e050263
:107318007228bf03000200952c0a0200942c0f3734
:10732800060273280200932c0d06026b28020096b1
:107338003c8c0120b601000301c1030202020120b6
:107348000f06027028840202b602028e2e0e020276
:1073580001000f17060b8d840202300604017f031b
:10736800018d8402023102028e3e020092020198cf
:10737800bf26c3580602622826cd02000186030aea
:10738800170602622879020198c1060263282606b8
:107398008147bfaaa60303a40304a20305a5030605
:1073a800a70307a3030827030926068118bf0100be
:1073b800380e060f25020305026c2801000303bee0
:1073c80004807f0101380e060f25020505026c288e
:1073d80001000305bc04806a0183fe01380e060f14
:1073e80025020405026c2801000304bd0480530132
:1073f8000d380e060e25020605026c28010003064c
:10740800ba043f010a380e060e25020705026c2849
:1074180001000307ba042b010b380e060e250208db
:1074280005026c2801000308ba04170110380e067b
:107438000e25020905026c2801000309ae04036c3d
:10744800282504fe640204060d020401050f060245
:1074580069280101883e9b040ca401050f060269f6
:10746800280101883e9b02010004b8010c0e0502a8
:107478007228c101030e05026d28bf267c3e260135
:10748800201006026d2840441101011705026d28dd
:10749800c1260181050f06026d28267e3e7d44b671
:1074a800922c018603100300792ccb0301010203ff
:1074b8000202000621c1262601020a4401060f37ee
:1074c80006026d280302c1020101010b0103080e27
:1074d80005026d2804080201060401000302bf2604
:1074e8000303260184000f06026e288444b60202b4
:1074f800020102035026060128259b00020300030f
:107508000102009702010200392601000e060260fe
:1075180000d004740201000300c1aa26068043c1fa
:107528000101380e06062501817f042e01804038ae
:107538000e0607250183fe000420018041380e064f
:107548000725018480000412018042380e060725b1
:107558000188800004040100442502003703000468
:10756800ff399b792cc9050902000183ff7f1703a6
:1075780000922c01860310063abb26813d41252640
:1075880001080b37018c8000371702001702000131
:107598008c80001706192601817f17060501848053
:1075a8000037260183fe001706050188800037038f
:1075b8000004090200018c880117030016bfaa26df
:1075c8000623bfaa2615260618260182000f0605df
:1075d8000182000401260301840201b6020112049b
:1075e800659b13045a9b149b02002a0000b9265a73
:1075f8000607250602662804740000c20103c04479
:1076080025440000bfc6000301000300bfaa2606e8
:107618008050c10301c10302020101080e061602cf
:1076280002010f0c060d010102020110080b0200f5
:10763800370300042a0201010210020101060c1797
:10764800020201010e020201030e371706110200a1
:10765800010102025d01020b0201080b370300045d
:10766800ff2c9b02000000bf01010e05026528c126
:10767800010808822e0e050265280000bf882e0525
:107688001501010e05026928c101000e05026928cd
:107698000102883e041c01190e05026928c101185f
:1076a8000e05026928840118b6898401183005027c
:1076b80069280000bf06026a280000010297c2017b
:1076c800080bc2080000010397c201080bc2080199
:1076d800080bc2080000010197c200003a265805ad
:1076e800010025d00476020300912e030101002633
:1076f80002010a06102601010b90082c02000e0652
:1077080001005c046a25017f00000115873e445290
:10771800255225290000010144c40000443897443b
:10772800260605c2255d0478250000260181ac00e7
:107738000e060425017f009a5900020300792c9a4d
:1077480003010201010f170201010411010f1702c1
:1077580001010811010f170100380e06102501005c
:107768000118020006034904014a04810d01013889
:107778000e06102501010110020006034904014a02
:107788000480770102380e0610250101012002004d
:1077980006034904014a0480610103380e060f25d7
:1077a800250110020006034704014804804c010427
:1077b800380e060e2525012002000603470401485d
:1077c80004380105380e060c2525020006034b0473
:1077d800014c04262601090f0602682844252601c3
:1077e800011701040b01100844010817011044098e
:1077f8000200060345040146002500009a010c1109
:1078080001020f00009a010c11265b4401030a17bc
:1078180000009a010c1101010e00009a010c115a86
:1078280000009a0181701701200d00001b010075ee
:107838002e2606220101380e06062501009e041494
:107848000102380e060d25772e01010e06030110e0
:10785800370401250401257b2e05332f0630862e9b
:107868000114380e06062501023704220115380ec8
:10787800060925ad0603017f9e04130116380e067e
:1078880006250101370407250104370100251a06da
:107898000301083700001b2605132f0610862e014a
:1078a800150e060825ad0100773e0401200000ce24
:1078b80001071701010f0602722800010300291aa7
:1078c80006050200873e00ce250474000114d1018c
:1078d80001de29260100c80116d1d7290000010bb5
:1078e800de4e2626010308dddd182658060225008f
:1078f800dd1d2606058444d8047725046c00210183
:107908000fde26922c01860310060c010408dd8088
:107918002ede782ede04025edd26dc8444d80002ea
:10792800a4a608a208a508a708a308270803000119
:1079380001de01278e2e08912e01010b0802000698
:10794800045e020008832c3809265b062402000521
:1079580004445e445f0104092658060325010026f5
:10796800010408020008030044010408380844041c
:107978000325017f0301dd942cdc7a0104197a01c7
:107988000408011c327a0120d88d8e2eda912e2619
:1079980001010bdc904426060f5d382c26c7050232
:1079a8006228dc445e44046e600101de0100de02f0
:1079b8000006815a0200dca4060e0183fe01dc8960
:1079c800a401040926dc5ddaa606160100dc8ba6f4
:1079d80001040926dc01020926dc0100de01030995
:1079e800d9a2060c0101dc0101dc822e010809dea6
:1079f800a50619010ddca501040926dc010209dc34
:107a08004206030103db4306030101dba726063612
:107a1800010adc01040926dc5fdc40010026018242
:107a28008080800017060a01fdffffff7f17011df8
:107a3800dc2601200a060ca011010117060226dc2b
:107a48005c046e60040125a3060a010bdc0102dc5c
:107a5800018200dc2726061f0110dc01040926dc50
:107a68005fdc852c0100a00f060a261e26de844452
:107a7800d85c04726004012502015805110115dc67
:107a8800020126dc2606065d0100de0477250000db
:107a98000110de792c26cc060cab23265edd26dc15
:107aa8008444d8040d26ca44ab22265cdd26de8435
:107ab80044d800009c0114de010cdd84010cd800c0
:107ac80000512601000e06026000ce250473002630
:107ad800dcd8000026ded80001030041252601106d
:107ae8001706060104de0200de2601081706060155
:107af80003de0200de2601201706060105de02006d
:107b0800de260180401706060106de0200de0104bb
:107b18001706060102de0200de00002601084fde1d
:107b2800de00002601104fdedc000026520602258a
:107b380000ce25047600000000000a0024002f0172
:107b48002400350224003c0144003d0244009c030b
:107b580004009d0405c0034024c0044124c005421c
:107b680024c0082024c0092124c00a2224c00d30c2
:107b780024c00e3124c00f3224c0121024c01311a7
:107b880024c0141224c0232144c0242255c02541f6
:107b980044c0264255c0271144c0281255c0293177
:107ba80044c02a3255c02b2304c02c2405c02d43c1
:107bb80004c02e4405c02f1304c0301405c031334f
:107bc80004c0323405c09c0604c09d0704c0a00848
:107bd80004c0a10904c0ac2604c0ad2704c0ae2867
:107be80004c0af2904cca81504cca92504000000c2
:107bf800a08a059da88a059db48a059dc08a059d11
:047c0800cc8a059d80
:020000040000fa
:020000041d03da
:107c0c0078ffbd277000b1af9800b18f8000b5af81
:107c1c007c00b4af7800b3af7400b2af6c00b0afff
:107c2c008400bfaf2598800025a0a00025a8c00027
:107c3c002590e000100010240c0006245000a5270d
:107c4c00a9f6400f252000022f0040105000a38ff2
:107c5c00cdab023c341242242b0062145400a69784
:107c6c002000c22c2a0040105600a2972000422c63
:107c7c00270040103000a527a9f6400f0c00042661
:107c8c005400a4971000a2275600a6972110440078
:107c9c000c0084241000a52721209000a9f6400f89
:107cac00200040a05600a2971000a32725286002b0
:107cbc00211062003000a427e165410f000040a0b4
:107ccc001300401425288002e165410f1000a42701
:107cdc000f0040145a00a2930d0055145000a28faf
:107cec005800b38f5c00a2af5400a28f6400b3aff6
:107cfc00ffff73326000a2af000022962b105300de
:107d0c00110040506000a4971900001025100000cd
:107d1c005600a3975400a297211043005800a39734
:107d2c000c00422421104300218002020100023c7d
:107d3c00f4ff42342b100202bfff40142510000048
:107d4c000c0000108400bf8f6200a29725306002e7
:107d5c0025284002212082000c008424a9f6400f23
:107d6c00212090000200405025100000000033a696
:107d7c008400bf8f8000b58f7c00b48f7800b38fe8
:107d8c007400b28f7000b18f6c00b08f0800e003ec
:107d9c008800bd2780ffbd277000b4af9000b4975a
:107dac007400b5af6c00b3af6800b2af6400b1af94
:107dbc006000b0af7c00bfaf7800b6af25908000fc
:107dcc002588a00025a8c0002598e00010001024ec
:107ddc000c0006245000a527a9f6400f2520000210
:107dec00140040105000a38fcdab023c341242243f
:107dfc00100062145400a6972000c22c33004014cb
:107e0c005600a2975600a3975400a2972110430046
:107e1c005800a3970c004224211043002180020239
:107e2c000100023cf4ff42342b100202e9ff401423
:107e3c000c000624cdab023c341242242520400217
:107e4c00ca65410f1000a2afffff5630252020025b
:107e5c00ca65410f1400b6a71800b4a70c009426ed
:107e6c00ffff423021b0d4021600a2a72110560009
:107e7c00ffff42300200033c21105000010063243c
:107e8c002b1043001a00b5a32f0040141b00a0a315
:107e9c00069d053c989da524ef29410f2520000047
:107eac00251000007c00bf8f7800b68f7400b58f52
:107ebc007000b48f6c00b38f6800b28f6400b18f08
:107ecc006000b08f0800e0038000bd272000422c2a
:107edc00ccff40103000a527a9f6400f0c0004265b
:107eec005400a4971000a2275600a6972110440016
:107efc000c0084241000a52721209000a9f6400f27
:107f0c00200040a05600a2971000a327252840026d
:107f1c00211062003000a427e165410f000040a051
:107f2c00b8ff401425282002e165410f1000a4275a
:107f3c00b4ff40145a00a293b2ff5514cdab023ccf
:107f4c00beff0010341242240c0006241000a5279a
:107f5c0033f6400f25200002d1ff40101400a697e5
:107f6c002528400233f6400f0c000426ccff4010ad
:107f7c001600a6971400a497252820020c00842430
:107f8c0033f6400f21209000c5ff40101600a29739
:107f9c001400a4971800a6972528600221208200bf
:107fac000c00842433f6400f21209000beff0010fb
:107fbc007c00bf8fd8ffbd27010002241800a2a7a8
:107fcc001800a2271000a2af2538c0002400bfafb4
:107fdc0003df400f010006242400bf8f0800e003dc
:107fec002800bd27e0ffbd27010002242800a6a31e
:107ffc001000a2af2800a7271c00bfaf68df400ffe
:10800c00010006241c00bf8f0800e0032000bd27e0
:10801c00d0ffbd272800b4af2400b3af2000b2af0f
:10802c001c00b1af2c00bfaf1800b0af2588c0004a
:10803c000000c7a01000a6272598800025a0a0004e
:10804c004000b28ff0df400f1000a7a312004014c5
:10805c001000a69325288002fcdf400f252060022b
:10806c0025804000040040122c00bf8f09f840020c
:10807c00000024922c00bf8f251000022800b48f22
:10808c002400b38f2000b28f1c00b18f1800b08f6a
:10809c000800e0033000bd27258040001000a293ab
:1080ac00f0ff0010000022a2d8ffbd27010002241f
:1080bc001800a2a71800a2271000a2af2538c000f4
:1080cc002400bfaf03df400f020006242400bf8f43
:1080dc000800e0032800bd27e0ffbd2701000224b3
:1080ec002800a6a31000a2af2800a7271c00bfaf32
:1080fc0068df400f020006241c00bf8f0800e0035d
:10810c002000bd27d0ffbd272800b4af2400b3af9b
:10811c002000b2af1c00b1af2c00bfaf1800b0af45
:10812c002588c0000000c7a01000a6272598800055
:10813c0025a0a0004000b28f2de0400f1000a7a397
:10814c00120040141000a6932528800239e0400f3d
:10815c002520600225804000040040122c00bf8fb7
:10816c0009f84002000024922c00bf8f2510000259
:10817c002800b48f2400b38f2000b28f1c00b18f65
:10818c001800b08f0800e0033000bd2725804000a8
:10819c001000a293f0ff0010000022a2d8ffbd2710
:1081ac00010002241800a2a71800a2271000a2aff9
:1081bc002538c0002400bfaf03df400f03000624a6
:1081cc002400bf8f0800e0032800bd27e0ffbd2777
:1081dc00010002242800a6a31000a2af2800a727a4
:1081ec001c00bfaf68df400f030006241c00bf8fcc
:1081fc000800e0032000bd27d0ffbd272800b4af46
:10820c002400b3af2000b2af1c00b1af2c00bfaf45
:10821c001800b0af2588c0000000c7a01000a6272a
:10822c002598800025a0a0004000b28f6ae0400f86
:10823c001000a7a3120040141000a683252880026a
:10824c0076e0400f2520600225804000040040129b
:10825c002c00bf8f09f84002000024822c00bf8f35
:10826c00251000022800b48f2400b38f2000b28f99
:10827c001c00b18f1800b08f0800e0033000bd2740
:10828c00258040001000a293f0ff0010000022a2f5
:10829c00d8ffbd27020002241800a2a71800a227ad
:1082ac001000a2af2538c0002400bfaf03df400f81
:1082bc00040006242400bf8f0800e0032800bd271b
:1082cc00e0ffbd27020002242800a6a71000a2afe1
:1082dc002800a7271c00bfaf68df400f040006244e
:1082ec001c00bf8f0800e0032000bd27d0ffbd2776
:1082fc002800b4af2400b3af2000b2af1c00b1af64
:10830c002c00bfaf1800b0af2588c0000000c7a478
:10831c001000a6272598800025a0a0004000b28f51
:10832c00a7e0400f1000a7a7120040141000a6975a
:10833c0025288002b3e0400f2520600225804000f4
:10834c00040040122c00bf8f09f840020000249654
:10835c002c00bf8f251000022800b48f2400b38f8f
:10836c002000b28f1c00b18f1800b08f0800e00302
:10837c003000bd27258040001000a297f0ff0010b0
:10838c00000022a6d8ffbd27020002241800a2a7d5
:10839c001800a2271000a2af2538c0002400bfafe0
:1083ac0003df400f050006242400bf8f0800e00304
:1083bc002800bd27e0ffbd27020002242800a6a745
:1083cc001000a2af2800a7271c00bfaf68df400f2a
:1083dc00050006241c00bf8f0800e0032000bd2709
:1083ec00d0ffbd272800b4af2400b3af2000b2af3c
:1083fc001c00b1af2c00bfaf1800b0af2588c00077
:10840c000000c7a41000a6272598800025a0a00076
:10841c004000b28fe4e0400f1000a7a712004014f8
:10842c001000a68725288002f0e0400f252060026e
:10843c0025804000040040122c00bf8f09f8400238
:10844c00000024862c00bf8f251000022800b48f5a
:10845c002400b38f2000b28f1c00b18f1800b08f96
:10846c000800e0033000bd27258040001000a297d3
:10847c00f0ff0010000022a6d8ffbd270400022444
:10848c001800a2a71800a2271000a2af2538c00020
:10849c002400bfaf03df400f060006242400bf8f6b
:1084ac000800e0032800bd27e0ffbd2704000224dc
:1084bc002800a6af1000a2af2800a7271c00bfaf52
:1084cc0068df400f060006241c00bf8f0800e00385
:1084dc002000bd27d0ffbd272800b4af2400b3afc8
:1084ec002000b2af1c00b1af2c00bfaf1800b0af72
:1084fc002588c0000000c7ac1000a6272598800076
:10850c0025a0a0004000b28f21e1400f1000a7afc2
:10851c00120040141000a68f252880022de1400f78
:10852c002520600225804000040040122c00bf8fe3
:10853c0009f840020000248e2c00bf8f2510000289
:10854c002800b48f2400b38f2000b28f1c00b18f91
:10855c001800b08f0800e0033000bd2725804000d4
:10856c00f1ff0010000026aed8ffbd270400022446
:10857c001800a2a71800a2271000a2af2538c0002f
:10858c002400bfaf03df400f070006242400bf8f79
:10859c000800e0032800bd27e0ffbd2704000224eb
:1085ac002800a6af1000a2af2800a7271c00bfaf61
:1085bc0068df400f070006241c00bf8f0800e00393
:1085cc002000bd27d0ffbd272800b4af2400b3afd7
:1085dc002000b2af1c00b1af2c00bfaf1800b0af81
:1085ec002588c0000000c7ac1000a6272598800085
:1085fc0025a0a0004000b28f5de1400f1000a7af96
:10860c00120040141000a68f2528800269e1400f4b
:10861c002520600225804000040040122c00bf8ff2
:10862c0009f840020000248e2c00bf8f2510000298
:10863c002800b48f2400b38f2000b28f1c00b18fa0
:10864c001800b08f0800e0033000bd2725804000e3
:10865c00f1ff0010000026aed8ffbd270002022457
:10866c001800a2a71800a2272000b0af2538c00020
:10867c002580c0001000a2af2400bfaf03df400f65
:10868c0008000624030040101800a3972180030261
:10869c00000000a22400bf8f2000b08f0800e00370
:1086ac002800bd27d8ffbd272000b1af258880004a
:1086bc002520c0001c00b0af2c00a5af2400bfaf1c
:1086cc00ca65410f2580c000ffff423025184000cd
:1086dc000102422c020040142c00a58f000203243e
:1086ec00ffff63301000a3af2538000225202002c5
:1086fc0068df400f080006242400bf8f2000b18fd4
:10870c001c00b08f0800e0032800bd27d0fdbd275a
:10871c002802b4af2402b3af1c02b1af259880007d
:10872c002588c00025a0a0001000a4272528e00063
:10873c002c02bfaf2002b2af1802b0af8a66410f55
:10874c004002b28f1000a5278a66410f2520200217
:10875c001000a6272528800299e1400f25206002f1
:10876c00120040141000a62725288002ace1400f0f
:10877c002520600225804000040040122c02bf8f8f
:10878c0009f84002252020022c02bf8f2510000280
:10879c002802b48f2402b38f2002b28f1c02b18f37
:1087ac001802b08f0800e0033002bd271000a52787
:1087bc00252020028a66410f25804000eeff001024
:1087cc0000000000d0fdbd272802b4af2402b3afd7
:1087dc001c02b1af259880002588c00025a0a00000
:1087ec001000a4272528e0002c02bfaf2002b2af56
:1087fc001802b0af8a66410f4402b28f1000a52751
:10880c008a66410f252020021000a6272528800209
:10881c0099e1400f25206002120040141000a62799
:10882c0025288002ace1400f252060022580400005
:10883c00030040124002a49709f8400225282002a8
:10884c002c02bf8f251000022802b48f2402b38f94
:10885c002002b28f1c02b18f1802b08f0800e00307
:10886c003002bd271000a527252020028a66410f63
:10887c0025804000eeff0010000000000000e28c9c
:10888c00d8ffbd272000b0af1800a2a71800a22760
:10889c002580e0001000a2af2538c0002400bfaf37
:1088ac0003df400f09000624020040101800a397b4
:1088bc00000003ae2400bf8f2000b08f0800e0033f
:1088cc002800bd270100033c2b18e3000c006010ae
:1088dc00000000002510e000e0ffbd27ffff423044
:1088ec002538c0001000a2af1c00bfaf68df400fde
:1088fc00090006241c00bf8f0800e0032000bd27e0
:10890c000800e00325100000c8ffbd271c00b1af14
:10891c001000a7af2588e0001000a7273000b6afe5
:10892c002c00b5af2800b4af2400b3af2000b2af19
:10893c001800b0af3400bfaf25a8800025b0a00050
:10894c002598c0004c00b08f22e2400f5000b48f2d
:10895c000e004014259040002b8830020b0020168e
:10896c004800a58f25300002d665410f25206002f6
:10897c0025380002253060022528c0022520a002df
:10898c0034e2400f1000b0af25904000040080127c
:10899c003400bf8f09f88002252060023400bf8f9d
:1089ac00251040023000b68f2c00b58f2800b48ff4
:1089bc002400b38f2000b28f1c00b18f1800b08f31
:0889cc000800e0033800bd279c
:020000040000fa
:020000041d03da
:1089d400b0fdbd273402b3af2c02b1af4c02bfaf20
:1089e4004802beaf4402b7af4002b6af3c02b5afd7
:1089f4003802b4af3002b2af2802b0af258880008d
:108a04002510a0005802a6af5c02a7af259800006d
:108a1400300003244a0043102e0003246b00431447
:108a2400259000003c00228e4c00238e2b1843001e
:108a340050006010010043243c0023ae000042902b
:108a44002580000025a00000300003244d004310c1
:108a5400010012241000a0af25b8000025f000008a
:108a64002530000025b0000025a80000d0ff4424d4
:108a74000a00852c5800a0542e0005242e0004243e
:108a840057004410000000000a80d2030aa0d2005c
:108a94000b0360122000433465000424250364148e
:108aa4006402a58f25202002da3e410f1002a6aff2
:108ab4000e0040141002a68f0080043c0c00645485
:108ac400211002026402a38f0a036010252800000b
:108ad4004c00248e05008010251800003c00238ed5
:108ae400ffff63243c0023ae25184000211002023e
:108af4002b20500021a083022580400021a0940057
:108b04006002a48f1000b18f4360410f1002a6af22
:108b14002590400025986000640020161002a68f5e
:108b2400253000002538000025204000252860005d
:108b34003d36410f00000000f30200104c02bf8fcd
:108b44003c00228e4c00238e2b184300050060103d
:108b5400010043243c0023ae00004290acff00100f
:108b640001001324735b410f25202002a8ff00108d
:108b740001001324735b410f25202002b1ff001074
:108b8400258000003c00228e4c00238e2b184300cd
:108b94000a006010010043243c0023ae0000429010
:108ba400ffff04262b189000ffff942625808000e9
:108bb40021a07400a4ff001001001324735b410f73
:108bc40025202002f7ff0010ffff04262580000067
:108bd400a0ff001025a000000d0045140100c527ca
:108be40030004016010012242580c00325a0c000d7
:108bf4003c00228e4c00248e2b2044002400801044
:108c0400010044243c0024ae98ff00100000429070
:108c14002b38be0025f0a0007d00c52a1500a01049
:108c24002130e600300042380bb8c2030700a0121e
:108c3400801016001000a327212862000000a58cd4
:108c44000a0007240218e570212064001000a327fd
:108c540021106200000044ac0100b5260900022482
:108c6400e3ffa216010013240100d626e0ff001042
:108c740025a8000030000424ddff44100002a28f68
:108c84005c04172401004234d9ff00100002a2af93
:108c940025202002735b410f1002a6af73ff001062
:108ca4001002a68f7aff00102e0002241600d0179f
:108cb4005c02a28f1500d4145c02a38f1400801ee2
:108cc400c2170200030080160a00022e0f00401093
:108cd4005c02a28f5802a28f1f0042280500401098
:108ce400000000005802a28f0610510006004054f4
:108cf4005c02a28f8964410f2520200225304002a6
:108d040089ff0010253860025c02a38fc21702009d
:108d1400211043004310020023100200c31f02006d
:108d24002a20740006008054069d103c0f00831610
:108d34002b1050000e0040505c02a28f069d103c88
:108d4400b088068eb488078e01a0023c220003245a
:108d54004cb043ac252040023d36410f252860022b
:108d6400b088068e70ff0010b488078e5c02a28f54
:108d740096ff4224c31f02002a2083020600805467
:108d8400069d103c0f0074142b1002020d004010bd
:108d940000000000069d103cb888068ebc88078e33
:108da40001a0023c220003244cb043ac2520400225
:108db4003d36410f25286002b888068e5aff001000
:108dc400bc88078e0800a012801016001000a3278c
:108dd400211062000a0004240900a32a2700605419
:108de4000000438c0100d6260900e22a4700401007
:108df40025a000022ab817024400e0161200022a35
:108e04004200401009000224baff02121000b18f80
:108e14000900022a1d004050f7ff02268964410f11
:108e240025202002252860002530400225386002d4
:108e34003d36410f252040002590400008000224c3
:108e440023805000069d023c6c98422480801000d0
:108e5400218002020000048e4360410f25986000c7
:108e64002530400025386000252040029b23410f17
:108e740025286002240200104c02bf8f0100b52691
:108e840002186470d4ff0010000043ac8018020084
:108e9400231043005802a38f211043001f004328ce
:108ea40005006050f6ff10260610510018004054cb
:108eb400ffffc326f6ff1026069d023c6c98422451
:108ec40080801000218002024360410f0000048e64
:108ed4002520200225a040008964410f25a86000b8
:108ee4002520400025304002253860023d36410fe0
:108ef40025286000253040002538600025208002a8
:108f04000bff00102528a00225b06000ffffc32638
:108f1400801003001000a427211082000000428c5e
:108f2400f9ff4010090009241a000902f401200184
:108f3400104800001c00201189000c3c01000206ae
:108f4400090029250800022423104900069d033c3a
:108f54006c98632480100200211043000000468caa
:108f64009a3b073c1000a527251800002550000057
:108f74002520000000cae734520096540000a28c59
:108f840005006010801016001000a4272110820034
:108f9400000043ac0100d62623a0890209009426d0
:108fa4002548400189000c3c9a3b103c9a3b0d3cff
:108fb40025b8000012000e245f708c2500ca1036fc
:108fc4002588000001caad351200822a50004014e1
:108fd400ffffd52607008e16801009001000a32776
:108fe400211062000000428c2b104c0049004014f8
:108ff4007f00b5328900043c2f0f053c9a3b063ca8
:1090040012000a245f708424000aa52401000724a6
:1090140009000b2400cac634120036111000a3271d
:1090240080100900211062000000428c2b184400bb
:109034000c006014000000000c0044140100222500
:109044007f0042300700c212801002001000a327e4
:10905400211062000000428c2b10450004004010d7
:109064001c00832a93008a12000000001c00832a3b
:10907400251060010b10e30004c0470025184000d0
:1090840007c84600ffff18272510200125600000af
:109094006d00565480700200080080110100c22641
:1090a4007f0042307a004910804016001000ad273e
:1090b4002140a80100000cad25b04000d6ff0010ef
:1090c40021b8e30201008b241b004600f401c00018
:1090d400121000002110430005008a1410600000e3
:1090e40003004014000000007f006a31f7ff94265b
:1090f4001a00e600f401c0000000a2ac25206001c3
:109104000400a524121000009bff001002184c70ec
:109114007f00b53225500000805815001000a227aa
:1091240021104b0000005e8cc2101e0040f71e0090
:109134002178ca032bf0fe0121f0c2030300c017fb
:109144002b10ed01240040142510e0012520e0013e
:1091540025300002253820022528c0032002abafa9
:109164001802a9af4d2e410f1402afaf1402af8ff6
:1091740025300002253820022520e0012528c003df
:109184003c2f410f1002a2af8900033c1002aa8faa
:109194001802a98f2002ab8f5f706c349a3b033c9a
:1091a40012000e2401ca6d341000a32721586b004d
:1091b400ffffc3267f00633009007514000062ad11
:1091c4000900a952251820010ab0a202ffffb52602
:1091d400d1ff00107f00b532f3ff001025500000ce
:1091e400fbffa956ffffb52677ff4051e3fff726a3
:1091f400ffff29257f0029310c00c916ffff6224d7
:109204007f0042301000a427801002008028030051
:1092140021108200212885000000a58c0000448cc8
:1092240025b0600025208500000044ac80100900b2
:109234001000a327211062000900942600004aac04
:1092440061ff0010e3fff7261000a82721680e0134
:109254000000ad8d06786d002160ec010500491415
:1092640001004f24040080551000a2277f00e9313b
:10927400f7ff94261000a22721704e000000ccad09
:1092840024600d030260997181ff00107f00e231b8
:10929400ffffc2267f004230801002001000a82782
:1092a4002110020100004c8c01008c3583ff00105a
:1092b40000004cac07003615010034257f009632bf
:1092c400ffffc226801002001000a32721106200b5
:1092d400000040ac801009001000a3272110620098
:1092e4000000448c1002a9af8964410f7f009432be
:1092f4002520400025286000253000004d2a410f1c
:109304002538000025204000252860000800d416d8
:109314001002a98f0100c8267f001631ffffc32663
:10932400801803001000a22721184300000060ac3d
:10933400069d023cc088468cc488478c1002a9afa5
:109344003d36410f80a01400258040001000a22764
:1093540021a054000000848e8964410f2588600098
:109364002520400025300002253820024d2a410fd7
:109374002528600025304000253860002520400263
:109384003d36410f2528600225a860005c02a38faa
:1093940025a040003500e226231043005802a38f85
:1093a4001402a2af2a104300b30040101002a98f88
:1093b4001402a28fb30042040100022425f04000ed
:1093c400010002241002a2af3500c22b1802a0af84
:1093d4001c02a0af258000002a0040102588000050
:1093e400069d023cc888508ccc88518c69000624a8
:1093f40025200002252820022330de006857410f73
:109404002002a9af252040002538a0022530800283
:109414002e66410f25286000350006242520000211
:10942400252820022330de001802a2af6857410f1e
:109434001c02a3af25304000252080022528a0026d
:10944400313e410f25386000253040002520800240
:109454002528a00225386000258040004b2a410fb2
:10946400258860001802a48f1c02a58f25304000b7
:109474004d2a410f253860002002a98f25a0400005
:1094840025a86000020022257f00423034005610d7
:109494001000a32780100200211062000000438cfa
:1094a400cd1d023c006542242b2062007800801010
:1094b4000000000004006014030029257f00293106
:1094c4000f00361135000224069d023cd088468cdc
:1094d400d488478c252040023d36410f2528600260
:1094e4002530400025200002252820024d2a410f66
:1094f400253860002580400025886000350002245e
:1095040023105e000200422815004014069d023c10
:10951400c888528ccc88538c252000022530400208
:1095240025386002313e410f2528200225204000c5
:1095340025300000253800000c54410f2528600018
:10954400070040142520000225282002253040026f
:109554004d2a410f2538600225804000258860008f
:109564005c02a28f5802a38f253000022310020050
:1095740025382002252080022528a0024d2a410feb
:1095840023b043001802a68f1c02a78f2520400099
:109594004b2a410f25286000259040003500e22623
:1095a4002598600000f0427cffffc3262a10430088
:1095b4002c0040142530e00225204002d567410fdd
:1095c40025286002069d043ce888868cec88878cfc
:1095d400252860000c54410f252040000f00400452
:1095e4001002a28f040040101402a28f26f05e0025
:1095f4002b101e001002a2af069d023ce088468c90
:10960400e488478c252040023d36410f252860021e
:1096140025904000259860000100f7263400e226da
:109624000300d6262ab056000b00c01201a0023c4b
:109634001002a28f0a0040102530000025380000d7
:10964400252000020c54410f25282002050040105b
:109654002530e00201a0023c220003244cb043acbc
:109664002530e00225204002dc67410f25286002f6
:10967400250000104c02bf8f5802be8f52ff00100d
:109684001002a0af1002a2af55ff001025f0000099
:109694000500621003002925069d023cd888468ceb
:1096a4008cff0010dc88478c7f002931faff3615c7
:1096b400069d023ce088468c86ff0010e488478cb7
:1096c4000900400401a0023c4c00228e040040101a
:1096d400000000003c00228effff42243c0022ae2a
:1096e40007fd601601a0023c160003244cb043acf5
:1096f400252800002366410f2520200225100000a4
:10970400251800004c02bf8f4802be8f4402b78f59
:109714004002b68f3c02b58f3802b48f3402b38f47
:109724003002b28f2c02b18f2802b08f0800e00300
:109734005002bd27e4ff41046002a48ff2fc001034
:049744001000b18fd1
:020000040000fa
:020000041d03da
:109748000d0a0d0a0000000c0a0a0000436f6e742f
:10975800656e742d4c656e6774683a006874747031
:109768005f636c69656e743a20436f6e74656e74de
:109778002d4c656e6774683a2025642c20626f64ee
:10978800795f6c656e6774683a2025642c20726571
:109798006365697665643a2025640d0a0000000c4b
:1097a8005472616e736665722d456e636f64696e7f
:1097b800673a206368756e6b65640000300d0a0daa
:1097c8000a0000006265617273736c5f73656e6492
:1097d8003a2073656e64202d20636f6e6e65637426
:1097e800696f6e20636c6f7365640d0a000000007a
:1097f8006265617273736c5f73656e643a2073653a
:109808006e64202d206661696c656420746f207712
:109818007269746520646174610d0a006265617221
:1098280073736c5f73656e643a2073656e64202d84
:109838002074696d656f75742077616974696e67e6
:1098480020666f7220777269746520726561647929
:109858000d0a00006265617273736c5f72656376ee
:109868003a2072656376202d20636f6e6e6563748f
:10987800696f6e20636c6f7365640d0a00000000e9
:109888006265617273736c5f726563763a207265a4
:109898006376202d20636f6e6e656374696f6e202a
:1098a800636c6f73656420647572696e6720746990
:1098b8006d656f75740d0a006265617273736c5f14
:1098c800726563763a2072656376202d2066616939
:1098d8006c656420746f20726561642064617461d2
:1098e8000d0a00006265617273736c5f726563765e
:1098f8003a2072656376202d2074696d656f7574e2
:109908002077616974696e6720666f72206461747c
:10991800610d0a00504f5354202573204854545069
:109928002f312e310d0a486f73743a2025730d0ab2
:10993800436f6e74656e742d4c656e6774683a205b
:10994800257a750d0a436f6e74656e742d5479709f
:10995800653a206170706c69636174696f6e2f7805
:109968002d7777772d666f726d2d75726c656e63c6
:109978006f6465640d0a436f6e6e656374696f6e1c
:109988003a20636c6f73650d0a0d0a257300000099
:1099980047455420257320485454502f312e310dfb
:1099a8000a486f73743a2025730d0a436f6e6e650b
:1099b8006374696f6e3a20636c6f73650d0a0d0ae4
:1099c8000000000068747470735f636c69656e747e
:1099d8003a206661696c656420746f2073656e64f3
:1099e800206368756e6b2c206572726f723d2564fa
:1099f8000d0a000068747470735f636c69656e7437
:109a08003a2073656e74206368756e6b2025642038
:109a180062797465732c20746f74616c2025642fcf
:109a280025640d0a0000000068747470735f636c2d
:109a380069656e743a206661696c656420746f208c
:109a4800666c7573682053534c20646174610d0a09
:109a58000000000068747470735f636c69656e74ed
:109a68003a2054435020636f6e6e656374696f6e5d
:109a780020636c6f7365642061667465722073651a
:109a88006e64696e6720726571756573740d0a007e
:109a980068747470735f636c69656e743a2072657c
:109aa80071756573742073656e742073756363656f
:109ab800737366756c6c792c2077616974696e674d
:109ac80020666f7220726573706f6e73652e2e2e0e
:109ad8000d0a0000687474705f636c69656e743a8f
:109ae80020736f636b6574206e6f74207265616498
:109af8007920666f722077726974696e670d0a0043
:109b0800687474705f636c69656e743a2066616925
:109b18006c656420746f2073656e64206461746181
:109b2800206368756e6b0d0a00000000687474701d
:109b38005f636c69656e743a2073656e7420636840
:109b4800756e6b2025642062797465732c20746fa0
:109b580074616c2025642f25640d0a006874747084
:109b6800735f636c69656e743a2072656164202561
:109b7800642062797465732066726f6d2053534c4c
:109b8800206275666665722c20746f74616c20257e
:109b9800640d0a0068747470735f636c69656e7431
:109ba8003a2053534c2072656164206572726f725b
:109bb8003a2025640d0a000068747470735f636c42
:109bc80069656e743a2053534c20656e67696e65fb
:109bd800206572726f723a2025640d0a0000000039
:109be80068747470735f636c69656e743a2054436b
:109bf8005020636f6e6e656374696f6e20636c6f5f
:109c080073656420647572696e672053534c2072c3
:109c18006561640d0a00000068747470735f636c9a
:109c280069656e743a2053534c20726561642065ef
:109c380072726f722062757420686176652025647f
:109c48002062797465732c20617373756d696e6712
:109c580020636f6d706c6574650d0a0068747470ac
:109c68005f636c69656e743a20636f6e6e656374ca
:109c7800696f6e20636c6f73656420627920736509
:109c8800727665720d0a0000687474705f636c699f
:109c9800656e743a2077616974696e6720666f72c1
:109ca80020726573706f6e73652e2e2e2025640ddd
:109cb8000a00000068747470735f636c69656e7481
:109cc8003a20617373756d696e6720726573706f82
:109cd8006e736520636f6d706c6574652077697449
:109ce800682025642062797465730d0a00000000fd
:109cf800485454502f312e0068747470733a2f2fc3
:109d080000000000687474703a2f2f002f000000c4
:109d1800256868752e256868752e256868752e254e
:109d280068687500687474705f636c69656e743a0e
:109d380020444e532073657276696365206e6f7494
:109d480020617661696c61626c650d0a0000000033
:109d5800687474705f636c69656e743a20444e531e
:109d6800207265736f6c7574696f6e206661696cbb
:109d780065643a2025640d0a000000006874747058
:109d88005f636c69656e743a206661696c6564200e
:109d9800746f20676574207265736f6c76656420d4
:109da80049500d0a00000000687474705f636c69a4
:109db800656e743a20444e53207265736f6c7665f5
:109dc8006420746f2025642e25642e25642e256456
:109dd8000d0a0000687474705f636c69656e743a8c
:109de80020444e53207265736f6c7574696f6e20d2
:109df80074696d656f75740d0a000000687474707d
:109e08005f636c69656e743a20696e76616c69642b
:109e180020706172616d65746572730d0a000000cf
:109e2800687474705f636c69656e743a2066616902
:109e38006c656420746f2070617273652055524c94
:109e48000d0a0000687474705f636c69656e743a1b
:109e5800206e6574776f726b206e6f742072656107
:109e680064790d0a00000000687474705f636c699f
:109e7800656e743a206661696c656420746f20723f
:109e880065736f6c766520686f73746e616d650db0
:109e98000a000000687474705f636c69656e743ad8
:109ea800206661696c656420746f206372656174f3
:109eb80065206469726563742054435020736f632e
:109ec8006b65740d0a000000687474705f636c69d8
:109ed800656e743a206661696c656420746f2062ef
:109ee800696e642072656d6f746520616464726563
:109ef80073730d0a00000000687474705f636c6906
:109f0800656e743a20646972656374205443502006
:109f1800636f6e6e656374206661696c65640d0ab3
:109f280000000000687474705f636c69656e743a51
:109f38002077616974696e6720666f722054435098
:109f480020636f6e6e656374696f6e2e2e2e2025ea
:109f5800640d0a00687474705f636c69656e743aa6
:109f68002054435020636f6e6e656374696f6e2072
:109f780074696d656f75740d0a00000068747470fb
:109f8800735f636c69656e743a206661696c6564b9
:109f980020746f20726573657420636c69656e74d4
:109fa80020636f6e746578740d0a000068747470ad
:109fb800735f636c69656e743a2053534c20656e09
:109fc80067696e6520737461746520616674657273
:109fd800206661696c65642072657365743a203027
:109fe8007825780d0a000000687474705f636c69e6
:109ff800656e743a206661696c656420746f2069c7
:10a008006e697469616c697a652053534c0d0a0056
:10a01800687474705f7365727665723a20696e69e8
:10a02800740d0a00485454505300000048545450ca
:10a0380000000000687474705f636c69656e743a40
:10a0480020696e76616c69642055524c0d0a0000d7
:10a05800687474705f636c69656e743a20676574c0
:10a068002075726c2025730d0a00000068747470e6
:10a078005f636c69656e743a206661696c6564201b
:10a08800746f2063726561746520736f636b6574a8
:10a098000d0a0000687474705f636c69656e743ac9
:10a0a800207573696e672025732070726f746f63f3
:10a0b8006f6c0d0a00000000687474705f636c694f
:10a0c800656e743a206661696c656420746f2073ec
:10a0d800656e6420726571756573740d0a00000001
:10a0e800687474705f636c69656e743a2066616940
:10a0f8006c656420746f207265616420726573708a
:10a108006f6e73650d0a0000687474705f636c6924
:10a11800656e743a20485454502073746174757392
:10a128003a2025640d0a0000687474705f636c69d6
:10a13800656e743a20636f756c64206e6f7420705e
:10a148006172736520485454502073746174757338
:10a158000d0a0000687474705f636c69656e743a08
:10a1680020726573706f6e736520626f64793a2030
:10a1780025642062797465730d0a00006874747030
:10a188005f636c69656e743a2072656365697665ac
:10a19800643a20256420627974657320286e6f20e4
:10a1a800626f647920666f756e64290d0a0000007d
:10a1b800687474705f636c69656e743a2072657157
:10a1c8007565737420636f6d706c657465640d0ad2
:10a1d80000000000687474705f73747265616d3a92
:10a1e80020696e76616c696420706172616d657456
:10a1f8006572730d0a000000687474705f7374727e
:10a2080065616d3a206661696c656420746f2063ce
:10a21800726561746520736f636b65740d0a000065
:10a22800687474705f73747265616d3a20666169f1
:10a238006c656420746f2073656e64207265717537
:10a248006573740d0a000000687474705f7374722b
:10a2580065616d3a206661696c656420746f20726f
:10a2680065616420686561646572730d0a000000a9
:10a27800687474705f73747265616d3a20636f758a
:10a288006c64206e6f74207061727365204854543a
:10a2980050207374617475730d0a000068747470cb
:10a2a8005f73747265616d3a20485454502065722a
:10a2b800726f72207374617475732025640d0a00bf
:10a2c800687474705f73747265616d3a20436f6e61
:10a2d80074656e742d4c656e6774683a20256c75cc
:10a2e8002062797465730d0a000000006874747048
:10a2f8005f73747265616d3a20256c75206279749c
:10a308006573206f6620626f6479206461746120d0
:10a31800616c726561647920696e20627566666534
:10a32800720d0a00687474705f73747265616d3ab7
:10a338002073747265616d206f70656e656420733b
:10a3480075636365737366756c6c790d0a0000003c
:10a35800687474705f73747265616d3a20686561c2
:10a3680064657273206e6f742072656365697665c3
:10a37800640d0a00687474705f73747265616d3a75
:10a388002072657475726e656420256c752062791b
:10a398007465732066726f6d206275666665720dee
:10a3a8000a000000687474705f73747265616d3ab6
:10a3b80020646f776e6c6f616420636f6d706c657d
:10a3c80074652028436f6e74656e742d4c656e67d6
:10a3d80074682072656163686564290d0a0000006d
:10a3e800687474705f73747265616d3a20646f7716
:10a3f8006e6c6f616420636f6d706c657465202886
:10a40800636f6e6e656374696f6e20636c6f7365de
:10a4180064290d0a00000000687474705f73747218
:10a4280065616d3a206661696c656420746f20729d
:10a438006561642066726f6d206e6574776f726bec
:10a448000d0a0000687474705f73747265616d3a08
:10a458002073747265616d20636c6f7365640d0a97
:04a4680000000000f0
:020000040000fa
:020000041d03da
:10a46c000300a72c25100000f802e01025180000ae
:10a47c00069d023c689842242110a20000004280f4
:10a48c0088ffbd27402805002400a2af069d023c92
:10a49c00609842242128a2000000a2846800b6af74
:10a4ac006000b4af7400bfaf7000beaf6c00b7af4c
:10a4bc006400b5af5c00b3af5800b2af5400b1af9d
:10a4cc005000b0af25b0c00025a080001800a2af8e
:10a4dc003c00828e4c00838e2b184300360060109b
:10a4ec00010043243c0083ae000052902000022463
:10a4fc00f7ff4212f7ff42260500422cf4ff4014ee
:10a50c002b00022405004212251000002d0002240d
:10a51c000b00421601001124020002240100112438
:10a52c00238822024c00838e3c00828e2b18430021
:10a53c0025006010010043243c0083ae00005290c3
:10a54c00019d133c2580000068937326211870022e
:10a55c0000006380200042361f00431003000224d9
:10a56c00050002120400022e3f00401400000000ff
:10a57c00ef00c0524c00828e4c00838e04006010a1
:10a58c00000000003c00828effff42243c0082aea3
:10a59c001f00c012030004241e000412ffff02243b
:10a5ac00fdff6010ffff10263c00828effff42244f
:10a5bc00f9ff00103c0082ae735b410f2520800236
:10a5cc00caff001025904000735b410f25208002cc
:10a5dc00dbff001025904000070002240900025206
:10a5ec00010010263c00828e4c00838e2b184300f9
:10a5fc0019006010010043243c0083ae000052900f
:10a60c000100102608000224d1ff02162118700246
:10a61c00ffff022482022212069d023c069d023c90
:10a62c000489438c0089428c7400bf8f7000be8fec
:10a63c006c00b78f6800b68f6400b58f6000b48f64
:10a64c005c00b38f5800b28f5400b18f5000b08fa4
:10a65c000800e0037800bd27735b410f25208002c2
:10a66c00e7ff001025904000b0000016019d133c40
:10a67c007493732621187002000063802000423608
:10a68c004b00431002000224a80000162400a28fe5
:10a69c002000a2af30000224590242161800a78fe6
:10a6ac003c00828e4c00838e2b184300a600601059
:10a6bc0000000000010043243c0083ae00004290e7
:10a6cc002000423478000424470244144c00838e4a
:10a6dc003c00828e2b1843009f006010000000008d
:10a6ec00010043243c0083ae00004290251800007a
:10a6fc00300004249c0044102e000424a8004410b4
:10a70c0025b8000025f0000025680000069d043cdb
:10a71c00c888868ccc88878c25a80000255800001a
:10a72c003000a0af2800a6af2c00a7af25900000ea
:10a73c00259800003400a4afd0ff4e240a00c42d8d
:10a74c00bd008014200044349fff84240600842c18
:10a75c00b90080142e000424ba004410000000003c
:10a76c00230160540ab8ad024c00828e2f024010b7
:10a77c00000000001701c0123c00828e0200a055a0
:10a78c00fdff4224feff42243c0082ae4360410f99
:10a79c00252020022530000025380000252040000f
:10a7ac003d36410f25286000a0ff00107400bf8fbc
:10a7bc0009000252010010263c00828e4c00838e50
:10a7cc002b18430010006010010043243c0083aea2
:10a7dc00000052900100102603000224a6ff02166e
:10a7ec00211870023c00838e4c00828e2b1062006c
:10a7fc000900405401006224735b410f2520800244
:10a80c000800001028004238735b410f252080029d
:10a81c00f0ff0010259040003c0082ae00006290da
:10a82c00280042382b1002000b00401001001024ad
:10a83c004c00828e050040543c00828e069d023cea
:10a84c00fc88438c78ff0010f888428cffff422470
:10a85c00faff00103c0082ae3c00828e4c00838ece
:10a86c002b1843001100601000000000010043246d
:10a87c003c0083ae00004290d0ff43240a00632cbe
:10a88c0008006014251840004429037cbfff632492
:10a89c001a00632c030060145f00032407004314a8
:10a8ac0029000324ecff001001001026735b410ffc
:10a8bc0025208002f1ff0010d0ff4324e0ff43105d
:10a8cc00069d023c4c00838e0400601000000000ca
:10a8dc003c00828effff42243c0082ae0f00c0166b
:10a8ec000000000001a0023c160003244cb043ac55
:10a8fc00252800002366410f25208002251000002a
:10a90c0049ff00102518000004006010ffff1026fe
:10a91c003c00828effff42243c0082aefaff001600
:10a92c00069d023cc7ff0010fc88438c4c00828eb5
:10a93c00edff405001a0023c3c00828effff422400
:10a94c00e8ff00103c0082ae735b410f25208002b3
:10a95c005cff001020004234735b410f2520800205
:10a96c0063ff0010251800003c00828e4c00838e83
:10a97c002b18430006006010000000000100432467
:10a98c003c0083ae0000429059ff001001000324ec
:10a99c00735b410f2520800255ff0010010003243a
:10a9ac003c00828e4c00848e2b2044000a008010c8
:10a9bc00010044243c0084ae0000429025b8000005
:10a9cc0025f00000300004240800441001000d2480
:10a9dc004fff0010069d043c25208002735b410f45
:10a9ec002800a3aff5ff00102800a38f3c00828e37
:10a9fc004c00838e2b1843000b00601000000000ed
:10aa0c00010043243c0083ae00004290ffffe3268c
:10aa1c002b207700ffffcc2725b8600021f08c009d
:10aa2c00e8ff001001000324735b410f2520800216
:10aa3c00f7ff0010ffffe3262e00042411004454fe
:10aa4c003a0043287d01a0152528a002255060015d
:10aa5c0001000d243c00828e4c00848e2b2044007f
:10aa6c004f008010010044243c0084ae0000429052
:10aa7c0025b8a00225f0600125a8a0002eff00102b
:10aa8c00255840010200601420004234a9ff4e24d6
:10aa9c002c00601d00000000030060150800a22eb1
:10aaac000a0040100e00a22e008110002180d0015f
:10aabc000100a5262b50b50021504b0125a8e00222
:10aacc002558c003e3ff0010010003241d004010b3
:10aadc00069d023c2c00a58f0889468c0c89478c5e
:10aaec002800a48f4000abaf3800adaf3d36410f0e
:10aafc003c00aeaf3c00ae8f2800a2af2c00a3af41
:10ab0c004360410f2520c0012800a68f2c00a78f81
:10ab1c00252040003d36410f25286000253040009f
:10ab2c0025204002252860024d2a410f253860005f
:10ab3c0025904000259860003800ad8fdcff001098
:10ab4c004000ab8fdaffc0113000a28fd8ff401449
:10ab5c00069d023ce088468ce488478c2800a48f34
:10ab6c002c00a58f3c00abaf3d36410f3800adaf8c
:10ab7c002530400025204002252860024d2a410f37
:10ab8c0025386000259040000100022425986000c3
:10ab9c003000a2af3c00ab8fc5ff00103800ad8f6a
:10abac00252080024800aaaf4400a5af4000abafff
:10abbc003c00a3af735b410f3800adaf4800aa8fc8
:10abcc004400a58f4000ab8f3c00a38fa8ff001062
:10abdc003800ad8fffff42243c0082ae25280000d8
:10abec002366410f25208002e8fe001000000000c3
:10abfc000af06d010600605d2000423414006015ff
:10ac0c000800a32e130060140100a3262000423478
:10ac1c00700003243d0043142528c002da3e410f86
:10ac2c0025208002130040140080043c11006414a1
:10ac3c00000000002fffc012252800004c00838e5e
:10ac4c00090060543c00838e0900001025100000a0
:10ac5c000100a3262b2075000081100025a86000a0
:10ac6c00e4ff001021588b00ffff63243c0083aeef
:10ac7c0025180000c5fe0012f8ffe4262b489700ab
:10ac8c00ffffcc2721482c01822f040080480900ab
:10ac9c00802004002548a900211082002b204400ac
:10acac0021182301211883001800a48f25a040002f
:10acbc0023200400c32f04002a30a3000500c01475
:10accc0025a86000180065142b2082001700801046
:10acdc001800a48f01a0023c22000324069d103c06
:10acec00252020024360410f4cb043acb088068e47
:10acfc00b488078e252040003d36410f2528600082
:10ad0c00b088068ea5fe0010b488078e4c00828e8b
:10ad1c00d7ff4050251000003c00828effff4224dc
:10ad2c00c9ff00103c0082ae1800a48f96ff84244b
:10ad3c00c32f04002a3065000500c05401a0023c5a
:10ad4c009e00a3142b1044009c00401001a0023c58
:10ad5c0022000324069d103c252020024360410f55
:10ad6c004cb043acb888068ebc88078e25204000ba
:10ad7c003d36410f25286000b888068e87fe0010ee
:10ad8c00bc88078e2530c0022538e0022520400201
:10ad9c00252860020c54410f4080100084004004b0
:10adac00252040022800a68f2c00a78f4b2a410f8c
:10adbc00252860020100102625304000253860004f
:10adcc00252040024d2a410f252860022590400085
:10addc00ffff822625986000ffffb5262b18540034
:10adec0021a8750025a04000e6ff01062400a28fd3
:10adfc001800a48f20008326c32f02002b10740090
:10ae0c0021105500c3af04002320640023a8550073
:10ae1c002b18640023a8a3022a10a50206004014d4
:10ae2c001800a28f0800b5142400a28f2b208200da
:10ae3c00050080101800a28f23b882022000e226a1
:10ae4c00670040042000a2af2000a28f25b00000b4
:10ae5c00350042282200401025b800002000a28fa7
:10ae6c00540006242330c2003400a28fcc88458cb9
:10ae7c006857410fc888448c2520200225b040001b
:10ae8c004360410f25b86000253040002520c002ea
:10ae9c002528e0022e66410f2538600025b04000c1
:10aeac002000a28f20005e280d00c01325b8600082
:10aebc002530000025380000252040020c54410f9d
:10aecc0025286002060040100100023204004014e4
:10aedc0000000000010010262590000025980000bd
:10aeec004360410f252020022528600025304002b8
:10aefc0025386002252040001800a2af3d36410fd6
:10af0c001c00a3af25200002259040008964410f4e
:10af1c00259860001800a88f1c00a98f25204000e0
:10af2c0025300001253820013d36410f25286000d1
:10af3c00252040002530c0022538e0024d2a410f63
:10af4c00252860002520400025304002253860026d
:10af5c004d2a410f25286000252040002530c002d5
:10af6c002538e0024b2a410f25286000252040009f
:10af7c002530000025380000252860002580400081
:10af8c000c54410f258860000400401425308002c9
:10af9c0001a0023c220003244cb043ac252000024b
:10afac00dc67410f25282002a0fd00107400bf8f24
:10afbc002530400282ff001025386002069d023cbd
:10afcc00e088568ce488578c3400a28fcc88438c54
:10afdc00c888428c2c00a3af83ff00102800a2afbe
:10afec009eff00102000a0af050060101800a78f76
:10affc003c00828effff42243c0082ae1800a78fdb
:10b00c002400a68f1400b6af1000b1af2528400263
:10b01c0075e2400f2520800284fd00107400bf8f64
:10b02c00f488438c80fd0010f088428cd7fdc0164c
:10b03c0000000000eafe001025280000edfe601460
:10b04c002e000224c9fd00104c00828e0800e00383
:04b05c0000000000f0
:020000040000fa
:020000041d03da
:10b0600001a0053c482ca5240c00a78c0800a38c4b
:10b070001800a28c010066242b10c2000a300200c6
:10b080001200c7102510000080bf023c0068478cea
:10b090000600092401a0023c0600e730ff008830ca
:10b0a0000c00e914482b42244018030021384300c7
:10b0b0000100632402220400211043000000e8a0e4
:10b0c000000044a00800a6ac010002240800e00330
:10b0d0000000000021104300000048a0f9ff00100c
:10b0e0000000000001a0033c482c63240c00628c8b
:10b0f0000800648c2b2882000300a01400000000cc
:10b100000800e003231082001800638c21186400fb
:10b110000800e0032310620080bf043c0800022402
:10b12000006882ac00940234186882acad0002243e
:10b13000406882ac88bf033c00010224741062acfa
:10b1400000020224741062ac01a0053c0004022439
:10b15000741062ac482ca224200040ac280040ac03
:10b160002c0040ac340040a03c0040a0380040ac73
:10b17000482ca0ac080040ac0c0040ac100040a033
:10b180001c0040a0140040ac400040ac0068858c1e
:10b19000060006240600a5300200a614800005243f
:10b1a00040000524300045ac180045ac0080023456
:10b1b000086882ac00010224781062ac000202240c
:10b1c000781062ac0800e003000000003800801036
:10b1d000251000000000838c350060100600062456
:10b1e0000800878c0400e614000000000400868c30
:10b1f0002f00c014000000000300a0144210030040
:10b20000c404053c00b4a534822805002128a2000e
:10b210002b30a3002600c014251000001b00a30043
:10b22000f40160000100033c12280000ffffa52488
:10b230002b18a3001e0060100080033480bf023c66
:10b240001068468c046843ac060003241a00e3141b
:10b25000000000000068438c06006334006843acc3
:10b260000068438c0c00848c0400037c2518640067
:10b27000006843ac406845ac0068448c01a0033cc6
:10b28000060005240600843010008514482c632431
:10b2900040000424300064ac001cc630180064accc
:10b2a00000800334086843ac186846ac01000224ef
:10b2b0000800e003000000000068438c0400878c55
:10b2c0004410037ce5ff001025186700f1ff001013
:10b2d0008000042401a0063c482cc6242c00c38c0a
:10b2e0002800ca8c01a0083c2548800025100000d9
:10b2f00080bf0b3c06000c24c82b08250400451415
:10b30000000000002c00c3ac0800e00300000000b7
:10b31000fcff6a10000000000068678d0600e7303f
:10b320000f00ec1440380300216807010000ad91c4
:10b330000100e7242138070100002da10000e7905b
:10b34000010027a13000c78c0100632401004224c2
:10b350002b3867000a180700e8ff001002002925b3
:10b36000213803010000ed9021388200f5ff001024
:10b370000000eda001a0033c482c63242800648c4d
:10b380002c00628c2b2882000300a0140000000017
:10b390000800e003231082003000638c2118640051
:10b3a0000800e0032310620001a0023c482c422464
:10b3b000e8ffbd273000468c1400bfafddec400f26
:10b3c000ffffc6241400bf8f2310c2000800e00353
:10b3d0001800bd2701a0023c482c42243000428cba
:10b3e0000800e003ffff422401a0033c482c632433
:10b3f00034006290340064a03c0065a00800e003c3
:10b40000000000000300801001a0023c482c4224f0
:10b41000380044ac0800e0030000000001a0023c3a
:10b42000482c4224200044ac240045ac0800e00332
:10b430000000000039ec400b00000000e8ffbd27d1
:10b440001400bfaf256080002568a000255880004b
:10b450002550000080bf0e3c0e00aa110000000025
:10b460000068c28d06000324060042301100431418
:10b4700021108a0101006291000064910012020013
:10b480002520440018ec400f000000000b00405441
:10b4900001004a2539ec400f00000000090040146b
:10b4a00088bf023c1400bf8f251040010800e00354
:10b4b0001800bd27f3ff001000004490e6ff0010c5
:10b4c00002006b2500040324781043acf6ff001043
:10b4d0001400bf8f01a0023c482c4224e8ffbd2786
:10b4e0001800468c1400bfaf39ec400fffffc62494
:10b4f0001400bf8f2310c2000800e0031800bd270e
:10b5000001a0023c482c42241800428c0800e003b1
:10b51000ffff422480bf023c1068428c0800e00319
:10b520000002427c01a0033c482c6324100062907e
:10b53000100064a01c0065a00800e00300000000eb
:10b54000040080100000000001a0023c482c4224ae
:10b55000140044ac0800e0030000000001a0023c1d
:10b56000482c44ac482c4224040045ac0800e003bd
:10b570000000000001a0033c482c63244000628cc2
:10b58000400060ac0800e0030000000080bf023c07
:10b590000068428c0800e0034001427c04008010f7
:10b5a0000000000080bf023c20000324086843ac78
:10b5b0000800e0030000000080bf023c1068448cdb
:10b5c00001a0033c482c63240e008430400064ac8e
:10b5d0001068448c0e0084300e00801000000000c3
:10b5e0001068448c020084300200801002000424a1
:10b5f000146844ac1068448c010084300c00801442
:10b600000001042488bf023c441044ac000204241e
:10b61000441044ac2000628c080040100000000080
:10b620002400658c2000798c08002003020004248b
:10b630003068448cefff0010000000000800e003b9
:10b6400000000000e0ffbd271000b0af01a0103cdb
:10b650001400b1af1c00bfaf1800b2af80bf113ce7
:10b66000482c10261068228e010042300900401438
:10b670001c00bf8f88bf023c000203241800b28f59
:10b680001400b18f1000b08f441043ac0800e003e9
:10b690002000bd273068328e2800028e3000038ed5
:10b6a000010042242b1843000a1003002c00038ed3
:10b6b0000d006214000000002000038e0a006010dc
:10b6c000000000002400058e2000028e09f84000d2
:10b6d000010004242800028e3000038e0100422461
:10b6e0002b1843000a1003002c00038eddff6210ac
:10b6f000000000002800068e0068248e01a0033c94
:10b700000600072406008430ff004532210087141c
:10b71000c82b63242800048e003a527e4020040087
:10b720002130640001008424211864000000c5a0b9
:10b73000000072a0280002ae34000292ff004230e6
:10b74000c8ff401000000000ddec400f00000000ca
:10b750002000038ec3ff6010000000002400058e4f
:10b760003c000392ff0063300e00601000000000f8
:10b770003800038e2b104300baff40140000000075
:10b780002000028e09f8400025200000b5ff0010bf
:10b790000000000021186600000065a0e5ff001011
:10b7a000000000003800038eaeff431400000000cc
:10b7b000f3ff001000000000d0ffbd271c00b1af58
:10b7c0002c00bfaf2800b4af2400b3af2000b2af4d
:10b7d00039ec400f1800b0af5300401088bf113c47
:10b7e0004000022401a0133c01a0123c686022ae7c
:10b7f00080bf143c482c7026482b52260600052496
:10b800001068828e000242300700401400000000e1
:10b810000c00028e0800038e12004314000000008a
:10b8200000040224741022ae1068828e0002427c52
:10b83000fdff401040000224646022ae0004022498
:10b840002c00bf8f441022ae2800b48f2400b38f89
:10b850002000b28f1c00b18f1800b08f0800e003e9
:10b860003000bd270068838e060063302500651414
:10b8700040200200211844020100842421204402b7
:10b8800000006390000084901200a4a71800048eaa
:10b89000010042242b2044000a1004000c0002aed8
:10b8a0000068828e206883ae10000292ff00423052
:10b8b000d3ff40100000000035ed400f1000a3a79b
:10b8c000482c638eceff6010060005240400058e10
:10b8d0001c000392ff0063300e00601000000000a7
:10b8e0001400038e2b104300c5ff405406000524ae
:10b8f000482c628e09f8400003000424c0ff0010a9
:10b90000060005242118420200006390dfff0010aa
:10b91000000000001400038eb9ff43540600052404
:10b92000f3ff00100000000000040224741022ae97
:10b93000c4ff00102c00bf8fe8ffbd271000b0af80
:10b9400088bf103c7010028e4010038e00016330df
:10b95000060060101400bfaf000142300300401029
:10b96000000000006eed400f000000007010028e1d
:10b970004010038e00026330050060100002423068
:10b98000030040100000000091ed400f0000000097
:10b990007010028e4010038e0004633006006010a9
:10b9a00000044230040040101400bf8f1000b08f1c
:10b9b000eeed400b1800bd271400bf8f1000b08fb4
:10b9c0000800e0031800bd27000802243700c21455
:10b9d00000000000d0ffbd272000b0af1400b08ce5
:10b9e0002c00bfaf2800b2af2400b1af1700039204
:10b9f00011000224270062142c00bf8f2300029242
:10ba00002200049200120200b542410f252044009a
:10ba100025884000250002922400049200120200b2
:10ba2000b542410f252044002590400033160224e2
:10ba30000400225227000292160042162c00bf8feb
:10ba4000270002922600049200120200b542410f24
:10ba500025204400f8ff4224060003261800a3af67
:10ba60001400b2af1000b1af1e0007261a00062660
:10ba7000ffff453012af400f2a0004260400401497
:10ba8000059d053c5cb1a524ef29410f2520000050
:10ba90002c00bf8f251000002800b28f2400b18f2a
:10baa0002000b08f0800e0033000bd270800e0034d
:10bab000251000003923410b000000006082828fb6
:10bac000e8ffbd27090040141400bfaf059d053ce9
:10bad00084b1a524ef29410f252000002510000086
:10bae0001400bf8f0800e0031800bd275c82838f1d
:10baf000040060102530a000059d053cf5ff0010f6
:10bb0000c4b1a52425288000f944400f2520400019
:10bb1000251840005c8282aff1ff6014010002240e
:10bb2000059d053cebff0010f4b1a5245c82858fd8
:10bb3000e8ffbd271400bfaf0b00a0141000b0af8a
:10bb4000059d053c24b2a524ef29410f25200000c6
:10bb5000258000001400bf8f251000021000b08f58
:10bb60000800e0031800bd271845400f6082848f4d
:10bb70000800401025804000059d053c5c8280af98
:10bb800050b2a524ef29410f25200000f2ff00103c
:10bb90001400bf8f059d053cfaff001088b2a52454
:10bba0003c828293e8ffbd27140040141400bfaf0d
:10bbb000059d053c01000224b8b2a5242520000003
:10bbc000ef29410f3c8282a383b1400f00000000a7
:10bbd0007ba4400f00000000ab31410f00000000cb
:10bbe0001400bf8f059d053c25304000d4b2a5242c
:10bbf00025200000ef29410b1800bd271400bf8f3e
:10bc00000800e0031800bd27c8ffbd27059d053cbf
:10bc10002000b0afecb2a5242520000001a0103c0c
:10bc20002c00b3af2800b2af2400b1af3400bfafd7
:10bc30003000b4afef29410fac321026049d113c07
:10bc4000059d123c059d133c5982829311004014be
:10bc500057828293b039400f0800048e02000324fb
:10bc60000c00431457828293193a400f252000009c
:10bc7000608282af01000224598282a35c82828f9b
:10bc80000300401425280000afee400fc8b9242659
:10bc9000578282931c00401456828293663e400f66
:10bca0006082848f170040106082848f010002241c
:10bcb000b63e400f578282a3b63e400f6082848f0b
:10bcc0002528400006000624d665410f50828427af
:10bcd0005582829351828793508286931c00a2af33
:10bce0005482829304b34526252000001800a2af99
:10bcf000538282931400a2af52828293ef29410fa4
:10bd00001000a2af568282930a0040140000000087
:10bd1000513e400f6082848f0f004010059d053c0e
:10bd20003cb3a524ef29410f252000000100022487
:10bd3000568282a3513e400f6082848f09004014d6
:10bd4000059d053c50b3a524ef29410f2520000097
:10bd500004000010568280a356828293f5ff40149f
:10bd6000000000006082848fbd3d400f4c82948fa4
:10bd70003900821200000000bd3d400f6082848fb8
:10bd8000030040104c8282af01000324588283a339
:10bd9000021e02001400a3af003c437c1000a3afbe
:10bda000003a477cff00463068b36526ef29410f13
:10bdb00025200000f93d400f6082848f6082848fcf
:10bdc000c03a400f488282af6082848f8a3c400f25
:10bdd000448282af408282af4b82829349828793b2
:10bde000488286931400a2af4a828293059d053c47
:10bdf00090b3a5241000a2afef29410f2520000029
:10be00004782829345828793448286931400a2af2f
:10be100046828293059d053cb8b3a5241000a2afcd
:10be2000ef29410f252000004382829341828793ae
:10be3000408286931400a2af42828293059d053c06
:10be4000e0b3a5241000a2afef29410f2520000088
:10be5000e8ee400f00000000aa7d400f4d010424d1
:10be60007aff001059828293059d053ce0ffbd27b3
:10be700008b4a5241c00bfafef29410f2520000006
:10be800001000224059d053c049d043c1400a0af64
:10be90001000a2af25380000000206241cb4a5241f
:10bea000d67a400f08bc84241c00bf8f0800e00332
:10beb0002000bd270800e003588282930800e003b9
:10bec00056828293c8ffbd272400b4af5682949354
:10bed0001800b1af3400bfaf3000b7af2c00b6af21
:10bee0002800b5af2000b3af1c00b2af1400b0af54
:10bef0000b008012258800002590a00041a6400f6d
:10bf0000259880001200401025884000059d053cc2
:10bf10002cb4a524ef29410f25200000258800001e
:10bf20003400bf8f251020023000b78f2c00b68f51
:10bf30002800b58f2400b48f2000b38f1c00b28f6f
:10bf40001800b18f1400b08f0800e0033800bd273f
:10bf5000a83e400f6082848f0700401425a840004f
:10bf6000059d053c64b4a524ef29410f2520000060
:10bf7000ecff00103400bf8f743a400f6082848f52
:10bf80000400401425b04000059d053cf6ff00105c
:10bf90008cb4a524ffff573202000724253000008f
:10bfa000252800001e23410f2520e0020400401434
:10bfb00025804000059d053cebff0010b4b4a5248e
:10bfc0001400448c25304002d665410f25286002bc
:10bfd0001000028e252800022520a0020c0057a484
:10bfe000049d023cb4ba4224080002ae3000c28e66
:10bff00009f840000c0000ae253040000200422c41
:10c0000014004014f5ff02240500c2102510c000e2
:10c01000faff03248410027c09004314059d053cab
:10c02000059d053cdcb4a524ef29410f2520000027
:10c030003923410f25200002baff00103400bf8fc2
:10c0400000b5a524ef29410f25200000b5ff001001
:10c050003400bf8fb2ff001025888002e8f9bd27a9
:10c060000406b0af1000b0270c06b2af0806b1af9f
:10c070002590a0002588c000252880000600062401
:10c08000252000021406bfaf1006b3afd665410fde
:10c090002598e0005082822700004394252060020a
:10c0a0001600a3a702004394040042941800a3a71b
:10c0b000b542410f1a00a2a72530200225284002d0
:10c0c0001e00a427d665410f1c00a2a71e00a227b0
:10c0d000212851002328b000b1ef400f2520000295
:10c0e0001406bf8f1006b38f0c06b28f0806b18fef
:10c0f0000406b08f0800e0031806bd270800e0031f
:10c10000508282270800e0034c8282270800e00367
:10c11000488282270800e003448282270800e00367
:10c12000408282274c82822703004390d8ffbd279c
:10c130002000b0af1800a3af0200439001a0103c54
:10c14000059d063c1400a3af010043908c320426e9
:10c1500028b5c6241000a3af000047902400bfaf4d
:10c160002d67410f200005242400bf8f8c3202264a
:10c170002000b08f0800e0032800bd27d0ffbd27b6
:10c180002800b0af2c00bfaf50828227050043903b
:10c1900001a0103c059d063c2000a3af0400439085
:10c1a0008c32042634b5c6241c00a3af0300439090
:10c1b000200005241800a3af020043901400a3af91
:10c1c000010043901000a3af2d67410f000047907e
:10c1d0002c00bf8f8c3202262800b08f0800e003ad
:10c1e0003000bd274882822703004390d8ffbd2737
:10c1f0002000b0af1800a3af0200439001a0103c94
:10c20000059d063c1400a3af010043908c32042628
:10c2100028b5c6241000a3af000047902400bfaf8c
:10c220002d67410f200005242400bf8f8c32022689
:10c230002000b08f0800e0032800bd274482822739
:10c2400003004390d8ffbd272000b0af1800a3af74
:10c250000200439001a0103c059d063c1400a3afd2
:10c26000010043908c32042628b5c6241000a3afe9
:10c27000000047902400bfaf2d67410f2000052428
:10c280002400bf8f8c3202262000b08f0800e0030c
:10c290002800bd274082822703004390d8ffbd2796
:10c2a0002000b0af1800a3af0200439001a0103ce3
:10c2b000059d063c1400a3af010043908c32042678
:10c2c00028b5c6241000a3af000047902400bfafdc
:10c2d0002d67410f200005242400bf8f8c320226d9
:10c2e0002000b08f0800e0032800bd275782839309
:10c2f00004006010251000005682839301006054f2
:10c30000588282930800e003010042300800e003f5
:04c310006082828f36
:020000040000fa
:020000041d03da
:10c31400e8ffbd276c808327050004241400bfaf09
:10c32400000064a001a0043c90318424688082272a
:10c3340001a0053c010040a03c0083ac380082ac65
:10c344000100032402000224c831a524400083ac68
:10c354009d5d410f440082ac1400bf8f0100022494
:10c364000800e0031800bd2702140500e8ffbd27fc
:10c37400a028057c0b0003246d8082a31400bfafaa
:10c384006c8084a36e8085a70400831404000224b7
:10c39400ffff0224708082a30500022401a0043c54
:10c3a40001a0053c903184246c808327c831a524e6
:10c3b4003c0083ac400082ac380080ac9d5d410ff2
:10c3c400440080ac1400bf8f010002240800e00385
:10c3d4001800bd2701a0043c90318424e8ffbd2748
:10c3e4006c8082270600032401a0053c1400bfaf23
:10c3f400c831a524000043a03c0082ac0100022403
:10c40400380080ac400082ac9d5d410f440080ac9c
:10c414001400bf8f010002240800e0031800bd27a8
:10c42400e8ffbd271000b0af01a0103c90311026ea
:10c43400060002241400bfaf080000ae240004a2ca
:10c44400180005aef6f0400f040002ae02004014de
:10c4540002000324080003ae1400bf8f1000b08f45
:10c464000800e0031800bd270f00823001000524f6
:10c47400042845000053410b02210400e8ffbd27b6
:10c484001000b0af01a0103c903110260400028ec1
:10c494000b00432c1f0060101400bfaf8018020073
:10c4a400049d023cbcc44224211043000000428c81
:10c4b4000800400000000000e8c4039d74c6039d0a
:10c4c40048c5039d6cc5039d9cc5039dbcc5039dc8
:10c4d400f4c5039d18c6039d74c6039d74c6039dcd
:10c4e40074c6039d1c00038e2000028e01a0053c2f
:10c4f400c831a524252000023c0000ae400000ae57
:10c50400380003ae9d5d410f440002ae01000224d9
:10c51400040002ae0800028e590040101400bf8fc0
:10c524002c00198e570020531000b08f0800048e81
:10c534003000058e1400bf8f1000b08f0800200358
:10c544001800bd271bf1400f2800048e1800058e2b
:10c55400dbf0400f24000492210040100300022469
:10c56400ecff0010040002ae2000028e1c00038ebb
:10c5740001a0053cc831a524252000023c0003aedf
:10c58400400002ae380000ae9d5d410f440000ae95
:10c59400dfff0010040002241bf1400f2800048e6a
:10c5a400c5f0400f000000000d00401005000224fb
:10c5b400d8ff0010040002ae1bf1400f2800048ec7
:10c5c4006980829301004230060040100100022479
:10c5d400c5f0400f00000000ceff40140000000032
:10c5e40002000224080002aecaff0010000000008e
:10c5f4001bf1400f2800048e1800058edbf0400f5d
:10c6040024000492f6ff401004000224c1ff00102d
:10c61400040002ae1bf1400f2800048e2400039294
:10c62400010002240e00625498ff03246c808227c8
:10c634003c0002ae6c8083a70200022401a0053cea
:10c64400c831a52425200002400002ae380000ae07
:10c654009d5d410f440000aeadff001008000224b0
:10c664006c8083a36c808327f4ff00103c0003ae2e
:10c674001bf1400f2800048edaff00100100022491
:10c684001000b08f0800e0031800bd27ffff03244b
:10c694001f00831025100000e8ffbd271000b0af75
:10c6a40001a0103c903110260800038e1400601085
:10c6b4001400bfaf0a000224040002ae9fff02244c
:10c6c4006c8082a36c8082273c0002ae380005aee9
:10c6d4000100022401a0053c400002aec831a5249b
:10c6e4000400022425200002080000ae9d5d410fd5
:10c6f400440002ae0800028efeff40100100022436
:10c704001400bf8f1000b08f0800e0031800bd278d
:10c714000800e00300000000ffff02240800821468
:10c72400251000000800e0030000000025100000b0
:10c734001400bf8f1000b08f0800e0031800bd275d
:10c74400e8ffbd271000b0af01a0103c90311026c7
:10c754000800028ef5ff40101400bfafa4f1400f93
:10c7640064808527f1ff40106780829312000424bf
:10c7740004004410010003241800423898000424e3
:10c784000b18820007000224240003a2080000ae54
:10c79400f6f0400f040002aee5ff4014020003244b
:10c7a400080003aee3ff00101400bf8fffff032453
:10c7b400040083100200022401a0023c90314224b0
:10c7c4000800428c0800e00300000000ffff03247f
:10c7d4001b008310251000001900a01000000000a9
:10c7e4001700c01000000000e8ffbd271000b0af24
:10c7f40001a0103c903110260800038e0c0060103c
:10c804001400bfaf1c0005ae0b0004242528e00073
:10c81400080000ae200006ae180007aedbf0400fa3
:10c82400040000ae0200401402000324080003ae1a
:10c834001400bf8f1000b08f0800e0031800bd275c
:10c844000800e00300000000ffff03241c00831025
:10c85400251000001a00a01000000000e0ffbd2712
:10c864001400b0af01a0103c903110260800038ed4
:10c874001c00bfaf0d0060101800b1af020002240d
:10c88400240002a20200112400010224080000aec8
:10c89400200002ae1c0005ae180006aef6f0400ff4
:10c8a400040011ae01004050080011ae1c00bf8fff
:10c8b4001800b18f1400b08f0800e0032000bd27da
:10c8c4000800e00300000000ffff022408008210bb
:10c8d4000000000001a0023c903142240800428c78
:10c8e400030040100000000009f1400b2000042464
:10c8f4000800e00325100000ffff02240800821056
:10c904000000000001a0023c903142240800428c47
:10c91400030040100000000009f1400bd80004247b
:10c924000800e00325100000ffff02240900821024
:10c934000000000001a0023c903142240800428c17
:10c9440004004010000000002528000009f1400bfd
:10c95400c70004240800e00325100000e8ffbd27f9
:10c964001000b0af2580a0001400bfafa4f1400fa9
:10c97400648085271e004010069d043c67808793d1
:10c98400ac8e842425180000252880000900062484
:10c994000000888c1a00e85401006324c0180300c6
:10c9a4002118a3000400638c0010642c1000805430
:10c9b40025100000000105240c0005ae022a030026
:10c9c40001000424040003ae100005ae021b0300a2
:10c9d40000100524000004ae180005ae1c0003aed0
:10c9e400080004ae140004ae200004ae240000ae1f
:10c9f4001400bf8f1000b08f0800e0031800bd279b
:10ca0400e3ff661408008424f9ff001025100000d9
:10ca1400d8ffbd271400b0af01a0103c9031102600
:10ca24000c00038e020002242400bfaf2000b3af29
:10ca34001c00b2af0a0062101800b1afffff11244e
:10ca44002400bf8f251020022000b38f1c00b28f5a
:10ca54001800b18f1400b08f0800e0032800bd2730
:10ca64001400028ef5ff401409000224040002aef3
:10ca7400660002246c8082a301a0133c6c80822790
:10ca84002590a000258880003c0002aec8316526b0
:10ca94000100022425200002080000ae9d5d410f24
:10caa400400002ae0800028efeff4010090002247e
:10cab400040002ae99ff02246c8082a36c8082275a
:10cac4003c0002aec8316526010002242520000284
:10cad400080000ae380000ae400002ae9d5d410f7c
:10cae400440000ae0800028efeff401002004232f5
:10caf40006004014000000001400028e100012ae64
:10cb040001004224ceff0010140002aec7f1400f12
:10cb140025202002caff4050ffff11240800028e86
:10cb2400feff401000000000f4ff00101400028e0d
:10cb3400ffff0224080082100000000001a0023c54
:10cb4400903142241400438c030060100000000064
:10cb5400ffff6324140043ac0800e003000000005e
:10cb6400ffff0224050082100000000001a0023c27
:10cb7400903142242c0045ac300046ac0800e00360
:10cb84000000000001a0063c9031c7901b00e01497
:10cb94000000000001000224e0ffbd279031c2a084
:10cba4000400a28c1400b0af9031d0241800b1afaf
:10cbb40025888000252000021c00bfaf280002ae9b
:10cbc4000c0000ae965d410f140000ae1bf1400f47
:10cbd4002800048e1c00bf8f01000224080002ae4e
:10cbe400020002240c0002ae251020021400b08fb3
:10cbf4001800b18f0800e0032000bd270800e003ff
:10cc0400ffff022401a0023c0800e0039c31428c97
:020000040000fa
:020000041d03da
:10cc140078ffbd279400a7af0000a28c6c00b3afcf
:10cc24000400d38c1c00a2af0800a28c6400b1af36
:10cc34006000b0af2000a2af1000a28c8800a4afa7
:10cc44008c00a5af3400a2af0000c28c0400b18cec
:10cc54000c00b08c1800a2af1800a38f2530000080
:10cc64002538000025206000252860028400bfaf1d
:10cc74008000beaf7c00b7af7800b6af7400b5af2c
:10cc84007000b4af5754410f6800b2af0d004004b8
:10cc94000080023c1c00a28f040042303700401484
:10cca4002000b28f1c00a28f080042300c004010fc
:10ccb4002400a2af20000224000002a206000010fb
:10ccc400ffff5226269853002d000224000002a2e2
:10ccd4002000a28fffff5224010002242400a2afef
:10cce4002400a38f211803022c00a3af1800a38fe4
:10ccf4002600601400f0627ef07f033c240043149d
:10cd0400f07f043c9400a28fbfff42241a00422cff
:10cd14001c004010019d053c019d053ca893a524e1
:10cd24008a66410f2c00a48fca65410f252000029a
:10cd34001c00a38f2000a78f8800a48f1000a3af2e
:10cd440025280002b555410f253040008400bf8fcf
:10cd54008000be8f7c00b78f7800b68f7400b58fcb
:10cd64007000b48f6c00b38f6800b28f6400b18f11
:10cd74006000b08f0800e0038800bd27d3ff0010d7
:10cd84002b000224e6ff0010ac93a524f07f043ca2
:10cd9400010083242b184300050060509400a28fe7
:10cda4000c0044141800a28f0a0040109400a28fb3
:10cdb400bfff42241a00422c04004050019d053c50
:10cdc400019d053cd6ff0010b093a524d4ff0010ac
:10cdd400b493a5241800a38f253000002538000043
:10cde400252060000c54410f25286002069d173c45
:10cdf400069d033c3000a3aff89df58efc9df68e96
:10ce04001300401425a00000b267410f9400a48fc2
:10ce14002014027c2800a2af2800a38fa5012006bd
:10ce240067000224570062142800a98f01002052d1
:10ce340001001124fcff822a030040142a109102ed
:10ce440096014014000000005a00001065000924f7
:10ce5400069d023c009e4a8c049e4b8c253040016a
:10ce6400253860012520a0022528c0023800aaaf79
:10ce74003d36410f3c00abaf1800a48f253860024b
:10ce840025286000253080002520400025f0400042
:10ce94000c54410f2800a3af2d00401c2800a38f81
:10cea4003800aa8f3c00ab8f0100942625a8c0034c
:10ceb400eaff001025b06000130040102800a28f84
:10cec400110040141800a38f3800a68f2528600293
:10ced4002538c0033d36410f252060004800a68f49
:10cee4005000a78f2520a0022528c0021800a2af59
:10cef4003d36410f2598600025a84000010002241a
:10cf040025b060002800a2af4000a68f4400a78f80
:10cf14002520a0029b23410f2528c00225a84000fc
:10cf240025b06000ffff94261800a38f2530a002cf
:10cf34002538c002252060005754410f252860027f
:10cf4400ddff4204d4fe822aafff0010000000007f
:10cf5400069d023c089e438c0c9e5e8c3000a28f82
:10cf64003800a3af4800a3af049e438c009e428cbc
:10cf74002800a0af5000beaf4000a2afeaff0010ef
:10cf84004400a3af660002240a00221501003126e2
:10cf9400040081062800a38ff89df58efc9df68e73
:10cfa40025a0000067000224020062106600092424
:10cfb400218834021800ac8f2558a0022550c002e5
:10cfc40025b8600225700000253060012538400135
:10cfd400252080012528e0025c00a9af5800aeafef
:10cfe4005000abaf5400aaaf9b23410f4800acaf35
:10cff400252040007355410f252860002528600036
:10d00400252040004400a3af9b5e410f4000a2af27
:10d014004000ac8f4800af8f5400aa8f5000ab8ff4
:10d024004400ad8f25f0e0020080173c2620fe026c
:10d0340025306001253840012528a0011000afaf3c
:10d044001400a4af252080014800aaaf6e01410f4f
:10d054003800a2af4000a2af25f040003000a28ffc
:10d064005000ab8f4800aa8f009e468c049e478ccc
:10d0740025206001252840019b23410f26b8e302a7
:10d084005800ae8f25584000255060000100ce2581
:10d094004000ac8fccff2e165c00a98f069d023c8d
:10d0a400109e468c149e478c252060012528600024
:10d0b4003d36410f4800a9af2530400025386000b7
:10d0c4002520c0032528e0024000a2af5754410f99
:10d0d4004400a3af100040044800a98f4000aa8f69
:10d0e4004400ab8f2520c003253040012538600162
:10d0f4000c54410f2528e0024000aa8f4400ab8f56
:10d10400070040144800a98f3800a28f0100423064
:10d11400040040141800a38f255000002558000077
:10d124001800a38f253040012538600125286002ae
:10d13400252060004d2a410f4800a9af25f040008a
:10d144001800a2af3000a28f2520a0022528c0021b
:10d15400009e468c049e478c25b860003d36410fe6
:10d164003800a3af252040002530c0032538e00255
:10d1740025286000259840005754410f4000a3af74
:10d184005400401c4800a98f660002240100942624
:10d19400520022154000ab8f0100312625b08002d9
:10d1a4002400b58f2310d1024000a2af25f0000067
:10d1b400258800004000a28f0700561025b8a00261
:10d1c4008c00a28f1000428cfbff42242b10a20281
:10d1d400470040141800a38f070020161c00a28fdc
:10d1e400100042300400401021b817022e0002241f
:10d1f4000100b5260000e2a22120150265000224e8
:10d2040022002215000080a00300810625180000da
:10d2140023a01400010003243400a28ffeff4a2639
:10d224000a000724ffff4224212802020000a0a0d4
:10d234000200052488008016219045018600a01c68
:10d244002d0006242b0005240b28c3002518a0005c
:10d2540021280202ffffa3a09400a38f4500052408
:10d26400feff4224bfff63241a00632c0b48a30073
:10d274002aa8a202212802020000a9a00300a012e9
:10d28400feff52268a66410f000000001c00a28f98
:10d294000200032403004230a3fe431400000000f4
:10d2a400a1fe401a00000000ca65410f25200002bb
:10d2b4002400a38f2a184300710060102530400217
:10d2c4002c00a48f8066410f3000052496fe0010c8
:10d2d4002000a0af2598a0022558c0026500363969
:10d2e400251080020a101600adff001025b0400082
:10d2f4003800a28f253860012530600225206000a7
:10d30400252840005400a9af9b23410f5000abaf28
:10d31400252040007355410f25286000252040003a
:10d32400252860004c00a3af9b5e410f4800a2afcc
:10d334000a004428090003240a1064001c00a38f77
:10d344004800ae8f4c00af8f100063302518620088
:10d354005000ab8f0c0060145400a98f2800a48fd8
:10d364006700032408008314000000001d00c006a9
:10d374000100d7272518a0022120150225b8c003d3
:10d384000e00001030000524fbff20162518a00213
:10d39400faffc3062120150221b817022e00032428
:10d3a4000100b526ffff52260000e3a2f1ff0010a2
:10d3b40001001124fffff72601008424fdffe0563d
:10d3c400000085a0ffff52260100b52621180302a4
:10d3d40023905e0221a8be023000422421f07e0088
:10d3e4000000c2a33800a28f1800a58f00801e3c45
:10d3f4002620c20325306002253860011000a5af45
:10d404001400a4af2528e0012520c0015000a9afd5
:10d414006e01410f4800abaf1800a2af2610c30342
:10d424003800a2af3000a28f4800ab8f25206002e5
:10d43400009e468c049e478c252860019b23410f47
:10d44400ffffd626259840002558600025f0e0020d
:10d4540058ff00105000a98f1a008702f401e00061
:10d46400ffff422421580202ffffa52410300000d0
:10d474003000c624000066a16eff001012a0000058
:10d4840021180202000064802118420221180302bc
:10d49400000064a086ff0010ffff4224c1fe810645
:10d4a4002800a38fb7fe00106600092461fe001057
:10d4b400060011245ffe621006001124b1fe001064
:04d4c4002548600097
:020000040000fa
:020000041d03da
:10d4c800e0ffbd2780bf033c1c00bfaf102702242c
:10d4d80025306000105a658c0800a5301500a0148e
:10d4e8000000000009004014ffff4224059d053c90
:10d4f800fccea524ef29410f2520000025100000af
:10d508001c00bf8f0800e0032000bd271400a0af57
:10d518001400a58f0a00a528eeffa0100000000047
:10d528001400a58f0100a5241400a5aff8ff001072
:10d5380000000000eeff4010059d053c205a64ac39
:10d5480010270224105ac38c20006330100060108a
:10d558000000000004004014ffff4224059d053c24
:10d56800e4ff00101ccfa5241000a0af1000a38f6b
:10d578000a006328f3ff6010000000001000a38f6a
:10d58800010063241000a3aff8ff001000000000a2
:10d59800f3ff4010059d053c205ac28cd8ff0010af
:10d5a800ff004230c0ffbd27059d053c3800b0afe5
:10d5b80038cfa524252000003c00bfafef29410f3c
:10d5c80080bf103c105a068e059d053c58cfa524f7
:10d5d800ef29410f25200000005a068e059d053cc5
:10d5e8007ccfa524ef29410f252000003400a0afef
:10d5f8003400a28f102742287a004014059d053c6c
:10d60800a0cfa524ef29410f252000004845410f50
:10d61800000000003000a0af3000a28fe8034228cd
:10d62800750040140000000032f5400f0600042485
:10d63800258040002c00a0af2c00a38fe8036328ae
:10d6480072006014000000005b45410f00000000fc
:10d658002800a0af2800a38f10276328700060144b
:10d66800059d053c25300002c0cfa524ef29410fb8
:10d6780025200000059d053ce0cfa524ef29410f9a
:10d68800252000004845410f000000002400a0affd
:10d698002400a28fe803422866004014000000001e
:10d6a80032f5400f0200042432f5400f2520000017
:10d6b80032f5400f2520000032f5400f25200000ec
:10d6c80032f5400faa000424258040002000a0afb6
:10d6d8002000a38fe80363285b00601400000000ab
:10d6e8005b45410f000000001c00a0af50c302348e
:10d6f8001c00a38f2a18620058006014059d053c81
:10d708002530000204d0a524ef29410f2520000070
:10d71800059d053c24d0a524ef29410f25200000b4
:10d728004845410f000000001800a0af1800a28f64
:10d73800e80342284e0040140000000032f5400f74
:10d748000300042432f5400f2520000032f5400f75
:10d758002520000032f5400f2520000032f5400f4b
:10d7680025200000258040001400a0af1400a38fde
:10d77800e803632843006014000000005b45410f84
:10d78800000000001000a0af1000a38f102763282e
:10d7980041006014059d053c2530000250d0a524a9
:10d7a800ef29410f25200000aa0002243f0002169d
:10d7b800059d053c70d0a524ef29410f25200000c8
:10d7c800059d053c94d0a524ef29410f2520000094
:10d7d800010002243c00bf8f3800b08f0800e0032e
:10d7e8004000bd273400a28f010042243400a2afbc
:10d7f8007fff0010000000003000a28f01004224cb
:10d808003000a2af84ff0010000000002c00a38f9e
:10d81800010063242c00a3af87ff00100000000064
:10d828002800a38f010063242800a3af89ff0010fc
:10d83800000000002400a28f010042242400a2afaf
:10d8480093ff0010000000002000a38f0100632454
:10d858002000a3af9eff0010000000001c00a38f53
:10d86800010063241c00a3afa1ff0010000000000a
:10d878001800a28f010042241800a2afabff0010cd
:10d88800000000001400a38f010063241400a3af5c
:10d89800b6ff0010000000001000a38f01006324f1
:10d8a8001000a3afb8ff001000000000059d053c64
:10d8b800bcd0a524ef29410f25200000c5ff00108a
:10d8c8002510000070828293c0ffbd273c00bfafc7
:10d8d8003800b7af3400b6af3000b5af2c00b4afe6
:10d8e8002800b3af2400b2af2000b1af070040104a
:10d8f8001c00b0af0200033c2110c40001006324e7
:10d908002b1043001200401425888000059d053c1b
:10d91800e0d0a524ef29410f25200000259800001c
:10d928003c00bf8f251060023800b78f3400b68fd7
:10d938003000b58f2c00b48f2800b38f2400b28f2d
:10d948002000b18f1c00b08f0800e0034000bd2705
:10d958000100042425a0a000fc44410f2590c0002c
:10d968000800401025984000059d153c0b00401606
:10d97800ff0023321345410f00000000e9ff0010ab
:10d988003c00bf8f059d053c08d1a524ef29410f18
:10d9980025200000e3ff00103c00bf8f0001022497
:10d9a80023104300ffff42302b1852000200601082
:10d9b80025804002258040004845410fffff103276
:10d9c80032f5400f060004245b45410f25b00000e6
:10d9d8004845410f0000000032f5400f02000424c2
:10d9e80032f5400f003c247e32f5400f003a247e89
:10d9f80032f5400fff0024322110960200004490b7
:10da080032f5400f0100d6262a10d002fbff401441
:10da1800211096025b45410fe80317244845410f42
:10da2800fffff72632f5400f0500042432f5400fba
:10da3800252000005b45410f25b040000800e01696
:10da48002cd1a526ef29410f25200000218830027e
:10da580021a0900223805002c4ff0010ffff123261
:10da68001000a0af1000a28fe8034228060040145f
:10da7800000000000100d632e8ffc01600000000d8
:10da8800f3ff0010218830021000a28f0100422409
:10da98001000a2aff3ff0010000000007082829314
:10daa800d8ffbd272400bfaf2000b3af1c00b2af22
:10dab8001800b1af070040101400b0af0200033cdb
:10dac8002110c400010063242b1043000e004014f1
:10dad80025808000059d053c48d1a524ef29410fec
:10dae80025200000258800002400bf8f2510200273
:10daf8002000b38f1c00b28f1800b18f1400b08fb4
:10db08000800e0032800bd27010004242598a00090
:10db1800fc44410f2590c0000700401425884000b0
:10db2800059d053c08d1a524ef29410f25200000bb
:10db3800eeff00102400bf8f4845410f0000000091
:10db480032f5400f0300042432f5400f003c047ef8
:10db580032f5400f003a047e32f5400fff000432e0
:10db6800258000002a10120207004014000000005f
:10db78005b45410f000000001345410f0000000005
:10db8800daff00102400bf8f32f5400f2520000077
:10db980021187002000062a0f2ff00100100102698
:10dba80070828293e8febd271401bfaf0e004010bb
:10dbb8001001b0af0200033c2b1883000a0060106c
:10dbc800251000002580800000010624ff000524a0
:10dbd8008066410f1000a427000106241000a52725
:10dbe80033f6400f252000021401bf8f1001b08fbb
:10dbf8000800e0031801bd27059d053ce8ffbd2787
:10dc080070d1a5241400bfafef29410f25200000d3
:10dc18001400bf8f708280a30800e0031800bd279e
:10dc28000800e00370828293e0ffbd270400062409
:10dc38001000a527252000001c00bfafa9f6400f43
:10dc48001000a0af060040141000a38f059d053cee
:10dc580084d1a524ef29410f2520000025180000b4
:10dc68001c00bf8f251060000800e0032000bd27be
:10dc7800e8ffbd27059d053c253080001800a4afae
:10dc8800a0d1a524252000001400bfafef29410f23
:10dc98001000b0af040006241800a52733f6400f83
:10dca800252000000a00401025804000059d053c05
:10dcb800c8d1a524ef29410f252000001400bf8feb
:10dcc800251000021000b08f0800e0031800bd27df
:10dcd800059d053cf7ff0010ecd1a524059d053cea
:10dce800e8ffbd270cd2a5241400bfafef29410fd0
:10dcf8002520000070828293060040101400bf8f18
:10dd0800059d053c1cd2a52425200000ef29410bc8
:10dd18001800bd27e844410f00000000010002245c
:10dd28000cf7400f708282a33412043c7856842486
:10dd38000a0044101400bf8f1ef7400f00000000b7
:10dd480005004014059d053c3cd2a524ef29410f50
:10dd580025200000708280a31400bf8f0800e00314
:10dd68001800bd270f008290020042300300405087
:10dd78000c008294b7c7400b000000000800e003c5
:10dd88002518000098ffbd275c00b6af6400bfaf40
:10dd98006000b7af5800b5af5400b4af5000b3af90
:10dda8004c00b2af4800b1af4400b0afa501a0101d
:10ddb8007800b6930e009590ff000224a101a212ec
:10ddc800a000022425a080002580e0002598c0003e
:10ddd8003d01a2122590a000a100a22e1d00401016
:10dde80060000224a600a21280000224f700a252ba
:10ddf8000f0082905000a0520f0082900000048e05
:10de0800140086242b98d300e40060120004112427
:10de1800059d053c140006248c68a524d665410f91
:10de2800212044020000028e140042243e00c01249
:10de3800000002aedf00b53280000224d700a252f3
:10de4800258800001eca400f25208002d30000103c
:10de580025884000f60002242500a212f700a22e11
:10de680017004010f5000224e5ffa2560000048eba
:10de78000c0082942e004014059d153c059d153c10
:10de8800e867b526ca65410f2520a0020000048e68
:10de980025b84000213082002b98d300bf006012c3
:10dea80000041124253040002528a002d665410f22
:10deb800212044020000028e190000102110570092
:10dec800fa0002244700a212fb000224ccffa2564b
:10ded8000000048e0f008290020042305b00401464
:10dee800069d073c7c8ee72444000010720206243d
:10def8000000e48c040086242b98d300a70060124d
:10df080000041124059d053c04000624f067a5249f
:10df1800d665410f212044020000028e04004224ed
:10df2800c8ffc016000002ae9c0000102588000043
:10df3800d4ff0010e067b5260400423017004014f3
:10df4800000000005bf7400f00000000059d063c44
:10df58001000a2af1400a3aff867c6242000052460
:10df68002d67410f1800a4270000048e25a8400043
:10df7800213044002b98d30088006012000411243b
:10df8800253040001800a527d665410f21204402fe
:10df98000000028ee2ff0010211055005bf7400fd1
:10dfa800000000000f0084922530400004008430f7
:10dfb800030080102528600027300200272803006e
:10dfc8001000a6af059d063c1400a5af0068c62446
:10dfd800200005242d67410f1800a427e3ff001037
:10dfe8000000048e0f0082900200423009004014a5
:10dff800069d073c948ee72466020624059d053c91
:10e00800059d043c0868a524206884242564410fe4
:10e0180000000000b7c7400f0000000025204000a6
:10e02800f75b410f3800a2af059d063c1000a2af78
:10e038001400a3af5868c624200005242d67410f9b
:10e048001800a427c9ff00100000048eb7c7400fae
:10e0580000000000059d063c1000a2af1400a3af0d
:10e068006068c624200005241800a4273800a2af41
:10e078002d67410f3c00a3afbcff00100000048ec9
:10e088000f00829010004230440040140200112416
:10e098005bf7400f00000000030060103800a2afdb
:10e0a8003e000010000411240000038e01006424c7
:10e0b8002b209300faff8010211843022200042429
:10e0c800000064a00000038e0100632428004010b3
:10e0d800000003ae211862002b1873002f00601097
:10e0e80000041124a05b410f010044242a004010c1
:10e0f80025a840000e0083926000022408006210e8
:10e10800069d073c059d053c059d043c608ee72463
:10e11800ec0106240868a524bcff00106868842464
:10e128001800a7273800a6272528a002d8c9400f1d
:10e13800252080020a004014258840003800b78f47
:10e148000000048e2528a0022530e002d665410f84
:10e15800212044020000068e2130d700000006aec0
:10e16800b760410f2520a0020d0020166400bf8f64
:10e178000000058e0100a6242b98d300c8ff60126a
:10e1880022000224212845020000a2a00000028edd
:10e1980063ff0010010042240080113c6400bf8f1f
:10e1a800251020026000b78f5c00b68f5800b58f2d
:10e1b8005400b48f5000b38f4c00b28f4800b18f19
:10e1c8004400b08f0800e0036800bd27100042300b
:10e1d800f2ff4054000411245bf7400f00000000d8
:10e1e800afff601425b040000000028e01004324f8
:10e1f8002b187300aaff6010211042025b00032451
:10e20800000043a00000028e1800a52725208002e8
:10e218000100422480c8400f000002ae258840005b
:10e22800deff401425a800001000b6161800a52728
:10e23800c1c8400f25208002d8ff4014258840001f
:10e248000000058e0100a6242b98d30094ff6012cd
:10e25800212845025d0002240000a2a00000028ed1
:10e2680001004224cdff0010000002ae0c00a012f5
:10e27800010002240000028e010043242b187300c1
:10e2880087ff6010211042022c000324000043a0e5
:10e298000000028e01004224000002ae01000224a8
:10e2a8001000a2af25380002253060022528400260
:10e2b80063f7400f1800a427b8ff401425884000d2
:10e2c800d9ff00100100b5260f00829010004230df
:10e2d800b2ff4014000411245bf7400f0000000057
:10e2e8006fff601425b040000000028e0100432437
:10e2f8002b1873006aff6010211042027b00032470
:10e30800000043a00000028e1800a52725208002e7
:10e318000100422480c8400f000002ae258840005a
:10e328009eff401425a800001100b6121800a5276a
:10e338000c00a0122000a28f0000028e01004324ce
:10e348002b18730056ff6010211042022c00032482
:10e35800000043a00000028e01004224000002ae2b
:10e368002000a28f0d0040541000a0af1800a52770
:10e37800c1c8400f2520800288ff4014258840002e
:10e388000000058e0100a6242b98d30044ff6012dc
:10e3980021284502b0ff00107d0002242538000224
:10e3a800253060022528400263f7400f1800a42793
:10e3b8007aff4014258840000000028e01004324a3
:10e3c8002b18730036ff6010211042023a00032414
:10e3d800000043a00000028e1800a4270100422478
:10e3e8001eca400f000002ae6cff40142588400092
:10e3f8002000a28fddff4010253800021000a0afda
:10e40800253060022528400263f7400f1800a42732
:10e4180062ff4014258840002000a28f03004014aa
:10e4280000000000c0ff00100100b5261eca400f02
:10e438001800a42759ff401425884000baff00108f
:10e448000100b52655ff001001001124b0ffbd27bb
:10e458004400b2af4c00bfaf4800b3af4000b1af0b
:10e468003c00b0af6000b28f1b0080100100022496
:10e478001a00c0104c00bf8f180040121800b327b4
:10e488002588e0002580c0001000b3af2800a7272a
:10e4980031c8400f253000000f0040143000a72776
:10e4a800010002241000a2af253020022528000216
:10e4b8002520600263f7400f3000a0af0d00401424
:10e4c8003000a68f2b88d10003002012000046ae32
:10e4d80021800602000000a24c00bf8f4800b38fc5
:10e4e8004400b28f4000b18f3c00b08f0800e003b9
:10e4f8005000bd27f8ff0010000040aec8f7bd2748
:10e508002008b0af3408bfaf3008b4af2c08b3afa1
:10e518002808b2af2408b1af1a00801001001024f7
:10e528001900c0103408bf8f1700e0104808a28fe8
:10e538002588e0002590c0001400a2af1808a22783
:10e548001000a2af0008072415f9400f1800a627ed
:10e558000c004014258040001808b38f0100742671
:10e56800a05b410f252080020f004010000042ae42
:10e57800253080021800a527d665410f25204000c8
:10e58800000033ae3408bf8f251000023008b48f66
:10e598002c08b38f2808b28f2408b18f2008b08fb9
:10e5a8000800e0033808bd27f6ff00100080103c83
:10e5b8000300801000000000b760410b000000005d
:08e5c8000800e0030000000060
:020000040000fa
:020000041d03da
:10e5d0000400a28c70ffbd278000b6af1c00a2af64
:10e5e0000800a28c7c00b5af0000d68c0400d58c4e
:10e5f0001800a2af1000a28c8800beaf6c00b1afb3
:10e600006800b0af9000a4af2588e0000000be8c89
:10e610000c00b08c25300000253800002520c002f9
:10e620002528a0028c00bfaf8400b7af7800b4af3c
:10e630007400b3af7000b2af5754410f4000a2afa7
:10e64000080040040400c233340040140800d433ee
:10e650001800a28f0b0080123000a2af040000103f
:10e66000200002240080023c26a855002d00022430
:10e67000000002a21800a28f01001424ffff422410
:10e680003000a2afbfff232600f0a27e2500c016f7
:10e690002000a3aff07f033c23004354f07f053cf0
:10e6a0002000a28f019d113c212014021a00422c4f
:10e6b000030040108c932526019d053c8893a524da
:10e6c0008a66410f000000008c932426ca65410f22
:10e6d000000000001800a78f9000a48f1000beafac
:10e6e00025280002b555410f253040008c00bf8f12
:10e6f0008800be8f8400b78f8000b68f7c00b58ff6
:10e700007800b48f7400b38f7000b28f6c00b18f3b
:10e710006800b08f0800e0039000bd27d4ff001010
:10e720002b000224f07f053c2000a48f0100a324cd
:10e730002b18430021b81402050060101a00842c25
:10e740000c004514300002240b00c01258000324b2
:10e75000019d113c0300801094932526019d053cea
:10e760009093a5248a66410f2520e002d7ff001070
:10e7700094932426580003240000e2a27800022487
:10e780000b10640025300000253800002520c00251
:10e790002528a0020c54410f4400a2af069d033c63
:10e7a00025980000909b718c15014014949b728ced
:10e7b0001c00a28f1c00a48f180003240000422814
:10e7c0000a1882004400a28f3800a3af2548200217
:10e7d0000100e2a2010062244400a2af25404002f1
:10e7e0002800b6af2400b5af25b800002800ab8fd5
:10e7f0002400aa8f25302001252060012528400112
:10e80000253800012400abaf2800aaaf5400a9afff
:10e810009b23410f5000a8af252040007355410fa6
:10e82000252860005400a98f5000a88f25204000a3
:10e830002530200125380001252860005800a9afa7
:10e840005400a8af4800a2af3d36410f4c00a3af23
:10e850002400ab8f2800aa8f2530400025206001be
:10e86000252840014b2a410f25386000069d0c3cad
:10e870005800a98f5400a88fa89b868dac9b878dcc
:10e8800025202001252800012800a2af6000a2afaa
:10e890002400a3af5c00a3af3d36410f5000acafe6
:10e8a000254840001c00a28f254060000d00410457
:10e8b0000100f7266000ab8f5c00aa8f25300000b6
:10e8c0002538000025206001252840015400a9af0b
:10e8d0000c54410f5800a3af5400a98f05004010fd
:10e8e0005800a88f4400a28fc0ff57143800a28f91
:10e8f00001005724069d023cb09b468cb49b478c7c
:10e90000252020013d36410f2528000125304000fb
:10e91000253860003800a2af3c00a3af2400a28fce
:10e920002800a38f252840005754410f2520600060
:10e93000150040043800a88f3c00a98f2800a38f41
:10e940002400a28f253000012538200125206000f9
:10e950000c54410f252840003800a88f0c004014ab
:10e960003c00a98f4800a48f4c00a58f2800a8afb9
:10e970009b5e410f2c00a9af010042302800a88ff8
:10e98000030040142c00a98f2540000025480000fa
:10e9900025300001253820012520c0024d2a410fd5
:10e9a0002528a0022400a3af020094262800a2afcd
:10e9b0000400401400f0637cf07f023c39ff6210d9
:10e9c0002000a28f3000a28f25a8800225480000d9
:10e9d000feff4a24231017003800a2af25b800001c
:10e9e00025b000004000a28ffbff42242b10a202a2
:10e9f000370040102568a0022800a38f2400a28fb2
:10ea000025302002253840022520600025284000be
:10ea10005400aaaf4400a9af9b23410f4800adaffb
:10ea2000252040007355410f252860002520400017
:10ea3000252860003000a2af9b5e410f3400a3afd9
:10ea40004800ad8f4400a98fb50040145400aa8f30
:10ea5000bc00c0522bb81700010029253000a48f3c
:10ea60003400a58f25302002253840024400aaaf8b
:10ea70003d36410f4800a9af2530400025386000e1
:10ea80002400a28f2800a38fffffd6262528400050
:10ea90004b2a410f252060002800a2af5000a28f12
:10eaa0002520200225284002a89b468cac9b478c41
:10eab0003d36410f2400a3af258840003800a28fc7
:10eac000259060004800a98fc6ff56144400aa8f05
:10ead0001400e01621201502cf002011211015028c
:10eae0001c00a38fcc0060180100c333ca0060145f
:10eaf0002e000324000043a0211835012118030231
:10eb000030000424010044a001004224fdff43140e
:10eb100021403501274809000100152521502a010f
:10eb200021201502000080a00300610625180000c6
:10eb300023981300010003244000a28fffff4a2501
:10eb400001000924ffff4224212802020000a0a0a6
:10eb50000a000724010005249e0060162188450153
:10eb60009c00a9102d0006242b0005240b28c300af
:10eb70002518a00021280202ffffa3a02000a38fd8
:10eb800050000624700005241a00632c0b28c300d3
:10eb9000feff42242518a000212802022a10a2020a
:10eba000030040100000a3a08a66410f000000008f
:10ebb0000300c233020003240c004314feff32267c
:10ebc000c2fe401a25200002ca65410f252000021e
:10ebd0002a185400890060102530400230000524b6
:10ebe0008066410f212014021800a0afb7fe00106c
:10ebf0002520000201007326258820012590600051
:10ec00002530200225384002252020024d2a410fc0
:10ec10002528400225386000253040002520c0020c
:10ec20002528a0022800a3af5754410f2400a2af0b
:10ec30002800a38fefff41042400a98f069d023c0a
:10ec4000989b438c9c9b428c2800a3af2400a2afce
:10ec5000069d023ca09b438ca49b428c3800a3af32
:10ec60004800a2af4800a28f5000a3af5400a2af4b
:10ec70002800a28f5800a2af2400a28f5c00a2af90
:10ec800025302002253840022520c0025754410f6c
:10ec90002528a002c6fe41042800a68f2400a78fc5
:10eca000252020023d36410f252840022520400026
:10ecb00025300000253800000c54410f2528600045
:10ecc0000e0040143800a68f4800a78f2520200290
:10ecd0003d36410f252840025000a68f5400a78fd3
:10ece0002520c0022528a002258840003d36410f7e
:10ecf0002590600025b0400025a860005800a68f30
:10ed00005c00a78f252020023d36410f25284002b8
:10ed10002588400025906000d9ff0010ffff732672
:10ed20000900e0162518a0020700c01221680d0294
:10ed30002e0003240100b526ffff4a250000a3a1f1
:10ed4000010017242518a0022128150225202001e2
:10ed500004000010300006240000a6a0ffff842459
:10ed60000100a524fcff80140100a826ffff4a250e
:10ed70002350490121a80901214823010a00432801
:10ed80002148090202006010570044243000442446
:10ed90002000a28f1a00422c0b0040102000823469
:10eda0009fff42241a00422c08004050000024a17a
:10edb0004400a9afb967410f4800aaaf4400a98f2a
:10edc0004800aa8f25204000000024a123ff001046
:10edd000254800001a006702f401e000ffff42240a
:10ede00021580202ffffa524103000003000c62485
:10edf000000066a158ff00101298000021180202be
:10ee0000000064802118220221180302feff64a082
:10ee10006fff0010ffff42241000c33341ff60105a
:10ee2000212015022e0003240100b5263cff00100e
:04ee3000000043a0fb
:020000040000fa
:020000041d03da
:10ee34002318a400261083002628a4002428a20056
:10ee44002610a3000800e003c21702001000828c01
:10ee54001c02868c0400488c3002828c2318080023
:10ee64002138c8000041c6242438e30003004010c0
:10ee74002418c3002138e800211868002b38a700a3
:10ee84000300e014251000002b186500010062380f
:10ee94000800e003000000001000828c0000a78c32
:10eea4000400488c3002828c0f0040102348080074
:10eeb4002110e8000000a2ac0000c38c23186200fb
:10eec400242869001c02838c27180300211865007c
:10eed4000140642c004005240a18a400211062009b
:10eee4000800e0030000c2ac1c02828c0400e7248a
:10eef400010042242110480024104900edff0010b5
:10ef040021104700069d023ce0ffbd27e89c4224f7
:10ef14001c00bfaf1800b2af1400b1af1000b0af07
:10ef24002590a000000082ac25100000080082acef
:10ef34000c00428e25180000258080000c0083ac54
:10ef44002528c000100084242530e00009f8400082
:10ef54004000b18f3800a78f3400a68f3000a58ff2
:10ef6400ab35410f980104263c00a28f20020426f1
:10ef74000c0020161c0202ae100006248066410f0d
:10ef84002528000001000224300202ae1c00bf8fbd
:10ef94001800b28f1400b18f1000b08f0800e00386
:10efa4002000bd270400468ed665410f2528200287
:10efb400f6ff0010300200ae069d023ce0ffbd27c4
:10efc400d89c42241c00bfaf1800b2af1400b1afec
:10efd4001000b0af2590a000000082ac2510000006
:10efe400080082ac0c00428e2518000025808000a9
:10eff4000c0083ac2528c000100084242530e000d8
:10f0040009f840004000b18f3800a78f3400a68f64
:10f014003000a58fab35410f980104263c00a28f28
:10f02400200204260c0020161c0202ae1000062446
:10f034008066410f2528000001000224300202ae40
:10f044001c00bf8f1800b28f1400b18f1000b08f56
:10f054000800e0032000bd270400468ed665410f5a
:10f0640025282002f6ff0010300200ae0216070029
:10f07400000082a0a030067c02140700010082a0d8
:10f084000234260002120700020082a0030087a0b7
:10f094000800e003040086ac20febd27f001a28f27
:10f0a400b801b0afc001b2af0000508c1000828c28
:10f0b400c401b3af2598e0000400528c1000428cc8
:10f0c400bc01b1afe401a5af25888000e801a6af7b
:10f0d40020028524dc01bfafd801beafd401b7af95
:10f0e400d001b6afcc01b5afc801b4af253800022a
:10f0f4002530600209f84000100084243002228e7a
:10f10400040040501c02328e2198720223801202a5
:10f114001c02328e000142262b10500002004010c7
:10f1240025a0400200ff1426ffff102621107002c4
:10f1340000004790232814028dfb400f2520e00097
:10f144000100573823a8070226a8b4022310170089
:10f1540024a8a20226a8b402253080022b10d000d5
:10f164005d004014252800002530400223a09202af
:10f174008066410f7001a42723b0b20225308002bb
:10f1840025f00000253800002b10d0005d0040144d
:10f194000100e824050007240100152404a8f50053
:10f1a4000630fe002528a00225200000233006009a
:10f1b400700044160100a824253040021800a52739
:10f1c4007001a427d665410fb001a7afb001a78f86
:10f1d40027a81500ffff0224ffffe724eeffe21437
:10f1e40024f0d5030800268e0c00278e3001b527a5
:10f1f4000100c3242b10660021104700080023ae31
:10f204000c0022ae1cfc400f2520a002e401a28fba
:10f214001c02268e980125263801a2a3e801a28f9c
:10f224001800a4273c01b6a3021202003901a2a3cc
:10f23400e801a28f238012023a01a2a3021216004f
:10f24400e135410f3b01a2a30d0006242528a002ad
:10f254000a36410f1800a427252860021400b5af10
:10f264001000b0af253880022530c0029934410f18
:10f274001800a4271c02258e251000004d00a2149e
:10f284007001a327004005248dfb400f2520c002f8
:10f294000100423824b857005100e012f001a28f57
:10f2a400000056acdc01bf8f25106002d801be8f70
:10f2b400d401b78fd001b68fcc01b58fc801b48ffc
:10f2c400c401b38fc001b28fbc01b18fb801b08f3c
:10f2d4000800e003e001bd272528c0008dfb400f96
:10f2e4002520a00221186602000063900100c624b4
:10f2f4002618e3000100632c2510620097ff00101c
:10f3040024b8e20201004852254000002528c0002c
:10f314008dfb400f2520a0022528c0002520c00217
:10f324008dfb400f25484000212866020000a5906f
:10f33400010042381800a327241049002120670047
:10f344002310020024104500580185902510450023
:10f35400580182a02620d600231004002510440062
:10f36400c21702000af0e2000100c62486ff001062
:10f374002538000101004852254000007001a227f1
:10f3840021104400000049901800a22721284500bc
:10f39400215044005801a290010084242528000132
:10f3a40026102201241046002610490080ff001078
:10f3b400000042a1211862002120a20200006390f3
:10f3c40000008490010042242620640023180400d5
:10f3d40027186400c21f0300a8ff001024b8e3022a
:10f3e400b0ff00102598000090febd278001a28f79
:10f3f4004c01b1af5001b2af0000518c1000828caf
:10f404006801beaf6401b7af0400528c3002828c35
:10f414006001b6af5c01b5af5401b3af4801b0af02
:10f424006c01bfaf5801b4af25b0800025a8a0007f
:10f434002598c0002580e00098019e2461004010ba
:10f444001800b7270c00878c0800868c1cfc400f22
:10f454003001a427253040022528c003e135410f9f
:10f464002520e002080006243001a5270a36410fb2
:10f474002520e002232812020e36410f2520e00247
:10f4840023401202fbff14250800c68e0c00c78e11
:10f49400ff00b5320100c4242b1086002110470060
:10f4a4000800c4ae0c00c2ae1cfc400f3001a427ff
:10f4b4001c02c68e003a627e2520e0024001a2af03
:10f4c4003901a2a32528c00302121100ff007332e0
:10f4d4003b01a2a33c01b1a33801b5a3e135410f1f
:10f4e4003a01b3a32520e0020d0006240a36410f99
:10f4f4003001a527253020022520e0020a36410fdd
:10f5040025280002212811020e36410f2520e00291
:10f514001c02c28effff57262188220224b8f10262
:10f5240023b85702212011022530e0028066410fe2
:10f53400ffffe5263002c28e030040102188370207
:10f5440023801202218832021000c28e2538200244
:10f55400253000021000428c2002c52609f8400024
:10f564001000c4264001a28ffbff15a2fdff13a2c9
:10f57400fcff02a202121100feff02a2ffff11a271
:10f584008001a28f6c01bf8f21801102238014029d
:10f59400000050ac6801be8f251080026401b78f53
:10f5a4006001b68f5c01b58f5801b48f5401b38fdd
:10f5b4005001b28f4c01b18f4801b08f0800e003b5
:10f5c4007001bd270200222e1300401417000224ec
:10f5d4001100a214231012001c02878cffff312695
:10f5e4000100e7242138f2002438e20000000292ee
:10f5f40023380702fcffe7240000e2a001000224f4
:10f604001000b7affbfc400f1800a2af25a04000cc
:10f614009dff0010010010269bff0010fbff142625
:10f62400049d053cb0ffbd27986aa5244c00bfafdc
:10f63400ef29410f2520000002f3400f2520000090
:10f64400049d053c2530400025200000ef29410f92
:10f65400b86aa5242080848fffff0224150082103d
:10f664004000a527a4f1400f4000a0af14004010b3
:10f674004000a68f049d053cdc6aa524ef29410fb8
:10f68400252000002080848f58f2400f1800a52701
:10f69400110040103000a28f2400a78f1800a68ffd
:10f6a400049d053c1000a2af1c6ba524ef29410f5b
:10f6b400252000004c00bf8f0800e0035000bd2748
:10f6c400049d053cf86aa524ef29410f252000007c
:10f6d400edff00102080848f049d053c646ba524fd
:10f6e400ef29410f25200000f3ff00104c00bf8fcd
:10f6f400049d053ce8ffbd27252000001000b0afa5
:10f704001400bfafef29410f846ba5242080848fa0
:10f71400ffff1024050090101400bf8fcdf2400f9e
:10f7240000000000208090af1400bf8f1000b08f45
:10f73400049d053c946ba524252000001800bd27da
:10f74400ef29410b718280a37182839304006010be
:10f75400251000002080828f010042242b1002001b
:10f764000800e00300000000d8ffbd272400bfaf5d
:10f774002000b3af1c00b2af1800b1afd3fd400fef
:10f784001400b0af04004050049d053c0700a014d1
:10f7940025988000049d053cb06ba524ef29410ffa
:10f7a400252000000b00001025800000252000000b
:10f7b4002588a000fc44410f2590c0000d00401492
:10f7c40025804000049d053cec6ba524ef29410fe6
:10f7d400252000002400bf8f251000022000b38fd5
:10f7e4001c00b28f1800b18f1400b08f0800e00322
:10f7f4002800bd2725304002ff0005248066410f04
:10f80400252020022080848f253860022530400284
:10f81400f4f1400f252820020900401425804000ff
:10f82400049d053c0c6ca524ef29410f2520000004
:10f834001345410f00000000e7ff00102400bf8fb4
:10f84400ecf1400f2080848ffdff40100000000089
:10f85400ecf1400f2080848f1345410f2588400030
:10f8640001000324dbff2312049d053ccbff0010a1
:10f874002c6ca524d8ffbd272400bfaf2000b3af54
:10f884001c00b2af1800b1afd3fd400f1400b0afed
:10f8940004004050049d053c0800a0142588800005
:10f8a400049d053c4c6ca524ef29410f2520000044
:10f8b400258000000c0000102400bf8f25200000cc
:10f8c4002590a000fc44410f2598c000310040144d
:10f8d40025804000049d053cec6ba524ef29410fd5
:10f8e400252000002400bf8f251000022000b38fc4
:10f8f4001c00b28f1800b18f1400b08f0800e00311
:10f904002800bd272530200213f2400f252840028d
:10f9140008004014049d053c886ca524ef29410f80
:10f92400252000001345410f25800000eeff001044
:10f934002400bf8fecf1400f2080848ffdff401026
:10f9440000000000ecf1400f2080848f01000324ac
:10f9540003004310049d053cf0ff0010a46ca52493
:10f96400ff0023320001022423104300ffff423032
:10f974002b1853000200601025306002253040002f
:10f98400ffffc630218826022190460223306602fa
:10f99400ffffd330dbff60562080848f1345410f77
:10f9a40000000000d0ff00102400bf8fe0ffbd273f
:10f9b4001c00bfaf1800b1afd3fd400f1400b0afaf
:10f9c4000b004014049d053c25804000c46ca52414
:10f9d400ef29410f252000001c00bf8f25100002d5
:10f9e4001800b18f1400b08f0800e0032000bd2779
:10f9f40025888000fc44410f2520000004004014a9
:10fa040025804000049d053cf1ff0010ec6ba5240b
:10fa14002080848f33f2400f2528200209004014ef
:10fa240025804000049d053cf46ca524ef29410f7a
:10fa3400252000001345410f00000000e7ff0010df
:10fa44001c00bf8f64001124ecf1400f2080848fd0
:10fa54000800401401000424aa7d400fffff312652
:10fa6400f9ff2016049d053c146da524ef29410fd0
:10fa740025200000ecf1400f2080848f1345410fb6
:10fa84002588400001000324d3ff2312049d053c74
:10fa9400346da524ef29410f25200000ceff00106e
:10faa40025800000e0ffbd271c00bfaf1800b1afe8
:10fab400d3fd400f1400b0af0b004014049d053c6f
:10fac400258040005c6da524ef29410f252000000e
:10fad4001c00bf8f251000021800b18f1400b08fd6
:10fae4000800e0032000bd27fc44410f252000004e
:10faf4000400401425804000049d053cf2ff0010e2
:10fb0400ec6ba524049d053c8c6da524ef29410fc5
:10fb1400252000004bf2400f2080848f0900401400
:10fb240025804000049d053cac6da524ef29410fc0
:10fb3400252000001345410f00000000e5ff0010e0
:10fb44001c00bf8fecf1400f2080848ffdff40101c
:10fb540000000000ecf1400f2080848f1345410f1a
:10fb6400258840000100032403002316049d053c5e
:10fb7400d5ff0010c86da524049d053cf46da52493
:10fb8400ef29410f25200000d1ff0010258000003f
:10fb940071828293e0ffbd271c00bfaf0d004014ab
:10fba4001000a0af2080838fffff0224090062149d
:10fbb400049d053c186ea524ef29410f2520000063
:10fbc400251800001c00bf8f251060000800e0030a
:10fbd4002000bd27040006241000a527dbfd400fec
:10fbe40025200000f7ff40141000a38f049d053c5e
:10fbf400f1ff0010486ea524e0ffbd27049d053cdd
:10fc04002000a4af25308000646ea5241800b0af96
:10fc14001c00bfafef29410f252000007182909393
:10fc24000c0000162080838fffff02240900621459
:10fc3400049d053c8c6ea524ef29410f252000006e
:10fc44001c00bf8f251000021800b08f0800e003cd
:10fc54002000bd276cfe400f252000000400401446
:10fc640025804000049d053cf3ff0010b86ea524d8
:10fc7400040006242000a5271efe400f25200000b6
:10fc840016004010258040001400a0af1400a28f7d
:10fc9400102742280c004014040006241000a52755
:10fca40025200000dbfd400f1000a0afe4ff401052
:10fcb4001000a38f2000a28fe1ff6210049d053c79
:10fcc400ddff0010dc6ea5241400a28f0100422485
:10fcd4001400a2afedff001000000000049d053cdd
:10fce400d5ff0010086fa524049d053ce0ffbd2747
:10fcf400286fa524252000001c00bfaf1800b1af59
:10fd0400ef29410f1400b0af7182829308004010b4
:10fd1400049d053c386fa5241c00bf8f1800b18fcb
:10fd24001400b08f25200000ef29410b2000bd27cf
:10fd3400e844410f0000000002f3400f25200000ba
:10fd44000200032403004310049d053cf2ff00104d
:10fd5400586fa5240300052485f2400f25200000d8
:10fd6400ffff112404005114208082af049d053c40
:10fd7400e9ff0010786fa524010002243412103c1e
:10fd8400718282a3e5fe400f785610260f005010b2
:10fd9400049d053c25200000ef29410fa06fa524f8
:10fda400fffe400f252000020d004014049d053c79
:10fdb400c46fa524ef29410f25200000cdf2400f88
:10fdc4002080848f208091af718280a31c00bf8f1c
:10fdd4001800b18f1400b08f0800e0032000bd2785
:10fde400e5fe400f00000000f8ff5010049d053ca4
:08fdf400c9ff0010ec6fa5240b
:020000040000fa
:020000041d03da
:10fdfc00e0ffbd271400b2af1000b0af2590c000db
:10fe0c00258080002530a0005000842408000524a3
:10fe1c001800b3af1c00bfaf9a65410f2598e000e6
:10fe2c001c00bf8f480012ae4c0013ae1400b28ff2
:10fe3c001800b38f1000b08f0800e0032000bd271e
:10fe4c00059d023ce8ffbd27103c4224059d053c66
:10fe5c001000b0af1400bfaf25808000000082ac52
:10fe6c00200006244c3da524d665410f5000842467
:10fe7c001400bf8f2510000025180000480002aeaa
:10fe8c004c0003ae1000b08f0800e0031800bd2733
:10fe9c00059d023ce8ffbd27f43b4224059d053c33
:10feac001000b0af1400bfaf25808000000082ac02
:10febc00200006242c3da524d665410f5000842437
:10fecc001400bf8f2510000025180000480002ae5a
:10fedc004c0003ae1000b08f0800e0031800bd27e3
:10feec00e8ffbd271000b0af258080000800062475
:10fefc002520a0001400bfafa964410f50000526b7
:10ff0c001400bf8f4800028e4c00038e1000b08f7f
:10ff1c000800e0031800bd27d0febd272530800067
:10ff2c001001b0af1000a4272580a00010000524fc
:10ff3c002c01bfaf2801b6af2401b5af2001b4af7f
:10ff4c001c01b3af1801b2af9a65410f1401b1afe8
:10ff5c001000aa27d000a627251840013800648c71
:10ff6c000400658c04006324c23c24004214240069
:10ff7c002610470082220400fcff678c26104400e8
:10ff8c002000648c2120870021104400823c250035
:10ff9c00c221250026208700c228050026208500c6
:10ffac0021104400edffc3143c0062ac0000118e24
:10ffbc000400198e0800188e0c000f8e10000e8e87
:10ffcc0014000d8e18000c8e1c000b8e059d093c28
:10ffdc002c3c2925000133252510600125188001b2
:10ffec002520a0012528c0012530e001253800037b
:10fffc002540200325902002c2aa250082a12500bd
:020000041d04d9
:10000c0026a0950242ae25000000568d26a0950232
:10001c000000358d2000292520004a2521a8b60294
:10002c0021a0950226a8830024a8a50226a8a30235
:10003c0021a095022110820242ab320082a0320034
:10004c0026a0950282ad320026a0950225a80701b4
:10005c0024b0070124a8b20225a8b60221a095025b
:10006c0021304600e4ff558d21108202e4ff348dcf
:10007c0024b0480221a095022118830226a0a400d6
:10008c0024a0860226a0840221187400c2aa26008d
:10009c0082a1260026a0950242ae260026a095023b
:1000ac0021a0740042ab2200821822002618750091
:1000bc0082ad22002618750025a8480224a8a202a9
:1000cc0025a8b60221187500211874002138870262
:1000dc00e8ff558de8ff348d24b0520021a0950225
:1000ec002120840226a0c50024a0870226a0850218
:1000fc0021209400c2aa270082a1270026a09502e5
:10010c0042ae270026a0950221a0940042ab23000a
:10011c00822023002620950082ad23002620950006
:10012c0025a8520024a8a30225a8b60221209500d8
:10013c002120940021408802ecff558decff348d7a
:10014c0024b0430021a095022128850226a0c700d7
:10015c0024a0880226a086022128b400c2aa280066
:10016c0082a1280026a0950242ae280026a0950266
:10017c0021a0b40042ab2400822824002628b5001c
:10018c0082ad24002628b50025a8430024a8a4028b
:10019c0025a8b6022128b5002128b400219092028e
:1001ac00f0ff558df0ff348d24b0640021a0950232
:1001bc002130860226a0e80024a0920226a0870205
:1001cc002130d400c2aa320082a1320026a09502ae
:1001dc0042ae320026a0950221a0d40042ab2500ed
:1001ec00823025002630d50082ad25002630d50082
:1001fc0025a8640024a8a50225a8b6022130d500a4
:10020c002130d40021105400f4ff558df4ff348daf
:10021c0024b0850021a095022138870226a0120166
:10022c0024a0820226a088022138f400c2aa22004f
:10023c0082a1220026a0950242ae220026a09502a1
:10024c0021a0f40042ab2600823826002638f500a7
:10025c0082ad26002638f50025a8850024a8a60224
:10026c0025a8b6022138f5002138f40021187400b5
:10027c00f8ff558df8ff348d24b0a60021a095020f
:10028c002140880226a0420224a0830226a09202ca
:10029c0021401401c2aa230082a1230026a09502aa
:1002ac0042ae230026a0950221a0140142ab2700e8
:1002bc00824027002640150182ad270026401501fb
:1002cc0025a8a60024a8a70225a8b602214015013e
:1002dc002120940021401401fcff558dfcff348d2e
:1002ec0024b0c70021a095022190920226a04300c1
:1002fc0024a0840226a0820221905402c2aa2400c7
:10030c0082a1240026a0950242ae240026a09502cc
:10031c0021a0540242ab280082902800269055025e
:10032c0082ad28002690550225a8c70024a8a80253
:10033c0025a8b602219055022128b4002eff69167b
:10034c00219054022c01bf8f2188320221402803b6
:10035c00213807032130e6012128c5012120a40101
:10036c002118830121106201000011ae040008aeb7
:10037c00080007ae0c0006ae100005ae140004ae6b
:10038c00180003ae1c0002ae2801b68f2401b58ff5
:10039c002001b48f1c01b38f1801b28f1401b18fdf
:1003ac001001b08f0800e0033001bd274800828c9b
:1003bc00d0ffbd271800b2af259080004c00848c74
:1003cc001400b1af3f0051302110c2002b18460071
:1003dc00211864002400b5af2000b4af1000b0affa
:1003ec002c00bfaf2800b6af1c00b3af25a0a000f7
:1003fc002580c000480042ae4c0043ae0400552698
:10040c000a0000162c00bf8f2800b68f2400b58f71
:10041c002000b48f1c00b38f1800b28f1400b18f62
:10042c001000b08f0800e0033000bd2740001624f8
:10043c002310d1022b9802020b10130225984000b6
:10044c002120b1022530400025288002d665410fbd
:10045c00218833020400361650004526c9ff400f90
:10046c002520a0022588000021a09302e4ff0010a3
:10047c002380130278ffbd277400b0af4800908c26
:10048c008000b3af7c00b2af3f0010327800b1af48
:10049c00259880002588a0002590c00004008524a4
:1004ac00253000028400bfafd665410f1000a42791
:1004bc005000a42720000624d665410f5000652665
:1004cc001000a327010002262180700080ff032466
:1004dc00000003a21000a327212062003900432c46
:1004ec002b00601438000624400006242330c20080
:1004fc008066410f252800005000a527c9ff400f3a
:10050c001000a42738000624252800001000a4277a
:10051c008066410f000000004800628e4c00638e24
:10052c005000a52742270200c0180300251883009d
:10053c00022603004800a4a3c010020002240300fa
:10054c004900a4a3a010027c022203004a00a4a329
:10055c00021422001000a4274b00a3a3c9ff400fd4
:10056c004c00a2af253040025000a527a964410fd2
:10057c00252020028400bf8f8000b38f7c00b28fb7
:10058c007800b18f7400b08f0800e0038800bd279d
:10059c002330c200deff0010252800002001410b93
:0c05ac00070006242001410b0800062473
:020000040000fa
:020000041d04d9
:1005b80078ffbd278800a4af9000a6af9400a7af2e
:1005c800253080002538a0003000a4278400bfaf64
:1005d8008c00a5af8000beaf6c00b3af6800b2afaf
:1005e8009c00b38f9800b28f7c00b7af7800b6af8d
:1005f8007400b5af7000b4af6400b1af4c5c410f8c
:100608006000b0af9000a68f9400a78f4c5c410f9c
:100618002000a42725304002253860024c5c410f99
:100628001000a4273800be8fcb03c22b0600401051
:100638009000a68f2800af8fcb03e2290e0040144c
:100648001800a68f9000a68f9400a78f8800a48f0b
:100658003d36410f8c00a58f2530400025386000bd
:10066800252040024d2a410f252860022590400090
:100678000600001025986000cb03c2281100401422
:10068800cb030224f0ffc2149000a68f8400bf8f12
:1006980025104002251860028000be8f7c00b78fad
:1006a8007800b68f7400b58f7000b48f6c00b38f6c
:1006b8006800b28f6400b18f6000b08f0800e0035b
:1006c8008800bd273000a28f2000ac8f2400a48fa3
:1006d8003400b88f19004c0021f0cf032388de00c6
:1006e800104800004400a9af124000004000a8af25
:1006f8004000a98f190044001210000010180000d3
:1007080019000c031260000021704c002b28c20154
:10071800106800004400a28f21686d0019000403ce
:100728004400a38f2170c2012128ad002b20c301f2
:1007380012c00000212805032b10b8002120a400b6
:1007480010c80000211059002b2885002580800042
:10075800ad00201a21b0a2004000222a1000af8f5d
:10076800790040101400b78f2520e0012528e00209
:10077800253020025400aeaf5000a9af1265410fda
:100788004c00afaf4c00af8f400006242528e00294
:100798002520e0012330d1004800a2afd664410fe4
:1007a8004000a3af4000b88f4800a78f5000a98f22
:1007b8005400ae8f2578400025b860002c00a28f29
:1007c8003c00b18f268822021c00a28fb900511468
:1007d8002150e9002b90470121700e0321a04e0201
:1007e8002b10980225a84001060040140100062499
:1007f800030014172b3847010300e0142158f001b7
:10080800253000002158f0012b786f012110f602e5
:100818002158cb002110e2012b30660121c8c2000b
:1008280025206001252820034800abaf7861410fdf
:100838004000b9afffff5324400006242330d30003
:100848002520a002d664410f252880024800ab8fde
:100858004000b98f2530600225206001252820033b
:10086800258040001265410f259060002530600208
:100878002520a00225288002258002021265410f4a
:1008880025904302251043002b1002004000de276c
:10089800258002022520000205002012252840029a
:1008a800232010002b100400232812002328a20064
:1008b8007e60410f23f0d30325b04000c4fbc22b58
:1008c800fc00401025b86000c3fb0224ff00c217db
:1008d80080251000b8002012069d023c209e548cf2
:1008e800249e558c2530c0022538e0022520800240
:1008f8000c54410f2528a002b3004014069d023c69
:10090800289e468c2c9e478c2520c0023d36410fe0
:100918002528e00225286000f555410f25204000d4
:10092800f75b410f25204000069d043c309e868cd5
:10093800349e878c252860003d36410f25204000d5
:100948004bff001025904000c0ff3126c0ffde2479
:100958002538000099ff201225c000004000222af7
:100968004c0040104000a48f40000b242358710114
:10097800253060012528c0015800b8af5400a7af42
:100988005000afaf4c00abaf1265410f4800aeaf9f
:100998004800ae8f4000a48f251043002528c001d1
:1009a80025302002d664410f2ba802004c00ab8fe3
:1009b800252000022528c0022530600125a06000fe
:1009c8001265410f25a8a2022548a20225708302bc
:1009d800252000022528c002253020024800a9afa2
:1009e800d664410f4000aeaf2580400025b06000be
:1009f8004000ae8f4800a98f5000af8f5400a78fda
:100a08006eff00105800b88f2388c6030500201613
:100a18001000a78f1400b88f2578000067ff00101a
:100a280025b800004000222a1f0040101000aa8f9d
:100a38001400ab8f400006242520400125286001c2
:100a48002330d1004c00aeaf4800a9af4000aaaf98
:100a58001265410f4400abaf4000aa8f4400ab8f32
:100a6800251043002530200225204001252860015b
:100a7800d664410f2ba002002538820225c06000f1
:100a88002578000025b800004800a98f4bff00100a
:100a98004c00ae8f0100092425700000258000005d
:100aa80046ff001025b0000001000724daff0010ff
:100ab80025c00000235027012b182a012340d80104
:100ac80023a003012b10d40125a8400101001f24f5
:100ad800060040142530000004008e5625f800005a
:100ae8000300601423180f0225f8000023180f02d2
:100af8002bc803022310d7022310590023587f0064
:100b08002b186b002310460023c84300130021074d
:100b18002350e9002b38ea0023400e032320f0017c
:100b280023a007012b78e4012310f602255854016d
:100b380021f89f0023104f002b580b002b20e403b3
:100b4800211046002358eb03211082002bf8eb03f9
:100b580025a8400123c85f000100312e2510790126
:100b68002fff40142510b402b6fe40102520a00225
:100b78007861410f25288002ffff53240700610692
:100b8800c017140042801500258050000100aa32c9
:100b980025800a023fff00104290140025306002b1
:100ba8002520a0021265410f2528800225804000db
:100bb80038ff001025906000069d023c189e548c5a
:100bc80048ff00101c9e558c40151000390040103d
:100bd800c0171200422010002520440042281200ad
:100be800010010320040023c252090000500201230
:100bf80025284500232004002b1004002328050085
:100c08002328a2007e60410f00000000253040002c
:100c180025386000252040004d2a410f2528600016
:100c280025204000253080022538a0024b2a410f9c
:100c38002528600025804000069d023c309e468c99
:100c4800349e478c25200002252860003d36410f40
:100c580025886000253040002538600025204000a8
:100c68003d36410f25286000253000022538200236
:100c78002520000225282002259040004b2a410ffc
:100c88002598600025304000253860002520400266
:100c98003d36410f252860022520400025300002fe
:100ca800253820024d2a410f2528600025b0400034
:100cb80025b860002530c0032520c0026857410fc1
:100cc8002528e0026afe00102590400080151200d9
:100cd80082821000258050002b20040025209000df
:100ce80025284002821504000448057c2528450073
:100cf8000500201280220400232004002b10040089
:100d0800232805002328a2007e60410f0000000070
:080d1800e7ff001025b04000c8
:020000040000fa
:020000041d04d9
:100d200020febd27d401b6afd001b5afc401b2af2c
:100d3000bc01b0afdc01bfafd801b7afcc01b4afdd
:100d4000c801b3afc001b1af258080002590c000bd
:100d5000b401a5afb001a0af25a800001c01b627c3
:100d6000b401a28f000042805a004010800002248b
:100d7000b401a527252000029c01a0afa001a0afcf
:100d8000a401a0afa801b6af0b61410fac01a2afa7
:100d900025884000b401a38f00006280030040104a
:100da000250004243b0044543c00028eb001a28f75
:100db00021105100b001a2af000064802500022480
:100dc0002d00821401006224b401a2afa401a0afdf
:100dd000010064802a000224040082142588000097
:100de00002006324b401a3af010011240660410f87
:100df000b401a48f25284000252000022366410f5e
:100e0000a401a2afb401a38f00006280d0ff4224ee
:100e10000a00422c4b00401401006324cc62410fb5
:100e2000b401a42725a04000b401a28fb267410fee
:100e300000004480680043285f006010650043287c
:100e4000bd00601061000324bb0043106200432812
:100e50003e00601025000424e0004410b401a38f7c
:100e60005b000424fc00441080000224b401a28f23
:100e700001004224b401a2afffff0224ac006216bd
:100e8000258800001300a052ffff15241200001057
:100e9000dc01bf8f4c00038e2b184300190060103b
:100ea000010043243c0003ae00005390b401a28f24
:100eb0000000428019005310b001a28f4c00028e36
:100ec00005004010dc01bf8f3c00028effff422472
:100ed0003c0002aedc01bf8f2510a002d801b78f05
:100ee000d401b68fd001b58fcc01b48fc801b38fb8
:100ef000c401b28fc001b18fbc01b08f0800e00304
:100f0000e001bd27735b410f2520000225984000ba
:100f1000ffff0224e5ff6216b001a28fb401a527ee
:100f20002520000201004224b001a2afb401a28f2b
:100f3000010042240b61410fb401a2af95ff0010e4
:100f400021882202afff0010b401a3af6300032485
:100f50008a00431064000324c4ff4314b001a72790
:100f60009c01a6271800a527d360410f2520000269
:100f70000c00420425884000b401a28f01004224e5
:100f8000a8002016b401a2af2538400201000624b3
:100f9000252880021550410f1800a4276400410441
:100fa00025884000ffff0224b6ff2212dc01bf8f1c
:100fb000caff00102510a002700003244000431057
:100fc000710043280d0060106e0003244b00431095
:100fd0006f0043282c00601069000324a3ff431412
:100fe000b001a7279c01a6271800a527dc3c410fcc
:100ff00025200002deff0010000000007500032421
:1010000013004310780003242600431073000324c8
:1010100096ff43148000022494ff8216b401a28f2d
:1010200001004224b401a2af0500201625100000e3
:101030000000428e04004324000043ae0000428cb6
:101040001000a2afb001a7275f0000100100062426
:10105000b001a7279c01a6271800a527ef60410f24
:1010600025200002cfff420425884000b401a28f52
:10107000010042246b002016b401a2af25384002c3
:10108000c3ff001025300000b001a7279c01a62750
:101090001800a5272225400f25200002f1ff00108f
:1010a00000000000b001a7279c01a6271800a52773
:1010b0002225400f25200002eaff0010000000005a
:1010c000b001a7279c01a6271800a5272225400fbd
:1010d00025200002b3ff420425884000b401a28ffe
:1010e000010042244f002016b401a2af253840026f
:1010f00025300000a7ff0010f0000524b401a28fe6
:1011000001004224b401a2afb001a28f1800a2af27
:10111000c3170200430020161c00a2af253840026e
:1011200025300000252880021550410f1800a42703
:101130000bff001021a8b102b001a7279c01a62730
:101140001800a527572b410f2520000295ff4204c8
:1011500025884000b401a28f0100422431002016ee
:10116000b401a2af2530400225288002225c410f45
:101170001800a42789ff001000000000800002244e
:101180003aff8216a401a28f04004054b401a28f3a
:1011900001000224a401a2afb401a28f01004224e5
:1011a000b401a2af05002016251000000000428ef9
:1011b00004004324000043ae0000428c1000a2afa4
:1011c000b001a727253000009c01a5272425400f4a
:1011d0002520000271ff00100000000080000224a2
:1011e00023ff8216b401a28f01006324b401a3afd0
:1011f0003c00028e4c00038e2b1843000b00601045
:1012000000000000010043243c0003ae00004290b7
:101210002500032409004314b001a28f01004224d9
:10122000b001a2afc2ff001025880000735b410f20
:1012300025200002f7ff0010250003244c00028e39
:10124000bbff4050258800003c00028effff422477
:10125000f4ff00103c0002ae05ff8216b401a28f1d
:101260000500201625a000000000428e0400442442
:10127000000044ae0000548c01006224b401a2af0f
:10128000010064805e0002240400821425880000ae
:1012900002006324b401a3af010011241800a427a5
:1012a000010106248066410f25282002b401a28f87
:1012b0001800a0a32d000424000043801e00641425
:1012c0005d00042401004224b401a2af0100022405
:1012d000231051004600a2a3010002245d00052452
:1012e0002d00062423885100b401a38f00006280e2
:1012f00018004514000000003700805625880000c3
:101300003c00028e4c00038e2b18430056006010e8
:10131000010043243c0003ae000053901800a227b4
:1013200021105300010042904b00401425b80000ea
:10133000370000104c00028ee7ff641401004224c5
:10134000b401a2af0100022423105100e2ff0010fb
:101350007600a2a3e8ff401000000000090046103c
:10136000b801a28fb401a28f1800a4270000438007
:1013700001004224b401a2af21188300daff00105b
:10138000010071a000004280f7ff4050b401a28f1d
:10139000f4ff451001006224b401a2afb001a28f96
:1013a00000004280010064802a204400edff80108c
:1013b000010042241800a42721208200f9ff001018
:1013c000000091a0000053a0b001a28f01003126bf
:1013d00001004224b001a2af3c00028e4c00038efb
:1013e0002b1843001800601025b820020100432488
:1013f0003c0003ae000053901800a22721105300b8
:1014000001004290efff4014211091024c00028e27
:1014100005004010b401a28f3c00028effff422461
:101420003c0002aeb401a28f010042248ffee01204
:10143000b401a2af8dfe80120100112421a09702f9
:101440003bff0010000080a2735b410f25200002cb
:10145000e9ff001025984000b001a28f010042244e
:10146000a7ff0010b001a2af735b410f252000025f
:08147000aaff001025984000be
:020000040000fa
:020000041d04d9
:1014780088bf033c80bf023c4000042420000624af
:1014880080000524741066ac741064ac741065acec
:10149800005a40ac205a478c441066ac441064ace7
:1014a800441065ac27000324305a43ac0100033cc8
:1014b80020036324145a44ac085a43ac050003249f
:1014c800085a43ac01a0033c403263241c0060a0ce
:1014d800200060ac00800334085a43ac0800e003e5
:1014e800000000002a008010251000000000838cf6
:1014f80027006010000000000300a0140000000096
:10150800c404053c00b4a5341b00a300f40160002a
:1015180012100000423002000400027c1b00a200ee
:10152800f40140000100c7244038070012100000f1
:10153800231043001b00a700f401e000122800005c
:10154800232865002b10a20001004050ffffc6248d
:101558000002c32c0e0060102510000080bf033c61
:10156800305a66ac0800828c0400868c005a658c60
:101578000c00848c25104600bff206242428a600ff
:101588002510450025104400005a62ac01000224d1
:101598000800e0030000000080bf023c105a428ca3
:1015a800800042380800e003c001427c01a0083cea
:1015b800403203251c006290ff00423084004054f2
:1015c800251000000300a010000000000500801492
:1015d800000000007e00e010000000007c00c01049
:1015e80000000000403204ad040066ac140060ac9a
:1015f800180060ac100060ac4000801000000000d3
:10160800080065ac4000c010000000000c0067ac8a
:10161800010002241c0062a00800648c0c00628c8b
:101628002b1082000500401080bf023c0c00628c29
:1016380023104400100062ac80bf023c4000052427
:10164800145a45ac105a458c2000a5303100a01022
:1016580003000524045a45ac01000524085a45ac8a
:101668000c000524045a45ac8000062488bf053cbc
:10167800400009247410a9ac7410a6ac4410a9ac9d
:101688004410a6ac005a468c0008c6302400c0108e
:10169800000000000800648c82200400080064ac8c
:1016a8001000648c82200400100064ac0c00648c70
:1016b800822004000c0064ac0800648c1800668c5e
:1016c8002b30c4003200c010000000004032068dec
:1016d8000000c68c205a46ac1800668c0100c6244f
:1016e800180066ac3300e01000000000400002243f
:1016f8007810a2ac0800e00301000224080060ace6
:10170800c0ff0010000000000c0060acc1ff00101a
:1017180001000224205a458ccaff00100000000076
:10172800005a468c0004c6301200c01000000000a9
:101738000800648c42200400080064ac1000648c2b
:1017480042200400100064ac0c00648c42200400a9
:101758000c0064ac0800648c1800668c2b30c40044
:101768000b00c010000000004032068dd9ff0010a9
:101778000000c6941800668c2b30c4000400c0100a
:10178800000000004032068dd2ff00100000c69015
:101798001000668cd3ffc010ff000624205a46ac08
:1017a8001000668cffffc624100066accdff001049
:1017b800000000001800638ccdff645080000224f4
:1017c80004000324085a43acc9ff00108000022417
:1017d8000800e00300000000253800006d05410bfb
:1017e800253000002538a00025308000252800007d
:1017f8006d05410b2520000001a0023c4032422427
:101808001c00449080bf023c105a438c0100022403
:10181800800063300800e0030b10830001a0023c45
:1018280040324224200044ac240045ac0800e003c8
:101838000000000080bf033c105a628ce8ffbd27ff
:101848001000b0af200042301400bfaf3500401484
:1018580088bf103c01a0063c4032c224205a688c44
:101868001400458c1800448c0c00478c2b38a700ba
:101878001900e01000000000005a678c0008e730eb
:101888002e00e010000000000400478c804805008e
:101898002138e9000000e8ac0100a524140045ac9b
:1018a8000c00478c0c00e514000000000800478c71
:1018b8002b3887000800e01040000724741007ae9a
:1018c8000c000724045a67ac04000724085a67acc4
:1018d80080000724781007ae0c00478c2b38a7002f
:1018e8004100e01000000000005a658c0008a53097
:1018f8001f00a010000000000800458c2b28850060
:101908003000a010000000004032c58c8030040078
:101918002128a6000000a58c205a65ac010084246b
:10192800180044ac1400bf8f40000224441002aedb
:101938001000b08f0800e0031800bd27005a678c1c
:101948000004e7300600e010000000000400478ca7
:10195800404805002138e900cfff00100000e8a446
:101968000400478c2138e500cbff00100000e8a0f8
:10197800005a658c0004a5300a00a0100000000081
:101988000800458c2b2885000e00a01000000000e0
:101998004032c58c403004002128a600deff00102c
:1019a8000000a5940800458c2b2885000500a01090
:1019b800000000004032c58c2128a400d6ff00108a
:1019c8000000a5901000458cd5ffa010ff0005244d
:1019d800205a65ac1000438cffff6324100043ac11
:1019e800cfff0010000000000c00468cceffc5148d
:1019f8001400bf8f0800458ccbffa41440000424ba
:101a0800145a64ac741004ae1c0040a02000438c2f
:101a1800c5ff60501400bf8f2400448c2000428c06
:101a280009f8400000000000bfff00101400bf8f3d
:101a380080bf053c105aa28ce8ffbd271000b0af4c
:101a4800080042301400bfaf1700401088bf103c98
:101a580001a0063c4032c2241800438c0800478c81
:101a68002b3867002300e0102520a000005aa58c21
:101a78000008a5301200a010000000004032c58cfc
:101a8800803003002128a6000000a58c01006324f3
:101a9800205a85ac180043ac0800428c020043145d
:101aa8000c000224045a82ac1400bf8f8000022468
:101ab800441002ae1000b08f0800e0031800bd27e4
:101ac800005a858c0004a5300600a0100000000014
:101ad8004032c58c403003002128a600ebff0010df
:101ae8000000a5944032c58c2128a300e7ff001010
:101af8000000a5900800448cecff83141400bf8fed
:101b0800105aa38c80006330e8ff60104000032463
:101b1800145aa3ac80000324741003ae1c0040a028
:101b28002000438ce1ff60501400bf8f2400448cd8
:101b38002000428c09f8400000000000dbff001084
:101b48001400bf8f88bf023c7010438c4010448c37
:101b5800e8ffbd271000b0af400084301400bfafcd
:101b680006008010258040004000623003004010cd
:101b7800000000000f06410f000000007010028ee8
:101b88004010038e800063300600601080004230f1
:101b9800040040101400bf8f1000b08f8e06410b58
:101ba8001800bd271400bf8f1000b08f0800e00395
:101bb8001800bd2701a0053ce430a5242518000025
:101bc8002510a000080006240000a78c0500e45496
:101bd800010063240c000424022864700800e00358
:101be8002110a200f8ff66140c00a5240800e003e9
:101bf8002510000001a0033c0c000524e4306324f8
:101c0800feff062408008228030040142510000067
:101c18000800e00300000000023885702110e3008e
:101c28000000478cfaffe61401008424f6ff001038
:101c380008008228feff032401a0023ce43043ace4
:101c4800e43042240c0043ac180043ac240043acfd
:101c5800300043ac3c0043ac480043ac0800e00310
:101c6800540043ace8ffbd271400bfafff06410f87
:101c7800000000002518400002006010feff02244a
:101c88000000628c1400bf8f0800e0031800bd2715
:101c9800e8ffbd271400bfaf255080002548a000ed
:101ca800ef06410f2540c0000600405400004aac32
:101cb800ef06410ffeff0424050040107cff0324bb
:101cc80000004aac040049ac080048ac25180000e4
:101cd8001400bf8f251060000800e0031800bd271e
:101ce800e8ffbd271400bfafef06410f1000b0afeb
:101cf800070040100800062425280000040044249a
:101d08008066410f25804000feff0224000002aedd
:101d18001400bf8f1000b08f0800e0031800bd2723
:101d2800b0ffbd276400a88f050000154c00bfafa9
:101d3800f1fe02244c00bf8f0800e0035000bd27cd
:101d4800256080005411048d2548e0002550c0000e
:101d5800ef06410f2558a000f6ff4050f1fe02247f
:101d68000400438cf2ff6010030003241000a3afab
:101d7800010003241400a3af6000a38f3400a0afb8
:101d88003800a0af2800a3af6800a38f3c00a0af25
:101d98004000a0af3000a3af0800468c0400438c7d
:101da8000000448c1800acaf1c00abaf2000aaaff9
:101db8002400a9af2c00a8af09f860001000a527df
:101dc80052ff0324daff43104c00bf8fdaff0010e4
:101dd8000000000003008014f1fe02240800e00364
:101de80000000000a0ffbd275000b1af258880008b
:101df8005411848c5800b3af5400b2af4c00b0af4c
:101e08005c00bfaf2590c000ef06410f2598a000e9
:101e180016004010258040000400428c130040103a
:101e280020000624252800008066410f2400a427ee
:101e3800030002241000a2af0a0002241400a2af7b
:101e48000800068e0400028e0000048e1800b1af50
:101e58001c00b3af2000b2af09f840001000a5275e
:101e680052ff0324030043145c00bf8ff1fe0224d9
:101e78005c00bf8f5800b38f5400b28f5000b18ff1
:101e88004c00b08f0800e0036000bd27b0ffbd27fd
:101e98004c00bfaf254080002558a0002550c00049
:101ea800090080102548e000ef06410f3401848cba
:101eb800090040540400438cf1fe02244c00bf8ffb
:101ec8000800e0035000bd27ff06410f0000000096
:101ed800f7ff001000000000f7ff60101000a527b2
:101ee800020004241000a4af030004241400a4afcb
:101ef800010004241800a4af6000a48f0800468cd9
:101f08001c00a8af2c00a4af6400a48f2000abafc6
:101f18002400aaaf3000a4af6800a48f2800a9af9e
:101f28003400a4af6c00a48f3800a4af7000a48f55
:101f38003c00a4af7400a48f4000a4af09f860006f
:101f48000000448c52ff0324dbff43104c00bf8f7a
:101f5800dbff001000000000b0ffbd274c00bfaf42
:101f6800254080002558a0002550c0000900801099
:101f78002548e000ef06410f3401848c09004054e5
:101f88000400438cf1fe02244c00bf8f0800e003dc
:101f98005000bd27ff06410f00000000f7ff0010aa
:101fa80000000000f7ff6010020003241000a3af38
:101fb800030003241400a3af6000a38f1800a0af90
:101fc8000800468c2c00a3af6400a38f0000448c4b
:101fd8001c00a8af3000a3af6800a38f2000abaff0
:101fe8002400aaaf3400a3af6c00a38f2800a9afc8
:101ff8003800a3af7000a38f3c00a3af7400a38f79
:102008004000a3af0400438c09f860001000a52726
:1020180052ff0324dbff43104c00bf8fdbff00108f
:1020280000000000b0ffbd274c00bfaf2540800076
:102038002558a0002550c000090080102548e00060
:10204800ef06410f7000848c090040540400438c53
:10205800f1fe02244c00bf8f0800e0035000bd27aa
:10206800ff06410f00000000f7ff0010000000000d
:10207800f7ff6010010003242800a0af2c00a0afd8
:102088003000a0af3400a0af3800a0af3c00a0af34
:102098004000a0af1000a3af060003241400a3afb4
:1020a8000800468c0400438c0000448c2400a8af30
:1020b8001800abaf1c00aaaf2000a9af09f8600058
:1020c8001000a52752ff0324e1ff43104c00bf8fe7
:1020d800e1ff00100000000003008014f1fe02245c
:1020e8000800e00300000000254080002401848ce3
:1020f800b0ffbd274c00bfaf2548e0002550c00009
:10210800ef06410f2558a0001b004050f1fe0224a5
:102118000400438c17006010060003241000a3afce
:102128006000a38f2800a0af2c00a0af3000a0afa4
:102138003400a0af3800a0af3c00a0af4000a0af73
:102148002000a3af0800468c0400438c0000448c98
:102158001400abaf1800aaaf1c00a9af2400a8afa9
:1021680009f860001000a52752ff03240300431458
:102178004c00bf8ff1fe02244c00bf8f0800e00323
:102188005000bd27a0ffbd275800b3af5400b2af21
:102198005000b1af5c00bfaf4c00b0af25888000e5
:1021a8002598a0000d0080102590c000ef06410f73
:1021b8001400848c0d00401425804000f1fe022498
:1021c8005c00bf8f5800b38f5400b28f5000b18f9e
:1021d8004c00b08f0800e0036000bd27ff06410fe8
:1021e80000000000f3ff0010000000000400428c13
:1021f800f2ff401024000624252800008066410fc5
:102208002000a427040002241000a2af0800068eb4
:102218000400028e0000048e1400b1af1800b3afa2
:102228001c00b2af09f840001000a52752ff032494
:10223800e2ff43105c00bf8fe3ff00105800b38f2c
:10224800a0ffbd275000b1af258880000400848c12
:102258005800b3af5400b2af5c00bfaf4c00b0af92
:102268002598a000ef06410f2590c00009004014f2
:1022780025804000f1fe02245c00bf8f5800b38f18
:102288005400b28f5000b18f4c00b08f0800e003ab
:102298006000bd270400428cf6ff4010240006248d
:1022a800252800008066410f2000a427050002248d
:1022b8001000a2af0800068e0400028e0000048ef3
:1022c8001400b1af1800b3af1c00b2af09f840005a
:1022d8001000a52752ff0324e6ff43105c00bf8fc0
:1022e800e7ff00105800b38f0800e003feff022448
:020000040000fa
:020000041d04d9
:1022f8001800988c1400888cc8ffbd270000898cb2
:102308001400b0af1000908c1c008d8c2640080380
:102318002660280104008a8c0800838c26100c0291
:102328000000a2af2610ac010400a2af0c00828c02
:102338003000b7af2400b4af26b8030226a0aa0124
:102348002670f4022610c2012630a3012628b00107
:102358002618620026c00203265803012638b80052
:102368002000b3af1c00b2af2610230126986701e6
:102378002790180026784c01248045020800a2af57
:102388002410f3023400beaf2c00b6af24f0c30112
:1023980026b0500026c8cf0026102301241022039f
:1023a80026c01e0326c058000000a28f2490cb0030
:1023b80026400701269050022480220127100a0097
:1023c80024104c002650a8010400ad8f261054009c
:1023d8002800b5af1800b1af24a8880226882701c5
:1023e800268006022610480026800b02261055007b
:1023f8002650550124a8b10126c016032610560000
:1024080026801e02265055012468020326801202e7
:102418002650520126904d0126a8100324c0b2026e
:1024280026c0100326b04a0026800d0224b0d00230
:102438002668b601268056012450aa0126684a0259
:10244800261050002468b80126104a002668b501f5
:1024580026b0100326f0020226500d0324400a017c
:102468002438f60024187e00261868002640e80064
:102478000400a78f26a84d002690b60224883802ab
:10248800249872022428b6002490f20224c0f8008e
:102498000800a78f24608d0124c822032628b200d3
:1024a800245875012470de0126b8850126401301e1
:1024b8002670d901269873012448300124508a02d5
:1024c800269877022468ed0126b8d7012410e20087
:1024d8002668b1012610570026782a01268831017e
:1024e8002678e30126186200261022020c0082ac2e
:1024f8000000a28f2430d500266088012690d200e3
:1025080026c00f0326c013032638830124805000f9
:1025180026604c0226504d012628af0026609801ff
:1025280026c81902269853012668ad0026b8170157
:10253800279813002738070027600c0026c03803a7
:1025480027680d001c0097ac040093ac180087acfa
:1025580014008cac100083ac080098ac00008dac63
:102568003400be8f3000b78f2c00b68f2800b58f8f
:102578002400b48f2000b38f1c00b28f1800b18fd5
:102588001400b08f0800e0033800bd270400828cd7
:102598000000858caaaa063c5555073caaaac63451
:1025a8005555e724405802002418a700245866010e
:1025b8002558630142180500241046000800858c40
:1025c80024186700251862000c00828c42700500f0
:1025d8002470c70140400200241046002570c20143
:1025e8001000828c14008a8c2448a70024604700bd
:1025f8001c008d8c24400601422802001800828ca1
:102608002540090140480a002448260125482c0194
:1026180040c00d00246047004210020024504601cb
:102628002428a70024c00603243847002468a601ec
:10263800cccc0f3c3333063cccccef353333c624fb
:102648002568ed0082380b002528aa002438e6000a
:102658008050080024400f012410660125c00c0397
:102668002538e80024504f0180400e0025504201d3
:10267800805818002410660024400f0125400201ec
:10268800826009008210030024586f012418260173
:1026980080480d002558630124482f012418a600fe
:1026a800822805002548230124104600246086015d
:1026b8002418af012430a6002518c3000f0f063ccc
:1026c8000f0fc6242470cf01f0f0053cf0f0a534bc
:1026d80025104e002470460102510a0000690b00c3
:1026e800245046012458650125504b012458060101
:1026f800024108002440060124c00f0310008aace0
:102708000051090024482501254009012560980148
:102718002448e600140088ac0239070000410c0088
:102728002438e6002440050124608501254009017c
:102738002538ec00080088ac180087ac2440460017
:1027480000390300021102002468a5012450450144
:102758002438e50024304600241865002568ae01b9
:1027680025504b012538e8002518c30000008dac22
:1027780004008aac0c0087ac0800e0031c0083aca2
:10278800c8ffbd271000a4af1400a4af1800a4af61
:102798001c00a4af2000a4af2400a4af2800a4af5d
:1027a8002c00a4af3400bfaf6509410f1000a42767
:1027b800be08410f1000a4276509410f1000a42787
:1027c8003400bf8f1000a28f0800e0033800bd2737
:1027d800e0fdbd27180002241c02bfaf1802beafdf
:1027e8001402b7af1002b6af0c02b5af0802b4af0f
:1027f8000402b3af0002b2affc01b1af4000c21097
:10280800f801b0af200002243f00c21010000224db
:102818002e00c21425a800000a0015241000b627af
:10282800828006002538c0022510000025300000ef
:102838002a18d000360060140100b326c09010009a
:10284800f001a4af809813002190d20225a0c00205
:1028580025b8000225f00000258800002a18f30298
:102868003400601425c800002580c0026509410fa6
:1028780025200002040039272a103303fbff4014e7
:10288800200010265555073caaaa063c251800002a
:102898005555e724aaaac634f001a28f8020030068
:1028a8000400c58e212044000000c28e2428a60002
:1028b800010063242410470025104500000082ac65
:1028c8002a107300f4ff40140800d6261c02bf8f9c
:1028d8002510a0021802be8f1402b78f1002b68fff
:1028e8000c02b58f0802b48f0402b38f0002b28fb6
:1028f800fc01b18ff801b08f0800e0032002bd276a
:10290800c6ff00100c001524c4ff00100e0015248b
:10291800801806002118a300030062880100c6245d
:102928000800e72400006298f8ffe2acc0ff00103e
:10293800fcffe2ac140020160700032ae209410f4d
:1029480002222200019d033c489463242118c303fa
:1029580000006390261062000000838e010031267b
:102968002610430003001116000042ae0100de27c6
:1029780025880000040042ae0100f7260800522610
:10298800b6ff001008009426f3ff60140400032427
:10299800f2ff23560000838ee209410f25204000f4
:1029a800eeff00100000838e0100a5245555073c5a
:1029b800aaaa083c80280500251800005555e724d8
:1029c800aaaa083503006514801003000800e00374
:1029d800000000002110c2000000428c01006324a6
:1029e800080084242450470040480a0025482a014a
:1029f80024104800f8ff89ac424802002510220143
:102a0800f0ff0010fcff82ace0ffbd271400b2af5e
:102a18001000b0af2590c000258080002530a000b0
:102a280050008424050005241800b3af1c00bfaf74
:102a38009a65410f2598e0001c00bf8f480012ae30
:102a48004c0013ae1400b28f1800b38f1000b08f73
:102a58000800e0032000bd27069d023ce8ffbd27d3
:102a680098964224069d053c1000b0af1400bfaff5
:102a780025808000000082ac14000624b496a524aa
:102a8800d665410f500084241400bf8f2510000024
:102a980025180000480002ae4c0003ae1000b08fad
:102aa8000800e0031800bd27e8ffbd271000b0affd
:102ab80025808000050006242520a0001400bfaf53
:102ac800a964410f500005261400bf8f4800028eec
:102ad8004c00038e1000b08f0800e0031800bd27db
:102ae80090febd276801b5af6401b4af6001b3af14
:102af8005c01b2af5801b1af5401b0af0000b18c66
:102b08000400b08c0800b28c0c00b58c1000b48c9a
:102b1800253080002598a0001000a4276c01bfafc5
:102b28009a65410f100005241000a3271001a5275e
:102b3800252060002000868c3400828c04008424c8
:102b4800261046000400868c26104600fcff868c62
:102b580026104600c2172200f6ffa4143c0082acdf
:102b68001000a227825a063c6000a42725284000ae
:102b78009979c6240000a78cc2163100211046009e
:102b880021104700263855022438f0002638f50071
:102b9800828030000400a88c2110470026381202d9
:102ba8002438f10021a8a602211054002638f2008a
:102bb80021a8a8028288310021a8f5000800a88c65
:102bc800c23e220021a8f500263811022438e2006e
:102bd800219046022638f000219048022190f20008
:102be800c23e35002190f20082a022000c00a78c82
:102bf80026103402241055002180060226105100a8
:102c080021800702218050001000a78cc2163200d4
:102c180082a8350021805000261095022410520009
:102c28002188260226105400218827022188510075
:102c38001400a524c216300021885100cdff851448
:102c480082903200d96e073c1000a627a1ebe7342a
:102c580026281202c21631002628b5002110470086
:102c6800211045005000c58c8280300021a8a702a1
:102c780021104500262832022628b00021a8b500d8
:102c88005400c58c211054008288310021a8a50267
:102c9800c22e220021a8b5005800c58c21904702f9
:102ca80082a0220021904502262811022628a2008f
:102cb8005c00c28c2180070221904502218002021b
:102cc800c22e3500261034022190b200261055007d
:102cd80021800202c2163200218050006000c28c9e
:102ce80082a8350021882702218822022610950211
:102cf80026105200218822021400c624c216300071
:102d080021885100d2ff8614829032001b8f063c26
:102d18001000a227dcbcc6342528550224385502e9
:102d28002428b000a000488c2528a700c23e310006
:102d38002138e6002138e800828030002128a700e9
:102d480021a0b40025281202243812022428b10038
:102d58002528a700a400478c21a8a6028288310054
:102d680021a8a70221a8b500c22e340021a8b500c9
:102d780025281102243811022428b4002528a70088
:102d8800a800478c2190460282a034002190470277
:102d98002190b200c22e35002190b20025283402bd
:102da800243834022428b5002528a700ac00478c15
:102db8002180060282a83500218007022180b00008
:102dc800c22e32002180b000252895022428b200a6
:102dd800243895022528a700b000478c21882602b0
:102de80014004224218827022188b100c22e300015
:102df8002188b100c8ff82148290320062ca063c62
:102e0800d6c1c63426101202c22e31002610550033
:102e18002128a60021104500f000658c8280300032
:102e280021a8a60221104500262832022628b00033
:102e380021a8b500f400658c211054008288310067
:102e480021a8a502c22e220021a8b500f800658c91
:102e58002190460282a022002190450226281102d4
:102e68002628a200fc00628c2180060221904502df
:102e780021800202c22e3500261034022190b200b1
:102e88002610550021800202c2163200218050000f
:102e98000001628c82a8350021882602218822023e
:102ea800261095022610520021882202140063245d
:102eb800c216300021885100d2ff8314829032005c
:102ec8000000628e6c01bf8f218851000400628e61
:102ed800000071ae5801b18f218050000800628e49
:102ee800040070ae5401b08f219052000c00628e25
:102ef800080072ae5c01b28f21a855001000628ee6
:102f08000c0075ae6801b58f21105400100062ae38
:102f18006401b48f6001b38f0800e0037001bd271e
:102f2800d0ffbd271000b0af4800908c2400b5af8b
:102f38002000b4af1c00b3af1400b1af2c00bfaf7a
:102f48002800b6af1800b2af2588800025a8a000d9
:102f58002598c0003f001032040094240a0060162f
:102f68002c00bf8f2800b68f2400b58f2000b48fa7
:102f78001c00b38f1800b28f1400b18f1000b08fef
:102f88000800e0033000bd27400016242310d002bb
:102f98002b9053000a107202212090022530400025
:102fa8002528a002d665410f259040004800228eb2
:102fb8004c00248e21801202211852002b1062002e
:102fc80021104400480023ae050016164c0022ae1e
:102fd80050002526ba0a410f2520800225800000ce
:102fe80021a8b202ddff00102398720288ffbd27d6
:102ff8006800b0af4800908c7000b2af6c00b1af01
:103008003f00103225300002259080002588a0005e
:10301800040085247400bfafd665410f1000a427b3
:103028005000a42714000624d665410f50004526f9
:103038001000a327010002262180700080ff0324ce
:10304800000003a21000a327212062003900432cae
:103058002a00605438000624400006242330c200a9
:103068008066410f252800005000a527ba0a410fa5
:103078001000a42738000624252800001000a427e3
:103088008066410f000000004800428e4c00438ecd
:103098005000a52742270200c01803002518830006
:1030a800022603004800a4a3c01002000224030063
:1030b8004900a4a3a010027c022203004a00a4a392
:1030c800021422001000a4274b00a3a3ba0a410f40
:1030d8004c00a2af5000a52725202002a964410f6b
:1030e800050006247400bf8f7000b28f6c00b18f8a
:1030f8006800b08f0800e0037800bd272330c200c5
:08310800dfff00102528000084
:020000040000fa
:020000041d04d9
:10311000b8ffbd275c00a28f2800b2af4400bfaf4c
:103120001000a2af2500a22c4000beaf3c00b7affc
:103130003800b6af3400b5af3000b4af2c00b3af39
:103140002400b1af2000b0af060040105800b28f8d
:1031500001000224258080002588a0000500a2141b
:103160002598c00001a0023c160003245a0000105c
:103170004cb043ac3c00028e4c00038e2b18430035
:103180002b006010010043243c0003ae0000499076
:1031900020000224f7ff2211f7ff22250500422c10
:1031a000f4ff4014d5ff22254408027c0b00401494
:1031b00025a000003c00028e4c00038e2d00343907
:1031c0000100942e2b1843001d00601023a0140052
:1031d000010043243c0003ae000049901c00201273
:1031e0004c00038e100002248501221230000224bc
:1031f000059d023cc9544224211022010000429046
:103200002b105100550040140a00022404006010e5
:10321000252800003c00028effff42243c0002ae45
:103220002366410f25200002cfff001001a0023cc1
:10323000735b410f25200002d5ff00102548400098
:10324000735b410f25200002e4ff00102548400079
:1032500030000224e6ff22550a0011243c00028eb1
:103260002b1843002c006010010043243c0003aee7
:1032700000004990200022357800032435004314d3
:10328000000000003c00028e4c00038e2b1843000f
:1032900025006010010043243c0003ae000049906b
:1032a000059d023cc9544224211022010000429095
:1032b0001000422c2b004054100011244c00028eb0
:1032c0004b014010253800001b0060123c00028eac
:1032d000feff42243c0002ae2538000025f000002d
:1032e0004400bf8f2518c0032510e0004000be8faa
:1032f0003c00b78f3800b68f3400b58f3000b48fe4
:103300002c00b38f2800b28f2400b18f2000b08f23
:103310000800e0034800bd27735b410f2520000231
:10332000d4ff001025484000735b410f25200002a8
:10333000dbff001025484000ffff42243c0002aea6
:10334000252800002366410f25200002e3ff00101e
:1033500025380000830020120a0002247a0022127d
:103360009919153cffff2726059d133c24a8f10061
:10337000f500a016c9547326170002240210227209
:10338000059d033cbc5463244011427c2110430042
:103390000000568021106902000057902b10f102a6
:1033a000040040100008023c2b10a2026f004054a1
:1033b0003c00028e2530c002ffff0424ffff0524dd
:1033c0001c00a9afd664410f1800b5af1800a78f35
:1033d0001c00a98f25f000001400a2af25a86000f2
:1033e00021106902000057902b10f1029e0040103e
:1033f0002b10be029d004054059d133c0400d517c0
:103400001400a28f2b10470098004054059d133cd8
:103410003c00028e4c00038e2b18430060006010ad
:10342000010043243c0003ae000049902520e00049
:103430002528c0032530c0021265410f1800a9af2e
:103440002538e20225f06000e5ff00101800a98f82
:103450004c00038e2b1843003600601001004324fb
:103460003c0003ae000042900a0007240218677275
:1034700021386900d0fff32425484000d0ff2225e1
:103480000a00422c030040102b107502f0ff40543c
:103490003c00028e9919153c2538600225f0000089
:1034a0009a99b536d0ff33250a00622e8700401066
:1034b0002b10d5036c004010ffffa2260600c21798
:1034c0000a0002249999023c9a9942342b10e20096
:1034d000650040100a0002241900470010b80000df
:1034e00012b0000002185e7021b87700ffff0324bd
:1034f0000400e316271013002b1056005b00405405
:10350000059d133c3c00028e4c00038e2b1843009b
:103510001000601000000000010043243c0003aed6
:1035200000004990213876022b40f600ddff0010a4
:1035300021f0170125200002735b410f1400a9af91
:10354000c9ff00101400a98f25980000cbff0010c0
:103550009999b536735b410f25200002f1ff0010e9
:10356000254840007fff0010080011244c00038e06
:103570002b18430006006010010043243c0003aefa
:10358000000049900438d50282ff001025a8f700fa
:10359000735b410f25200002faff00102548400010
:1035a00025200002735b410f1800a7af254840009b
:1035b0009eff00101800a78f4c00038e2b184300ad
:1035c0005d006010010043243c0003ae0000499000
:1035d0000210357221a85600211069020000569091
:1035e0002b10d102050040101c07023cc771422479
:1035f0002b10a202f0ff40543c00028e2538a0029e
:1036000025f0000021106902000055902b10b10236
:10361000150040101900f100122000000900c0132d
:103620001028000019003e02126000002110ac00ba
:103630002b104c001068000021104d000b0040546e
:10364000059d133c0210d173ffff032425b08000b9
:1036500021b845003e00e316271015002b1044004a
:103660003c0040503c00028e059d133cc95473261b
:1036700021483301000022912b10510014004050ca
:103680004c00028e3c00028e4c00038e2b1843002f
:103690003e006010010043243c0003ae0000429055
:1036a00021106202000042902b105100f5ff4014df
:1036b00001a0023c220003241000be8f4cb043ac9a
:1036c00001004232253840020ba002004c00028e5d
:1036d000050040101000a28f3c00028effff422424
:1036e0003c0002ae1000a28f2b10c2033900401420
:1036f0001000a28f03005e142b10f200360040145d
:10370000ffff022401004232250040141000a28f66
:103710002200801601a0023c220003244cb043acde
:103720001000a28fffff47262b90f200ffff5124cd
:10373000ebfe001021f05102735b410f25200002c7
:10374000a3ff001025484000a3ff001025a800009b
:103750003c00028e4c00038e2b18430007006010c3
:10376000010043243c0003ae000049902138b6021a
:103770002b40f600a3ff001021f01701735b410fef
:1037800025200002f9ff001025484000735b410f1f
:1037900025200002c3ff0010211062021000a28f3a
:1037a0002b105e00050040141000a28f0900c21704
:1037b0002b10470208004010ffff022401a0023c2a
:1037c000220003244cb043ac25384002c4fe001054
:1037d0001000be8fffff0224c1fe821623401e0090
:1037e000233807002b100700bdfe001023f0020154
:1037f000bbfe601625f00000d2fe00102528000058
:1038000096fe2211059d023c7bfe0010c954422405
:020000040000fa
:020000041d04d9
:10381000251000000000838cc01102000100652407
:10382000000085ac000063907f006530201c037ca5
:10383000f8ff60042510a2000800e003000000006b
:103840000000828c000042908001427c2310020024
:103850000000838cc011020001006524000085accb
:10386000000063907f006530201c037cf8ff60043b
:103870002510a2000800e00300000000049d073ca2
:10388000e0ffbd27284de724049d023c2530800041
:103890001c00bfaf494e4224080087ac1000a4278b
:1038a000040e410f1000a2af0400c38c8020020060
:1038b00000140200211864000800c48c1c00bf8f93
:1038c0002338870021104700040064240400c4ac9e
:1038d000000062ac1000a28f2000bd270800e003aa
:1038e0000800c2acc8ffbd270800828c2000b2af20
:1038f0001800b0af0400928c0000908c2400b3af8d
:10390000049d133c1c00b1af3400bfaf3000b6af14
:103910002c00b5af2800b4af258880001400a2affa
:103920007c4c73261400a28f010043241400a3af23
:10393000000042902700432c40016010049d033c8e
:103940008010020058396324211062000000428c6c
:103950000800400000000000f439049d603a049d16
:10396000743a049d8c3a049db03a049dc03a049d7b
:10397000e43a049d003b049d203b049d303b049da4
:10398000403b049d503b049d6c3b049d843b049d47
:10399000983b049da83b049dbc3b049dd03b049deb
:1039a000e43b049df43b049d043c049d143c049db5
:1039b000143a049d243c049d4c3c049d783c049d99
:1039c000183b049d943c049d9c3c049dd83c049d64
:1039d000e83c049df03c049d003d049d083d049d91
:1039e0008c3d049df43d049d0c3e049d203e049db1
:1039f000343e049dfcff428e021c0200801803002e
:103a000023904302ffff433010006014fcff522656
:103a10001400a0af1400a28f3400bf8f000030ae9e
:103a2000040032ae080022ae3000b68f2c00b58ff5
:103a30002800b48f2400b38f2000b28f1c00b18ff8
:103a40001800b08f0800e0033800bd27049d023c39
:103a5000284d422421106200b2ff00101400a2afd2
:103a6000100e410f1400a427000002aeadff00109d
:103a700004001026040e410f1400a4278010020039
:103a800023104202f8ff0010f8ff428c1400a42714
:103a9000040e410ffcff0626fcff038e801002007f
:103aa00023104202f8ff43ac9eff00102580c000a7
:103ab000100e410f1400a427e6ff00101400a38f7e
:103ac000100e410f1400a427fcff038e95ff601019
:103ad000fcff10261400a38f2118620091ff001034
:103ae0001400a3af100e410f1400a427fcff038e97
:103af0008cff6014fcff1026f7ff00101400a38f4a
:103b0000fcff028ef8ff038e1a006200f4014000f1
:103b100010100000f8ff02ae82ff0010fcff10261c
:103b2000f8ff028efcff038efaff001002104370b4
:103b3000f8ff028efcff038ef6ff001021104300f9
:103b4000f8ff028efcff038ef2ff001023104300eb
:103b5000f8ff038efcff028efcff03aef4ff038e22
:103b6000f4ff02ae6fff0010f8ff03aef8ff028e05
:103b7000fcff038e1a004300f4016000e5ff001013
:103b800012100000fcff028ef8ff038e2a10620064
:103b9000e0ff001023100200f8ff028efcff038eee
:103ba000dcff001004106200fcff028ef8ff038ea1
:103bb0002a104300d7ff0010ffff4224fcff028eb3
:103bc000f8ff038e26104300f1ff00102b100200b7
:103bd000fcff028ef8ff038e26104300ecff00105e
:103be0000100422cfcff028ef8ff038ee8ff00105c
:103bf0002a104300fcff028ef8ff038eedff001039
:103c00002a106200f8ff028efcff038ec1ff001035
:103c100007106200f8ff028efcff038ebdff00104c
:103c200024104300f8ff038efcff028e02000424e0
:103c3000f0ff23ae38022326ecff24a2f4ff23aecc
:103c4000f8ff22ae37ff0010f8ff1026f8ff038eb2
:103c5000fcff048e01000224ecff22a2380222267f
:103c6000f0ff22ae21104300f4ff23aef8ff22ae96
:103c7000f4ff0010fcff24aefcff028e049d033c09
:103c800060526324211043000000429025ff001081
:103c9000fcff02ae74ff0010fcff028efcff038edf
:103ca000049d053c6052a52421106500000046904b
:103cb00010012492f5ffc4142510000001006324b4
:103cc0002128a3002f65410f110124260100422c59
:103cd000eeff001023100200fcff028efcff1026f6
:103ce0004cff00100c0122aef9ff0010fcff028e09
:103cf000f8ff028efcff038e86ff001025104300a4
:103d000059ff0010f8ff028efcff158e3402228e40
:103d1000f8ff168e2ba055000a10b4020600c01240
:103d200025a040003002258eecffc426253040003f
:103d3000d665410f2120240225022292090040501d
:103d40003002228e2c02228e060040503002228e3b
:103d50003002258e2802248e09f84000253080028a
:103d60003002228e21b0960221105400300222ae81
:103d70003402228e2310540023a0b402340222ae57
:103d8000f8ff16aee7fe0010fcff14ae3402228ee0
:103d90000500401404001426ffff0224000002aeb8
:103da000e0fe0010258080023002228e01004324b4
:103db000300223ae000042901000a2a325022292fe
:103dc000080040503402228e2c02228e0400401043
:103dd000010006242802248e09f840001000a527bf
:103de0003402228effff4224340222aeebff001089
:103df0001000a293f8ff038ef4ff028ef4ff03aecf
:103e0000fcff038ea1ff0010f8ff03aefcff028e43
:103e1000f8ff038e211022028aff0010ecff43ac52
:103e2000fcff028ef8ff038e2110220285ff001096
:103e3000ecff43a0f2ff0010f8ff028ed9ff4224ee
:103e4000401002002110530000004294049d033ce6
:103e5000284d66242110c2001000a427040e410f33
:103e60001000a2af1400a38f8020020000140200f3
:103e700023186600212044022118620004009224c5
:103e8000000083acf4fe00101000a28fe0ffbd27fd
:103e90001800b1af1400b0af2588a0002580c00085
:103ea000252800001c00bfaf8066410f580406247f
:103eb000400251ac3c0250ac25404000200042245e
:103ec000140002ada0000225180002ad1400082560
:103ed0001f0e410f252000011c00bf8f1800b18f5d
:103ee0001400b08f25200001390e410b2000bd27a2
:103ef000440285ac480286ac390e410b1400842480
:103f0000e0ffbd271000b0af01a0103c1400b1af1e
:103f10002528800025888000100006241c320426f5
:103f20001c00bfafcf63410f1800b2af10000624d2
:103f3000252820021c3204269466410f259040005b
:103f4000059d053c1c320626fc38a524ef29410faf
:103f5000252000000a0040121c3206261c00bf8fdc
:103f60001800b28f1400b18f1000b08f1880848faa
:103f7000059d053c1039a524ace1400b2000bd2770
:103f80001c00bf8f010002241800b28f1400b18ff3
:103f90001000b08f0800e0032000bd27e0ffbd2720
:103fa0001000b0af01a0103c1400b1af2528800074
:103fb00025888000140006242c3204261c00bfaf84
:103fc000cf63410f1800b2af140006242528200249
:103fd0002c3204269466410f25904000059d053c37
:103fe0002c3206261439a524ef29410f2520000084
:103ff0000a0040122c3206261c00bf8f1800b28f18
:104000001400b18f1000b08f1880848f059d053c7f
:104010002c39a524ace1400b2000bd271c00bf8f2c
:10402000010002241800b28f1400b18f1000b08f6d
:104030000800e0032000bd27e0ffbd271000b0af5f
:1040400001a0103c1400b1af252880002588800015
:10405000100006240c3204261c00bfafcf63410fb2
:104060001800b2af10000624252820020c320426c6
:104070009466410f25904000059d053c0c320626b4
:104080003439a524ef29410f252000000a004012f1
:104090000c3206261c00bf8f1800b28f1400b18f9f
:1040a0001000b08f1880848f059d053c5439a524dd
:1040b000ace1400b2000bd271c00bf8f0100022493
:1040c0001800b28f1400b18f1000b08f0800e00309
:1040d0002000bd27059d053ce0ffbd276439a524d0
:1040e0001c00bfafef29410f252000001880848fee
:1040f000049d023c38404224059d073c01a0063c3b
:10410000059d053c1000a2af7439e7240c32c6248b
:10411000c6e1400f5439a5241880848f049d023cc9
:10412000003f4224059d073c01a0063c059d053c3f
:104130001000a2af7c39e7241c32c624c6e1400f30
:104140001039a524049d023c1880848f9c3f422492
:10415000059d073c01a0063c059d053c1000a2af53
:104160008039e7242c32c624c6e1400f2c39a5241f
:104170001c00bf8f0800e0032000bd27e0ffbd2723
:104180001c00bfaf1800b2af1400b1af424f400fd8
:104190001000b0af01a0063c059d053c1c32c624b2
:1041a0001039a5242520400025804000a44e400f52
:1041b00001a0113c059d053c0c322626252000025d
:1041c000a44e400f5439a524059d053c0c322626eb
:1041d00025200002a44e400f9039a5245ff0400f27
:1041e00001a0113c059d053c252000022530400022
:1041f000a44e400f9c39a52449f0400f0000000058
:10420000059d053c2520000225304000a44e400fae
:10421000a039a52479f0400f00000000059d053c61
:104220002520000225304000a44e400fa439a524cb
:104230008ff0400f00000000059d053c2520000286
:1042400025304000a44e400fac39a524a5f0400f06
:1042500000000000059d053c25200002253040009f
:10426000a44e400fb439a524059d053c2c322626ca
:1042700025200002a44e400f2c39a524059d053ca5
:104280002c322626c439a524a44e400f2520000236
:104290005e4c400f2520000201a0113c25904000fb
:1042a00000080624252840009466410fdce72426f8
:1042b000dc51400f25204002234a400f25200002f8
:1042c0001c00bf8fdce722261800b28f1400b18fcc
:1042d0001000b08f0800e0032000bd27d0ffbd27ed
:1042e000059d053c2400b2afcc39a5242590800063
:1042f000252000002c00bfaf2800b3af2000b1afd5
:104300001c00b0afef29410f01a0113c5f10410f1d
:1043100001a0133c059d063c25384000e839c62421
:104320000a0805242d67410fd0df24261000a72797
:1043300000080624d0d76526d0df24267925410f32
:104340001000a0af0d004010059d053c2530400039
:10435000f439a524ef29410f252000002510000085
:104360002c00bf8f2800b38f2400b28f2000b18fa4
:104370001c00b08f0800e0033000bd271000a68f9e
:1043800025804000450002240c0042ae3c0002247f
:10439000200446a6d0d76526ffffc630200044265d
:1043a000d665410f1c0042ae059d053c183aa52478
:1043b000ef29410f25200000ca65410fd0df2426d8
:1043c00025904000d0df3126059d133c2a181202ab
:1043d00006006014059d053c303aa524ef29410fe5
:1043e00025200000deff0010010002242110300211
:1043f000000046802c3a6526ef29410f2520000059
:10440000f2ff001001001026d8ffbd27059d053cd6
:10441000253080001400b0af343aa52425808000f8
:10442000252000002400bfaf2000b3af1c00b2afb6
:10443000ef29410f1800b1af564c400f2520000264
:10444000059d053c25904000503aa524c94c400fdd
:1044500025204000259840020b984200059d053c10
:104460001039a524c94c400f252060022600405079
:10447000258800001000448cc00f410f010011245a
:1044800025804000059d053c2c39a524c94c400fd2
:104490002520600207004010059d053c1000448c5b
:1044a000e70f410f0100112424800202ff001032a7
:1044b000059d053c5439a524c94c400f25206002b8
:1044c00006004010000000001000448c0e10410f48
:1044d0000100112424800202ff001032234a400f01
:1044e000252040022400bf8f2480110225100002e5
:1044f0002000b38f1c00b28f1800b18f1400b08f52
:104500000800e0032800bd27deff00100100102492
:10451000d0ffbd27059d053c2800b1af543aa52426
:1045200025888000252000002c00bfafef29410f17
:104530002400b0af200425961800a22701a0103c4b
:10454000dce70626200024261400a0af1000a2af4e
:104550000008072415f9400f1800a5af0211410ffc
:10456000dce704262c00bf8f2800b18f2400b08f19
:104570000800e0033000bd270c00828c01000624f7
:104580000300461403000324b710410b2520a000ac
:1045900003004314000000004411410b0000000020
:1045a0000800e0032510000001a0023c0800e00321
:1045b0001c32422401a0023c0800e0032c324224b9
:0c45c00001a0023c0800e0030c32422481
:020000040000fa
:020000041d04d9
:1045cc00e0ffbd271400b2af1000b0af2590c000c3
:1045dc00258080002530a000500084240400052490
:1045ec001800b3af1c00bfaf4466410f2598e00024
:1045fc001c00bf8f480012ae4c0013ae1400b28fdb
:10460c001800b38f1000b08f0800e0032000bd2706
:10461c00059d023ce8ffbd27f8454224059d053c5d
:10462c001000b0af1400bfaf25808000000082ac3a
:10463c00100006244447a524d665410f500084245d
:10464c001400bf8f2510000025180000480002ae92
:10465c004c0003ae1000b08f0800e0031800bd271b
:10466c00e8ffbd271000b0af2580800004000624b1
:10467c002520a0001400bfafb864410f50000526e0
:10468c001400bf8f4800028e4c00038e1000b08fb8
:10469c000800e0031800bd2798ffbd2725308000d7
:1046ac006000b4af5c00b3af5800b2af5400b1af10
:1046bc005000b0af0000b18c0400b38c0800b28c79
:1046cc000c00b08c1000a42725a0a0006400bfaf84
:1046dc004466410f10000524059d023c44464224cb
:1046ec001000a4275000a627252840000000878c26
:1046fc000000a88c2618500224187300261870008d
:10470c002138e80021186700218871000400a78c6b
:10471c000400838c428e31002188330221186700fb
:10472c00218070002618720224187100261872005d
:10473c000800a78c218003020800838c02853000be
:10474c002180110221186700219072002618330273
:10475c002418700026187300219043020c00a78cbb
:10476c000c00838cc29332002190500221186700f8
:10477c002198730026183002241872002618710034
:10478c0021986302829a33001000842421987202cb
:10479c00d6ffc4141000a524059d043c14468424a3
:1047ac004000452425304000253880002618720230
:1047bc004000c88c2418700026187200211868005c
:1047cc000000e8901000a9271000c62480400800c3
:1047dc00214028010000088d0400e72421186800fe
:1047ec00fdffe890218871003400c38c80400800e4
:1047fc0021402801218003020000038dc28e31006c
:10480c0021883302218003022618330224187200f7
:10481c00feffe89026187300218003023800c38c39
:10482c008040080021402801219043020000038da4
:10483c00c2853000218011022190430226183002db
:10484c0024187300ffffe890261871002190430292
:10485c003c00c38c80400800214028012198630251
:10486c000000038d82943200219050022198630243
:10487c002618120224187100261870002198630261
:10488c00029b3300c9ffa614219872022530400008
:10489c00253880008000c88c26487202261830010a
:1048ac00211868001000e8901000aa271000c624f8
:1048bc0080400800214048010000088d0400e724d6
:1048cc00211868000d00e890218871007400c38cd9
:1048dc008040080021404801218003020000038d24
:1048ec000e00e890028f3100218003027800c38c07
:1048fc008040080021883302214048012190430266
:10490c00264831010000038d2180090242853000c8
:10491c0021801102219043020f00e89026183302e7
:10492c0026187000219043027c00c38c8040080044
:10493c0021404801219863020000038d029432004b
:10494c00219050022198630226183002261872001a
:10495c0021986302429a3300ceffa614219872026a
:10496c00c000468c271810002518730026187200fa
:10497c0021186600200086901000a7271000422402
:10498c00803006002130e6000000c68c0400842430
:10499c00211866001d00869021887100b400438c9c
:1049ac00803006002130e600218003020000c38c19
:1049bc00828e3100218833022180030227181200d5
:1049cc001e008690251871002618730021800302a2
:1049dc00b800438c803006002130e6002190430261
:1049ec000000c38c8285300021801102219043028b
:1049fc00271813001f0086902518700026187100c8
:104a0c0021904302bc00438c803006002130e6002c
:104a1c00219863020000c38c429432002190500212
:104a2c0021986302271811002518720026187000af
:104a3c0021986302c29a3300c9ffa2142198720212
:104a4c000000828e6400bf8f218851000400828e8a
:104a5c00000091ae5400b18f219853000800828e53
:104a6c00040093ae5c00b38f219052000c00828e38
:104a7c00080092ae5800b28f218050000c0090ae0e
:104a8c006000b48f5000b08f0800e0036800bd27b1
:104a9c00d0ffbd271000b0af4800908c2400b5affc
:104aac002000b4af1c00b3af1400b1af2c00bfafeb
:104abc002800b6af1800b2af2588800025a8a0004a
:104acc002598c0003f001032040094240a006016a0
:104adc002c00bf8f2800b68f2400b58f2000b48f18
:104aec001c00b38f1800b28f1400b18f1000b08f60
:104afc000800e0033000bd27400016242310d0022c
:104b0c002b9053000a107202212090022530400095
:104b1c002528a002d665410f259040004800228e22
:104b2c004c00248e21801202211852002b1062009e
:104b3c0021104400480023ae050016164c0022ae8e
:104b4c0050002526a911410f252080022580000048
:104b5c0021a8b202ddff00102398720290ffbd273e
:104b6c006000b0af4800908c6800b2af6400b1af89
:104b7c003f00103225300002258880002590a000cf
:104b8c00040085246c00bfafd665410f1000a4272c
:104b9c005000a42710000624d665410f500025268e
:104bac001000a327010002262180700080ff03243f
:104bbc00000003a21000a327212062003900432c1f
:104bcc002800605438000624400006242330c2001c
:104bdc008066410f252800005000a527a911410f20
:104bec001000a42738000624252800001000a42754
:104bfc008066410f000000004800238e4c00228e7e
:104c0c005000a52742270300c01002002510820087
:104c1c00c01803004800a3af021a02004c00a2a364
:104c2c004d00a3a31000a427021c020002160200d0
:104c3c004e00a3a3a911410f4f00a2a35000a5271a
:104c4c0025204002b864410f040006246c00bf8f7d
:104c5c006800b28f6400b18f6000b08f0800e00371
:104c6c007000bd272330c200e1ff00102528000092
:020000040000fa
:020000041d04d9
:104c7c00000005000a000f00140018001c002000a2
:104c8c00240028002c003000340038003c00400088
:104c9c00440048004c005000540058005d00620075
:104cac0067006f00740079007e00830088008d001f
:104cbc00920097009c00a100a600b500bb00c100ab
:104ccc00c600ce00d600dc00e700f600fa00ff00bc
:104cdc00040109010e011301170121016c0271027b
:104cec007f0293029a02a602b402c302e402c0033a
:104cfc00ce03df03e8032b04630467046b04700426
:104d0c00a004ba04e604f104fa0407050b050f0528
:104d1c00130517051b051f0523052f0500010010a2
:104d2c0000000100110000010109000001010a004e
:104d3c00001a1a0000012d000001250000012600b8
:104d4c0000013000000128000001270000012400b0
:104d5c000001320000012a0000012b0000012e008e
:104d6c0000012c00000129000001310000010200ab
:104d7c0000010100000184390000018424000001bd
:104d8c008438000001844c01840800000184300048
:104d9c00000184340000018428000001842c0000f0
:104dac000182240000018855000001885400000194
:104dbc008045000001804e000001805400000181fc
:104dcc00360002030003011b0201132602000f151b
:104ddc0000000502341d00000602351d0000011004
:104dec004f0000110502381d4c0000110502381d42
:104dfc004d00000602301d00001b1901080e26296b
:104e0c001909000001300a1b010001094b05022f92
:104e1c001d00002020000001805a0000018062006b
:104e2c000001806b0000018074000001807d000097
:104e3c00013d0000201106042b6b7a710004010067
:104e4c003d2501003c250187ffff7f6d6d701b0127
:104e5c00201106111a4c6b700102506e01021206e1
:104e6c0002391d51700102506c6d7a6d7a6d65437b
:104e7c0024422465412440245101013c256d7a01d2
:104e8c00003c256d6d600502391d741c061c7a6191
:104e9c006d3f6803003f260200092602000a6803e2
:104eac000151510200020118041e5a1c0618640319
:104ebc000251611b03031b3f230d0602331d6202cb
:104ecc00020203170402391d5101003e2571012114
:104edc005b01225b1b01231106281a4c6b6d1b0610
:104eec001d6d601a701b0101110603631a70010419
:104efc00506b4a1c06035f04017b515104605151f5
:104f0c000408017f110502381d1a516d600680637b
:104f1c00751c060601023b048057761c060601032d
:104f2c003b04804d771c060601043b048043781c2f
:104f3c00060501053b043a791c060501063b0431c4
:104f4c00551c060501023a0428561c060501033ab5
:104f5c00041f571c060501043a0416581c060501cb
:104f6c00053a040d591c060501063a04040100011a
:104f7c0000040401000100462545257a617a511a86
:104f8c0001013d2573301d00000181060001540d07
:104f9c000602321d1b03000a020000006d711b018a
:104fac0001110608630101153e2504012b7a00004e
:104fbc00700106506f0000700103506b72060237cf
:104fcc001d0000261b0607211b06011604762b006c
:104fdc00000101506a01011006022c1d722700000d
:104fec00600502391d471c060401170412481c06f3
:104ffc00040118040a491c060401190402391d0095
:10500c0004701b011701184b05022f1d0118110309
:10501c00004d6b660200060c0180640803016602f9
:10502c000109040e1b01320d060401806409018e76
:10503c006c090301020101826d08020101030901df
:10504c00040c090201018063090180640c0a02014d
:10505c0001830f090183100c0903030101010c6783
:10506c002a01010e020101040728020101806407d4
:10507c0027020101831007281f1506030118095d7b
:10508c0009521b0105140203090303011f15010139
:10509c0026670203092a03030100011767019c100c
:1050ac000803020100013b67013c080202090302ec
:1050bc000100013c670202090302721b012e11065a
:1050cc000d1a721b013001394b06031a047401804e
:1050dc005a1006022f1d51020302020001725301e5
:1050ec000a08030072530200090002030003016660
:1050fc001b020102004b05022f1d00002370010250
:10510c00500b6900031b0300030103026b721b01ac
:10511c008100130602361d1b010011060b1a1b051c
:10512c00041a01000072046f02011b0502331d2ad0
:10513c00030102022502022903021b060372046802
:10514c001a020002010a0001721b0181000d060106
:10515c00000181000a1b0502311d03000100020041
:10516c00010012061902002a03001b0183ffff7fb6
:10517c00120602321d01080e26722309046000007b
:10518c006a5e00006b7a0000704e6b00016b1b05b1
:10519c0002361d721b018100130602361d03001b13
:1051ac0006167202001b0187ffff7f130602361dd5
:1051bc0001080e09030004671a020000006b1b01b2
:1051cc00817f1206087a010044250100001b44254a
:1051dc00442962017f0001720300020001051401e1
:1051ec0001151e02000106141b01011506022d1dde
:1051fc0001040e0200011f151b011f1106022e1dba
:10520c000900001b05050100017f007000001b0553
:10521c0002321d2a730000221b0100130601001a22
:10522c001604740001010000010b000001150000c0
:10523c00011f000001290000013300007b1a00004f
:10524c001b06077c1b0601160476000001002021ba
:10525c000b2b000000092a864886f70d0101010975
:10526c002a864886f70d010105092a864886f70d1e
:10527c0001010e092a864886f70d01010b092a86c1
:10528c004886f70d01010c092a864886f70d0101a5
:10529c000d072a8648ce3d0201082a8648ce3d03da
:1052ac000107052b81040022052b81040023072a0a
:1052bc008648ce3d0401082a8648ce3d04030108e9
:1052cc002a8648ce3d040302082a8648ce3d0403b4
:1052dc0003082a8648ce3d040304001f03fc077f05
:1052ec000b5e0f1f12fe16bf1a9f1e7e223f261e3c
:1052fc0029df001f03fd079f0b7e0f3f131e16dfd8
:10530c001abf1e9e225f263e29ff03551d13000067
:020000040000fa
:020000041d04d9
:10531c00dcef00a01412000000000000400000a010
:10532c001000000000000000880200a0180100001e
:10533c00010000006454059d000000000000000006
:10534c000000000000000000000000000000000051
:10535c000000000000000000000000000000000041
:10536c000000000000000000000000000000000031
:10537c000000000000000000000000000000000021
:10538c000000000000000000000000000000000011
:10539c000000000000000000000000000000000001
:1053ac0000000000000000000000000000000000f1
:1053bc0000000000000000000000000000000000e1
:1053cc0000000000000000000000000000000000d1
:1053dc0000000000000000000000000000000000c1
:1053ec0000000000000000000000000000000000b1
:1053fc0000000000000000000000000000000000a1
:10540c000000000000000000000000000000000090
:10541c000000000000000000000000000000000080
:10542c000000000000000000000000000000000070
:10543c000000000000000000000000000000000060
:10544c00000000000000000000000000500000a060
:10545c000400000000000000783001a06c00000087
:10546c0000000000540000a0080000000000000034
:10547c00502f01a0a8000000000000005c0000a05c
:10548c000800000000000000903101a0480000005e
:10549c0000000000640000a01000000000000000ec
:1054ac00e03201a01400000000000000740000a015
:1054bc001c00000000000000d83101a034000000e6
:1054cc0000000000900000a022000000000000007e
:1054dc00c83201a01800000000000000b40000a0b9
:1054ec000c00000000000000080400a028000000d0
:1054fc0001000000bb010300d10101004b020100bf
:10550c00330203007c020300dd030300de0303000f
:10551c00e0030300e1030100b3220100c00000a07e
:10552c002000000000000000443101a04c000000ed
:10553c0000000000040000a00600000001000000b4
:10554c00ffffffffffff0000e00000a008000000cd
:10555c0000000000fc2301a0440300000000000038
:10556c00e80000a038000000000000000c0000a0c3
:10557c000400000001000000ffffffff200100a05d
:10558c003400000000000000403201a028000000a0
:10559c0000000000482b01a04401000000000000a6
:1055ac00301b01a0c004000000000000540100a04a
:1055bc001800000000000000043301a00c000000e3
:1055cc0000000000f01f01a00c040000000000000f
:1055dc006c0100a00500000000000000740100a098
:1055ec000c00000000000000902d01a0f80000004d
:1055fc0000000000100000a00200000001000000ec
:10560c0001000000800100a0080000000000000064
:10561c00300400a02400000001000000f401000090
:10562c00d007000001000000010000000100000094
:10563c0000000000806e059ddc82059d52990000e3
:10564c00ac3201a01c00000000000000880100a08a
:10565c000c000000000000006c0400a0e0ab000097
:10566c0000000000940100a01c00000000000000dd
:10567c00301301a00008000000000000b00100a0e1
:10568c000400000000000000140000a00400000052
:10569c000100000001000000600400a004000000f4
:1056ac000100000004000000882e01a0c8000000ca
:1056bc0000000000b40100a03c000000000000004d
:1056cc000c3201a03400000000000000180000a003
:1056dc000400000001000000703a059df00100a0dc
:1056ec000800000000000000e43001a06000000091
:1056fc0000000000f80100a01c00000000000000e9
:10570c00140200a01c000000000000008c2c01a062
:10571c000001000000000000300200a00c0000009e
:10572c00000000001c0000a00100000001000000af
:10573c0002000000000000a00400000000000000b7
:10574c008c3201a020000000000000003c0200a0f0
:10575c002800000000000000f00101a03c11000036
:10576c0000000000640200a0020000000000000025
:10577c00540400a00c00000001000000806e059d88
:10578c00dc82059d6c82059df43201a00f000000a7
:10579c0000000000680200a00800000000000000eb
:1057ac00d0d700a00c18000000000000700200a070
:1057bc000100000000000000482901a000020000c8
:1057cc0000000000200000a0040000000100000008
:1057dc00ffffffff710200a00100000000000000ad
:1057ec00402701a00802000000000000240000a0d7
:1057fc000c0000000100000000300000000400005c
:10580c00d0cd00a0740200a0060000000000000033
:10581c00300000a0040000000100000002000000a5
:10582c0050b000a080270000000000007c0200a007
:10583c000900000000000000340000a00800000077
:10584c000100000000080000ec5a059df82f01a093
:10585c0080000000000000003c0000a004000000dc
:10586c00010000007c91009d4cb000a004000000e1
:10587c00000000002c1301a0040000000000000038
:10588c008c2d01a00400000000000000640400a0a6
:10589c00040000000100000001000000103301a012
:1058ac000800000000000000a00300a06800000039
:1058bc0001000000a80300a0a80300a00200000043
:1058cc0003000000000000000000000000000000c9
:1058dc000000000000000000246a059d000000008c
:1058ec000000000000000000d89d059da894009dbc
:1058fc00ff0000000000000000000000000000009d
:10590c00000000000000000000000000000000008b
:10591c00000000000000000000000000680400a06f
:10592c000400000001000000a40300a0683201a0e4
:10593c00240000000000000000000000666666669f
:020000040000fa
:020000041d04d9
:10594c000300828800008298a010027c0800e0030b
:10595c000214220028ffbd27d400bfafd000beaf79
:10596c00cc00b7afc000b4afb800b2afb400b1afa9
:10597c002590c0002588e000b000b0afc800b6afdd
:10598c0025808000c400b5af5316410fbc00b3afe7
:10599c00040084245316410f9400a2af080004267f
:1059ac005316410f9000a2af0c0004265316410f62
:1059bc008c00a2af2520a0005316410f8800a2af87
:1059cc000400a4245316410f9800a2af0800a4248d
:1059dc005316410f25f040000c00a4245316410f20
:1059ec0025b8400025a040002c0020169400a28f62
:1059fc00d400bf8fd000be8f021e0200000003a295
:105a0c00021c0200010003a2030002a2021a0200ff
:105a1c009000a28f020003a2cc00b78f021e0200de
:105a2c00040003a2021c0200050003a2070002a24c
:105a3c00021a02008c00a28f060003a2c800b68fc7
:105a4c00021e0200080003a2021c0200090003a2ad
:105a5c000b0002a2021a02008800a28f0a0003a205
:105a6c00c400b58f021e02000c0003a2021c02002f
:105a7c000d0003a2021a02000e0003a20f0002a2e4
:105a8c00c000b48fbc00b38fb800b28fb400b18f1c
:105a9c00b000b08f0800e003d800bd271000222e04
:105aac00180140542530200225284002f0ff3126f1
:105abc00100052265316410f2520a0009400a68feb
:105acc000400a4248888133c5316410f263046004a
:105adc009000a38f0800a424888873365316410fb6
:105aec00261843008c00a78f0c00a4245316410fda
:105afc00263847008800a48f4000a3af4400a6af0f
:105b0c00261044002620e2003c00a4af2620f4021c
:105b1c001800a4af9800a48f3400a2af1111183c48
:105b2c002000a4af2620c3004800a4af9800a48f87
:105b3c002630c7002618620026209e002400a4af41
:105b4c009800a48f2610d4034c00a3af26209700f6
:105b5c00261866002800a2af2222193c2610440009
:105b6c0044441f3c3800a7af5000a6af1000b4afa0
:105b7c001400b7af1c00beaf2c00a4af5400a3aff1
:105b8c003000a2af1000a6273400a7271111182748
:105b9c00222239274444ff270000cf8c0000e28cde
:105bac000400c6242470f801241858001900c301fd
:105bbc002428f9012420590024485f0024105300a4
:105bcc002440ff012478f3010400e7241260000054
:105bdc00106800001900a2001250000026a88a01cb
:105bec00105800002660ab0119000901125000008a
:105bfc002668aa021058000026608b011900e401e7
:105c0c00125000002668aa019c00adaf105800008d
:105c1c0026508b01a800aaaf1900c4011250000035
:105c2c00a000aaafa000ac8f10580000a400abaf2e
:105c3c00a400ad8f190065001250000026608a0187
:105c4c00105800002668ab011900480012500000e3
:105c5c0026608a01105800002668ab0119002f013c
:105c6c001250000026608a01a000acaf1058000052
:105c7c002650ab01ac00aaaf1900c90112500000ac
:105c8c00105800001900a4001260000026b04c014e
:105c9c001068000026a86d01190068001250000061
:105cac0026b0ca021058000026a8ab0219004f00fb
:105cbc001250000026b0ca0224b0df0210580000b7
:105ccc0026a8ab0224a8bf021900c2011250000082
:105cdc00105800001900a900a000a58f1260000048
:105cec0026104c012460b9001068000026486d0194
:105cfc00ac00a58f190004012468b90012500000f3
:105d0c0026204a001058000026482b0119006f006d
:105d1c0012100000262082009c00a28f1018000098
:105d2c0026482301a800a38f2410580025104c00ee
:105d3c002418780025686d0025b0560025a8b501fb
:105d4c0024209300244833012510c40225a8a9025d
:105d5c00fcffe2ac3400a2278fff4614fcffd5ac4d
:105d6c003400ab8f1000a78f3c00a38f3800a28f9c
:105d7c002648eb0026482301264822012638e2005b
:105d8c001800a28f4000a88f1c00a58f4800ac8f74
:105d9c002638e2004400a28f2618a80026186c00b2
:105dac00266062002628a2002400a28f2800af8f54
:105dbc005000ae8f1400a68f4c00a38f2628a20093
:105dcc003000a28f2620e80126208e002640680194
:105ddc0026208200264003012610c3005400a38f06
:105dec002000aa8f2c00ad8f26104f0026104300e8
:105dfc002638e6002618ca0026208d0040300b00fd
:105e0c0026104e0026208700261049002638070150
:105e1c005800a6afc25f0b00403009002628aa002c
:105e2c0026104c002558cb00c24f0900403007000b
:105e3c00262085002548c900c23f070040300200db
:105e4c002538c70026186d0040300400c217020028
:105e5c0026186c002510c2006800a2afc2270400ef
:105e6c004010030025204400c21f03004010050011
:105e7c0025184300c22f050040100a0025284500b4
:105e8c006c00a4af7400a5af5c00abaf6000a9af11
:105e9c006400a7af7000a3af5800a4276800a52723
:105eac000000828c1000838c040084244230020099
:105ebc002618430026186600823002002618660059
:105ecc00c2310200261866000c0083ac8037020039
:105edc00c01f0200261866000800868c40160200bf
:105eec002618660026106200edffa414080082ac90
:105efc0010000624d665410f8800a427bafe0010b6
:105f0c000000000025284002d665410f7800a42728
:105f1c007800a227100006242330d1002528000089
:105f2c008066410f2120510025880000e1fe001001
:105f3c007800a52703008010251000002c00828c0f
:105f4c00c01002000800e0030000000005008010f3
:105f5c00251000002c00828c3000838c2310430011
:105f6c00c01002000800e0030000000003008010d5
:105f7c00251000003400828cc01002000800e003e1
:105f8c000000000003008010f7ff02243800828c10
:105f9c00380080ac0800e00300000000e0ffbd27e3
:105fac001400b1af1c00bfaf1800b2af1000b0afff
:105fbc000b0080102588000048009224258080006a
:105fcc00ffff05242038410f252040022400028ebb
:105fdc000a0040540400438c3038410f2520400205
:105fec001c00bf8fc01011001800b28f1400b18fad
:105ffc001000b08f0800e0032000bd270000428c89
:10600c002b202302f2ff00100b8864006d0080101f
:10601c00251000006b00a01000000000d8ffbd2769
:10602c002000b4af480094241800b2af1400b1aff4
:10603c001000b0af2590a00025808000f8ffb1249f
:10604c00252080021c00b3af2400bfaf2038410fc5
:10605c00ffff05242400038e04006014fcff538e04
:10606c00f8ff40ae0f000010280011ae2b102302d9
:10607c0014004010c01013002110220209006254b9
:10608c00f8ff43ae0400628c21105300fcff42aebb
:10609c000000628cf8ff42ae2800028e01006250b4
:1060ac00280011ae240011ae3000028e2520800293
:1060bc00231053003038410f300002ae390000106d
:1060cc00c01013002800048e2b1091000d004010fe
:1060dc002b2871000400828cc01802002118830048
:1060ec0004002356000091ac21105300eeff001069
:1060fc00040082acf8ff40aeebff0010280011ae9c
:10610c002b2871002000a0100000628c2b2822028a
:10611c001d00a010c0281300212825020900455499
:10612c00f8ff42ae0400458c0000428c2128b300dd
:10613c00f8ff42ae0000628c02008214fcff45aef8
:10614c00280011ae0400658cc020050021206400dd
:10615c00d5ff2456000071acfcff428e2110450087
:10616c00040062acf8ff428e000062ac2800028e84
:10617c00cdff5150280003aeccff00103000028e32
:10618c00c9ff0010000071acddff40142518400061
:10619c00f8ff0224380002ae3038410f252080026f
:1061ac00251000002400bf8f2000b48f1c00b38f7b
:1061bc001800b28f1400b18f1000b08f0800e003ec
:1061cc002800bd270800e00300000000d8ffbd2711
:1061dc001400b0af2400bfaf2000b3af1c00b2afaf
:1061ec001800b1af2c008010258080000e00a0108c
:1061fc00480093240700b124252060022038410f69
:10620c00ffff05242400128ec288110001003126e4
:10621c002518000006004016faff0224380002aed2
:10622c003038410f252060021b0000102580000033
:10623c000400428e2b205100270080142320510093
:10624c000300852c0400a014000000001d00515414
:10625c00040044ae25102002170060100000448e8c
:10626c00000064ac2800048e01009250280003ae9c
:10627c003000038e211043003400038e2b18620073
:10628c0002006010300002ae340002ae3038410f14
:10629c0025206002080050262400bf8f2510000224
:1062ac002000b38f1c00b28f1800b18f1400b08f78
:1062bc000800e0032800bd27240004aee9ff00100d
:1062cc0025188000c020040021904402040051ae27
:1062dc00e7ff00102510200225184002cdff00100a
:1062ec000000528ee8ffbd271000b0af0280a670f0
:1062fc001400bfaf7618410f25280002040040108f
:10630c0025300002252800008066410f2520400022
:10631c001400bf8f1000b08f0800e0031800bd27d9
:10632c001b008010f7ff02242400828c0400401014
:10633c00f9ff02243000828c03004010f9ff022484
:10634c000800e003380082ace8ffbd271000b0afb6
:10635c00258080001400bfaf1338410f48008424ff
:10636c0025200002240006248066410f2528000009
:10637c004400028e09f840004000048e1400bf8fc8
:10638c00251000001000b08f0800e0031800bd2796
:10639c000800e00300000000d0ffbd272000b3afd1
:1063ac001400b0af2c00bfaf2800b5af2400b4afc1
:1063bc001c00b2af1800b1af2598a00025800000da
:1063cc003d008010ffff03240c00828c3a0040102b
:1063dc00259080001000848c370080100000000095
:1063ec001400518e340020120000000009f8400007
:1063fc002520200225a040002f004010feff032482
:10640c0003005024fcff02242480020221283402c1
:10641c002328b0002428a200b0ffb1240002222eb1
:10642c0025004014fcff0324c761410f2520000206
:10643c00069d053c24000624dc9ba5242520400059
:10644c0025804000d665410f500055240400428e33
:10645c00c2881100480004263c0002ae1000428e97
:10646c00240015ae540011ae500000ae280015ae3d
:10647c002c0011ae300000ae340000ae380000ae7f
:10648c00400014ae440002ae0100072401000624b3
:10649c00ea37410f252800000100042406004410af
:1064ac00251800001000428e2520800209f84000bb
:1064bc0025800000fdff032401006056000063ae40
:1064cc002c00bf8f251000022800b58f2400b48f3c
:1064dc002000b38f1c00b28f1800b18f1400b08f46
:0864ec000800e0033000bd27a9
:020000040000fa
:020000041d04d9
:1064f40018ffbd27dc00b4afd800b3afd400b2afef
:10650400d000b1afe400bfafe000b5afcc00b0af96
:10651400259080002588c000b800a5af259800000c
:10652400019d143cb800a58f0000a280e400401037
:10653400ffff02249c00a2af1800a227a400a2af70
:10654400800002249800a0afa000a0afa800a2afd2
:1065540025800000250003242110b00000004280a3
:106564000300401000000000fbff4354010010260c
:106574000600001225300002775e410f25204002fc
:10658400b800a28f21105000b800a2afb800b58f98
:10659400250002240000a382c20062140100b52673
:1065a400b800b5af2b0005242d00062430000324c9
:1065b4002000072423000824b800a48f0000828050
:1065c4001b0045509800a28f2c0049281e00201162
:1065d40000000000180047509800a28f180048508f
:1065e4009800a28f2a0003241e0043500000228e2c
:1065f4000660410f00000000a000a2afb800a38f06
:1066040000006280d0ff42240a00422c2100401086
:1066140001006324f9ff0010b800a3af0100423465
:10662400010084249800a2afe3ff0010b800a4afd7
:10663400fbff001004004234f9ff0010080042344c
:10664400f7ff001010004234f4ff46509800a28f68
:10665400e5ff43542a0003249800a28ff0ff0010a2
:106664000200423401008424b800a4af040043248f
:106674000000428c000023ae06004104a000a2af3b
:106684009800a38f23100200a000a2af010063387a
:106694009800a3af9800a28f01004330020060105d
:1066a4004408027c9800a2afb800a28f2e000324f5
:1066b400000044800d008314010044249c00a0af1a
:1066c400b800a4af010045802a0003242300a314ca
:1066d40002004224b800a2af0000228e040043242a
:1066e4000000428c000023ae9c00a2afcc62410f9c
:1066f400b800a427c000a2afb800a28fb267410fb0
:10670400000044806900032477004310c000a58f73
:106714006a0043282f00601063000324be00431066
:10672400640043281800601025000324cb004310a4
:10673400610003244f00435025302002ffff022450
:10674400b800b5af9800a0afa000a0af9c00a2af66
:106754001000a0afc9000010253800000660410fea
:10676400000000009c00a2afb800a38f000062806c
:10677400d0ff42240a00422cdcff401001006324b5
:10678400f9ff0010b800a3af6400032456004310bf
:1067940068004228eaff4010ffff0224253020024f
:1067a4005e63410fb000a42797004010b800a28f89
:1067b400b000a6279800a52701004324b800a3af82
:1067c4000000478005f3400f2520400235000010eb
:1067d40021800202700003246e00431071004328dc
:1067e400130060106e000324830043106f00032421
:1067f400d3ff4314ffff0224253820022530000074
:106804001d4d410fb000a4277f004010b800a28f97
:10681400b000a6279800a5270100422425204002a5
:10682400ef56410fb800a2af1e00001021800202f3
:10683400750003243a0043107800032446004310f3
:1068440073000324bdff4314800002246e00a214cd
:10685400b800a28f2538000001004224b800a2af7e
:106864000000228e04004324000023ae76000010b2
:106874000000468c5e63410fb000a4276200401004
:10688400b800a28fb000a6279800a52701004324d2
:10689400b800a3af0000478074f9400f25204002e0
:1068a40021800202218070022a981302770060126c
:1068b40001a0023c4f0003244cb043acffff13245f
:1068c400e400bf8f25106002e000b58fdc00b48fb8
:1068d400d800b38fd400b28fd000b18fcc00b08f6a
:1068e4000800e003e800bd27253820020100062443
:1068f4001d4d410fb000a42743004010b800a28fe3
:10690400b000a6279800a5270100422425204002b4
:106914002a52410fb800a2afe2ff00102180020208
:1069240025382002253000001d4d410fb000a4275a
:1069340035004010b800a28fb000a6279800a52704
:106944000100422425204002e85a410fb800a2afba
:10695400d4ff0010218002022538200225300000d7
:106964001d4d410fb000a42727004010b800a28f8e
:1069740001004324b800a3af00004780b000a6275d
:106984009800a527f446410f25204002c5ff0010ba
:10699400218002022538200225300000f000052461
:1069a4001d4d410fb000a42717004010b800a28f5e
:1069b400b400a38f01004224b800a2afb000a28f9c
:1069c40025104300edff401478000724ca65410fe9
:1069d400549484269800a38fa000a78f25304000ec
:1069e4001000a3af54948526b555410f25204002cd
:1069f400acff0010218002022538200221307002f1
:106a0400df57410fb000a427b800a28f0100422431
:106a1400a4ff0010b800a2af80000224faffa21461
:106a2400b800a28f01000724b000a6270100422469
:106a3400b800a2af0000228e040043240000428c60
:106a4400000023aeb000a2a39800a527c85c410fa4
:106a54002520400293ff00102180020280000224be
:106a6400e9ffa214b800a28fa000a78f010042245e
:106a7400b800a2af9800a28f1000a2af019d053c00
:106a840001000624d8ff00105c94a524a5fe001084
:046a9400259800023f
:020000040000fa
:020000041d04d9
:106a9800666c6173683a20646961676e6f737469c4
:106aa8006320696e666f726d6174696f6e0d0a009e
:106ab800666c6173683a20535354323620647269a5
:106ac800766572207374617475733a2025640d0ab3
:106ad8000000000c666c6173683a204a45444543df
:106ae8002049443a2030782530386c780d0a000067
:106af800666c6173683a206661696c656420746fbe
:106b08002072656164204a454445432049440d0a82
:106b18000000000c666c6173683a2067656f6d65ec
:106b2800747279202d20726561645f626c6f636b8b
:106b38003a20256c752c2077726974655f626c6fda
:106b4800636b3a20256c752c2065726173655f62f2
:106b58006c6f636b3a20256c750d0a00666c617367
:106b6800683a206661696c656420746f2067657493
:106b78002067656f6d657472790d0a00666c6173c4
:106b8800683a206465696e69740d0a00666c617301
:106b9800683a206465696e697420636f6d706c650e
:106ba80074650d0a00000000666c6173683a207213
:106bb800656164206661696c6564202d206e6f7460
:106bc80020696e697469616c697a6564206f7220e6
:106bd800696e76616c696420706172616d730d0a0b
:106be80000000000666c6173683a206661696c6534
:106bf8006420746f20616371756972652053504910
:106c0800320d0a00666c6173683a2072656164200f
:106c18006f7065726174696f6e206661696c656416
:106c28000d0a0000666c6173683a20726561642021
:106c38007472616e73666572206661696c65640d55
:106c48000a000000666c6173683a2077726974659f
:106c5800206661696c6564202d206e6f7420696ef2
:106c6800697469616c697a6564206f7220696e76ef
:106c7800616c696420706172616d730d0a000000b7
:106c8800666c6173683a2070616765207772697411
:106c980065206661696c65640d0a0000666c617345
:106ca800683a207772697465207472616e736665dc
:106cb80072206661696c65640d0a0000666c617318
:106cc800683a20657261736520736563746f72201a
:106cd8006661696c6564202d206e6f7420696e6929
:106ce8007469616c697a65640d0a0000666c617389
:106cf800683a20736563746f7220657261736520ea
:106d08006661696c65640d0a00000000666c617359
:106d1800683a20736563746f7220657261736520c9
:106d280074696d656f75740d0a000000666c617397
:106d3800683a20736563746f7220657261736520a9
:106d48007472616e73666572206661696c65640d44
:106d58000a000000666c6173683a206368697020f5
:106d68006572617365206661696c6564202d206eab
:106d78006f7420696e697469616c697a65640d0a5b
:106d880000000000666c6173683a2065726173697f
:106d98006e6720656e7469726520636869700d0a94
:106da80000000000666c6173683a206368697020af
:106db8006572617365206661696c65640d0a00001f
:106dc800666c6173683a20636869702065726173e4
:106dd8006520636f6d706c6574656420737563639b
:106de80065737366756c6c790d0a0000666c617367
:106df800683a2063686970206572617365207472ef
:106e0800616e73666572206661696c65640d0a005f
:106e1800666c6173683a206d6167696320726561a9
:106e280064206661696c6564202d206e6f7420692a
:106e38006e697469616c697a65640d0a0000000006
:106e4800666c6173683a206d616769632072656179
:106e580064206661696c65640d0a0000666c617384
:106e6800683a2073657474696e67206d6167696339
:106e7800206e756d6265722030782530386c780d1b
:106e88000a000000666c6173683a206d6167696387
:106e980020736574206661696c6564202d206e6faf
:106ea8007420696e697469616c697a65640d0a0099
:106eb800666c6173683a206d616769632073656306
:106ec800746f72206572617365206661696c6564b0
:106ed8000d0a0000666c6173683a205741524e49aa
:106ee8004e47202d20696d6d656469617465207653
:106ef8006572696679206661696c6564210d0a00ae
:106f0800666c6173683a206d61676963207772699e
:106f18007465206661696c6564210d0a00000000d3
:106f2800666c6173683a20696e69740d0a00000026
:106f3800666c6173683a20616c7265616479206976
:106f48006e697469616c697a65640d0a00000000f5
:106f5800666c6173683a2053535432362064726900
:106f6800766572206e6f742072656164790d0a000f
:106f7800666c6173683a206661696c656420746f39
:106f8800206f70656e2053535432362064726976d0
:106f980065720d0a00000000666c6173683a20692a
:106fa8006e697469616c697a696e67206d61676979
:106fb80063206e756d6265720d0a0000666c617300
:106fc800683a206661696c656420746f2073657423
:106fd800206d61676963206e756d626572210d0aa7
:106fe80000000000666c6173683a206d6167696330
:106ff800206e756d62657220736574206661696cb8
:0870080065640d0a00000000a0
:020000040000fa
:020000041d04d9
:10701000e0ffbd271400b1af0c00918c1000b0afa1
:1070200025808000010031321c00bfaf1800b2afd4
:107030000400848c070020120000198e1c00bf8ff2
:107040001800b28f1400b18f1000b08f0800200319
:107050002000bd2723109900231846000b0061046f
:107060002590c000050080500000028e2390c200d1
:10707000040000ae000000ae0000028e0080113c53
:107080002190520006000010000012aed665410f9c
:10709000252020030000028e21905200000012ae35
:1070a0001c00bf8f251020021800b28f1400b18f72
:1070b0001000b08f0800e0032000bd27a010067c60
:1070c000a028077cd8ffbd27022c2500021422002f
:1070d0001800a5af2400bfaf3800a3931c00a2afd7
:1070e0000e00e0141f00a5271800c82c0b0000118b
:1070f00000000000003e427c211862001f00a3a394
:107100002000a62725380000041c410f2330c500ad
:107110002400bf8f0800e0032800bd270400e0140e
:10712000010002240001c82c0100005525100000b8
:107130000500e014ff0042300100083c2b30c8007d
:107140000700c01401000624010042240300e010df
:10715000ff00423001004224ff00423001000624bb
:1071600004304600180063242328a60021104300a1
:10717000e3ff00100000a2a0251080000000438c57
:10718000d8ffbd272400bfaf0000a3ac0400438c90
:107190000400a3ac0800438c030060102520a0006d
:1071a000ffff6324080043ac2000e5300c0085acf1
:1071b0000c00428c0100c324ffff08240100423070
:1071c00025104500080083ac0c00c8140c0082acec
:1071d0001f00e724100042341800a7a30c0082ac63
:1071e0002538000001000624041c410f1800a527c3
:1071f0002400bf8f0800e0032800bd270200a01074
:1072000021186600080083ac1000a7af2f1c410fa7
:1072100025380000f7ff00102400bf8f0800828c83
:10722000030040101000a393ffff4224080082ac2b
:107230002f1c410b1000a3afd8ffbd272000b2af19
:107240001000a6af2590e0002530a00025380000f2
:107250001c00b1af1800b0af2400bfaf258880007c
:10726000871c410f2580a0000a00401c2530000229
:1072700025284002252020022400bf8f2000b28f45
:107280001c00b18f1800b08f01000724041c410bb3
:107290002800bd272400bf8f2000b28f1c00b18fb3
:1072a0001800b08f0800e0032800bd27000085ac5f
:1072b000020002242128a600040085ac080082ac4c
:1072c0000800e0030c0087ac02000224080082ac36
:1072d00001000224000085ac040086ac0800e00335
:1072e0000c0082ace0ffbd271000a0af1c00bfafb8
:1072f000871c410f000000001c00bf8f0800e00346
:107300002000bd27e0ffbd270100c22c2000032480
:107310001000a3afffffc6241c00bfaf871c410fa6
:107320002338e2001c00bf8f0800e0032000bd27c7
:10733000c3170700e0ffbd27200043301000a3afb4
:107340002630c2001c00bfaf871c410f2638e20068
:107350001c00bf8f0800e0032000bd27e7ffa32427
:107360000700632c0a0060142530a000e0ffbd2751
:10737000e00002241000a2af1c00bfaf871c410f29
:10738000253800001c00bf8f0800e0032000bd2747
:107390000800e00306010224c8ffbd272c00b0af9f
:1073a00007ffb0240300022e3400bfaf09004014d1
:1073b0003000b1af069d073c069d053c069d043c90
:1073c000909ee724a40106248481a5242564410f0e
:1073d000a4818424fb000224258880001d00a214bf
:1073e0001000a5a30000c28c0400c38c0800062472
:1073f000a010027ca018037c02142200021c2300af
:107400002000a3af2400a2af2000a527d665410f1e
:107410001100a4270800228e02004010ffff422422
:10742000080022ae02000624043006021000a52740
:107430002520200225380000041c410f0100c6242d
:107440003400bf8f3000b18f2c00b08f0800e003f4
:107450003800bd27fa0002240700a2540000c2949d
:107460000000c28c04000624a010027c021422003a
:10747000e5ff00102000a2afa010027c2000a2a710
:107480001100a2a3003a427ce2ff00101200a2a366
:10749000e0ffbd27c00002241000a2af1c00bfaf58
:1074a0002f1c410f000000001c00bf8f0800e003ec
:1074b0002000bd272510c0002538a000400006246c
:1074c0008e1c410b252840002510c0002538a00047
:1074d000600006248e1c410b252840005e1c410bd9
:1074e000800007240080023cff7f033c2110c20083
:1074f000ffff63342b104300030040140000000022
:107500005e1c410ba00007240800e00300040224d5
:107510000c00a28c0400a38c0000a68c100042304a
:10752000040083ac0c004010000086ace0ffbd27d7
:10753000ffff02241000a5272538000001000624c3
:107540001c00bfaf041c410f1000a2a31c00bf8f82
:107550000800e0032000bd270800a28c01000424dd
:10756000040044500080023c2b1002000800e0039d
:0c757000000342240800e0030b1003009d
:020000040000fa
:020000041d04d9
:10757c005443502f495020537461636b3a20257348
:10758c00204d414320696e697469616c697a61743c
:10759c00696f6e206661696c65640d0a00000000fd
:1075ac005443502f495020537461636b3a20257318
:1075bc00204d4143204f70656e206661696c656497
:1075cc000d0a00005443502f495020537461636bd3
:1075dc003a204d6f64756c65206e6f3a20256420df
:1075ec00496e697469616c697a6174696f6e206641
:1075fc0061696c65640d0a005443502f4950205347
:10760c007461636b3a202573204d41432065766588
:10761c006e74206e6f74696669636174696f6e2035
:10762c0073657474696e67206661696c65640d0ab4
:10763c0000000000544350495020537461636b2088
:10764c004173736572743a20696e2066696c653a91
:10765c002025732c2066756e633a2025732c206cc4
:10766c00696e653a2025642c200d0a00544350495c
:10767c005020537461636b20436f6e643a20696ec3
:10768c002066696c653a2025732c2066756e633a0a
:10769c002025732c206c696e653a2025642c200df6
:1076ac000a0000005443502f495020537461636bff
:1076bc003a204e6574776f726b20636f6e666967e4
:1076cc0075726174696f6e206c6f6164206661699c
:1076dc006c65643a2025640d0a0000005443502f59
:1076ec00495020537461636b3a20506f7765722058
:1076fc004d6f646520696e697469616c697a617437
:10770c00696f6e206661696c3a2025640d0a000071
:10771c005443502f495020537461636b3a20486591
:10772c006170206372656174696f6e206661696c4b
:10773c0065642c20747970653a2025640d0a00006c
:10774c005443502f495020537461636b3a204e655b
:10775c0074776f726b20636f6e6669677572617494
:10776c00696f6e20616c6c6f636174696f6e2066fb
:10777c0061696c65643a20256c750d0a0000000087
:10778c005443502f495020537461636b3a2050611d
:10779c00636b657420696e697469616c697a617474
:1077ac00696f6e206661696c65643a203078257863
:1077bc000d0a00005443502f495020537461636be1
:1077cc003a2044656661756c7420466c6173682060
:1077dc004e6574776f726b20636f6e666967757236
:1077ec006174696f6e206c6f6164206661696c6591
:1077fc006420257a750d0a005443502f49502053ac
:10780c007461636b3a204e6574776f726b20636f93
:10781c006e66696775726174696f6e20696e6974e2
:10782c0069616c697a6174696f6e206661696c65f7
:10783c00643a2025640d0a005443502f49502053bc
:10784c007461636b3a204e6574776f726b20636f53
:10785c006e66696775726174696f6e3a20416c6906
:10786c0061736573206e6f7420737570706f7274b2
:10787c0065643a2025640d0a000000005443502f23
:10788c00495020537461636b3a204e6574776f7264
:10789c006b20636f6e66696775726174696f6e3a9f
:1078ac0020696e76616c6964204950206164647251
:1078bc006573733a2030782538780d0a0000000083
:1078cc002573257a750000005443502f49502053de
:1078dc007461636b3a2044796e616d6963206d65e8
:1078ec006d6f7279206973206c6f773a20256c75f7
:1078fc000d0a00005443502f495020537461636ba0
:10790c003a20496e697469616c697a6174696f6e49
:10791c00206661696c6564202564202d2041626fae
:10792c007274696e6721200d0a0000005443502fb9
:10793c00495020537461636b3a20496e69746961d4
:10794c006c697a6174696f6e2053746172746564ca
:10795c00200d0a005443502f495020537461636b1f
:10796c003a205469636b2072656769737472617431
:10797c00696f6e206661696c65643a2025640d0a36
:10798c00000000005443502f495020537461636b26
:10799c003a20496e697469616c697a6174696f6eb9
:1079ac002053595320544d52206661696c65643ada
:1079bc00202564202d2041626f7274696e6721202e
:1079cc000d0a00005443502f495020537461636bcf
:1079dc003a20496e697469616c697a6174696f6e79
:1079ec0020456e646564202d207375636365737325
:1079fc00200d0a005443502f495020537461636b7f
:107a0c003a20496e7465726661636520496e6974cb
:107a1c0069616c697a6174696f6e206661696c6505
:107a2c00643a2030782578202d2041626f72746979
:107a3c006e6721200d0a00002e2e2f7372632f63a8
:107a4c006f6e6669672f64656661756c742f6c69ff
:107a5c0062726172792f74637069702f7372632f05
:107a6c0074637069705f6d616e616765722e63001f
:107a7c0031342e302e30202d20483300756e6b00a3
:107a8c0065746800776c616e0000000070707000a7
:087a9c00673361647000000013
:020000040000fa
:020000041d04d9
:107aa400e0ffbd271000b0af01a0103c1400b1af3f
:107ab400252880002588800080000624f82f0426cd
:107ac4001c00bfafcf63410f1800b2af8000062483
:107ad40025282002f82f04269466410f25904000a3
:107ae400019d053cf82f06264890a524ef29410f57
:107af400252000000a004012f82f06261c00bf8f24
:107b04001800b28f1400b18f1000b08f3c80848fa6
:107b1400019d053c5c90a524ace1400b2000bd27f1
:107b24001c00bf8f010002241800b28f1400b18f13
:107b34001000b08f0800e0032000bd27019d053c24
:107b4400e0ffbd276490a5241c00bfafef29410fbf
:107b540025200000049d023c3c80848fa47a4224aa
:107b6400019d073c01a0063c019d053c1000a2af0d
:107b74007090e724f82fc624c6e1400f5c90a5243a
:107b84001c00bf8f0800e0032000bd27e0ffbd27d5
:107b94001c00bfaf1400b1af1000b0af424f400f94
:107ba4001800b2af01a0063c019d053cf82fc62485
:107bb4005c90a5242520400025884000a44e400f59
:107bc400019d103c019d053ca8900626b090a5247b
:107bd400a44e400f252020021f8d400f00000000fe
:107be400019d053c25304000b890a524a44e400fcb
:107bf40025202002428d400f0000000003004010a9
:107c0400a8900626019d063ca090c624019d053c33
:107c1400c090a524a44e400f25202002ed47410f1b
:107c24000000000003004010a8900626019d063cb9
:107c3400a090c624019d053cc890a524a44e400fe5
:107c4400252020025e4c400f2520200201a0103c7c
:107c54002590400000080624252840009466410f22
:107c6400dce70426dc51400f25204002234a400f64
:107c7400252020021c00bf8fdce702261800b28feb
:107c84001400b18f1000b08f0800e0032000bd275e
:107c9400d0ffbd27019d053c2400b2afd490a5249c
:107ca40025908000252000002c00bfaf2800b3af32
:107cb4002000b1af1c00b0afef29410f01a0113c6f
:107cc400e41e410f01a0133c019d063c25384000f1
:107cd400ec90c6240a0805242d67410fd0df242622
:107ce4001000a72700080624d0d76526d0df242655
:107cf4007925410f1000a0af0d004010019d053cf7
:107d040025304000f890a524ef29410f25200000dc
:107d1400251000002c00bf8f2800b38f2400b28fe1
:107d24002000b18f1c00b08f0800e0033000bd2795
:107d34001000a68f25804000450002240c0042aeae
:107d44003c000224200446a6d0d76526ffffc63097
:107d540020004426d665410f1c0042ae019d053c1f
:107d64001c91a524ef29410f25200000ca65410f6d
:107d7400d0df242625904000d0df3126019d133c1e
:107d84002a18120206006014019d053c3091a524b6
:107d9400ef29410f25200000deff0010010002241e
:107da40021103002000046802c916526ef29410ff6
:107db40025200000f2ff001001001026019d053c63
:107dc400e8ffbd27a090a5241000b0af1400bfaffa
:107dd400e165410f25808000070040100100052463
:107de400019d053c3491a524e165410f2520000245
:107df40007004014252800001400bf8f1000b08f26
:107e040001a0043cf82f8424d347410b1800bd275c
:107e1400019d053c4091a524e165410f2520000208
:107e24000300401402000224f263410f008082af79
:107e34001400bf8f251000001000b08f0800e0036d
:107e44001800bd27d8ffbd27019d053c25308000c3
:107e54001400b0af4891a52425808000252000009f
:107e64002400bfaf2000b3af1800b1afef29410f1a
:107e74001c00b2af564c400f25200002019d053c6a
:107e8400258840006091a524c94c400f252040005e
:107e9400259820020b984200019d053c5c90a52486
:107ea400c94c400f252060021b0040502590000063
:107eb4001000448ca91e410f0100122425804000ab
:107ec400019d053cb090a524c94c400f25206002bb
:107ed40006004010000000001000448c701f410f89
:107ee4000100122424800202ff001032234a400fb2
:107ef400252020022400bf8f2480120225100002b6
:107f04002000b38f1c00b28f1800b18f1400b08f03
:107f14000800e0032800bd27e9ff00100100102439
:107f2400d0ffbd27019d053c2800b1af6491a52475
:107f340025888000252000002c00bfafef29410fc9
:107f44002400b0af200425961800a22701a0103cfd
:107f5400dce70626200024261400a0af1000a2af00
:107f64000008072415f9400f1800a5af921f410f10
:107f7400dce704262c00bf8f2800b18f2400b08fcb
:107f84000800e0033000bd270c00828c01000624a9
:107f94000300461403000324251f410b2520a000e1
:107fa4000300431400000000c91f410b000000003f
:107fb4000800e0032510000001a0023c0800e003d3
:047fc400f82f42242c
:020000040000fa
:020000041d04d9
:107fc80048656c6c6f2066726f6d20436f4150205e
:107fd8007365727665722100636f61705f73657295
:107fe8007665723a20726573706f6e73653a2025f4
:107ff800730d0a00747275650000000066616c7389
:10800800650000007b2265223a7b227374617475d7
:1080180073223a226f6b222c226970223a2225643d
:108028002e25642e25642e2564222c226c696e6b05
:10803800223a25737d7d0000636f61705f736572fe
:108048007665723a206a736f6e5f746f5f63626ff2
:1080580072206572726f723a2025640d0a00000062
:10806800636f61705f7365727665723a2066616ce2
:108078006c6261636b20746f20746578742072651c
:1080880073706f6e73650d0a00000000636f617096
:108098003a206275696c64206661696c65640d0ad2
:1080a80000000000636f61703a206661696c656466
:1080b80020746f2073656e64207061636b65740d46
:1080c8000a000000636f61703a2063616e6e6f741e
:1080d80020737461727420736572766572202d2026
:1080e8006e6f20495020616464726573730d0a00d5
:1080f800636f61703a20736572766572207374617c
:1081080072746564206f6e20706f72742025640d20
:108118000a000000636f61703a2063616e6e6f74cd
:1081280020696e697420636c69656e74202d206ef9
:108138006f20495020616464726573730d0a0000f2
:10814800636f61703a20636c69656e7420696e694b
:108158007469616c697a65640d0a0000636f617007
:108168003a20746f6f206d616e79207265736f7538
:108178007263657320726567697374657265640def
:108188000a000000636f61703a207061636b657468
:1081980020746f6f206c6f6e670d0a00636f6170db
:1081a8003a207061636b657420616c7265616479f3
:1081b800207175657565640d0a000000636f617054
:1081c8003a20696e69740d0a00000000636f6170df
:1081d8005f7461736b000000636f61703a207061b7
:1081e800727365206661696c65640d0a00000000a1
:1081f8002f000000636f61703a207265736f7572ab
:1082080063652068616e646c65723a2025730d0a97
:1082180000000000636f61703a206e6f2072657312
:108228006f7572636520666f756e6420666f722065
:10823800272573272c2073657474696e67204e4f49
:10824800545f464f554e440d0a000000636f61703d
:108258003a206e6f7420696e20736572766572209d
:108268006d6f64652c2069676e6f72696e67207226
:108278006571756573740d0a00000000636f6170a5
:108288003a207374617274207461736b0d0a000074
:108298003d3d3d20436f4150205061636b65742024
:1082a8004465627567203d3d3d0d0a00457468656b
:1082b800726e65743a206473745f6d61633d253036
:1082c80032783a253032783a253032783a253032c9
:1082d800783a253032783a253032782c2073726318
:1082e8005f6d61633d253032783a253032783a2522
:1082f8003032783a253032783a253032783a25309b
:1083080032782c206574686572747970653d3078b0
:10831800253034780d0a000049503a20766572738a
:10832800696f6e5f69686c3d3078253032782c2033
:10833800746f733d3078253032782c20746f7461f7
:108348006c5f6c656e6774683d25642c2069643dbc
:108358003078253034780d0a0000000049503a2062
:10836800666c6167735f6f66667365743d30782508
:108378003034782c2074746c3d25642c2070726f16
:10838800746f636f6c3d25642c20636865636b7341
:10839800756d3d3078253034780d0a0049503a2003
:1083a8007372635f69703d25642e25642e25642ee3
:1083b80025642c206473745f69703d25642e2564e0
:1083c8002e25642e25640d0a000000005544503afd
:1083d800207372635f706f72743d25642c20647320
:1083e800745f706f72743d25642c206c656e6774c1
:1083f800683d25642c20636865636b73756d3d303b
:1084080078253034780d0a005061796c6f61643ad0
:10841800206c656e6774683d25640d0a00000000d5
:108428005061796c6f616420646174613a20000066
:1084380025303278200000002e2e2e000d0a000074
:108448003d3d3d20456e64204465627567203d3d95
:108458003d0d0a003d3d3d2055445020436865636d
:108468006b73756d204465627567203d3d3d0d0a4f
:1084780000000000636f61703a207564702e6368b5
:1084880065636b73756d3a20253034780d0a0000ea
:108498003d3d3d20456e642055445020436865634a
:1084a8006b73756d204465627567203d3d3d0d0a0f
:0c84b800000000002f73746174757300e5
:020000040000fa
:020000041d04d9
:1084c400e8ffa2240800e0030140422c0000a28c33
:1084d400080044240000a4ac0000c28c0040052421
:1084e400f0ff4224231044000140432c0a10a3004f
:1084f400211044000800e0030000c2acc0ffbd2707
:108504003400b2af3000b1af2c00b0af2588a0006a
:10851400258080002590c0001401852404000624d1
:108524001800a4273c00bfaf3800b3afd665410f95
:108534002598e000252820021c00a427d665410fb9
:10854400080006241000028e1000b3af100011269c
:108554001000428c253840021800a527252020024f
:1085640009f84000020006241000028e10000324c3
:108574001000a3af5000a78f1000428c1800a5274d
:108584002520200209f84000010006243c00bf8f8a
:108594003800b38f3400b28f3000b18f2c00b08f0d
:1085a4000800e0034000bd27c8ffbd273000b2af7c
:1085b400251000002590a0003400bfaf2c00b1afff
:1085c4002800b0af080082ac0c00428e25180000d1
:1085d40010009124258080000c0083ac2528c00065
:1085e4002520200209f840002530e0004800a28f31
:1085f4004c00a58f14010426100102aed665410f6c
:1086040004000624180107262520e0001000062493
:108614008066410f25280000253840001000022400
:108624001000a2af1000428e1800a0af1c00a0af33
:108634002000a0af1800a5272520200209f840003b
:10864400253000003400bf8f3000b28f2c00b18f72
:108654002800b08f0800e0033800bd27069d023cc7
:10866400089d42246b21410b000082ac069d023c14
:10867400f89c42246b21410b000082ac02160700d7
:10868400000082a002140700010082a00212070069
:10869400020082a002160600040082a00214060052
:1086a400050082a002120600030087a0060082a033
:1086b4000800e003070086a02518c0000800868c87
:1086c400b8ffbd274000b4af25a0e0000c00878ca4
:1086d4003000b0af258080000100c4242b10860038
:1086e400211047003400b1af080004ae5800b18f28
:1086f4000c0002ae2000a4274400bfaf3c00b3af7f
:108704003800b2afa021410f5c00b28f0212030007
:108714002900a2a31000a427021211006800062455
:10872400253800002a00a3a32800a5a32b00a2a398
:10873400a021410f2c00b1a3423f1100c030110011
:10874400a021410f1800a427252040021000062470
:108754008066410f252800001001028e180113269f
:108764002000a627252860022520400209f84000a1
:108774000d0007241001028e2538200225308002c6
:108784002528600209f84000252040021001028ecd
:108794001000a627252860022520400209f8400081
:1087a400100007244400bf8f4000b48f3c00b38ff7
:1087b4003800b28f3400b18f3000b08f0800e0036e
:1087c4004800bd27b8ffbd273800b3af5800b38faa
:1087d4003c00b4af1800a2270000748e3400b2af7e
:1087e4003000b1afe8ff92260800f1242c00b0afae
:1087f4001400a2af2580e0001000b2af253820029b
:108804004400bfaf4000b5afaf21410f25a88000a1
:108814001800a227252800021000a2af2538400224
:10882400253020024021410f2520a002218014027e
:108834001800a3272800a527251000000000649035
:10884400f0ff069201006324010010262620860012
:10885400faff6514251044000200405425880000e6
:10886400000072ae4400bf8f251020024000b58f77
:108874003c00b48f3800b38f3400b28f3000b18f16
:108884002c00b08f0800e0034800bd27b0ffbd27cf
:108894004000b5af6000b58f4400b6af3c00b4af44
:1088a4003000b1af2c00b0af0000b18e2580e000e5
:1088b40025b0a00025a0c000f8ffe5240800868ca0
:1088c4000c00878c4800b7af3400b2af25b88000e5
:1088d4001800b2272520a0004c00bfaf3800b3af6a
:1088e4001800a0af219811021c00a0af2000a0af77
:1088f400a021410f2400a0af25382002253000021a
:108904002520e0024021410f1000b2af2528c0020b
:108914001400b3af1000b1af253800022530800237
:10892400af21410f2520e0022518600225104002e6
:108934002800a5270000649000004690010042240e
:108944000100632426208600faff4514ffff64a07b
:108954004c00bf8f18002226021a1400f4ff03a251
:108964001d003126021a0200f3ff16a2f5ff14a21d
:10897400f7ff02a2f6ff03a2f3ff02260000b1ae46
:108984004800b78f4400b68f4000b58f3c00b48fc9
:108994003800b38f3400b28f3000b18f2c00b08f09
:1089a4000800e0035000bd27e8ffbd271400bfaf57
:1089b4001000b0af0b008010c08080af0400828c28
:1089c4003800052409f84000258080000500401087
:1089d400252840000c00038e09f8600025200002c1
:1089e400c08090afc080828f1400bf8f1000b08f02
:1089f4002b1002000800e0031800bd270800e00364
:108a0400c08080af1000828c040040540000438c6e
:108a14000800e003100085ac0000438cfeff6054a6
:108a2400251060000800e003000045ac2200c010df
:108a340000000000d8ffbd272000b3af1c00b2af78
:108a44001800b1af1400b0af2400bfaf2598e00008
:108a54002588c000258080000400a0101400928c9a
:108a640006000624d665410f252040022528200251
:108a740006004426d665410f06000624b542410f80
:108a8400252060021000038e0c0042a62400bf8f34
:108a94000c0062942000b38f1c00b28f0e0042249d
:108aa4000c0062a41800b18f010002241400b08fde
:108ab4000800e0032800bd270800e003251000009b
:108ac4001c00c0141000828c1c0040100000000028
:108ad4000800438c2b20a300fbff80540000428c31
:108ae4000e004494211864002b186500f6ff6054ae
:108af4000000428c0800e003000000001c00868c8b
:108b04002b38c3000b00e0540000428c0e00479445
:108b1400211867002b3866000500e0142b30a600ee
:108b2400f2ffc0102b186500e7ff00100000428c14
:108b34000000428cf1ff40540800438c0800e0031d
:108b44000000000004008010251000001000838c39
:108b5400030060540c0064940800e003ffff4230fb
:108b64000000638cfaff0010211044000800e003a9
:108b7400f8ff02240800e00308000224d0ffbd2708
:108b8400251080003800842c1c00b2af1800b1af4f
:108b94002c00bfaf2800b5af2400b4af2000b3afa2
:108ba4001400b0af2590a000020080102588c000fa
:108bb40038000224c080848f11005426030042240c
:108bc400fcff9432fcff50300e009326ffff7332fb
:108bd400180015260400828c2128750209f840002b
:108be400feffa5301900401025184000252800007c
:108bf400252040008066410f2530a0022518400042
:108c040021105000230044240408047c010005249e
:108c14000e0054a4120053a4040044ac0400117cbc
:108c2400f8ff83ac100045a402008524100062ac58
:108c3400080045ac140065ac03004012200071ac80
:108c440010008424180064ac2f0060a02c00bf8f97
:108c5400251060002800b58f2400b48f2000b38f46
:108c64001c00b28f1800b18f1400b08f0800e0030d
:108c74003000bd27e0ffbd271400b0af2800032457
:108c84004004f07c140002241800b1af0b107000f3
:108c94002588a0002128a600212845002530e000d1
:108ca400ffffa5301c00bfafe022410f258040002c
:108cb400070040101c00bf8f060020121800b18f5f
:108cc4001800438c218070001c0050ac1c00bf8f26
:108cd4001800b18f1400b08f0800e0032000bd27f6
:108ce4002000828c01004230180040140000000073
:108cf4001000858ce0ffbd271400b0af1c00bfaf8f
:108d04001800b1af25808000c080848f0700a014b4
:108d14000c00998c252800021c00bf8f1800b18f0d
:108d24001400b08f080020032000bd271000a29477
:108d340001004230030040140000b18c09f8200304
:108d440000000000f0ff0010252820020800e003c6
:108d540000000000e0ffbd27030084241400b0af2e
:108d6400fcff9030c080848f1800b1af2588a0002c
:108d74000400828c240005261c00bfaf09f84000c3
:108d8400fcffa530100040102518400018000624f0
:108d9400252800008066410f252040000e0050a4c5
:108da4000400117c0c001026100051a4120050a4e1
:108db40025184000230042240408027c040062ac0d
:108dc40002004224080062ac1c00bf8f2510600022
:108dd4001800b18f1400b08f0800e0032000bd27f5
:108de400100082940100423005004014c080828f3c
:108df400252880000c00598c080020032520400001
:108e04000800e003000000000100a0542e0085a02b
:108e14000800998c030020130000000008002003c0
:108e24000c00858ce8ffbd271400bfaf8162410fa1
:108e3400000000000200422c090040141400bf8fff
:108e44007b62410f000000001400bf8f069d053cab
:108e5400389da52425204000ef29410b1800bd278b
:088e64000800e0031800bd271f
:020000040000fa
:020000041d04d9
:108e6c004050050042550a00c04a0500427d0400ee
:108e7c0025482f01c042040000800e3c25482e01dd
:108e8c0040680700426d0d00c0620700427d06007d
:108e9c0025608f01c05a060025608e012628a70088
:108eac002428ae00ffff4f25fe07e12dcb0020103c
:108ebc0000000000ffffaf25fe07e12df40020109d
:108ecc000000000023504d01ff034a2542400800da
:108edc00c07f090025400f0142480900023c0c00ec
:108eec00f401e0001b002701127000001048000084
:108efc00ffff86311900ce0012200000004c090043
:108f0c00027c080025482f012b7824010600e01173
:108f1c0023482401ffffce2521482c012b082c01ce
:108f2c00fcff201000000000f401e0001b002701f2
:108f3c0012380000104800001900c7001220000071
:108f4c00004c0900ffff0f3125482f012b7824011d
:108f5c000600e01123482401ffffe72421482c01df
:108f6c002b082c01fcff20100000000000740e00e8
:108f7c002170c7011900cb0112380000102000002d
:108f8c00000008242b780701234007012b102f0128
:108f9c0023482f012b7824012578e2010b00e011e6
:108fac0023482401ffffce2521400b012b780b0118
:108fbc0021482c0121482f0102002c110000000037
:108fcc002b782c01f7ffe0110000000006002c1597
:108fdc000000000025200b002548080000000d248f
:108fec002a00001025380d00023c0c00f401e000b2
:108ffc001b0027011268000010480000ffff86319b
:10900c001900cd0012200000004c0900027c080061
:10901c0025482f012b7824010600e0112348240158
:10902c00ffffad2521482c012b082c01fcff201043
:10903c0000000000f401e0001b00270112380000c2
:10904c00104800001900c70012200000004c090055
:10905c00ffff0f3125482f012b7824010600e0116a
:10906c0023482401ffffe72421482c012b082c0165
:10907c00fcff201000000000006c0d002168a7010f
:10908c001900ab0112380000102000000000082469
:10909c002b780701234007012b102f0123482f01a8
:1090ac002b7824012578e2010b00e01123482401e0
:1090bc00ffffad2521400b012b780b0121482c0122
:1090cc0021482f0102002c11000000002b782c01ec
:1090dc00f7ffe011000000000600c00500000000d2
:1090ec002a78a0012168ad012170ce012170cf0139
:1090fc00ffff4a25257828010200e011000000003e
:10910c000100ad3525480e0025400d00ffff4f2511
:10911c00fe07e12d150020100000000000040825ba
:10912c0000040f2d21482f012b782f0121504f01c6
:10913c00c27a08000100ef3123400f01c22208005f
:10914c00407d090025208f0040780900027b0f002c
:10915c002528af00007d0a002528af00251004004b
:10916c00251805000800e003000000004400401d25
:10917c000000000001000e242370ca012000c12d44
:10918c000700201400000000e0ffce212b20080077
:10919c000d00091025402401f8ff001000000934cf
:1091ac000900c0110000000022300e000420c8008d
:1091bc000430c9000640c8010648c90102008010ed
:1091cc002540c800020008350004082500040f2db6
:1091dc0021482f01d6ff0010c25709002a78000140
:1091ec0021400801214829011700401521482f0171
:1091fc00257828011400e01100000000080020155b
:10920c0000000000030000150000000029ff001002
:10921c0000000a242548000100000824e0ff4a252c
:10922c0020702e7123ffc0110000000023504e014e
:10923c0022300e000630c8000440c8010448c901a1
:10924c001cff00102548260105004d1500000000ec
:10925c0040780c002578eb012b00e0110000000099
:10926c00ff0701240a00a11100000000bbff401100
:10927c0000000000257828012300e0150000000004
:10928c00f07f013c2528a100b4ff0010000004244d
:10929c002a78600121586b0121608c011700a01500
:1092ac0021608f0125788b01f5ffe0110000000093
:1092bc00080080150000000003006015000000008d
:1092cc0000ff001000000d242560600100000b243d
:1092dc00e0ffad2520708e71fafec0110000000079
:1092ec002368ae0122300e000630cb000458cb01af
:1092fc000460cc01f3fe00102560860125788b01fb
:10930c000200e01100000000f8ff053c93ff001084
:08931c00000004240000000021
:020000040000fa
:020000041d04d9
:10932400c8ffbd273400bfaf3000b3af2c00b2afcd
:109334002800b1af0300a0142400b0af0e00001049
:1093440001001024259080002520a000eb50400f40
:109354002588a0000500401416000524dd50400fa8
:10936400252020020c00401015000524d71c410fb5
:1093740025204002258040003400bf8f25100002c4
:109384003000b38f2c00b28f2800b18f2400b08f2f
:109394000800e0033800bd27d650400f25202002e6
:1093a400f2ff401414000524f250400f252020023f
:1093b4003900401025202002f950400f0000000021
:1093c4002520400025286000258840002560410fa5
:1093d40025806000252040007e60410f2528600024
:1093e4002520400025302002253800020c54410f6e
:1093f4002528600020004014253000002538000096
:10940400252020020c54410f252800020a004004a4
:10941400019d023c252020022c5e410f25280002dc
:109424002530400025386000b91c410f252040023a
:10943400d1ff0010258040009893468c9c93478c64
:109444000080023c26105000252020024b2a410fa8
:1094540025284000252040002c5e410f252860006f
:109464002530400025386000c11c410f25204002f2
:10947400c1ff0010258040001000a627fb00052432
:10948400252040021000b1afe61c410f1400b0af1c
:10949400b9ff0010258040000751400f0000000074
:1094a4000d004010252020020e51400f0000000046
:1094b400a2ff401025804000ca65410f25204000ce
:1094c4002530400025280002321d410f252040028e
:1094d400a9ff0010258040001851400f0000000033
:1094e4001e00401025202002ba4c400f000000004e
:1094f400253040001000a52725204002371d410fcc
:10950400259840009cff4014258040002a10130237
:1095140006004014252800021000a527441d410f11
:109524002520400294ff001025804000c34c400fca
:10953400252020020300401425284000f3ff0010da
:1095440001001026c924410f1000a42789ff4014ec
:1095540001001026eeff00102a1013021f51400fc5
:109564000000000084ff405001001024ba4c400f5a
:1095740025202002253040001000a527391d410f69
:10958400252040027cff4014258040000800318ed5
:10959400e2ff20121000a5272000308e76ff005233
:1095a40001001024ca65410f252000022530400027
:1095b40025280002321d410f1000a4276eff40141d
:1095c4002580400025282002c924410f1000a4272b
:1095d40069ff401425804000edff00100000318e2b
:1095e4000b008014000000000800e00301000224c6
:1095f400010002243c00bf8f3800b38f3400b28fc7
:109604003000b18f2c00b08f0800e0034000bd276c
:10961400f5ffa01000000000f3ffe01000000000c0
:10962400c0ffbd273800b3af3400b2af3000b1afd4
:109634002c00b0af3c00bfaf2588e0002598c000e7
:10964400564c400f2580a000e9ff401025904000b3
:10965400253800002530600225280002ab1c410f8c
:109664001000a42725284002c924410f1000a42774
:1096740003004014251800001000a38f2318700065
:10968400000023ae25204002234a400f2000a2af51
:10969400d8ff00102000a28fc8ffbd273400bfaf41
:1096a4003000b3af2c00b2af2800b1af0a00801471
:1096b4002400b0af010010243400bf8f2510000235
:1096c4003000b38f2c00b28f2800b18f2400b08fec
:1096d4000800e0033800bd27f7ffa01001001024a4
:1096e400f5ffc0102598c000564c400f2590a000ef
:1096f400f0ff401025884000253800002530000088
:1097040025280000ab1c410f1000a42725282002a7
:10971400c924410f1000a4270500401025804000f3
:10972400234a400f25202002e4ff00103400bf8f9d
:109734001400a28f02004014258000001000b08f96
:10974400a05b410f2520000205004014000042ae3a
:10975400234a400f25202002d7ff00100080103c30
:10976400253000022528400025380000ab1c410f9d
:109774001000a4271000a427c924410f2528200283
:1097840025804000050040140000448e1000a28f84
:1097940023104400e2ff0010000062aeb760410fe6
:1097a40000000000000040aeddff0010000060aecd
:1097b4000300801000000000b760410b00000000af
:1097c4000800e0030000000025100000200007242a
:1097d400213082002140a2000000c38c0000088dcb
:1097e4000400422426186800f9ff47140000c3aca3
:1097f4000800e0030000000020008624f0000a3c7a
:109804000f00093c00c0083c003f073c0000838c6b
:109814000400842480100300822903000003a5307f
:1098240000fc423025104500ff006530251045003e
:10983400002903002428aa0025104500022903005a
:109844002428a90025104500802903002428a80005
:1098540082180300251045002418670025104300d2
:10986400eaffc414fcff82ac0800e003000000001f
:109874000400868c1000878c1800888c08008a8c61
:109884000c008c8c0000858c1400828c2618c70078
:109894001c00898ce8ffbd27265803011000b0afd7
:1098a4001400bfaf1c008bac2658ac002628aa00bd
:1098b40026684b002628a20026104a0026384701b5
:1098c4002630cc0026186900261049002638e90005
:1098d4002630c8002718030026400b012710020079
:1098e40025808000140087ac100086ac0c0085ac89
:1098f400080083ac040088ac000082acbe08410fb1
:1099040018008dac0400058e1000068e1800078e1a
:109914000800098e0000048e0c000b8e1400028ec9
:109924002618a6001c00088e2650e3001c000aae70
:1099340026508b002620890026604a0026208200bb
:109944001400bf8f26104900263026012628ab00bc
:1099540026186800261048002628a7002630c800cc
:10996400271803002638ea002710020018000cae5e
:10997400140006ae100005ae0c0004ae080003aee1
:10998400040007ae000002ae1000b08f0800e00330
:109994001800bd27d0ffbd271800b1af2588a0004f
:1099a400402904001c00b2af212825022590800024
:1099b4002520c0001400b0af2c00bfaf2800b5af05
:1099c4002400b4af2000b3aff325410f2580c000bd
:1099d400ffff52261000401625200002ff25410fec
:1099e400000000001d26410f25200002252820022a
:1099f400252000022c00bf8f2800b58f2400b48fcf
:109a04002000b38f1c00b28f1800b18f1400b08fe8
:109a1400f325410b3000bd27ff25410f0000000056
:109a24001d26410f2520000240291200212825026d
:109a3400f325410f252000021400028e00000c8e35
:109a440018000a8e1c00078e0272220002422c00ab
:109a540026980e010232270026a8820126a0f300d0
:109a64002698530104000d8e26f84a0026987502a4
:109a740026a0860226a09f02029c33002698930209
:109a8400022a2d00000013ae2698a20126a005018b
:109a940026986702021a2a002698650226a08e02da
:109aa40008000f8e26986e0226a083022698630271
:109ab40026a0860226a09502029c3300024a2f00ab
:109ac40026a88d012698740226608f01040013ae27
:109ad40026608a012698a9002660890126986a02d0
:109ae4002660830126986302266086012698660212
:109af4000c00188e2698750202642c0026609301cf
:109b04002698e20108000cae26986a0226604701f6
:109b1400025a38002698680226400c0126400b01a0
:109b240026400e011000198e26986902264006016f
:109b340026a0020326986b022640150126986e0281
:109b44002640140102223900269875020244280096
:109b5400264068022698af012668ab002628a40098
:109b64002668a4012628a7002668ae012628ae0090
:109b74002668a3012628a3000c0008ae2668a601c7
:109b8400264022032628b3002628a8002668b4010c
:109b9400261047002668b301022c25002628a501bb
:109ba40026104b0026586c012678f801100005aeeb
:109bb40026104e0026282a0326c8190326c063014e
:109bc4002610430026c006032610460026c01903ab
:109bd4002628a9002610590002c438002628a4000b
:109be4002610580026482e012628ae0026482301b8
:109bf400180002ae261083002628a300264826015a
:109c040026104a00262086002628a60026f83f01b2
:109c140026104600263887002628af002610480064
:109c24002678ef032640e800027c2f000244280037
:109c34002678af002610480014000fae64ff001011
:049c44001c0002ae50
:020000040000fa
:020000041d04d9
:109c480000681a407cffbd2700601b402c00b6af9f
:109c58002800b5af8000bbaf82d21a00847a5b7f40
:109c680044201b7c20a81d0000a01a3c14005a2781
:109c78000000568f0400c01600000000019d1d3c26
:109c8800bc92bd270000bd8f0100d626000056af4c
:109c98000070164000609b407800bfae7400beaef6
:109ca8007000b9ae6c00b8ae6800afae6400aeae7e
:109cb8006000adae5c00acae5800abae5400aaaece
:109cc8005000a9ae4c00a8ae4800a7ae4400a6ae0e
:109cd8004000a5ae3c00a4ae3800a3ae3400a2ae4e
:109ce8007c00b6ae1000a1ae10b000000c00b6aefd
:109cf80012b000000800b6ae00a0163c1400d6262c
:109d08000000d68effffd6260400c0160000000013
:109d180000a0163cb001d6260000d5aebf48410fc2
:109d28000000000000a0163c1400d6260000d68ec5
:109d3800ffffd6260400c0160000000000a0163c55
:109d4800b001d6260000d58e0800b68e1300c002da
:109d58000c00b68e1100c0021000a18e2c00b68e29
:109d68003400a28e3800a38e3c00a48e4000a58e3d
:109d78004400a68e4800a78e4c00a88e5000a98edd
:109d88005400aa8e5800ab8e5c00ac8e6000ad8e7d
:109d98006400ae8e6800af8e6c00b88e7000b98e0d
:109da8007400be8e7800bf8e00606041c000000065
:109db80000a01a3c14005a2700005b8fffff7b2786
:109dc80000005baf8000ba8e7c00bb8e20e81500d7
:109dd8002800b58f8400bd2700609a4000709b4022
:109de800c0000000180000420000000000a0163c5f
:109df8001400d6260000d68effffd6260400c01613
:109e08000000000000a0163cb001d6260000d58e48
:109e18000800b68e1300c0020c00b68e1100c002f6
:109e28001000a18e2c00b68e3400a28e3800a38eae
:109e38003c00a48e4000a58e4400a68e4800a78e44
:109e48004c00a88e5000a98e5400aa8e5800ab8ee4
:109e58005c00ac8e6000ad8e6400ae8e6800af8e84
:109e68006c00b88e7000b98e7400be8e7800bf8efc
:109e780000606041c000000000a01a3c14005a278e
:109e880000005b8fffff7b2700005baf8000ba8e6e
:109e98007c00bb8e20e815002800b58f8400bd2704
:109ea80000609a4000709b40c0000000180000420b
:109eb800000000007cffbd2700601b402c00b6afef
:109ec8002800b5af8000bbaf847a1b7c000c7b37c1
:109ed80044201b7c20a81d00019d1d3cbc92bd2771
:109ee8000000bd8f00a01a3c14005a270100162458
:109ef800000056af0070164000609b407800bfae6f
:109f08007400beae7000b9ae6c00b8ae6800afaefb
:109f18006400aeae6000adae5c00acae5800abae57
:109f28005400aaae5000a9ae4c00a8ae4800a7ae97
:109f38004400a6ae4000a5ae3c00a4ae3800a3aed7
:109f48003400a2ae3000b7ae7c00b6ae2400b4ae8a
:109f58002000b3ae1c00b2ae1800b1ae1400b0ae13
:109f68001000a1ae10b800000c00b7ae12b8000087
:109f78000800b7ae00a0173cec01f7260000f78eea
:109f88000000f5ae00606041c000000000601740ae
:109f9800847a177c010cf63600609640c0000000f9
:109fa800006816400442167c00689640c000000015
:109fb80088bf163c3410d626020014240000d4ae04
:109fc800ec78400f0000000000609740c0000000df
:109fd80000a0103cec0110260000108e0000158e29
:109fe8000800b08e130000020c00b08e11000002b1
:109ff8001000a18e1400b08e1800b18e1c00b28e15
:10a008002000b38e2400b48e2c00b68e3000b78e9c
:10a018003400a28e3800a38e3c00a48e4000a58e8a
:10a028004400a68e4800a78e4c00a88e5000a98e2a
:10a038005400aa8e5800ab8e5c00ac8e6000ad8eca
:10a048006400ae8e6800af8e6c00b88e7000b98e5a
:10a058007400be8e7800bf8e00606041c0000000b2
:10a0680000a01a3c14005a27000040af20e8150051
:10a078002800b58f8000bb8f7c00ba8f8400bd2775
:10a0880000609b4000709a40c00000001800004229
:10a098000000000001000224080082ac0800e00370
:10a0a8000000000000800234080282ac0800e003cf
:10a0b8000000000000800234040282ac0800e003c3
:10a0c800000000000800e003500285a4008002346c
:10a0d800040082ac0800e0030000000000800234a5
:10a0e800080082ac0800e00300000000000202241f
:10a0f800040082ac0800e003000000000002022413
:10a10800080082ac0800e0030000000000010224ff
:10a11800040082ac0800e0030000000000010224f3
:10a12800080082ac0800e00300000000e000828c18
:10a138000800e003c001427c0800e003e2008290ce
:10a14800e000828c0800e0038001427ce000828c01
:10a158000800e0034001427c2000828c8228050030
:10a1680084f8a27c0800e003200082ac0800e00329
:10a178002000828c3000828c8228050084f8a27c22
:10a188000800e003300082ac0800e0033000828c55
:10a198007f0002247f00a530240282ac280285ac0f
:10a1a8000800e00300000000002a0500007f0224e8
:10a1b800007fa530340282ac380285ac0800e00389
:10a1c800000000007f0002247f00a530340282ac2a
:10a1d800380285ac0800e0030000000040028294c9
:10a1e800046aa27c0800e003400282a44002829430
:10a1f8000418a27c0800e003400282a4000802249c
:10a20800680282ac0800e00300000000600282944b
:10a21800c45a027c0800e003600282a460028294af
:10a228000442a27c0800e003600282a4ffc0a530bb
:10a23800a40085ac0800e00300000000ffc0a530c2
:10a24800a80085ac0800e00300000000002c050011
:10a25800080085ac0800e003000000000800e003e7
:10a26800b20085a00800e003b00085a00800022421
:10a27800080282ac0800e003000000000400022489
:10a28800080282ac0800e0030000000080000224fd
:10a29800080082ac0800e00300000000480086ac1b
:10a2a800580087ac0800e00300000000031905000f
:10a2b80008006010ffff0224f007022400190300c1
:10a2c800140082acf00763302510a000180083ac9e
:10a2d8000418027c0800e003000000000000a290bf
:10a2e800200382a00100a290210382a00200a29074
:10a2f800100382a00300a290110382a00400a29080
:10a30800000382a00500a2900800e003010382a0d8
:10a31800200382900000a2a0210382900100a2a045
:10a32800100382900200a2a0110382900300a2a051
:10a33800000382900400a2a0010382900800e003b9
:10a348000500a2a00800e003100182940800e003c1
:10a35800400182940800e003000182940800e003b1
:10a36800500182940800e003600182940800e00331
:10a37800200182940800e00330018294d40085ac67
:10a388000800e00300000000c80085ac0800e003f6
:10a3980000000000c40085ac0800e00300000000d5
:10a3a8000800e003d000828cd40085ac0800e003ec
:10a3b800000000000000828c0800e003c003427c1b
:10a3c80002000224880282ac0800e00300000000ba
:10a3d80002000224840282ac0800e00300000000ae
:10a3e80001000224880282ac0800e003000000009b
:10a3f80001000224840282ac0800e003000000008f
:10a40800d00282900800e00301004230a00282944a
:10a418000462a27c0800e003a00282a4a002829445
:10a428000420a27c0800e003a00282a40400022405
:10a43800d80282ac0800e0030000000002000224f9
:10a44800980282ac0800e003000000000200022429
:10a45800940282ac0800e00300000000b00285a46a
:10a46800000000000800e0030000000001000224d2
:10a47800940282ac0800e0030000000001000224fe
:10a48800980282ac000000000000000000000000fc
:10a498000800e003000000000800e003c002829406
:10a4a800d00282900800e0038000427c00800234e1
:10a4b800880282ac0800e00300000000008002343b
:10a4c800840282ac0800e00300000000800282944d
:0ca4d8008428a27c0800e003800282a41b
:020000040000fa
:020000041d04d9
:10a4e40070818293e0ffbd271800b1af1400b0afb4
:10a4f4001c00bfaf258880000c0040142580a000fc
:10a504006338410f6c818427010003240700435002
:10a51400708182a3ffff02241c00bf8f1800b18f3b
:10a524001400b08f0800e0032000bd27faff2016b6
:10a53400ffff0224f7ff001201a0023cf023438c2a
:10a54400f4ff6014f02345240400038e0800048ef5
:10a554000400a3ac0800a4ac02000524f02345ac1d
:10a564000800628c09f840000000058eeaff001024
:10a5740025100000ffff823008004050ffff8430a8
:10a58400ffff02240800e00300000000ffff022494
:10a594001400bf8f0800e0031800bd270c0003243b
:10a5a4000228837001a0023cf02342242120a2004f
:10a5b4000400838cf3ff6010251000002800628cd7
:10a5c4000800848ce8ffbd271400bfaf09f84000e1
:10a5d400000000000300432cecff6010069d033cc8
:10a5e400ac88632421104300e9ff0010000042807e
:10a5f4002b1004000800e00323100200050080145f
:10a604000200022401a0033cf423638c0100605483
:10a614000000628c0800e0030000000001a0023c7e
:10a62400f02343240c000224022882702110a3008a
:10a634000400438c04006010252880002400798cd9
:10a64400080020030800448c0800e0030000000018
:10a654000c0080140000000001a0023cf023438c95
:10a664000800601000000000f02342240400438c22
:10a6740004006010000000000c00798c0800200326
:10a684000800448c0800e003ffff02240c0080143f
:10a694000000000001a0023cf023438c080060107d
:10a6a40000000000f02342240400438c04006010e6
:10a6b400000000001400798c080020030800448c7a
:10a6c4000800e003ffff02240c00801400000000d7
:10a6d40001a0023cf023438c08006010000000003d
:10a6e400f02342240400438c0400601000000000a6
:10a6f4001000798c080020030800448c0800e00353
:10a70400ffff02240c0080140000000001a0023ca2
:10a71400f023438c0800601000000000f023422462
:10a724000400438c04006010000000001800798cc1
:10a73400080020030800448c0800e003ffff022403
:10a744000c0080140000000001a0023cf023438ca4
:10a754000800601000000000f02342240400438c31
:10a7640004006010000000002000798c0800200321
:10a774000800448c0800e003ffff02240c0080144e
:10a784000000000001a0023cf023438c080060108c
:10a7940000000000f02342240400438c04006010f5
:10a7a400000000001c00798c080020030800448c81
:10a7b4000800e003ffff0224d8ffbd272400bfaf39
:10a7c4002000b1af1c00b0af3000a6af2000801451
:10a7d4003400a7af01a0103cf023028e1c004010ef
:10a7e400f02310260400028e190040102588a000d2
:10a7f4006c8184278938410fffff05241400401021
:10a804002530200201a0113c3000a72700040524b4
:10a81400f01f2426595a410f1000a7afffff43240d
:10a82400ff03632c08006010f01f25262118450043
:10a83400000060a00400038e0800048e1800638cde
:10a8440009f86000253040008b38410f6c81842763
:10a854002400bf8f2000b18f1c00b08f0800e003dc
:10a864002800bd271f00801400000000e0ffbd2762
:10a874001000b0af01a0103cf023028e1c00bfaf4b
:10a884001800b2af110040101400b1aff02310262d
:10a894000400128e0d0040122588a000ca65410fe5
:10a8a4002520a0001800598e252820020800048eb7
:10a8b4001c00bf8f1800b28f1400b18f1000b08f2e
:10a8c40025304000080020032000bd271c00bf8f56
:10a8d4001800b28f1400b18f1000b08f0800e0038d
:10a8e4002000bd270800e003000000000c008014d5
:10a8f4000000000001a0023cf023438c080060101b
:10a9040000000000f02342240400438c0400601083
:10a91400000000002c00798c080020030800448cff
:08a924000800e003251000000b
:020000040000fa
:020000041d04d9
:10a92c000080013c2638e10040580500425d0b00d8
:10a93c00c0520500427d040025504f01c04a04005e
:10a94c000080083c255048014070070042750e00fd
:10a95c00c06a0700427d06002568af01c062060090
:10a96c002568a801ffff6f25fe07e12d8d00201043
:10a97c0000000000ffffcf25fe07e12dbb002010db
:10a98c00000000000080013c2428a10023406e013f
:10a99c002c00001100000000150000190000000040
:10a9ac002000012d0700201400000000e0ff08210a
:10a9bc002b300c0023000d102560a601f8ff0010b1
:10a9cc0000000d341f0000110000000022200800c0
:10a9dc0004308c0004208d0006600c0106680d010b
:10a9ec001800c01025608c001600001002008c3579
:10a9fc0025580e00234008002000012d07002014cc
:10aa0c0000000000e0ff08212b3009000d000a10a7
:10aa1c0025484601f8ff001000000a340900001117
:10aa2c0000000000222008000430890004208a0065
:10aa3c000648090106500a010200c0102548890089
:10aa4c00020029352678a7001c00e0050000000054
:10aa5c0021482c012b782c0121504d0121504f0104
:10aa6c0002004d11000000002b784d013700e01161
:10aa7c000000000001002f310200e0110000000076
:10aa8c000200293542480900c07f0a0025482f01e1
:10aa9c0042500a000080013c2550410101006b2509
:10aaac00ff0701242900611500000000f07f013c24
:10aabc002528a10037000010000004242b782c015d
:10aacc0023482c012b104f0123504f012b784d01a3
:10aadc002578e2010700e01123504d010080013c74
:10aaec002628a1002b7809002348090023500a00ce
:10aafc0023504f01080040150000000003002015f2
:10ab0c00000000000d00001000000b242550200157
:10ab1c0000000924e0ff6b2520404871070000115c
:10ab2c00000000002358680122200800062089003c
:10ab3c000448090104500a012550440125784901b3
:10ab4c000200e015000000000000052468006019f8
:10ab5c00000000000004292500042f2d21504f0176
:10ab6c002b784f0121586f01c27a09000100ef3197
:10ab7c0023482f01c2220900407d0a0025208f00a6
:10ab8c0040780a00027b0f002528af00007d0b00e7
:10ab9c002528af0025100400251805000800e00347
:10abac00000000002a7820012148290121504a0187
:10abbc002300601521504f01257849011400e01144
:10abcc0000000000080040150000000003002015e4
:10abdc000000000067ff001000000b24255020012e
:10abec0000000924e0ff6b252040487161ff001133
:10abfc00000000002358680122200800062089006c
:10ac0c000448090104500a015aff00102550440160
:10ac1c00ff0701241500c111000000002140e700ce
:10ac2c00257806010300e01500000000d9ffe004c0
:10ac3c000000000025100600d8ff001025180700a2
:10ac4c00257849012700e01500000000ff070124ca
:10ac5c00d0ffc115000000002678a7002100e005f8
:10ac6c0000000000f3ff0010000000002a788001b3
:10ac7c0021608c012168ad011700c0152168af015e
:10ac8c002578ac01c3ffe011000000000800a015fe
:10ac9c0000000000030080150000000039ff0010c8
:10acac0000000e242568800100000c24e0ffce2556
:10acbc002040a87133ff0011000000002370c80170
:10accc002220080006208c0004600c0104680d0191
:10acdc002cff00102568a4012578ac01d5ffe011ec
:10acec0000000000f8ff053caaff0010000004243f
:10acfc000100082423400b012000012d0700201423
:10ad0c0000000000e0ff08212b3009000d000a10a4
:10ad1c0025484601f8ff001000000a340900001114
:10ad2c0000000000222008000430890004208a0062
:10ad3c000648090106500a010200c0102548890086
:10ad4c000200293583ff001000000b2400000000d6
:020000040000fa
:020000041d04d9
:10ad5c000c00c28cb0ffbd273800b4af2800b0afd8
:10ad6c0025a0e0001000d08c4400b7af4000b6af77
:10ad7c003c00b5af3400b3af3000b2af2c00b1af74
:10ad8c00259880000800d18c4c00bfaf4800beafa6
:10ad9c005400a5af415d410f1800a2af0000848e96
:10adac00ffff03260a88710021108200000082ae8a
:10adbc002a1071000a1822021800b18f2400a3afc8
:10adcc00010017242580000025b00000259000000c
:10addc0025a800002000a0af2400a28f2a10020298
:10adec00170040101c00b0af3c00628e4c00638e0c
:10adfc002b18430024006010010043243c0063ae78
:10ae0c0000005e90d5ffc2274408027c251052003a
:10ae1c003a0040542000a28f3000005200003ea2a5
:10ae2c002e00b05200003ea24c00628e0500401075
:10ae3c001800a28f3c00628effff42243c0062aee1
:10ae4c001800a28f1c00a38f1000a52725204000fe
:10ae5c0021984300c767410f000060a25400a48fe3
:10ae6c00000082ac040083ac1800a28f1000a38fea
:10ae7c0026a06200feff0224010003240a185400dd
:10ae8c000900001025f06000735b410f2520600263
:10ae9c0025f04000ffff0224daffc2171c00a28f2e
:10aeac00e8ff40141800a28f4c00bf8f2510c00380
:10aebc004400b78f4800be8f4000b68f3c00b58f62
:10aecc003800b48f3400b38f3000b28f2c00b18fa8
:10aedc002800b08f0800e0035000bd270000828ed0
:10aeec000100122401004224000082ae0100102651
:10aefc000100f726b8ff0010010031260c004014a9
:10af0c002e0002240a00c21700000000c7ffa05642
:10af1c004c00628e00003ea20000828e0100422492
:10af2c00000082ae01000224f0ff00102000a2af4e
:10af3c004c00a016000000000e00c0122520c0031b
:10af4c00b267410f00000000700042380100422c33
:10af5c00420040100100422600003ea20000828efa
:10af6c002590000025a8e00201004224dfff00101c
:10af7c00000082aeb267410f00000000f3ff00102a
:10af8c0065004238b267410f2520c00378000424c5
:10af9c003400441430000224ffff24823100821458
:10afac000000000000003ea20000828e010016246a
:10afbc0001004224cdff0010000082ae0a00422c9a
:10afcc002d00001001004238735b410f25206002f8
:10afdc0025884000ffff02249aff22521800a28ffe
:10afec004400001025202002b267410f0000000031
:10affc00801817002118a3031000638c2118760009
:10b00c0000006380450043142a1055021800a28fdb
:10b01c000100d62621a85500030002242b00c216dd
:10b02c000000b1a2030002261c00a2af0000828e19
:10b03c000300422482ff0010000082aef3ff0010d8
:10b04c0025b80000f1ff0010010017240000828ecb
:10b05c0001004224a5ff0010000082aec9ff501071
:10b06c0000000000d5ffc012d0ffc2271267410fad
:10b07c002520c0030100422cf4ff405000003ea2ea
:10b08c004c00628e04004010000000003c00628ef8
:10b09c00ffff42243c0062ae69ff1216019d023c88
:10b0ac00789442241000a2af2400a28f0200122632
:10b0bc002a10420262ff4010019d023c7c94422403
:10b0cc001400a2af25b00000ffff17243c00628ed5
:10b0dc004c00638e2b184300bbff601021a8d002dc
:10b0ec00010043243c0063ae00005190ffff02249a
:10b0fc0025202002bcffe21600000000b267410fc1
:10b10c00000000002588400069000224cbff2212b9
:10b11c006e000224cbff22122a105502c2ff4014eb
:10b12c0003000226ffffb5262a10b00245ff40148b
:10b13c001800a28f4c00628efbff4050ffffb5261b
:10b14c003c00628effff4224f6ff00103c0062ae12
:020000040000fa
:020000041d04d9
:10b15c0065746865726e65743a206661696c6564c5
:10b16c0020746f20717565756520436f4150207098
:10b17c0061636b65740d0a0065746865726e657445
:10b18c003a2063616e6e6f742072656769737465c3
:10b19c00722068616e646c6572202d206e65747708
:10b1ac006f726b206e6f7420696e697469616c6963
:10b1bc007a65640d0a00000065746865726e6574ca
:10b1cc003a207061636b65742068616e646c6572a3
:10b1dc0020616c726561647920726567697374654e
:10b1ec007265640d0a00000065746865726e6574a2
:10b1fc003a206661696c656420746f2072656769ba
:10b20c0073746572207061636b65742068616e6421
:10b21c006c65720d0a00000065746865726e657469
:10b22c003a206e6f207061636b65742068616e6488
:10b23c006c657220726567697374657265640d0a5a
:10b24c000000000065746865726e65743a20706168
:10b25c00636b65742068616e646c657220646572e2
:10b26c006567697374657265642073756363657370
:10b27c007366756c6c790d0a000000006574686566
:10b28c00726e65743a206661696c656420746f2017
:10b29c0064657265676973746572207061636b6550
:10b2ac00742068616e646c65720d0a006574686563
:10b2bc00726e65743a207365727669636573206982
:10b2cc006e69740d0a000000467265652068656140
:10b2dc00703a2025642062797465730d0a000000b1
:10b2ec0065746865726e65743a207374617274204b
:10b2fc007461736b0d0a000065746865726e657419
:10b30c003a204d414320616464726573733a202581
:10b31c003032583a253032583a253032583a2530a6
:10b32c0032583a253032583a253032580d0a00003e
:10b33c0065746865726e65743a206c696e6b207505
:10b34c00700d0a0065746865726e65743a206c69dc
:10b35c006e6b20646f776e0d0a0000006574686573
:10b36c00726e65743a20495020616464726573731f
:10b37c003a202025642e25642e25642e25640d0a82
:10b38c000000000065746865726e65743a20737510
:10b39c00626e6574206d61736b3a2025642e256492
:10b3ac002e25642e25640d0a000000006574686566
:10b3bc00726e65743a20676174657761793a202002
:10b3cc0020202025642e25642e25642e25640d0a4c
:10b3dc000000000065746865726e65743a206272d4
:10b3ec006f6164636173743a20202025642e256498
:10b3fc002e25642e25640d0a000000006574686516
:10b40c00726e65743a20696e69740d0a0000000052
:10b41c0065746865726e65745f7461736b000000af
:10b42c0065746865726e65743a2068747470207304
:10b43c00747265616d206973206f70656e2c20735a
:10b44c006b697070696e67207061636b65742073d3
:10b45c00656e640d0a00000065746865726e657433
:10b46c003a206661696c656420746f20676574208e
:10b47c004d41432068616e646c650d0a000000004c
:10b48c0065746865726e65743a206661696c656492
:10b49c0020746f20676574204d4143206f626a658c
:10b4ac0063740d0a0000000065746865726e657443
:10b4bc003a206661696c656420746f20616c6c6ff6
:10b4cc0063617465207061636b65740d0a00000024
:10b4dc0065746865726e65743a2074782070616367
:10b4ec006b6574206661696c65643a2025640d0a8d
:10b4fc000000000065746865726e65743a2074789b
:10b50c00207061636b6574206f746865722072655e
:10b51c0073756c743a2025640d0a000025642e2581
:10b52c00642e25642e256400253032583a2530329d
:10b53c00583a253032583a253032583a253032585c
:08b54c003a25303258000000de
:020000040000fa
:020000041d04d9
:10b55400d8ffbd272000b1af1c00b0af2400bfaf9f
:10b56400258080002588a00032ba400f0000048e98
:10b5740001004330120060140200433018006010d0
:10b58400241851000000048e32b9400f1000a52782
:10b594001000048e0c00038e1000a68f09f86000c2
:10b5a40025284000080041040000048e32008290e7
:10b5b40026004054ffff022417b8400f1f00052443
:10b5c40022000010ffff0224e7ff401000000000eb
:10b5d40044b9400f25284000e3ff0010000000009c
:10b5e400190060141000433018006054ffff022457
:10b5f40004004230100040100000048e6db9400f6a
:10b604001000a5270800048e0400038e1000a68fe6
:10b6140009f8600025284000e7ff40040000048e7c
:10b62400d1ff4010000000006fb9400f25284000f2
:10b63400cdff0010000000005cba400f2528000078
:10b64400c9ff001000000000251000002400bf8f77
:10b654002000b18f1c00b08f0800e0032800bd2734
:10b664001000a28f000085ac040086ac0c0082acf4
:10b674001400a28f080087ac0800e003100082ac1d
:10b684002400c01025180000d8ffbd272000b2af49
:10b694002590a000100005241c00b1af1800b0af25
:10b6a4002400bfaf25888000552d410f2580c000a0
:10b6b40011004004ffff03240000248e23b9400f2f
:10b6c4001000a5271000a38f2b180302010060545b
:10b6d4001000b0af1000b08f252840002520400294
:10b6e400d665410f253000020000248e30b9400f8a
:10b6f400252800021000a38f2400bf8f25106000ae
:10b704002000b28f1c00b18f1800b08f0800e00336
:10b714002800bd270800e00325106000e0ffbd27d6
:10b724001800b2af1400b1af1000b0af1c00bfaf2f
:10b73400259080002588a0002580c0000700001601
:10b74400251000001c00bf8f1800b28f1400b18fa9
:10b754001000b08f0800e0032000bd272530000250
:10b7640025282002a12d410f25204002030040047a
:10b7740021882202f1ff001023800202f1ff001051
:10b78400ffff02242300c01025180000d8ffbd27a6
:10b794002000b2af2590a000080005241c00b1af22
:10b7a4001800b0af2400bfaf25888000552d410f8d
:10b7b4002580c00010004004ffff03240000248ef5
:10b7c40019b9400f1000a5271000a38f2b180302ee
:10b7d400010060541000b0af1000a68f252840026d
:10b7e400d665410f252040001000a58f21b9400fd8
:10b7f4000000248e1000a38f2400bf8f251060004a
:10b804002000b28f1c00b18f1800b08f0800e00335
:10b814002800bd270800e00325106000e0ffbd27d5
:10b824001800b2af1400b1af1000b0af1c00bfaf2e
:10b83400259080002588a0002580c0000700001600
:10b84400251000001c00bf8f1800b28f1400b18fa8
:10b854001000b08f0800e0032000bd27253000024f
:10b8640025282002e22d410f252040020300400438
:10b8740021882202f1ff001023800202f1ff001050
:10b88400ffff0224e8ffbd271000b0af2580800031
:10b894000000848c1400bfaf5cba400f2528000060
:10b8a400252000021400bf8f1000b08f180005245b
:10b8b400552d410b1800bd27e0ffbd271800b0af80
:10b8c400258080000000848c1c00bfaf03ba400fa9
:10b8d4000000000032ba400f0000048e010003246f
:10b8e400070043141c00bf8f0000028e1800b08fa5
:10b8f4000000428c2000bd270800e0030100422c18
:10b9040010000524552d410f252000020000048e4f
:10b9140023b9400f1000a527eeff40101000a58f9b
:10b9240030b9400f0000048eeaff00100000000050
:10b934002540c0002518e000255080009800e01440
:10b944002510a0002b30a6003500c0100000000018
:10b95400202805710600a0102320050006208a0077
:10b964000410a2000440a800251082000450aa007c
:10b97400023408001b004600f401c000ffff05313b
:10b9840002240a0012380000101000000014020003
:10b99400252044000248a7702b5889000a00601132
:10b9a4002510e000212088002b588800060060152f
:10b9b400ffffe2242b5889000400605123208900f2
:10b9c400feffe22421208800232089001b0086003a
:10b9d400f401c00010300000003406001220000002
:10b9e4000238a470ffff45312528c5002b48a70065
:10b9f4000800201125308000212805012b40a800d3
:10ba040004000015ffff86242b28a7000100a05482
:10ba1400feff8624001402000800e00325104600ff
:10ba240004000015010002241b004800f401000179
:10ba34001240000020580b712300601520000724d9
:10ba44002328a80001000324023408001b00a600d8
:10ba5400f401c000ffff073102240a00122800008d
:10ba64001010000000140200252044000248e57074
:10ba74002b5889000a0060112510a000212088009d
:10ba84002b58880006006015ffffa2242b5889005c
:10ba94000400605123208900feffa2242120880095
:10baa400232089001b008600f401c000ffff4a31f7
:10bab40010280000002c05002528aa0012200000f0
:10bac400caff00100238e4702338eb000440680118
:10bad4000648e400023408000638e5001b00e600ce
:10bae400f401c0000410650125482201ffff023162
:10baf400021c09001228000010380000003c070056
:10bb04002538e300025045702b60ea000a008011da
:10bb14002518a0002138e8002b60e80006008015f5
:10bb2400ffffa3242b60ea00040080512338ea00bd
:10bb3400feffa3242138e8002338ea001b00e600b6
:10bb4400f401c000ffff253112300000103800005e
:10bb5400003c07002528e500021046702b48a2008f
:10bb64000a0020112538c0002128a8002b48a8006d
:10bb740006002015ffffc7242b48a2000400205113
:10bb8400001c0300feffc7242128a800001c03009a
:10bb9400045064012328a200abff0010251867009d
:10bba4002b40a700251800004e00001525100000aa
:10bbb4002050ea7007004015200009242b28e500d6
:10bbc4004800a014010002242b1086000800e003a2
:10bbd4000100423823482a0106102601043847018f
:10bbe40025384700041845010244070006282501aa
:10bbf4001b00a800f4010001ffffeb300610240134
:10bc040025104300021c0200122800001048000006
:10bc1400004c090025482301026065712b682c0142
:10bc24000a00a0112518a000214827012b6827012c
:10bc34000600a015ffffa3242b682c010400a051cb
:10bc440023482c01feffa3242148270123482c016b
:10bc54001b002801f4010001ffff453012400000e1
:10bc640010480000004c090025282501025868717d
:10bc74002b10ab000a004010254800012128a70022
:10bc84002b10a70006004014ffff09252b10ab0062
:10bc94000400401000140300feff09252128a7001a
:10bca4000014030004304601251049001900c200a5
:10bcb4002328ab00103800002b18a70007006014dd
:10bcc400123000000700a7142518000004204401c6
:10bcd4002b2086000300801000000000ffff422498
:0cbce400251800000800e003000000002c
:020000040000fa
:020000041d04d9
:10bcf0002548c000251080008b00e0142518a00006
:10bd00002b30a6003300c01020502a7108004011cb
:10bd1000025c09000418450123280a000628a40033
:10bd2000044849012518a30004104401025c0900dd
:10bd30001b006b00f4016001ffff243112180000aa
:10bd40001028000002306470001c0500022c020064
:10bd5000251865002b2866000800a05023186600ef
:10bd6000211869002b2869000300a0142b28660005
:10bd70000100a05421186900231866001b006b0005
:10bd8000f4016001ffff4230103000001218000083
:10bd900002586470001c0600251062002b184b002e
:10bda0000900605023104b00211049002b18490056
:10bdb0000500605423104b002b184b000100605409
:10bdc0002110490023104b00061042010800e00337
:10bdd0002518000004002015010003241b00690041
:10bde000f40120011248000020502a711f00401564
:10bdf000200007242328a900025c09001b00ab00d7
:10be0000f4016001ffff2431122800001018000027
:10be10000230a470002c0300021c02002528a3009d
:10be20002b18a600080060502330a6002128a90086
:10be30002b18a900030060142b18a6000100605401
:10be40002128a9002330a6001b00cb00f4016001cb
:10be5000ffff423010280000123000000258c4706a
:10be600000340500cdff00102510c2002338ea0081
:10be7000044849010618e400023409000638e500c8
:10be80001b00e600f401c00004104501ffff28314b
:10be900025186200022c0300123800001060000018
:10bea0000210e870003c0c002538e5002b28e20069
:10beb0000800a0502338e2002138e9002b28e900cf
:10bec0000300a0142b28e2000100a0542138e9004f
:10bed0002338e2001b00e600f401c000ffff6530dc
:10bee0001230000010380000003c07002528e50053
:10bef0000230c8702b10a600090040100410440145
:10bf00002128a9002b10a9000500401404104401a9
:10bf10002b10a600010040542128a9000410440160
:10bf2000b5ff00102328a6002b40a7005c000015d9
:10bf30002070ee700a00c0152b40e50003000015cc
:10bf40002b408600560000150000000023108600dc
:10bf50002328a7002b1882000800e0032318a30061
:10bf600020000b2423586e01066066010438c701c7
:10bf7000253887010440c501024c070006286501e9
:10bf80001b00a900f40120010610640125104800df
:10bf9000ffffe83002640200122800001050000089
:10bfa00000540a0025504c01021805712b60430112
:10bfb0000a0080112568a000215047012b6047012d
:10bfc00006008015ffffad242b6043010400805163
:10bfd00023504301feffad2421504701235043016c
:10bfe0001b004901f401200112480000105000001c
:10bff00000540a0002280971ffff4830254048011b
:10c000002b1005010a004010255020012140070196
:10c010002b10070106004014ffff2a252b100501f5
:10c020000400401000640d00feff2a252140070196
:10c0300000640d000410c60125608a011900820108
:10c04000234005010418c401106800002b200d01d5
:10c050002528a001126000000500801412300000a5
:10c0600007000d152b206c000600801023306600a1
:10c07000233082012338a7012b6086012328ec009e
:10c08000233066002b1866002340050123180301a6
:10c09000041063010630c601251046000618c301ce
:10c0a0000800e003000000001400828cd0ffbd27d0
:10c0b0002800b5af2400b4af2000b3af1c00b2af6e
:10c0c0001400b0af2c00bfaf1800b1af25808000c6
:10c0d00025a0a00009f840001000958c2590400094
:10c0e000259800000c00028e2b10620211004010f7
:10c0f000258800000800118e0000028e021851727f
:10c100002188620000002296010042301300401492
:10c11000253080022000028e2528200209f84000e8
:10c12000252000022400028e020033a601004224d2
:10c13000240002ae2c00bf8f251020022800b58fee
:10c140002400b48f2000b38f1c00b28f1800b18f71
:10c150001400b08f0800e0033000bd271c00028ee1
:10c160002528200209f8400025200002f1ff401098
:10c17000219055020c00028e2b18420201006050e3
:10c1800023904202d7ff0010010073260000838c29
:10c190000c00858c240080ac251000000300a25404
:10c1a0000800868c0800e00300000000000060a486
:10c1b00001004224f9ff0010211866001400828c4f
:10c1c000d0ffbd272800b5af2400b4af2000b3af27
:10c1d0001c00b2af1800b1af2c00bfaf1400b0af5d
:10c1e0002588800025a8a00009f840001000948c44
:10c1f00025904000259800000c00228e2b10620232
:10c2000012004010258000000800308e0000228eb1
:10c210000218507221806200000002960100423034
:10c22000140040102530a0021c00228e2528000298
:10c2300009f84000252020020f0040540c00228ef7
:10c24000000002964408027c000002a62c00bf8f6a
:10c25000251000022800b58f2400b48f2000b38f72
:10c260001c00b28f1800b18f1400b08f0800e003db
:10c270003000bd270c00228e219054022b18420260
:10c280000100605023904202dbff00100100732682
:10c29000e0ffbd271800b2af1400b1af1000b0af7f
:10c2a0001c00bfaf258880002a30410f2590a000d8
:10c2b0001a004014258040002400238e0c00228e9a
:10c2c0001f0062141c00bf8f1800228e1d004050fa
:10c2d0002510000209f84000252020021800401017
:10c2e0001c00bf8f000043940100643005008010e3
:10c2f0000400037c000043a42400228effff42249c
:10c30000240022ae252840022a30410f2520200299
:10c310000b0040101c00bf8f2580400000000296db
:10c32000010043300c0060144408027c00000292bb
:10c33000fc00423003004234000002a21c00bf8f08
:10c34000251000021800b28f1400b18f1000b08fba
:10c350000800e0032000bd27f8ff0010000002a63f
:10c360000000a29401004330050060100400027c2c
:10c370000000a2a42400828cffff4224240082ac8f
:10c380000800e003000000000000838c0c00868c95
:10c39000252800000300c554000062940800e00353
:10c3a00000000000010047300500e0100400027c9e
:10c3b000000062a42400828cffff4224240082ac8f
:10c3c0000800828c0100a524f2ff001021186200f1
:10c3d0000c00838c2b18a3000500601025100000b2
:10c3e0000800828c0000838c0220a2702110830040
:10c3f0000800e0030000000014008010ffff02248a
:10c400001200a010000000000000878c0c00868c39
:10c410002318a7000d0060040800848c0240c4703b
:10c42000213007012330c5000800c01800000000bb
:10c430001b006400f40180001218000002308370b9
:10c440002120c7002628a4000a1065000800e00388
:04c4500000000000e8
:020000040000fa
:020000041d04d9
:10c45400a88182270000438c2b286400fdffa05490
:10c46400251060000400458c2130450006008654e8
:10c474000400868c0400848c21208500040044acd4
:10c48400252040000400868c2128860007006514be
:10c49400a481858f05006510000000000400658cf0
:10c4a4000000638c2128a600040085ac02008210e1
:10c4b400000083ac000044ac0800e003000000006e
:10c4c400e8ffbd271000b0af1400bfaf6878400f7d
:10c4d40025808000a481828f1400401400a0023cb7
:10c4e4006c044224070044300300801025184000e7
:10c4f400070043240410037cd8ab04342110440007
:10c504000410027c23204300ac8180afa88183af58
:10c51400040040ac000040aca48182af040064acd1
:10c52400000062ac9c8184afa08184af0a00001239
:10c5340007000332100002242310430027180200ce
:10c544002b18700004006014000000002180020217
:10c554000700001ea081888f1b7d400f0000000093
:10c56400735f410f258000002b0000101400bf8f63
:10c574002b101001f8ff4014a881878fa88183270e
:10c584000400e28c2b20500005008010a481848fcd
:10c594000000e48c240080542518e000a481848fda
:10c5a400edff8710231050000000e48c0000698c1c
:10c5b400000064ac1100432c040060142120f0003e
:10c5c400040082ac1531410f0400f0ac0400e28c8d
:10c5d4009c81848f231802012b20640002008010a8
:10c5e400a08183af9c8183af0080033c251043006e
:10c5f4000400e2ac9881828f080030250000e0ac92
:10c60400010042241b7d400f988182afd4ff0012a9
:10c61400000000001400bf8f251000021000b08f2e
:10c624000800e0031800bd27d5ff0010253880005e
:10c634001b00801000000000fcff828c18004104e5
:10c6440000000000f8ff838c150060140000000057
:10c65400e8ffbd2700f0427c1400bfaf1000b0af6c
:10c66400258080006878400ffcff82acfcff038ebd
:10c67400a081828ff8ff0426211043001531410f59
:10c68400a08182af9481828f1400bf8f1000b08f7d
:10c69400010042241800bd271b7d400b948182af0a
:10c6a4000800e003000000000800e003a081828f7e
:10c6b4000800e0039c81828f0800e0030000000072
:10c6c400040080101900a40010100000130040148e
:10c6d40025180000e8ffbd271000b0af0280857068
:10c6e4001400bfaf3131410f252000020600401075
:10c6f4002518400025300002252800008066410fdf
:10c7040025204000251840001400bf8f251060002c
:10c714001000b08f0800e0031800bd270800e003f4
:10c7240025106000d8ffbd271400b0af2400bfafb0
:10c734002000b3af1c00b2af1800b1af6878400f4f
:10c7440025808000a881828f22004010ffff1124e1
:10c75400a481848f2590000025980000160082543f
:10c764000400438c1b7d400f00000000040012ae47
:10c77400080011aead7a400f0c0013aea081828f79
:10c784002400bf8f2000b38f000002ae9881828ff7
:10c794001c00b28f1800b18f140002ae9481828ff6
:10c7a400180002ae9c81828f100002ae1400b08f7c
:10c7b400bf7a400b2800bd27010073260000428c7d
:10c7c4002b2843020b9065002b287100e3ff001017
:10c7d4000b88650025900000e2ff001025980000fa
:10c7e400b0ffbd273400b3af0000f38c2c00b1af11
:10c7f4006800a38f3f00732642991300010071263d
:10c804000400117c2800b0af258080004020110076
:10c814002b2064004c00bfaf4800beaf4400b7af4c
:10c824004000b6af3c00b5af3800b4af3000b2af93
:10c834005400a5af400080142510000040111100e1
:10c84400211051002b10620025b8c00025a0e00083
:10c8540080b011000f0040100500122400111100d7
:10c86400211051002b1062000a0040100400122411
:10c87400c0101100211051002b106200050040105f
:10c88400030012242190d1022b9072000100522e39
:10c89400010052266400a28f252880022520000270
:10c8a40001001e2421a856004462410f8098130001
:10c8b4002d005e162530600225280002d665410f42
:10c8c4002520a0020000868e2528000004000426ee
:10c8d400000006ae1f00c624423106008066410fe8
:10c8e400803006000000828e01000324253080027f
:10c8f4001f00422442110200801002002110020293
:10c90400000043ac252800007f3b410f2520000296
:10c9140025f000001800a0af2b00c01f2a10d2037e
:10c924002d00e0166000a68f252880023556410fa1
:10c9340025200002010002244c00bf8f4800be8f56
:10c944004400b78f4000b68f3c00b58f3800b48fd9
:10c954003400b38f3000b28f2c00b18f2800b08f19
:10c964000800e0035000bd272140b6022520000145
:10c97400d665410f252800022540400004185e02b8
:10c9840002001e246000a28f214816012528000100
:10c99400252020011000a2af253880022530000296
:10c9a4001c00a3afca3a410f1800a9af1800a98f01
:10c9b4001c00a38f0100de27f2ff7e142540200116
:10c9c400c1ff00100000868e0f0040102540400279
:10c9d4000d00e0122540c0035400a38f1800a28f5d
:10c9e400fffff72600006390001202000800de2714
:10c9f400251062001800a2af5400a28f2540400207
:10ca0400010042245400a2af251800006000a28f48
:10ca14006400a48f253880021000a2af25300002e4
:10ca2400252800022000a3afca3a410f1c00a8af7a
:10ca34006400a58f25306002d665410f25200002d1
:10ca44002000a38f1c00a88f010063242a10680013
:10ca5400eeff40141800a28fffff032423f0c80345
:10ca640004180301271803000620c20301000b2445
:10ca740013004b16241864006000a28f6400a48f76
:10ca8400253880022530a002252800021000a2af1c
:10ca9400ca3a410f1c00a3af1c00a38f6400a68fe9
:10caa4002538600223200300252083002528000266
:10cab4002165410fc227040097ff00100000000009
:10cac4000000868e0400a7262520e0000000a6ae04
:10cad4001f00c624423106008030060025280000cd
:10cae4002000a3af8066410f1c00a8af1c00a88fd4
:10caf4002000a38f01000b24253840002150b602ea
:10cb040004400b01010004242628640023100500be
:10cb140025104500c2170200ffff42242530e00023
:10cb2400010005242b58b10007006015805805004a
:10cb3400010084242b108800f3ff40142150560177
:10cb4400ceff00106000a28f21584b0100006b8db6
:10cb54000100a5240400c62424604b00fcffcb8cf8
:0ccb640025586c01efff0010fcffcbac6b
:020000040000fa
:020000041d04d9
:10cb700030febd27c001b3af8400938cb801b1afc4
:10cb8000bc01b2af0400718e04009224c801b5af9d
:10cb90000032317e25382002c401b4afb401b0aff9
:10cba00025a0c0002580800025a8a00025304002d7
:10cbb000252860022801a427cc01bfafab35410f67
:10cbc00044001026253000002801a527e135410f3b
:10cbd0001000a42725302002252800020a36410f24
:10cbe0001000a42701000624ac01a5271000a427eb
:10cbf0000a36410fac01a0a3253080022528a002ef
:10cc00000a36410f1000a427252840020e36410f96
:10cc10001000a42725382002253040022528600274
:10cc2000ab35410f2801a427253000002801a52796
:10cc3000e135410f1000a427252800021000a42789
:10cc40000a36410f25302002252800020e36410ffa
:10cc50001000a42725008012253000002801a527f8
:10cc6000e135410f1000a4272530200225280002bd
:10cc70000a36410f1000a4270100022401000624f7
:10cc8000ac01a5271000a4270a36410fac01a2a3ce
:10cc9000253080022528a0020a36410f1000a42763
:10cca000252840020e36410f1000a4272538200207
:10ccb0002530400225286002ab35410f2801a4270a
:10ccc000253000002801a527e135410f1000a427d9
:10ccd000252800021000a4270a36410f2530200223
:10cce000252800020e36410f1000a427cc01bf8f6b
:10ccf000c801b58fc401b48fc001b38fbc01b28f1e
:10cd0000b801b18fb401b08f0800e003d001bd2796
:10cd1000d8ffbd271400b1af0400b18c019d023cc7
:10cd2000109242240032317e2400bfaf2000b4af05
:10cd30001c00b3af1800b2af1000b0af2590a00038
:10cd4000258080002598c000000082ac253020029c
:10cd500025280000040084248066410f25a0e000ff
:10cd600025302002440004268066410f010005247e
:10cd7000840012ae253080022528600225200002a2
:10cd80002400bf8f2000b48f1c00b38f1800b28f17
:10cd90001400b18f1000b08fdc32410b2800bd278a
:10cda00028febd27c401b4af8400948cb401b0af99
:10cdb000c801b5af0400908e04009524d001b7af30
:10cdc0000032107ecc01b6afbc01b2af25b88000f6
:10cdd00025b0a0002590c000253800022530a00213
:10cde000252880022801a427d401bfafc001b3af1a
:10cdf000ab35410fb801b1af4400f126253000003a
:10ce00002801a5272a0040161000a427e135410f6c
:10ce10000000000025300002252820020a36410fbc
:10ce20001000a42701000624ac01a5271000a427a8
:10ce30000a36410fac01a0a32528a0020e36410fef
:10ce40001000a427253800022530a00225288002e2
:10ce5000ab35410f2801a4272801a5271000a427de
:10ce6000e135410f25300000253000022528200241
:10ce70000a36410f1000a427252820020e36410f44
:10ce80001000a427d401bf8fd001b78fcc01b68f7b
:10ce9000c801b58fc401b48fc001b38fbc01b28f7c
:10cea000b801b18fb401b08f0800e003d801bd27ed
:10ceb000e135410f2b98120225300002252820026f
:10cec0000a36410f1000a427252820020e36410ff4
:10ced0001000a427251000020a10530225984000d4
:10cee0002520c00225304000d665410f25282002ac
:0ccef00021b0d302c0ff001023905302b9
:020000040000fa
:020000041d04d9
:10cefc00656570726f6d3a20545820627566666570
:10cf0c00722074696d656f7574210d0a0000000c38
:10cf1c00656570726f6d3a2052582064617461209f
:10cf2c0074696d656f7574210d0a0000656570720a
:10cf3c006f6d3a2074657374696e6720636f6d6de5
:10cf4c00756e69636174696f6e0d0a006565707248
:10cf5c006f6d3a20636865636b696e672053504947
:10cf6c0032535441543d30782530386c780d0a00da
:10cf7c00656570726f6d3a20636865636b696e6787
:10cf8c002053504932434f4e3d30782530386c7821
:10cf9c000d0a0000656570726f6d3a2074657374cc
:10cfac002031202d20577269746520456e61626caa
:10cfbc00650d0a00656570726f6d3a205752454ecb
:10cfcc0020726573706f6e73653d307825303278e2
:10cfdc000d0a0000656570726f6d3a20746573748c
:10cfec002032202d20577269746520746f20616483
:10cffc00647220300d0a0000656570726f6d3a2006
:10d00c00575249544520726573706f6e73653d308d
:10d01c0078253032780d0a00656570726f6d3a2094
:10d02c00746573742033202d205265616420626115
:10d03c00636b2066726f6d206164647220300d0a20
:10d04c0000000000656570726f6d3a2052454144d6
:10d05c00206261636b20646174613d3078253032ed
:10d06c00780d0a00656570726f6d3a20577269749d
:10d07c00652f52656164207465737420504153535d
:10d08c004544210d0a000000656570726f6d3a20f1
:10d09c00454550524f4d20697320776f726b696e06
:10d0ac006720636f72726563746c79210d0a0000de
:10d0bc00656570726f6d3a2057726974652f526591
:10d0cc0061642074657374206661696c65640d0a13
:10d0dc0000000000656570726f6d3a20777269749c
:10d0ec0065206661696c6564202d20696e76616cc3
:10d0fc00696420706172616d730d0a0065657072f0
:10d10c006f6d3a206661696c656420746f20616391
:10d11c00717569726520535049320d0a0000000088
:10d12c00656570726f6d3a207772697465207469e9
:10d13c006d656f7574210d0a0000000065657072d5
:10d14c006f6d3a2072656164206661696c6564205c
:10d15c002d20696e76616c696420706172616d73eb
:10d16c000d0a0000656570726f6d3a206465696e1a
:10d17c0069740d0a00000000656570726f6d3a20cd
:10d18c006d616769632072656164206661696c65b5
:10d19c00640d0a00656570726f6d3a207365747466
:10d1ac00696e67206d61676963206e756d6265726b
:10d1bc002030782530386c780d0a00006565707267
:10d1cc006f6d3a206d6167696320777269746520b1
:10d1dc007375636365737366756c0d0a00000000ec
:10d1ec00656570726f6d3a206d6167696320777247
:10d1fc00697465206661696c6564210d0a00000024
:10d20c00656570726f6d3a20696e69740d0a000065
:10d21c00656570726f6d3a20616c7265616479201e
:10d22c00696e697469616c697a65640d0a00000045
:10d23c00656570726f6d3a206661696c6564207407
:10d24c006f20736574206d61676963206e756d6204
:08d25c006572210d0a000000bb
:020000040000fa
:020000041d04d9
:10d2640048febd27b001beafa401b5af9401b1af74
:10d2740025a8800025f0a0002588c000252880006e
:10d28400d00006241000a427b401bfafac01b7af8f
:10d29400a801b6af25b8e000a001b4af9c01b3afbc
:10d2a4009801b2afd665410f9001b0af1000b28fb4
:10d2b40011000324090002240400568e01001324e3
:10d2c4002001a5274007c47e0b1064006c01a2afa7
:10d2d400c01dc27e049853001400428e1000a4277f
:10d2e40009f840006801b6af2140e2022bb81701eb
:10d2f400ffff74262580400021b8e30227101400a4
:10d30400244002012b107700060040540c00428e8a
:10d314005c00e3162b1008025b004050254000021d
:10d324000c00428e23b810012530e0022528c003ea
:10d334001000a4277001a3af09f840006801a8af4a
:10d344006801a88fc801a38f21f0d7032310080216
:10d3540021b85100211062007001a38fc801a2af4f
:10d364000032c27e7801a2af211030022b48510056
:10d3740021482301421f0200c01002007c01a2af19
:10d384006c01a28fc020090024808802211082022f
:10d39400251864002120e2026801a3af2120900037
:10d3a40023181300242083007001a4af23209000cd
:10d3b400ffff8524f8ff84247401a4afc801a48f5f
:10d3c4008001a5af400006242110820021105000e6
:10d3d400241043002310500025280000e000a42757
:10d3e4008401a2af8066410f258800008401a28fca
:10d3f40027002216c801a28f0800428e09f84000b7
:10d404001000a4271800428e253800002530600241
:10d41400d000a52609f840001000a4277801a68fa3
:10d424000c00428ee000a52709f840001000a42754
:10d434001000428ee000a52709f840001000a42740
:10d444001001a68ecc01a48fd665410fe000a5275c
:10d45400b401bf8f1001a28eb001be8fac01b78f93
:10d46400a801b68fa401b58fa001b48f9c01b38f1e
:10d474009801b28f9401b18f9001b08f0800e0033e
:10d48400b801bd2725400002b5ff001025b82002d1
:10d494002b10220203004010253800002110d10374
:10d4a4000000479021103002241054006c01a2aff8
:10d4b4006c01a38ff8ff62262b1062000e0040144b
:10d4c40025280000233073000800c6248007c27e8c
:10d4d400c0300600030040108801a7af38000224c2
:10d4e400233046006801a58fd664410f7c01a48fc8
:10d4f4008801a78fff0045307001a28f7401a68fa9
:10d504002618f1022320020208008224212051005f
:10d514007401a28f2630c400261022022410460073
:10d5240026104400c2170200232003000b28020027
:10d53400252083002510a000c227040025286000b0
:10d544008000e3382330f1020b1804002620670022
:10d55400261826022418650026186600c21f030038
:10d564000a1083006001a2a30c00428e010006246d
:10d574006001a52709f840001000a4276c01a28fc0
:10d584000e0082162001a5271400428e09f84000df
:10d594001000a4278001a28f7801a78f2001a6275d
:10d5a400261022022320020025208200c227040024
:10d5b400e000a5272165410f010084388bff00108e
:10d5c40001003126d0febd272001b3af0000938cab
:10d5d4002801b5af1401b0af25a8a00025808000b4
:10d5e4002528c0001000a4272530e0002401b4af92
:10d5f4001c01b2af1801b1af2590e0002c01bfaf00
:10d604004001b48fd665410f0400718e1000a2272b
:10d61400212052001f00441425288002c01d227eb0
:10d6240001001124048851001000a2272330320283
:10d634008066410f212052000800628e09f84000e4
:10d64400252000020000028e253020021000a527ac
:10d654000c00428c09f84000252000020000028ed4
:10d664002528a0021400428c09f84000252000025d
:10d674002c01bf8f2801b58f2401b48f2001b38ff3
:10d684001c01b28f1801b18f1401b08f0800e003a0
:10d694003001bd2700004390010042242618830274
:10d6a400dcff0010ffff43a00400a28cc0febd27d6
:10d6b4003801b3afc01d437c010002240410620092
:10d6c4002b1047003001b1af2c01b0af3c01bfaf0c
:10d6d4003401b2af259880002580c0002588e00081
:10d6e400000085ac110040101800a5af0800a28c02
:10d6f4002590a00009f840001800a4270c00428ed1
:10d70400253020022528000209f840001800a4272b
:10d714001000428ee800a52709f840001800a4274d
:10d724000400518ee800b0270032317e3600022416
:10d734001000a2af2538200225300002040065261f
:10d744007235410f1800a4275c0002241000a2af18
:10d754002538200225300002440065267235410f29
:10d764001800a4273c01bf8f3801b38f3401b28f56
:10d774003001b18f2c01b08f0800e0034001bd27b8
:10d78400d8ffbd271000b0af0000b08c1800b2afb6
:10d794002590c0000400068e0800028e2400bfaf4e
:10d7a400c01dc67c2000b4af1c00b3af1400b1afe1
:10d7b40001001424258880002598a00009f8400061
:10d7c40004a0d4001800028e253080022538000001
:10d7d4000400652609f840002520200240000624a4
:10d7e40044006526d665410fd00024260400028e2d
:10d7f400030040120032427c2b1842020b104302f9
:10d804002400bf8f100122ae2000b48f1c00b38f00
:10d814001800b28f1400b18f1000b08f0800e0031d
:10d824002800bd270000828c0c00598c08002003be
:10d8340000000000c8febd272401b0af0000908c9a
:10d844003401bfaf3001b3af1000028e2c01b2af70
:10d854002801b1af2598a000e000a52709f84000f1
:10d86400258880000400068e0800028e1000a4277c
:10d87400c01dc67c0100122409f840000490d200a7
:10d884001800028e2538000025304002d0002526dd
:10d8940009f840001000a4270400068e0c00028e34
:10d8a400e000a5270032c67c09f840001000a42738
:10d8b4001000028ee000a52709f840001000a427fc
:10d8c4001001268ee000a527d665410f25206002b1
:10d8d4003401bf8f1001228e3001b38f2c01b28f1f
:10d8e4002801b18f2401b08f0800e0033801bd275f
:020000040000fa
:020000041d04d9
:10d8f4004050050042550a00c04a0500427d04001c
:10d9040025482f01c042040000800e3c25482e010a
:10d9140040680700426d0d00c0620700427d0600aa
:10d9240025608f01c05a060025608e012628a700b5
:10d934002428ae00ffff4f25fe07e12d47002010ed
:10d9440000000000ffffaf25fe07e12d6f0020104f
:10d954000000000002fcaf2521504f0119002c01ea
:10d96400123800001070000019000b011220000092
:10d974001030000019002b0112580000106800003c
:10d984002130cb002b78cb002138ed002138ef007b
:10d994000200ed10000000002b78ed002170cf0193
:10d9a40019000c0112400000104800002130c8008a
:10d9b4002b78c8002138e9002138ef000200e91073
:10d9c400000000002b78e9002170cf012578860043
:10d9d4000200e011000000000100e73425480e00b9
:10d9e40006002005254007002a780001214008018f
:10d9f4002148290121482f01ffff4a25ffff4f2518
:10da0400fe07e12d68002010000000000004082536
:10da140000040f2d21482f012b782f0121504f0195
:10da2400c27a08000100ef3123400f01c22208002e
:10da3400407d090025208f0040780900027b0f00fb
:10da44002528af00007d0a002528af00251004001a
:10da5400251805000800e003000000002a780001f2
:10da640021400801214829011c00401521482f01ab
:10da7400257828011400e01100000000080020159a
:10da8400000000000300001500000000adff0010be
:10da940000000a242548000100000824e0ff4a256c
:10daa40020702e71a7ffc0110000000023504e010a
:10dab40022380e000638e8000440c8010448c901b1
:10dac400a0ff001025482701ff0701243300a111fe
:10dad40000000000ddff0010000000002578280190
:10dae4002e00e015000000000500a0150000000055
:10daf40040780c002578eb012800e01100000000bc
:10db0400ff0701242100a115000000002a7860010c
:10db140021586b0121608c011900a01521608f012f
:10db240025788b011400e011000000000800801526
:10db340000000000030060150000000085ff0010d5
:10db440000000d242560600100000b24e0ffad25da
:10db5400203086717fffc010000000002368a601fa
:10db6400227006000670cb010458cb000460cc0080
:10db740078ff001025608e01b4ff0010000004241b
:10db840025788b010500e01500000000f07f013cc2
:10db94002528a100adff001000000424f8ff053c77
:10dba400aaff001000000424f8ff401d000000003c
:10dbb40001000e242370ca012000c12d0700201487
:10dbc40000000000e0ffce212b3008000d000910fa
:10dbd40025402601f8ff0010000009340900c01197
:10dbe4000000000022380e000430e8000438e90088
:10dbf4000640c8010648c9010200c0102540e800db
:10dc0400020008350004082500040f2d21482f01c7
:0cdc140083ff0010c25709000000000050
:020000040000fa
:020000041d04d9
:10dc200080bf023c1060438c0e0063300a0060101d
:10dc3000000000001060438c02006330020060109e
:10dc400002000324146043ac1060438c0100633075
:10dc500003006014000000000800e0030000000062
:10dc60003060438cf8ff00100000000080bf023cd1
:10dc700008000324006043ac00940334186043acf4
:10dc8000ad000324406043ac00800334086043ac23
:10dc90000800e003000000002f00801025100000a5
:10dca0000000838c2c006010060006240800878c7e
:10dcb0000400e614000000000400868c2600c01456
:10dcc000000000000300a01442100300c404053c3f
:10dcd00000b4a534822805002128a2002b30a3001f
:10dce0001d00c014251000001b00a300f4016000fb
:10dcf0000100033c12280000ffffa5242b18a300fd
:10dd0000150060100080033480bf023c1060468c18
:10dd1000046043ac060003241100e314000000007b
:10dd20000060438c06006334006043ac0060438ca9
:10dd30000c00848c001cc6300400037c2518640091
:10dd4000006043ac00800334406045ac086043ace5
:10dd5000186046ac010002240800e0030000000047
:10dd60000060438c0400878c4410037ceeff00109d
:10dd70002518670080bf023c0060428c0800e00369
:10dd80004001427c0300801080bf023c200003243d
:10dd9000086043ac0800e0030000000006008014a7
:10dda000251000000800e003000000001400bf8ff1
:10ddb0000800e0031800bd27e8ffbd271400bfaf2f
:10ddc0000837410f060007242510000080bf033ce0
:10ddd0000300451400000000f4ff001001000224bd
:10dde0001060668c0100c630fdffc010000000000e
:10ddf0001060668c0e00c630ecffc0542510000089
:10de00000060668c3060688c0600c6300500c71460
:10de100040300200213086000000c8a4ecff001052
:10de20000100422421308200fcff00100000c8a045
:10de300016008014251000000800e0030000000018
:10de40001060668c0002c630fdffc01400000000a8
:10de50000060668c0600c6300a00c71421308200bc
:10de600040300200213086000000c694206066ac7d
:10de700001004224f2ff4514000000000800e00306
:10de800001000224f9ff00100000c69080bf033c8f
:10de9000f8ff00100600072480bf023c1060448c8d
:10dea0000e0084300900801000000000e8ffbd274c
:10deb0001400bfaf0837410f000000001400bf8fef
:10dec000251080000800e0031800bd270800e003cb
:10ded0002510800080bf033c1060628c000242303d
:10dee000fdff401400000000206064ac0800e00367
:10def0000000000080bf023c1060428c00024238eb
:10df00000800e0034002427c80bf023c3060428c4b
:10df10000800e0030000000080bf023c1060428c5b
:10df20000800e0030100423080bf023c1060428cd8
:10df30000800e0030002427ce8ffbd2708008010d3
:10df40001400bfaf0100022409008210000000008d
:10df50001400bf8f251000000800e0031800bd2743
:10df60006878400f00000000faff00101400bf8f17
:10df7000ad7a400f00000000f6ff00101400bf8fc4
:10df8000050080100100022405008210000000003e
:10df90000800e003000000001b7d400b00000000b3
:10dfa000bf7a400b00000000e0ffbd271400b0afb7
:10dfb0001c00bfaf1800b1af0700a0102580800083
:10dfc000010003241b00a3502520c000000080acea
:10dfd00013000010ffff02240200e32c1000601069
:10dfe0002510000003000624010004248ed4400ff5
:10dff0002588e00012004010000002ae010003245a
:10e000000f002316253800002530000025280000c9
:10e01000c6d4400f25204000010042380100422ca8
:10e020001c00bf8f1800b18f1400b08f0800e003f0
:10e030002000bd27b2d4400f2528e000000002ae2a
:10e040000000028ef6ff00102b100200e8ffbd2733
:10e050001000b0af258080000000848c1400bfaf9a
:10e06000a3d7400f000000001400bf8f000000aed7
:10e07000010002241000b08f0800e0031800bd2743
:10e080000d008010251000000000848c0a00801014
:10e0900000000000e8ffbd271400bfaf3ad6400fd4
:10e0a000000000001400bf8f010042380100422c24
:10e0b0000800e0031800bd270800e003000000008e
:10e0c0000e008010251000000000848c0b008010d2
:10e0d00025380000e8ffbd27253000001400bfaf41
:10e0e000c6d4400f252800001400bf8f010042381d
:10e0f0000100422c0800e0031800bd270800e003df
:10e1000000000000e0ffbd271c00bfaf0500801429
:10e110001000a0af251000001c00bf8f0800e00316
:10e120002000bd270000848cfbff8010251000001c
:10e1300094d5400f1000a527f6ff40101000a38fc4
:10e14000f5ff601001000224006803400001633401
:10e1500000688340c0000000f0ff00101c00bf8f6b
:10e160000000848ce8ffbd271400bfaf83d7400fa9
:10e17000000000001400bf8f0001442cff000324a6
:10e180000a1064000800e0031800bd27100080108a
:10e19000251000000000838c0d00601400000000ba
:10e1a000e8ffbd271000b0af258080001400bfaf8e
:10e1b0003ed5400f010004241400bf8f000002aec2
:10e1c0002b1002001000b08f0800e0031800bd27dc
:10e1d0000800e0030000000010008010251000007f
:10e1e0000000838c0d00601000000000e8ffbd27d8
:10e1f0001000b0af258080001400bfafa3d7400f40
:10e20000252060001400bf8f000000ae0100022432
:10e210001000b08f0800e0031800bd270800e003dd
:10e22000000000002038410b000000003038410b96
:10e23000000000003131410b000000008d31410b26
:0ce24000000000000800e00301000224c0
:020000040000fa
:020000041d04d9
:10e24c000800e003010002240300801403000224f0
:10e25c0001a0023c0833428c0800e00300000000df
:10e26c000800e003000000001200801401a0043c30
:10e27c00e8ffbd270c3384241000b0af1400bfafef
:10e28c006338410f2580a0000100032405004314ce
:10e29c0001a0033c0000048e043364ac04336324fb
:10e2ac00040062ac1400bf8f1000b08f0800e003b4
:10e2bc001800bd270800e0030000000001a0043c8a
:10e2cc00e8ffbd27ffff05241400bfaf8938410fbd
:10e2dc000c3384241400bf8f2b1002000800e003c1
:10e2ec001800bd27e8ffbd271400bfaf0700801042
:10e2fc001000b0afffff10241400bf8f25100002d8
:10e30c001000b08f0800e0031800bd27b238410f91
:10e31c0000000000f7ff401001a0023c0433428cc7
:10e32c001000428c09f840000000000001a0043ce1
:10e33c000c3384248b38410f25804000efff0010f4
:10e34c001400bf8fe8ffbd271400bfaf070080107b
:10e35c001000b0afffff10241400bf8f2510000277
:10e36c001000b08f0800e0031800bd27b238410f31
:10e37c0000000000f7ff401001a0023c0433428c67
:10e38c001400428c09f840000000000001a0043c7d
:10e39c000c3384248b38410f25804000efff001094
:10e3ac001400bf8fe0ffbd271c00bfaf1800b1af3a
:10e3bc00080080101400b0afffff10241c00bf8faa
:10e3cc00251000021800b18f1400b08f0800e00374
:10e3dc002000bd272588c000b238410f2580a00041
:10e3ec00f5ff401001a0023c0433428c25200002b2
:10e3fc000c00428c09f840002528200201a0043ca6
:10e40c000c3384248b38410f25804000ecff001026
:10e41c001c00bf8fe8ffbd271400bfaf07008010a2
:10e42c001000b0afffff10241400bf8f25100002a6
:10e43c001000b08f0800e0031800bd27b238410f60
:10e44c0000000000f7ff401001a0023c0433428c96
:10e45c000800428c09f840000000000001a0043cb8
:10e46c000c3384248b38410f25804000efff0010c3
:10e47c001400bf8fe8ffbd271400bfaf070080104a
:10e48c001000b0afffff10241400bf8f2510000246
:10e49c001000b08f0800e0031800bd27b238410f00
:10e4ac0000000000f7ff401001a0023c0433428c36
:10e4bc000400428c09f840000000000001a0043c5c
:10e4cc000c3384248b38410f25804000efff001063
:10e4dc001400bf8fe0ffbd271c00bfaf1800b1af09
:10e4ec00080080101400b0afffff10241c00bf8f79
:10e4fc00251000021800b18f1400b08f0800e00343
:10e50c002000bd272588c000b238410f2580a0000f
:10e51c00f5ff401001a0023c0433428c2520000280
:10e52c000000428c09f840002528200201a0043c80
:10e53c000c3384248b38410f25804000ecff0010f5
:10e54c001c00bf8f02120500000085a0010082a0f4
:10e55c0002140500022e0500020082a00800e00350
:10e56c00030085a0030082880800e0030000829865
:10e57c00019d023ce8ffbd27c89242241000b0afb9
:10e58c001400bfaf25808000000082acf609410f5b
:10e59c00040084241400bf8ff40002ae1000b08f6e
:10e5ac000800e0031800bd2788fdbd275402b1af59
:10e5bc002588a000f400858c5002b0af7802a4af7f
:10e5cc002580c000040086241000a4277402bfaf6d
:10e5dc006802b6af6402b5af25b0e0006002b4af1c
:10e5ec005c02b3af5802b2af7002beaf6c0a410fff
:10e5fc006c02b7af5c39410f2520200225a84000e2
:10e60c0004002226252040005c39410f3c02a2afb9
:10e61c0025a0400008002226252040005c39410f2f
:10e62c004002a2af259840000c0022262520400075
:10e63c005c39410f4402a2af259040001000102617
:10e64c00f0ff02264a00c0123802a2af5c39410f1b
:10e65c003802a48f1002a2af25f04000f4ff02266e
:10e66c00252040005c39410f3002a2af1802a2af46
:10e67c0025b84000f8ff0226252040005c39410fe8
:10e68c003002a2af3002a2af2002a2affcff0226e2
:10e69c00252040005c39410f3402a2af3402a2aff6
:10e6ac002802a2af2000c22e490040144802a2af9b
:10e6bc005c39410f25200002040004265c39410f0f
:10e6cc001402a2af080004265c39410f1c02a2af51
:10e6dc000c0004265c39410f2402a2af2c02a2af1d
:10e6ec00200006241002a527d665410ff001a427af
:10e6fc006509410f1002a4277802a28f1002a627e9
:10e70c001000a5276626410ff400448c6509410fc3
:10e71c001002a4271002a58f3802a48f5439410f80
:10e72c002628a5021802a58ff4ff04265439410fa0
:10e73c00262885022002a58ff8ff04265439410fa4
:10e74c00262865022802a58ffcff04265439410fa8
:10e75c00262845022000c22e220040501402a58f0c
:10e76c003402b28f3002b38f25a0e00225a8c0037b
:10e77c002528a0025439410f252020023c02a48fe9
:10e78c005439410f252880024002a48f5439410f7f
:10e79c00252860024402a48f5439410f25284002d9
:10e7ac007402bf8f7002be8f6c02b78f6802b68f77
:10e7bc006402b58f6002b48f5c02b38f5802b28fc3
:10e7cc005402b18f5002b08f0800e0037802bd27cd
:10e7dc001402a0af1c02a0af2402a0afc0ff001017
:10e7ec002c02a0af25200002e0ffd6265439410fa1
:10e7fc002628c5031c02a58f040004265439410f9a
:10e80c002628e5023002a28f2402a58f08000426d8
:10e81c005439410f262845002c02a58f3402a28fb3
:10e82c000c000426200010265439410f26284500e0
:10e83c00f401b58ffc01b48f0402b38f80ff00107c
:04e84c000c02b28f79
:020000040000fa
:020000041d04d9
:10e85000059d053cc45aa524ef29410b2520000045
:10e86000e0ffbd271c00bfaf1800b2af1400b1af6e
:10e87000424f400f1000b0af059d063c059d053c82
:10e88000d45ac624dc5aa52425204000a44e400fab
:10e8900025804000059d063c059d053c2520000285
:10e8a000e45ac624a44e400fec5aa524059d063c0c
:10e8b000059d053c25200002f45ac624a44e400fb5
:10e8c000005ba524059d063c059d053c085bc62410
:10e8d000145ba524a44e400f252000025e4c400f7f
:10e8e0002520000201a0113c2590400000080624cc
:10e8f000252840009466410fdce72426dc51400fb8
:10e9000025204002234a400f252000021c00bf8f13
:10e91000dce722261800b28f1400b18f1000b08ff0
:10e920000800e0032000bd27d0ffbd27059d053c62
:10e930002400b2af1c5ba524259080002520000098
:10e940002c00bfaf2800b3af2000b1af1c00b0afa8
:10e95000ef29410f01a0113c183a410f01a0133ccf
:10e96000059d063c25384000385bc6240a0805246e
:10e970002d67410fd0df24261000a72700080624aa
:10e98000d0d76526d0df24267925410f1000a0af0f
:10e990000d004010059d053c25304000445ba5243a
:10e9a000ef29410f25200000251000002c00bf8f0b
:10e9b0002800b38f2400b28f2000b18f1c00b08fcd
:10e9c0000800e0033000bd271000a68f258040001e
:10e9d000450002240c0042ae3c000224200446a65e
:10e9e000d0d76526ffffc63020004426d665410fec
:10e9f0001c0042ae059d053c685ba524ef29410f34
:10ea000025200000ca65410fd0df24262590400054
:10ea1000d0df3126059d133c2a181202060060142f
:10ea2000059d053c805ba524ef29410f25200000b2
:10ea3000deff001001000224211030020000468099
:10ea40007c5b6526ef29410f25200000f2ff0010b6
:10ea500001001026059d053ce8ffbd2725308000fc
:10ea6000845ba5241400bfafef29410f25200000cf
:10ea70001400bf8f010002240800e0031800bd2726
:10ea8000059d053ce8ffbd27a05ba5241400bfaf92
:10ea9000ef29410f252000001400bf8f0100022440
:10eaa0000800e0031800bd270c00838c010002243d
:10eab00003006214030004244a3a410b2520a000fd
:10eac0000b00641425100000059d053ce8ffbd27e0
:10ead000a05ba5241400bfafef29410f2520000043
:10eae0001400bf8f010002240800e0031800bd27b6
:10eaf0000800e00300000000059d023c0800e00360
:10eb0000d45a4224059d023c0800e003e45a422402
:10eb1000059d023c0800e003f45a4224059d023c96
:10eb20000800e003085b42240000e28cc8ffbd2718
:10eb30001800b2af1f005224429112003000beaf45
:10eb40002400b5af80f0120025a840022c00b7af1a
:10eb50002800b6af2000b4af1c00b3af1400b1afb3
:10eb60001000b0af3400bfaf25808000000082ac41
:10eb700025b0a00025a0c0000408157c2530c003e6
:10eb800025280000040084242588e0008066410fc9
:10eb90004800b78f8278150080700f0000790f0051
:10eba00021780f02259800002538000021301e0230
:10ebb0001600f214252820020000228e25200002d3
:10ebc000000002ae9361410f253000000100423881
:10ebd0002530620225282002252000023400bf8f44
:10ebe0003000be8f2c00b78f2800b68f2400b58f61
:10ebf0002000b48f1c00b38f1800b28f1400b18fa7
:10ec00001000b08f9361410b3800bd270100e7244d
:10ec1000801007002110c2020000458c0400848e81
:10ec20000400028e255000020220a47004002b264e
:10ec300004008c26254000002568000000f0847c3c
:10ec4000212082000220977000f0847c2b10b501f7
:10ec50000b00401410004a252550e0012548c00152
:10ec60002b1032015000401404004a2521986802fc
:10ec700000f0627e0000c2accdff0010c29f130006
:10ec8000f4ff498d0400ad2510006b2521102801eb
:10ec9000f0ff688d2b4849001300400010008c25c0
:10eca0001100200101008870f0ff888d0100a8701c
:10ecb00012c0000000f0087ff0ff48adf4ff888d1f
:10ecc00010c8000040181900c21718001900a80049
:10ecd00025106200f4ff638d01008370f8ff438dff
:10ece00012c00000211803032b40780010c8000058
:10ecf00021106200214019012b18430021186800df
:10ed000000f0487cf4ff48adf8ff888d4018030000
:10ed1000c21702001900a80025106200f8ff638dd9
:10ed200001008370fcff438d12c000002118030313
:10ed30002110620010c800002b407800214019010a
:10ed40002b1843002118680000f0487cf8ff48adfc
:10ed5000c24f0200fcff828d0000488d4018030066
:10ed60001900a200fcff628d254869000100827035
:10ed700012c00000214008032b10180110c8000029
:10ed800021185900211009012b404800214003019e
:10ed900040400800c21f020000f0427c25400301f1
:10eda000aaff0010fcff42ad00004c8d0100292598
:10edb0008010090021582202216882022110880156
:10edc0000000688d2b604c00130040001100800192
:10edd000010088700000a88d0100a870126000007a
:10ede000c21f0c0000f0827d1068000040400d0042
:0cedf000254003019aff0010fcff42ad1b
:020000040000fa
:020000041d04d9
:10edfc000000c38cac00601000000000a8ffbd2711
:10ee0c002000622c4800b6af3c00b3af3400b1af69
:10ee1c005400bfaf5000beaf4c00b7af4400b5af0d
:10ee2c004000b4af3800b2af3000b0af2588c0009e
:10ee3c002598a0001600401025b080000400848c9a
:10ee4c000400c68c1000a727c02f04002528b3008f
:10ee5c009459410f422004001000a28f0400c2ae4e
:10ee6c005400bf8f5000be8f4c00b78f4800b68f38
:10ee7c004400b58f4000b48f3c00b38f3800b28f84
:10ee8c003400b18f3000b08f0800e0035800bd276c
:10ee9c001f00742442a1140080f0140021909e00e5
:10eeac001f006330fcffc7270000508e080084242d
:10eebc000400d7263700601421f0de002530e00076
:10eecc00e161410f2528e0020400d3ae0000448e1e
:10eedc000000de8f25a80002c02f15002528a400f5
:10eeec001000a727422015009459410f2530c0036c
:10eefc00232002002520820026f0be02c327040036
:10ef0c00ffff55242420950023a81e0025a8be022f
:10ef1c00ff7f023cc2af1500ffff42340b1095007f
:10ef2c0025a8400025180000010005240100072435
:10ef3c002b1087023900401023200302261070008a
:10ef4c002630640023187000268003022430c2008f
:10ef5c0024800202268003022630c400c237060039
:10ef6c00c2871000271006002580050224800202ab
:10ef7c0025282002ad61410f2520c002253000025a
:10ef8c00252820029361410f2520c002b5ff0010f7
:10ef9c005400bf8f2158c7020000758d1f00082434
:10efac002340030106a87500041010012530e00071
:10efbc002528e0022c00abaf2800a3af2400a8af9b
:10efcc0025a8a202e161410f2000a7af2000a78f66
:10efdc002c00ab8f0400d3ae213827022400a88f5d
:10efec002800a38f0000448e0000658d0000e28c89
:10effc000000de8f0628650004200401061862005c
:10f00c0004f01e012520850025f07e0000f0b57e61
:10f01c0000f0847cb0ff001000f0de7f8010070051
:10f02c00211022021800a3af0000448c1c00a0afda
:10f03c001800a28f1c00a38f0100e72413004000ce
:10f04c000000e28e0400f7261100600001009570ac
:10f05c0012400000c21f0800104800004030090098
:10f06c002518c30000f0067d23104600c2370200ad
:10f07c0000f0427c2118c30026308200232082003d
:10f08c00fcffe2ae2610440024104600261044007b
:10f09c002320060025208600c2170200c227040088
:10f0ac00a3ff00100b2844000800e0030000000040
:10f0bc000500822804004054ffff842480210400b2
:10f0cc000800e003b0ff82244218040024106400fe
:10f0dc002110440022006324801002002110430000
:10f0ec000800e00380100200880106248066410bb2
:10f0fc002528000008ffbd2725100000251800005a
:10f10c00ec00b2afe800b1afe400b0aff400bfafb9
:10f11c00f000b3af25908000800082ac840083acfb
:10f12c0070019124010010240000338e0b006052fa
:10f13c00010010260800628e09f840001000a42778
:10f14c002f3c410f252000021400638e212842021f
:10f15c0009f860001000a427010010260700022403
:10f16c00f1ff021604003126f400bf8ff000b38fbc
:10f17c00ec00b28fe800b18fe400b08f0800e00320
:10f18c00f800bd27f8febd27e800b1af8000918cd8
:10f19c00f800b5aff000b3afe400b0af0401bfafff
:10f1ac000001b7affc00b6aff400b4afec00b2afe7
:10f1bc002580800025a8a0002598c0007f00313252
:10f1cc000b0060160401bf8f0001b78ffc00b68fd7
:10f1dc00f800b58ff400b48ff000b38fec00b28f51
:10f1ec00e800b18fe400b08f0800e0030801bd27f0
:10f1fc0080001424231091022b9053000a107202e9
:10f20c0021201102253040002528a002d665410f8f
:10f21c00259040008000028e8400048e21883202ea
:10f22c00211852002b10620021104400800003ae04
:10f23c0021003416840002ae700116260100112440
:10f24c000000d48e18008052010031262f3c410f53
:10f25c00252020028000078e8400038e21b8020234
:10f26c0080ffe6241800828e2b38c700ffff632432
:10f27c002138e3002528e00209f840001000a427fb
:10f28c000c00828e252800021000a42709f84000eb
:10f29c00800006241400828e2528e00209f8400024
:10f2ac001000a4270100312607000224e4ff2216d7
:10f2bc000400d6262588000021a8b202c0ff001049
:10f2cc00239872025b00a2248010020010ffbd275d
:10f2dc0021108200e400b1af0000518cec00bfaff4
:10f2ec00e800b2afe000b0af18002012251000000b
:10f2fc00258080002520a0002f3c410f2590c000c8
:10f30c008000068e1800238e8400078e21280202ae
:10f31c000430067c09f860001000a4278000068edb
:10f32c000c00228e252800027f00c63009f8400010
:10f33c001000a4271000228e2528400209f8400056
:10f34c001000a4270400228e0032427cec00bf8ff8
:10f35c00e800b28fe400b18fe000b08f0800e0034a
:04f36c00f000bd27c9
:020000040000fa
:020000041d04d9
:10f37000b8ffbd272800b2af1000c28c0800d28ca5
:10f380003400b5af3000b4af2400b1af4400bfaf1c
:10f390004000beaf3c00b7af3800b6af2c00b3aff3
:10f3a0002000b0af25a880004c00a5af25a0e0004c
:10f3b0001800a2af415d410f0c00d18c0200401635
:10f3c0001800a38fffff72240000838e0a001e2402
:10f3d0002598000021186200000083ae25b80000c7
:10f3e0002a10f202460040101800a28fffff4224ac
:10f3f0002a10e20243004010211037023c00a28e86
:10f400004c00a48e2b2044000f00801001004424e7
:10f410003c00a4ae00005090d5ff02264408027cb8
:10f42000251057001d00401400000000000030a20d
:10f430000000828e010013240100172401004224e1
:10f44000e7ff0010000082ae735b410f2520a00291
:10f4500025804000ffff0224f0ff0216d5ff0226a0
:10f460002800e016211037024400bf8f251000024b
:10f470004000be8f3c00b78f3800b68f3400b58f88
:10f480003000b48f2c00b38f2800b28f2400b18fce
:10f490002000b08f0800e0034800bd270800f316e5
:10f4a00021b037020a0002242600c2170100f32609
:10f4b0003000023a080004240af082000b9802008f
:10f4c000d0ff02260a00422c430040141000022400
:10f4d0000600c2574c00a28e1267410f2520000281
:10f4e000430040540000d0a24c00a28e0500401002
:10f4f000211037023c00a28effff42243c00a2ae46
:10f5000021103702000040a00a0002243d00c2176b
:10f510000a0006241000a527f765410f25202002c8
:10f520004c00a48f1000b08f000082ac268811021e
:10f53000feff022401001024040083accaff001067
:10f540000a805100080002242100c2172000023660
:10f5500078000424daff4454259800003c00a28e71
:10f560004c00a48e2b2044001500801000000000e9
:10f57000010044243c00a4ae000042904c00a48e44
:10f5800004008010000000003c00a58effffa524b1
:10f590003c00a5ae1267410f25204000d3ff40502c
:10f5a0004c00a28e0000d0a20000828e25b860021e
:10f5b00010001e240100422489ff0010000082aeca
:10f5c000735b410f2520a002edff00104c00a48ebc
:10f5d000bbff001025980000080002240300c2179a
:10f5e0003800022a0a0004240af082000000d0a297
:10f5f0000000828e0100f7260100422478ff0010ef
:10f60000000082ae2530c0031000a527ec65410f35
:0cf6100025202002c3ff00104c00a48f36
:020000040000fa
:020000041d04d9
:10f61c00d8ffbd271800b2af1400b1af1000b0afc7
:10f62c002400bfaf2000b4af1c00b3af2580800016
:10f63c00ef28410f2588a0000400401425900000fd
:10f64c003928410f25200002030012242f28410fd6
:10f65c0025200002252000020000338e2d29410fa9
:10f66c000400348e3129410f25200002019d033cfa
:10f67c00f0956324252800000800042400006294ff
:10f68c001b006202f4014000121000002b108202d9
:10f69c00050040100100a524f8ffa4140200632407
:10f6ac00070005240100a524252000023529410f5f
:10f6bc00ff00a5300800228e0100423012004010dd
:10f6cc0025200002f228410f000000000800228ec5
:10f6dc00020042301000401025200002fa28410f91
:10f6ec00000000002400bf8f251040022000b48fc2
:10f6fc001c00b38f1800b28f1400b18f1000b08fa4
:10f70c000800e0032800bd27f628410f0000000088
:10f71c00efff00100800228efe28410f00000000b1
:10f72c00f1ff00102400bf8f0800e0030000000070
:10f73c000800e003000000000229410b000000005b
:10f74c00e0ffbd271800b2af1000b0af2590c0008d
:10f75c0025808000ff00a5301c00bfaf1400b1afa6
:10f76c000529410f2588e000ff0045320929410f8a
:10f77c002520000225282002252000021c00bf8f16
:10f78c001800b28f1400b18f1000b08f1929410be3
:10f79c002000bd27e0ffbd271800b1af1400b0afab
:10f7ac002588c000258080001c00bfaf0529410fb3
:10f7bc00ff00a530252000020929410fff0025324a
:10f7cc00252000021c00bf8f1800b18f1400b08fd1
:10f7dc002129410b2000bd27e8ffbd271000b0af49
:10f7ec001400bfaf1d29410f258080002520000289
:10f7fc001400bf8f1000b08f2829410b1800bd27b3
:10f80c00e0ffbd271800b1af1400b0af2588c000d1
:10f81c00258080001c00bfaf0529410fff00a530db
:10f82c00ff0025320929410f252000020d29410f27
:10f83c00252000021129410f252000021c00bf8f3a
:10f84c00040002241800b18f1400b08f0800e003ec
:10f85c002000bd271529410b00000000e0ffbd274b
:10f86c001800b1af1400b0af1c00bfaf25808000f2
:10f87c002a29410f2588a0000900401425180000f2
:10f88c000400201200000000f93d410f2520000269
:10f89c00000022ae0d29410f252000020100032497
:10f8ac001c00bf8f251060001800b18f1400b08fa2
:08f8bc000800e0032000bd2755
:020000040000fa
:020000041d04d9
:10f8c4004050050042550a00c04a0500427d04002c
:10f8d40025482f01c042040000800e3c25482e011b
:10f8e40040680700426d0d00c0620700427d0600bb
:10f8f40025608f01c05a060025608e012470c50161
:10f90400ffff4f25fe07e12d5600201000000000e8
:10f91400ffffaf25fe07e12d6e0020100000000060
:10f9240023384d014b00e004000000004240080071
:10f93400c07f090025400f014248090042580b00ce
:10f94400c07f0c0025586f0142600c002b780b011e
:10f9540023400b012b102f0123482f012b782c015e
:10f964002578e2010500e01123482c0121400b0118
:10f974002b780b0121482c0121482f012a78000102
:10f98400214008012148290121482f01ffffe724d4
:10f99400eeffe104000000000800201525500d00d2
:10f9a40003000015000000000d00001000000a24f0
:10f9b4002548000100000824e0ff4a25203827716b
:10f9c4000700e01000000000235047012230070028
:10f9d4000630c8000440e8000448e9002548260130
:10f9e4001400401d00000000010007242338ea0031
:10f9f4002000e12c0500201400000000254009002f
:10fa040000000924faff0015e0ffe7240800e010d5
:10fa140000000000253009000640e8000648e9001f
:10fa240020000f242338e7010430e60025400601b6
:10fa340000000a24c2220800407d090025208f000e
:10fa440040280900022b0500007d0a002528af008c
:10fa54002528ae0025100400251805000800e00341
:10fa6400000000003b004015000000002a7800015f
:10fa7400214008012148290121482f012578280126
:10fa8400a3ffe011000000000800201500000000a2
:10fa940003000015000000009dff001000000a2470
:10faa4002548000100000824e0ff4a25203827717a
:10fab40097ffe010000000002350470122300700a8
:10fac4000630c8000440e8000448e90090ff001034
:10fad400254826011b00a015000000002a786001bb
:10fae40021586b0121608c0121608f0125788b01e5
:10faf4001800e0110000000008008015000000005c
:10fb0400030060150000000085ff001000000d24b4
:10fb14002560600100000b24e0ffad2520388771cb
:10fb24007fffe010000000002368a70122300700d7
:10fb34000630cb000458eb000460ec0078ff0010a2
:10fb44002560860140780c002578eb01c1ffe011a7
:10fb540000000000f8ff053cbeff00100000042474
:04fb6400000000009d
:020000040000fa
:020000041d04d9
:10fb68003c00828c4c00838cd0ffbd271400b1afc1
:10fb78002b1843001000b0af2c00bfaf2800b6af61
:10fb88002400b5af2000b4af1c00b3af1800b2af6b
:10fb980025808000330060102588a00001004324e0
:10fba8003c0083ac00005290d5ff42264408027cfa
:10fbb8001600401425a000003c00028e4c00038e65
:10fbc8002d00523a2b1843002a0060100100542ed1
:10fbd800010043243c0003ae00005290d0ff4226af
:10fbe8000a00422c0a004014d0ff422609002012c5
:10fbf8000a00422c4c00028e05004010d0ff42261d
:10fc08003c00028effff42243c0002aed0ff422699
:10fc18000a00422c1b004014259800004c00028e5c
:10fc2800040040100080153c3c00028effff422477
:10fc38003c0002ae2c00bf8f251060022518a002e0
:10fc48002800b68f2400b58f2000b48f1c00b38f16
:10fc58001800b28f1400b18f1000b08f0800e003b5
:10fc68003000bd27735b410f00000000ceff00107d
:10fc780025904000735b410f25200002d7ff00103c
:10fc880025904000cc0c153cccccb5363c00028eff
:10fc98004c00038e2b1843001d0060100100432404
:10fca8003c0003ae000051900a0002240218627260
:10fcb800d0ff22260a00422c21987200040040102e
:10fcc800d0ff73262a107502f0ff401425902002f9
:10fcd8004701163cc3af130015aed636d0ff222617
:10fce8000a00422c120040142a10b6024c00028e60
:10fcf800400040543c00028eceff8012238815003d
:10fd0800239813002b101300caff001023a8220207
:10fd1800735b410f25200002e3ff00102588400097
:10fd2800735b410f25200002120000100a00032413
:10fd380026004010ffffc2260500a216e17a023c09
:10fd4800ae4742242b10620221004050d0ff3126da
:10fd58003c00028e4c00038e2b184300f0ff60100d
:10fd680000000000010043243c0003ae0000429064
:10fd78000a00032419007300129000001098000074
:10fd88000220757021989300c32711002188510221
:10fd98002b1832022120640221186400d0ff332678
:10fda8002b887102ffff632421a82302cbff0010d8
:10fdb800258840004c00038e2b1843000900601072
:10fdc800010043243c0003ae00005190d0ff3126cf
:10fdd8000a00312ef7ff20563c00028ec4ff0010a7
:10fde8004c00028e735b410f25200002f7ff0010c4
:10fdf80025884000ffff4224bfff00103c0002aef0
:020000040000fa
:020000041d04d9
:10fe08000000a38c0000828c26104300000082ac06
:10fe18000400a38c0400828c26104300040082acea
:10fe28000800a38c0800828c26104300080082acce
:10fe38000c00a38c0c00828c261043000c0082acb2
:10fe48001000a38c1000828c26104300100082ac96
:10fe58001400a38c1400828c26104300140082ac7a
:10fe68001800a38c1800828c26104300180082ac5e
:10fe78001c00a38c1c00828c261043000800e003a1
:10fe88001c0082ac200086240f000a3cf000093ccc
:10fe98000003083c00fc073c0000838c0400842419
:10fea800821003008029030000c0a530003f4230c3
:10feb80025104500ff006530251045000229030084
:10fec8002428aa0025104500002903002428a90099
:10fed80025104500822903002428a8008018030063
:10fee800251045002418670025104300eaffc414b4
:10fef800fcff82ac0800e00300000000d8ffbd272b
:10ff08001400b1af258880002520c0001c00b3afc5
:10ff18001800b2af1000b0af2400bfaf2000b4afdc
:10ff28002590a0002580c000823f410f01001324c6
:10ff38002b1071021000401425200002be08410f4a
:10ff480000000000a33f410f2520000240291100b6
:10ff580021284502252000022400bf8f2000b48fed
:10ff68001c00b38f1800b28f1400b18f1000b08f2f
:10ff7800823f410b2800bd27be08410f000000004a
:10ff8800a33f410f252000021c000c8e00001f8e8d
:10ff98000400198e022a2c0002723f000800188ef5
:10ffa8002640850126f8ee030222390026c82403dc
:10ffb8002670c80102a43f00262085000c000f8e81
:10ffc8002670d40126208c000252380000000eaea4
:10ffd80026209f000274390010000d8e26208e0006
:10ffe80026700a03021a2f00040004ae2650590195
:10fff80002242e00265044012620e301261865001d
:020000041d05d8
:1000080014000b8e1800098e02122d0026186c00a1
:100018002668a20108000aae26186e0002542400c1
:100028002610450026186a0026104c00023a2b00bc
:10003800023229000c0003ae26104400021c2d00d9
:10004800265867012648260126104300100002aef4
:100058002638ed0002142b002628a90002442800a7
:100068002638e2002628a8002630cb0002142900f2
:100078002630c2001c0005ae40291300140007ae4c
:10008800180006ae21284502823f410f25200002b4
:08009800a7ff00100100732610
:020000040000fa
:020000041d05d8
:1000a0000d0a2d2d2d2d2d2d2d20537570706f7255
:1000b00074656420636f6d6d616e642067726f7527
:1000c0007073202d2d2d2d2d2d0000000d0a202abe
:1000d0002a2a2000202a2a2a000000000d0a2d2d9d
:1000e0002d2d2d2d2d2d2d2d204275696c742069ff
:1000f0006e20636f6d6d616e6473202d2d2d2d2d1f
:100100002d2d2d2d2d0000000d0a00000d0a556e1d
:100110006b6e6f776e20636f6d6d616e64206772ba
:100120006f75702e205472792068656c700d0a000e
:1001300008200800080000000d0a3e001b5b4b254c
:10014000731b5b25644400001b5b256443000000b7
:100150001b5b2564440000000d0a202a2a2a205136
:1001600075697474696e672074686520436f6d6d7e
:10017000616e642050726f636573736f722e2042dc
:100180007965202a2a2a0d0a000000000d0a202a7b
:100190002a2a2053797374656d205265626f6f74db
:1001a000202a2a2a0d0a000020092c004661696cc9
:1001b000656420746f20637265617465207468657e
:1001c00020436f6e736f6c65204150490d0a00002b
:1001d000202a2a2a20436f6d6d616e642050726f51
:1001e000636573736f723a20506c65617365207438
:1001f00079706520696e206120636f6d6d616e643a
:100200002a2a2a0d0a000000202a2a2a20436f6d7c
:100210006d616e642050726f636573736f723a2004
:10022000756e6b6e6f776e20636f6d6d616e642e91
:10023000202a2a2a0d0a00000a0d20546f6f206d13
:10024000616e7920617267756d656e74732e204dd5
:100250006178696d756d2061726773207375707058
:100260006f727465643a202564210d0a0000000055
:100270003e000000081b5b4b25731b5b256444009c
:10028000081b5b4b0000000025731b5b25644400ca
:10029000202a2a2a20436f6d6d616e642050726f90
:1002a000636573736f722062756666657220657828
:1002b0006365656465642e2052657472792e202a08
:1002c0002a2a0d0a000000007265737461727400be
:1002d0003a205265737461727420686f7374000001
:1002e000710000003a207175697420636f6d6d6153
:1002f0006e642070726f636573736f72000000002c
:1003000068656c70000000003a2068656c70000041
:100310001b5b41001b5b42001b5b43001b5b4400fb
:100320001b5b317e000000001b5b347e0000000080
:080330001b5b337e000000009e
:020000040000fa
:020000041d05d8
:10033800190080100500032425300000102702242e
:100348000a0007242b40820003000011000000006f
:100358000a00c010000000001b008200f4014000e9
:100368000100a524123000003000c624ffffa6a01b
:1003780010200000ffff8430010006241b00470006
:10038800f401e000ffff6324eeff60141210000088
:100398000800e0030000a0a0300002240000a2a092
:1003a800fbff00100100a524201e047c031a030093
:1003b800470065280300a01425108000e0ff63248f
:1003c800047a627c201c047c4700632802006014c5
:1003d800e0ff84240438827c2026027c0322040067
:1003e800ff008530d0ffa3243a008428030080143e
:1003f800201c037cc9ffa324201c037c2014027c3e
:10040800ff004530d0ffa4243a00422803004014de
:100418002024047cc9ffa4242024047cff0063302a
:1004280000190300251883000800e003ff0062306c
:10043800022104000a00832c020060143000822488
:10044800570082240800e003000000000f008430f9
:100458000a00832c02006014300082245700822492
:100468000800e00300000000c8ffbd272000b1af6e
:10047800ffffb124218891004400a2272c00b4afcb
:100488002800b3af2400b2af1c00b0af3400bfaf38
:100498003000b5af4400a7af25a08000000080a0c1
:1004a8002590a0002598c000000020a21000a2af4f
:1004b800258000000b006056000022823400bf8fa8
:1004c800251000023000b58f2c00b48f2800b38fa0
:1004d8002400b28f2000b18f1c00b08f0800e00309
:1004e8003800bd270d0040141000a28f23305002a1
:1004f800212090020000558c040043241000a3af73
:100508009466410f2528a002ca65410f2520a00244
:10051800ffff7326e7ff001021800202e7ff0010ab
:10052800258040021200801000000000d8ffbd277f
:100538001c00b2af1800b1af2400bfaf2000b3afaa
:100548001400b0af259080002588a0000d00a014ed
:10055800000082802400bf8f2000b38f1c00b28f60
:100568001800b18f1400b08f0800e0032800bd27e1
:100578001200a010251000000000a2800800e0036f
:100588002310020001005226ffff44820100312699
:10059800b267410fffff338225804000b267410fe9
:1005a80025206002ebff005223100202f5ff021221
:1005b80023100202e8ff00102400bf8f0800e003a8
:0405c800000000002f
:020000040000fa
:020000041d05d8
:1005cc000228c570f8febd27010002240401bfaf4c
:1005dc000001b6affc00b5aff800b4aff400b3af98
:1005ec00f000b2afec00b1afe800b0afe000a2afea
:1005fc002400a010e400a0af2000a32725908000c9
:10060c002588c00025a0e0002400a6af2000a6afde
:10061c00259860000000628c0400648c0400632444
:10062c002110440021105100040062ac2b10450035
:10063c00f8ff4014010010242328b10021a8450222
:10064c002b10550219004014e000a7271800b3af77
:10065c001400a0af1000b0af253080022528200276
:10066c009e4e410f2520400201001624450016160f
:10067c00e000a28f46005014e400a28f4400401406
:10068c00000000000401bf8f0001b68ffc00b58f85
:10069c00f800b48ff400b38ff000b28fec00b18f80
:1006ac00e800b08f0800e0030801bd27e000a28f2e
:1006bc0003000324030042300f00431425380002ca
:1006cc002530800225282002252040022c57410f7e
:1006dc001000b3af020005244764410fe000a427cb
:1006ec0002001026e000a28f21905102010042343a
:1006fc00d3ff0010e000a2afffff162680181600f3
:10070c00211863020000638c2310b2022b106200cc
:10071c000f004014e000a7271800b3af1400a0afdf
:10072c001000b0af25308002252820029e4e410fcc
:10073c0025204002010002240d00021601000524b0
:10074c003664410fe000a427e6ff0010258000006e
:10075c001000b3af25380002253080022528200276
:10076c002c57410f25204002f3ff001001000224fa
:10077c002528c0023664410fe000a427d9ff0010e1
:10078c00010010240200022a0b004050e000a427b4
:10079c004261410fe000a42725a840002528400015
:1007ac004764410fe000a42721a8150223905102b1
:1007bc00adff00102580a0023664410f0200052415
:1007cc00e000a28ffeff1526e000a42707004238a8
:1007dc00010005244764410fe000a2af8010150012
:1007ec00211062020000448cffff1026e000a727b6
:1007fc0021202402253080022528200223204402b7
:10080c001800b3af1400b6af9e4e410f1000b0af3e
:10081c00e000a4273664410f01000524e000a28ffc
:10082c001800b3af1400b6af010042341000b5afde
:10083c00e000a72725308002252820022320510222
:10084c009e4e410fe000a2afd9ff00102390510241
:020000040000fa
:020000041d05d8
:10085c00c0ffbd273c00bfaf3000b4af2c00b3af1e
:10086c002800b2af2400b1af3800b6af3400b5af3a
:10087c002000b0af25888000d08c400f0400928cf3
:10088c00e68c400f25984000668d400f25a0400057
:10089c0026004014059d103c059d103ca0441026dc
:1008ac00fc8c400f000000001f8d400f25a840005d
:1008bc00428d400f25b040001e004014059d023ca7
:1008cc00059d023cbc4442241000b0af059d053c84
:1008dc0001a0103c1800b6af1400b5af482904268f
:1008ec001c00a2af2538800225306002d066410f73
:1008fc00c844a5240000228e482905262520400244
:10090c003c00bf8f3800b68f3400b58f3000b48fe9
:10091c002c00b38f2800b28f2400b18f2000b08f31
:10092c000000598c080020034000bd27dcff00109c
:10093c0094441026e4ff0010b04442240200a52881
:10094c001d00a014059d053cd8ffbd271c00b2afaf
:10095c0001a0123c2000b3af1400b0af0400938c84
:10096c00258080000445a524482944262400bfafd7
:10097c001800b1af8a66410f2588c0000000028eb6
:10098c00482945260000428c09f8400025206002c9
:10099c000400248e2400bf8f2000b38f1c00b28f64
:1009ac001800b18f1400b08f252800002800bd2737
:1009bc00d347410b0000000025280000fcff00106d
:1009cc0025200000e0ffbd270200a5281800b2afcb
:1009dc001400b1af1000b0af1c00bfaf2588800071
:1009ec000400928c1800a01401a0103c2510c0002b
:1009fc000400448c0266410f10000624059d053c42
:100a0c0025304000482904263045a524d066410fe6
:100a1c00008082af0000228e482905260000428cff
:100a2c0009f8400025204002aa7d400fe803042469
:100a3c001c00bf8f1800b28f1400b18f1000b08f44
:100a4c00f263410b2000bd27059d053c4829042677
:100a5c008a66410f5c45a5240000228e4829052694
:100a6c00252040021c00bf8f1800b28f1400b18fdc
:100a7c001000b08f0000598c080020032000bd2707
:100a8c00059d053ce8ffbd277845a5241400bfafa4
:100a9c00ef29410f25200000059d073c1400bf8f56
:100aac008c45e724069d043c2530e000030005241a
:100abc00009c842454c3400b1800bd27a020047c48
:100acc000800e00302142400a020047c0800e003ca
:100adc0025108000a020047ca028057c0214250091
:100aec000800e003021c2400fcffa8241b000105e5
:100afc00010007348500a0102518c000ffffa824b2
:100b0c000400001500000000000083900f0000108e
:100b1c0021186600ffff08250600001501008390d0
:100b2c0000008890001a03002518680007000010c8
:100b3c00211866000000899002008890001a0300ba
:100b4c00251869002118680021186600024c030062
:100b5c00ffff6a306d00001021182a0111000000ff
:100b6c001300c00001008230030089300f002011f7
:100b7c0004000b34235869012540000000008898bc
:100b8c00ffff29250500201108000a34ffff292545
:100b9c000200201108004a2508004a25044048019b
:100bac00010007712328ab0021208b00421905009e
:100bbc0040310300130060100000888c0400898c05
:100bcc000100077108008a8c010027710c008b8cc6
:100bdc000100477110008c8c0100677114008d8c22
:100bec000100877118008e8c0100a7711c008f8c7e
:100bfc000100c771ffff63240100e771edff0010d6
:100c0c00200084242328a6000219050000310300cb
:100c1c000b0060100000888c0400898c01000771a7
:100c2c0008008a8c010027710c008b8c0100477125
:100c3c00ffff632401006771f5ff0010100084248e
:100c4c002328a600c2180500c0300300070060105e
:100c5c000000888c0400898c01000771ffff63245d
:100c6c0001002771f9ff0010080084242328a60036
:100c7c008218050080300300030060100000888c8f
:100c8c0004008424010007712328a6000f00a01083
:100c9c000100a6300400c014000000000100888888
:100cac0009000010024408000200a6300400c01421
:100cbc0000000000000088880300001002460800b5
:100ccc0002008888024208000100077110480000e9
:100cdc0012400000211828012b58680002006011f6
:100cec000000000001006324024c0300ffff6a3087
:100cfc0021182a01024c0300ffff6a3021182a0137
:100d0c000200401000000000a018037c27106000b7
:080d1c000800e003ffff423074
:020000040000fa
:020000041d05d8
:100d2400e080848fe8ffbd27040080101400bfaf6b
:100d3400e93e400f00000000e08080af1400bf8f48
:100d44000800e0031800bd2798ffbd270f00052405
:100d5400060004246400bfaf6000b2af5c00b1af12
:100d6400ef3e400f5800b0af010042304000401445
:100d74006400bf8f6000b28f5c00b18f5800b08fe9
:100d84000800e0036800bd272c0006960800c22c6a
:100d94003d004014253800001c00118e252000025f
:100da40025282002be72400f1800128e390040140c
:100db400080002240000239634006214f3ff052483
:100dc4002800048e333e400f100045262f004014a7
:100dd400f1ff05241c00068e2800118e0200c29427
:100de400ff0045300800a324ff00633025204000a5
:100df4000438647c0800632c080060100000c0a460
:100e0400003a427c01004224ff00423003004014b7
:100e1400047a447c0900a5240438a47c0200c4a4f8
:100e2400010005242530000025200002c6aa400f39
:100e3400000000ae1800028e2530000025280002b4
:100e44000c00438c1000428c1000a4274800a3af70
:100e54004c00a2afeca8400f5000b1af0400401406
:100e640006000624faff05248323410f25200002ef
:100e7400593f400f06000424c3ff4014258040005e
:100e8400bcff00106400bf8ff2ff0524f6ff0010c2
:100e940006000624fdff0010f6ff0524fbff0010ea
:100ea400f1ff052416008490030003241700831027
:100eb40001000224e480828fe8ffbd270e00401465
:100ec4001400bfaf059d053c253000004c0da52442
:100ed400b83e400f0600042407004014e08082afaf
:100ee4004943410f00000000251000001400bf8f8b
:100ef4000800e0031800bd27e480828f010042242b
:100f0400e48082aff9ff0010010002240800e0032e
:100f140000000000e480828f0800401802000324cf
:100f24001600849005008314ffff4224030040143c
:100f3400e48082af4943410b000000000800e00355
:100f4400000000000800e003faff02240800e003a8
:100f5400faff022402120500000085a0010082a00d
:100f640002140500022e0500020082a00800e0031e
:100f7400030085a0030082880800e0030000829833
:100f8400019d023ce8ffbd27e89242241000b0af67
:100f94001400bfaf25808000000082acf609410f29
:100fa400040084241400bf8ff40002ae1000b08f3c
:100fb4000800e0031800bd27c0fdbd271c02b1af27
:100fc4002588a000f400858c3002b6af2002b2afb1
:100fd40025b0c00025908000040086241000a427ba
:100fe4003c02bfaf3402b7af2c02b5af25b8e00066
:100ff4002802b4af2402b3af1802b0af3802beafb8
:10100400f401a0affc01a0af0402a0af0c02a0af9a
:101014006c0a410f04003526de43410f25202002cf
:10102400080034262520a00225404000de43410f5d
:101034000c00332625208002de43410f2538400072
:1010440025206002de43410f253040002518400072
:101054002580c0022110d702180050142528000151
:10106400d643410f252020022528e000d643410f16
:101074002520a0022528c000d643410f2520800248
:1010840025286000d643410f252060023c02bf8f13
:101094003802be8f3402b78f3002b68f2c02b58f60
:1010a4002802b48f2402b38f2002b28f1c02b18fa6
:1010b4001802b08f0800e0034002bd27de43410f51
:1010c4002520000204000a2625204001261048009d
:1010d4001402aaafde43410ff001a2af08000926b3
:1010e40025202001261047001002a9af0c001e265f
:1010f400de43410ff801a2af261046002520c003ad
:10110400de43410f0002a2af26104300f001a427e2
:101114006509410f0802a2aff400448ef001a6272e
:10112400c13f410f1000a5276509410ff001a42715
:10113400f001a88f25200002f801a78f25280001bf
:101144000002a68fd643410f0802a38f1402aa8f70
:101154002528e00010001026d643410f2520400129
:101164001002a98f2528c000d643410f2520200155
:1011740025286000d643410f2520c003b6ff001088
:041184002110d7025d
:020000040000fa
:020000041d05d8
:101188000800e003000085ac030082880800e00343
:1011980000008298019d023ce8ffbd27a8924224e6
:1011a8001000b0af1400bfaf25808000000082acf3
:1011b800f609410f040084241400bf8ff40002ae26
:1011c8001000b08f0800e0031800bd27a8fdbd2758
:1011d8004402b4af25a0a000f400858c4002b3af50
:1011e8003802b1af259880002588c0000400862405
:1011f8001000a4275402bfaf5002b7af4c02b6afdd
:101208004802b5af3c02b2af3402b0af6802b28f49
:101218006c0a410f2580e0006444410f25208002bc
:10122800040084266444410f25a840000800842651
:101238006444410f25b0400025b8400037004012f3
:10124800a018117c021c2300010034262802a3af39
:10125800a018147c021c23001002a4272c02a3afa0
:101268001402b5af1002b5af1c02b6af1802b6af84
:101278002402b7af6509410f2002b7aff400648eae
:101288001002a627c13f410f1000a5276509410f8d
:101298001002a4271002a58f6244410ff001a42771
:1012a8001802a58f6244410ff401a4272002a58fdc
:1012b8006244410ff801a4272802a58f6244410f18
:1012c800fc01a4271402a58f6244410f0002a42741
:1012d8001c02a58f6244410f0402a4272402a58f93
:1012e8006244410f0802a4272c02a58f6244410fd3
:1012f8000c02a4272100422e2400401021201202b3
:10130800f001a22711009014010010261100522e9e
:101318000100405202003426258880025402bf8f03
:10132800251020025002b78f4c02b68f4802b58fa5
:101338004402b48f4002b38f3c02b28f3802b18f9f
:101348003402b08f0800e0035802bd270100422490
:10135800ffff0592ffff439026186500e9ff001084
:10136800ffff03a201006324ffff0592ffff6490c3
:1013780026208500ffff04a2faff0256010010266e
:10138800e0ff5226adff001002003126f001a3272e
:10139800f9ff00102000022679828293e8ffbd271a
:1013a8000e0040141400bfaf069d053c0c90a52408
:1013b800ef29410f2520000088bf023c20000324ac
:1013c800e86043ac80000324e86043ac02000224d8
:1013d800308082af01000224798282a31400bf8f7b
:1013e8000800e0031800bd2779828293e8ffbd2733
:1013f8001000b0af1400bfaf030040142580800078
:10140800e844410f000000003080868f020002246b
:101418000900c210069d053c2490a524ef29410f20
:1014280025200000251000001400bf8f1000b08f89
:101438000800e0031800bd27308090affaff0010c5
:10144800010002243080838f02000224060062100b
:1014580088bf033c20000424e86064ac80000424b6
:10146800e86064ac308082af0800e0030000000050
:101478000800e0033080828f3080828f020042387b
:101488000800e0030100422c3080828f09004014dc
:10149800f8ffbd2788bf023c20000324e46043ac6a
:1014a8000000a0af0000a28f64004228030040148f
:1014b800000000000800e0030800bd270000a28f1c
:1014c800010042240000a2aff6ff00100000000057
:1014d8003080828f09004014f8ffbd2788bf023c86
:1014e80020000324e86043ac0000a0af0000a28ff6
:1014f8006400422803004014000000000800e003d4
:101508000800bd270000a28f010042240000a2affe
:10151800f6ff0010000000003080838f01000224d5
:1015280009006214f8ffbd2788bf023c800003242d
:10153800e46043ac0000a0af0000a28f6400422822
:1015480003004014000000000800e0030800bd2765
:101558000000a28f010042240000a2aff6ff001095
:10156800000000003080838f01000224090062140b
:10157800f8ffbd2788bf023c80000324e86043ac25
:101588000000a0af0000a28f6400422803004014ae
:10159800000000000800e0030800bd270000a28f3b
:1015a800010042240000a2aff6ff00100000000076
:020000040000fa
:020000041d05d8
:1015b8000800e003000000000800e003408080af5e
:1015c8000800e0032510000001a0023cdc0140ac4b
:1015d800dc014224448080a3408080af040040acfa
:1015e800080040ac0c0040ac0800e003100040ac20
:1015f80044808293d8ffbd271c00b2af01a0123ce3
:101608001800b1af1400b0af2400bfaf2000b3afd3
:101618002588a00019004014dc01502601a0133cc5
:10162800dcff632625206000000206248066410f47
:10163800252800002518400080ff0224dcff62a254
:1016480001000224ff0062a0040003ae000103248d
:10165800080003ae488083270c0003ae0300032470
:10166800488080af4c8080af488082a34a8082a3a4
:10167800dc0142a2100003ae448082a302002012c3
:1016880030000224000022ae2400bf8f2510000283
:101698002000b38f1c00b28f1800b18f1400b08fd8
:1016a8000800e0032800bd274080848fe8ffbd279d
:1016b8001000b0af218086000110022e06004010f5
:1016c8001400bfaf01a0023cdcef4224d665410ff5
:1016d80021204400408090af1400bf8f1000b08fcd
:1016e8000800e0031800bd274080828f90fbbd27cb
:1016f8006c04bfaf2d0040106804b0af44808293e3
:101708002a004014059d053c25300000b815a52485
:10171800a30f410f1000a4274080868f01a0053c2d
:10172800dcefa524bc0f410f1000a4273402a293bc
:101738001e0040103001a28f1c00401401a0103c74
:10174800dc011026140006241000a527d665410fd9
:10175800252000021000a393010002241100621446
:101768001800a68f0102c22c0600401001a0033cfd
:101778001400a58fdcff6324d665410f2520600087
:10178800040002ae2000a68f0900c22c05004010fc
:101798001c00a58fd665410f488084274880822782
:1017a8000c0002ae01000224448082a36c04bf8fa7
:1017b8006804b08f0800e0037004bd271174400b63
:1017c800000000000400a28cd8ffbd272000b3afa2
:1017d8001c00b2af1800b1af1400b0af2400bfaf07
:1017e800259880002520a0002528e0002588c00035
:1017f80009f840002590e0000900401025804000cd
:10180800040020122530400225282002d665410f09
:1018180025204000252800025774400f252060022b
:101828002400bf8f251000022000b38f1c00b28f48
:101838001800b18f1400b08f0800e0032800bd27fe
:10184800e0ffbd271800b1af258880002520a00043
:10185800252820021400b0af1c00bfafe174400f70
:101868002580c00006004010251800000c00028edc
:101878002528200209f84000252000020100032441
:101888001c00bf8f251060001800b18f1400b08fa6
:101898000800e0032000bd27d0ffbd272400b4af17
:1018a80025a080002520a0002800b5af2000b3aff8
:1018b8001c00b2af2c00bfaf1800b1af1400b0af1e
:1018c8002590a0002598c0002d75400f25a8e000a0
:1018d8000c00401425288002258000002c00bf8fb2
:1018e800251000022800b58f2400b48f2000b38f84
:1018f8001c00b28f1800b18f1400b08f0800e003ed
:101908003000bd2725204002dc73400f25804000b1
:1019180005004010258840000300a01200000000c8
:1019280009f8a002252040003b75400f2520400201
:10193800e9ff2012252880020c00628e09f8400079
:1019480025206002e6ff00102c00bf8fe0ffbd27b6
:101958001800b1af1400b0af1c00bfaf25888000dd
:101968002580a000af74400f2520200205004014f8
:101978001c00bf8f1800b18f1400b08f0800e0035f
:101988002000bd270c00038e2528400009f86000c0
:1019980025200002f3ff001000000000e8ffbd272b
:1019a8001000b0af1400bfaf5546410f258080002e
:1019b800252000021400bf8f1000b08f2474400b44
:0419c8001800bd271f
:020000040000fa
:020000041d05d8
:1019cc00059d023cd0ffbd272c3042241400a2af51
:1019dc00010002241800a2af059d023ce02f422416
:1019ec001c00a2af1000a52709000224252000002e
:1019fc002c00bfaf1000a0af2400a0afec41400ff3
:101a0c002000a2af2c00bf8f0800e0033000bd27e0
:101a1c00e0ffbd271c00bfaf1800b2af1400b1af80
:101a2c001000b0af00606241c00000009d67410f24
:101a3c00000000000080024003004234008082401d
:101a4c00c000000088bf023c0040438c020004240c
:101a5c00010011240410837c004043ac0040438cf3
:101a6c000300042401a0123c0429837c004043acf5
:101a7c000020438cac3250268431237e002043acb2
:101a8c0081bf023c00f24390c418037c00f243a0d7
:101a9c00d152410f000000008749410f00000000a7
:101aac004b4c410f000000001b37410f00000000a1
:101abc0046ec400f000000001e05410f0000000026
:101acc00059d023c3844428c059d053c0431a524ff
:101adc0009f8400025200000059d053ce430a524b4
:101aec0025200000e2f2400f100002ae059d053cdf
:101afc00b82fa52425200000d0d0400f140002ae32
:101b0c00059d053c902fa524252000003929410f67
:101b1c00ac3242ae059d043c8c2f842444c3400f50
:101b2c00040002ae059d053c802fa5242520000055
:101b3c007262410f0c0002ae069d053c9c84a524ec
:101b4c0025200000ef29410f180002ae019d073c33
:101b5c00019d063c069d053c4090e7242090c62440
:101b6c00ac84a524ef29410f252000007346410fba
:101b7c0000000000ad67410f080002ae7447410f32
:101b8c00000000005b4f410f0000000080bf023cd2
:101b9c00000043940400237e000043a400004394ff
:101bac00c47b237e000043a4206062411c00bf8fd5
:101bbc001800b28f1400b18f1000b08f0800e00332
:041bcc002000bd2711
:020000040000fa
:020000041d05d8
:101bd0000400a88cb0ffbd274400b7af3800b4aff5
:101be0002c00b1af4c00bfaf4800beaf4000b6af55
:101bf0003c00b5af3400b3af3000b2af2800b0af97
:101c000025b880002588a0004c0000050000b48c99
:101c10004408147c08003e8e10008a320000d28cea
:101c20000400d68c0400401125a8c00325105602dc
:101c300001004054feffd5270800893201002055dd
:101c4000ffffb5261000308e0c00338e2528a00231
:101c5000ffff102621107002000040a00200022a9f
:101c60000b00401425105602360040140f0043327a
:101c700023101501211045003300401c0a00642880
:101c80000300a018020082322f0040140000000060
:101c90000b004011000000000000c28c0400c38c47
:101ca000251043000600401021107002feff102690
:101cb000ffff47a03000032421107002000043a062
:101cc0000400201120000324ffff102621107002c1
:101cd000000043a01000268e1000b4af2538c003ca
:101ce000ffffc6242330d00021287002b555410fd4
:101cf0002520e0020400e38e000163300400601040
:101d00004c00bf8f0400238e2a2043000b10640078
:101d10004800be8f4400b78f4000b68f3c00b58f9f
:101d20003800b48f3400b38f3000b28f2c00b18fe5
:101d30002800b08f0800e0035000bd27b5ff001059
:101d4000010008240a006428020080105700622461
:101d500030006224bfffe3241a00632c13006010dc
:101d6000200043349fff63241a00632c100060504e
:101d7000ffff1026252040005c00a7af5800a6af4b
:101d80002400a8af2000a5af1c00a9afb967410f80
:101d90001800aaaf5c00a78f5800a68f2400a88f58
:101da0002000a58f1c00a98f1800aa8fffff102606
:101db00021187002000062a00291120000171600a4
:101dc000ffffa52425905200a4ff001002b11600c9
:020000040000fa
:020000041d05d8
:101dd000e8ffbd271400bfaf9aef400f00000000de
:101de0004aaf400f000000001400bf8f388280af60
:101df0000800e0031800bd271c808293368283937d
:101e0000e8ffbd27421002002b1062000b004010bb
:101e10001400bfaf01006324368283a33882828f0f
:101e20000c004010010003241900431034828297f3
:101e30001400bf8f0800e0031800bd2788bf023cd4
:101e400002000324368280a36c6143acf4ff0010cf
:101e50003882828f39f7400f00000000f762410f8f
:101e600000000000a342410f000000003bff400fb4
:101e700000000000dc8d400f000000000a0002247a
:101e80001c8082a301000224e9ff0010388282af87
:101e90003c00432c0c00601401004224afef400fc3
:101ea000000000000a00401032828293adef400f24
:101eb0000000000005004010348283973c0002249b
:101ec000020062143d000224348282a7328282938f
:101ed000d7ff401031828293d6ff40141400bf8f89
:101ee000afef400f00000000d2ff40101400bf8f82
:101ef000adef400f00000000cdff401001a0043cfa
:101f0000010002248c2c8424318282a32f8b400f69
:101f1000328280a3c6ff4010318280a33082829338
:101f2000c4ff40101400bf8f428d400f000000001e
:101f3000bfff40101400bf8f00a0023c020003242a
:101f40001800bd27f263410b000043ac328282933c
:101f5000e8ffbd271400bfaf140040141000b0af5d
:101f6000318283930d0060142580a0002528800015
:101f7000000106240300a01401a0043c069d053cba
:101f8000cc95a5249466410f8c2c84240100022456
:101f9000328282a3308290a3010002241400bf8ffa
:101fa0001000b08f0800e0031800bd27fbff0010f1
:0c1fb000251000000800e003318282933d
:020000040000fa
:020000041d05d8
:101fbc002e2e2f7372632f74696e7963626f722f7a
:101fcc0063626f727061727365722e630000000041
:101fdc003000000076616c75652d3e666c61677330
:101fec0020262043626f724974657261746f724669
:101ffc006c61675f496e746567657256616c756577
:10200c00546f6f4c61726765207c7c2076616c75b7
:10201c00652d3e74797065203d3d2043626f72469c
:10202c006c6f617454797065207c7c2076616c7562
:10203c00652d3e74797065203d3d2043626f72447e
:10204c006f75626c65547970650000006c656e6725
:10205c007468203d3d202873697a655f74296c652e
:10206c006e677468000000002869742d3e666c6110
:10207c00677320262043626f724974657261746fb6
:10208c0072466c61675f556e6b6e6f776e4c656eea
:10209c0067746829203d3d203000000069742d3e96
:1020ac007479706520213d2043626f72496e7661b0
:1020bc006c6964547970650069735f6669786564ee
:1020cc005f747970652869742d3e74797065290088
:1020dc0063626f725f76616c75655f69735f636f66
:1020ec006e7461696e657228697429007265637516
:1020fc00727365642d3e74797065203d3d2043629a
:10210c006f72496e76616c69645479706500000079
:10211c0063626f725f76616c75655f69735f696e20
:10212c0074656765722876616c756529000000001e
:10213c0063626f725f76616c75655f69735f6279fc
:10214c0074655f737472696e672876616c75652946
:10215c00207c7c2063626f725f76616c75655f6951
:10216c00735f746578745f737472696e67287661d7
:10217c006c7565290000000063626f725f76616c9c
:10218c0075655f69735f6d6170286d617029000002
:020000040000fa
:020000041d05d8
:10219c00f8ffbd270400bfaf00600240847a027cc8
:1021ac00000c423400608240c0000000ffff0010b1
:1021bc0000000000adde023cefbe4234f8ff82ac02
:1021cc003412023cf8ffbd27785642240400bfaffe
:1021dc00f4ff82ac00680240f0ff82ac0400bf8fb9
:1021ec0003000224ecff82ac059d023c9c2142249e
:1021fc00e4ff82ace8ff85ac6cff8224a8ff86acc0
:10220c000800e0030800bd2780bf023c000640ac7c
:10221c0000064394010004240429837c000643a493
:10222c000f270324200643ac88bf033ca010658c09
:10223c008420857ca01065ac3010658c0421057c55
:10224c00301065ac6010658c0421857c601065ac29
:10225c0000064394c47b837c000643a40800e0037f
:10226c00000000000800e0030000000088bf023cf2
:10227c0002000324001c0424341043ace8ffbd27e7
:10228c00941044ac00040424981044ac1400bfaf68
:10229c00641043ac681043ac8548410f000000004b
:1022ac00ec81828f0000428c7d27410fb08182af80
:1022bc006748410f00000000f8ffbd270400bfafc6
:1022cc0000606241c0000000006002402518400020
:1022dc00847a037c010c633400608340c0000000ee
:1022ec000400bf8f010042340800e0030800bd2742
:1022fc00e8ffbd271000b0af1400bfafb148410fcd
:10230c00000000007a78400f258040000500401046
:10231c000000000000680240000142340068824066
:10232c00c000000000609040c00000001400bf8f8f
:10233c0088bf023c100003241000b08f341043ac53
:10234c000800e0031800bd27f8ffbd270400bfaf4d
:10235c0000608440c00000000400bf8f0800e00350
:10236c000800bd27a8fdbd274c02b6af4402b4af90
:10237c003802b1af5402bfaf5002b7af4802b5af8d
:10238c004002b3af3c02b2af3402b0af2588a0001c
:10239c006c02b48f5a00a0107002b68f2528c000b2
:1023ac0025a880002530e000259000002110920225
:1023bc0000004280380040146802a78f2801a4272f
:1023cc00ab35410f0400b08c253000002801a52747
:1023dc00e135410f1000a42725304002252880024a
:1023ec000a36410f1000a4277402b38f25b80000e1
:1023fc002b00f616ac01a5270032107e0e36410fcd
:10240c001000a427253000002801a527e135410f35
:10241c001000a42725300002ac01a5270a36410f75
:10242c001000a42725304002252880020a36410fcf
:10243c001000a4277402b38f25b800001f00f616f5
:10244c00ec01a5270e36410f1000a4272518a00279
:10245c00251000002800501025a860001e002256f0
:10246c00ec01a4272510200223882202240020122c
:10247c002801a5271000a427e135410f25300000c5
:10248c0025300002ac01a5270a36410f1000a42705
:10249c00daff0010ac01a527c4ff00100100522682
:1024ac000400668e0000658e1000a4270a36410fca
:1024bc000100f726ceff0010080073260400668e7c
:1024cc000000658e1000a4270a36410f0100f72684
:1024dc00daff0010080073262120820000006590ae
:1024ec000000849001004224010063242620850012
:1024fc00d8ff0010ffff64a0dbff001025100002c6
:10250c005402bf8f5002b78f4c02b68f4802b58f62
:10251c004402b48f4002b38f3c02b28f3802b18fa9
:0c252c003402b08f0800e0035802bd2705
:020000040000fa
:020000041d05d8
:10253800f0ffbd270c00bfaf00606241c000000083
:102548000000a2af00e0847c81bf023c20f444acd0
:10255800004003240f00042404f443ac04f444ac06
:1025680008f445ac08f443ac004804400048034074
:1025780023186400f000632c1200601499aa033c2d
:102588005566632410f440ac10f443ac6655033c24
:10259800aa99633410f443ac0080033408f443acc4
:1025a8000000a28f00608240c00000000c00bf8fb6
:1025b80088bf023c0001033c781043ac0800e003ec
:1025c8001000bd2740000000e8ff001000000000d8
:1025d8004c818227000044ac040045ac0800e003ad
:1025e8000000000088bf023c0001033c441043acdb
:1025f8004c81828f05004010000000005081848fbc
:102608004c81998f08002003000000000800e003b7
:102618000000000081bf023c20f4448c4e49410b6d
:10262800252800000020023c2510c200e8ffbd2735
:102638002530a0001400bfafd665410f2528400003
:102648001400bf8f010002240800e0031800bd2712
:102658002510a00081bf033ce8ffbd2730f464ac1f
:10266800010005241400bfaf4e49410f252040004a
:102678001400bf8f010002240800e0031800bd27e2
:102688002510a00000e0847c81bf033ce8ffbd2743
:1026980040f464ac030005241400bfaf4e49410f59
:1026a800252040001400bf8f010002240800e00329
:1026b8001800bd27e8ffbd271400bfaf4e49410fe2
:1026c800040005241400bf8f010002240800e00361
:1026d8001800bd2781bf023c00f4428c0800e003cb
:1026e8000030423081bf023c00f4428c0800e00315
:0426f800c003427c5d
:020000040000fa
:020000041d05d8
:1026fc0000681a407cffbd2700601b402c00b6af61
:10270c002800b5af8000bbaf82d21a00847a5b7f01
:10271c0044201b7c20a81d0000a01a3c14005a2742
:10272c000000568f0400c01600000000019d1d3ce7
:10273c00bc92bd270000bd8f0100d626000056af0d
:10274c000070164000609b407800bfae7400beaeb7
:10275c007000b9ae6c00b8ae6800afae6400aeae3f
:10276c006000adae5c00acae5800abae5400aaae8f
:10277c005000a9ae4c00a8ae4800a7ae4400a6aecf
:10278c004000a5ae3c00a4ae3800a3ae3400a2ae0f
:10279c007c00b6ae1000a1ae10b000000c00b6aebe
:1027ac0012b000000800b6ae00a0163c1400d626ed
:1027bc000000d68effffd6260400c01600000000d5
:1027cc0000a0163cb001d6260000d5ae069d163ce6
:1027dc00b099d62609f8c0020000000000a0163cf3
:1027ec001400d6260000d68effffd6260400c01695
:1027fc000000000000a0163cb001d6260000d58ecb
:10280c000800b68e1300c0020c00b68e1100c00278
:10281c001000a18e2c00b68e3400a28e3800a38e30
:10282c003c00a48e4000a58e4400a68e4800a78ec6
:10283c004c00a88e5000a98e5400aa8e5800ab8e66
:10284c005c00ac8e6000ad8e6400ae8e6800af8e06
:10285c006c00b88e7000b98e7400be8e7800bf8e7e
:10286c0000606041c000000000a01a3c14005a2710
:10287c0000005b8fffff7b2700005baf8000ba8ef0
:10288c007c00bb8e20e815002800b58f8400bd2786
:10289c0000609a4000709b40c0000000180000428d
:0428ac000000000028
:020000040000fa
:020000041d05d8
:1028b00000681a407cffbd2700601b402c00b6afab
:1028c0002800b5af8000bbaf82d21a00847a5b7f4c
:1028d00044201b7c20a81d0000a01a3c14005a278d
:1028e0000000568f0400c01600000000019d1d3c32
:1028f000bc92bd270000bd8f0100d626000056af58
:102900000070164000609b407800bfae7400beae01
:102910007000b9ae6c00b8ae6800afae6400aeae89
:102920006000adae5c00acae5800abae5400aaaed9
:102930005000a9ae4c00a8ae4800a7ae4400a6ae19
:102940004000a5ae3c00a4ae3800a3ae3400a2ae59
:102950007c00b6ae1000a1ae10b000000c00b6ae08
:1029600012b000000800b6ae00a0163c1400d62637
:102970000000d68effffd6260400c016000000001f
:1029800000a0163cb001d6260000d5ae069d163c30
:10299000b899d62609f8c0020000000000a0163c35
:1029a0001400d6260000d68effffd6260400c016df
:1029b0000000000000a0163cb001d6260000d58e15
:1029c0000800b68e1300c0020c00b68e1100c002c3
:1029d0001000a18e2c00b68e3400a28e3800a38e7b
:1029e0003c00a48e4000a58e4400a68e4800a78e11
:1029f0004c00a88e5000a98e5400aa8e5800ab8eb1
:102a00005c00ac8e6000ad8e6400ae8e6800af8e50
:102a10006c00b88e7000b98e7400be8e7800bf8ec8
:102a200000606041c000000000a01a3c14005a275a
:102a300000005b8fffff7b2700005baf8000ba8e3a
:102a40007c00bb8e20e815002800b58f8400bd27d0
:102a500000609a4000709b40c000000018000042d7
:042a60000000000072
:020000040000fa
:020000041d05d8
:102a640000681a407cffbd2700601b402c00b6aff5
:102a74002800b5af8000bbaf82d21a00847a5b7f96
:102a840044201b7c20a81d0000a01a3c14005a27d7
:102a94000000568f0400c01600000000019d1d3c7c
:102aa400bc92bd270000bd8f0100d626000056afa2
:102ab4000070164000609b407800bfae7400beae4c
:102ac4007000b9ae6c00b8ae6800afae6400aeaed4
:102ad4006000adae5c00acae5800abae5400aaae24
:102ae4005000a9ae4c00a8ae4800a7ae4400a6ae64
:102af4004000a5ae3c00a4ae3800a3ae3400a2aea4
:102b04007c00b6ae1000a1ae10b000000c00b6ae52
:102b140012b000000800b6ae00a0163c1400d62681
:102b24000000d68effffd6260400c0160000000069
:102b340000a0163cb001d6260000d5ae069d163c7a
:102b4400c099d62609f8c0020000000000a0163c77
:102b54001400d6260000d68effffd6260400c01629
:102b64000000000000a0163cb001d6260000d58e5f
:102b74000800b68e1300c0020c00b68e1100c0020d
:102b84001000a18e2c00b68e3400a28e3800a38ec5
:102b94003c00a48e4000a58e4400a68e4800a78e5b
:102ba4004c00a88e5000a98e5400aa8e5800ab8efb
:102bb4005c00ac8e6000ad8e6400ae8e6800af8e9b
:102bc4006c00b88e7000b98e7400be8e7800bf8e13
:102bd40000606041c000000000a01a3c14005a27a5
:102be40000005b8fffff7b2700005baf8000ba8e85
:102bf4007c00bb8e20e815002800b58f8400bd271b
:102c040000609a4000709b40c00000001800004221
:042c140000000000bc
:020000040000fa
:020000041d05d8
:102c180000681a407cffbd2700601b402c00b6af3f
:102c28002800b5af8000bbaf82d21a00847a5b7fe0
:102c380044201b7c20a81d0000a01a3c14005a2721
:102c48000000568f0400c01600000000019d1d3cc6
:102c5800bc92bd270000bd8f0100d626000056afec
:102c68000070164000609b407800bfae7400beae96
:102c78007000b9ae6c00b8ae6800afae6400aeae1e
:102c88006000adae5c00acae5800abae5400aaae6e
:102c98005000a9ae4c00a8ae4800a7ae4400a6aeae
:102ca8004000a5ae3c00a4ae3800a3ae3400a2aeee
:102cb8007c00b6ae1000a1ae10b000000c00b6ae9d
:102cc80012b000000800b6ae00a0163c1400d626cc
:102cd8000000d68effffd6260400c01600000000b4
:102ce80000a0163cb001d6260000d5ae069d163cc5
:102cf800c899d62609f8c0020000000000a0163cba
:102d08001400d6260000d68effffd6260400c01673
:102d18000000000000a0163cb001d6260000d58ea9
:102d28000800b68e1300c0020c00b68e1100c00257
:102d38001000a18e2c00b68e3400a28e3800a38e0f
:102d48003c00a48e4000a58e4400a68e4800a78ea5
:102d58004c00a88e5000a98e5400aa8e5800ab8e45
:102d68005c00ac8e6000ad8e6400ae8e6800af8ee5
:102d78006c00b88e7000b98e7400be8e7800bf8e5d
:102d880000606041c000000000a01a3c14005a27ef
:102d980000005b8fffff7b2700005baf8000ba8ecf
:102da8007c00bb8e20e815002800b58f8400bd2765
:102db80000609a4000709b40c0000000180000426c
:042dc8000000000007
:020000040000fa
:020000041d05d8
:102dcc0000681a407cffbd2700601b402c00b6af8a
:102ddc002800b5af8000bbaf82d21a00847a5b7f2b
:102dec0044201b7c20a81d0000a01a3c14005a276c
:102dfc000000568f0400c01600000000019d1d3c11
:102e0c00bc92bd270000bd8f0100d626000056af36
:102e1c000070164000609b407800bfae7400beaee0
:102e2c007000b9ae6c00b8ae6800afae6400aeae68
:102e3c006000adae5c00acae5800abae5400aaaeb8
:102e4c005000a9ae4c00a8ae4800a7ae4400a6aef8
:102e5c004000a5ae3c00a4ae3800a3ae3400a2ae38
:102e6c007c00b6ae1000a1ae10b000000c00b6aee7
:102e7c0012b000000800b6ae00a0163c1400d62616
:102e8c000000d68effffd6260400c01600000000fe
:102e9c0000a0163cb001d6260000d5ae069d163c0f
:102eac00d099d62609f8c0020000000000a0163cfc
:102ebc001400d6260000d68effffd6260400c016be
:102ecc000000000000a0163cb001d6260000d58ef4
:102edc000800b68e1300c0020c00b68e1100c002a2
:102eec001000a18e2c00b68e3400a28e3800a38e5a
:102efc003c00a48e4000a58e4400a68e4800a78ef0
:102f0c004c00a88e5000a98e5400aa8e5800ab8e8f
:102f1c005c00ac8e6000ad8e6400ae8e6800af8e2f
:102f2c006c00b88e7000b98e7400be8e7800bf8ea7
:102f3c0000606041c000000000a01a3c14005a2739
:102f4c0000005b8fffff7b2700005baf8000ba8e19
:102f5c007c00bb8e20e815002800b58f8400bd27af
:102f6c0000609a4000709b40c000000018000042b6
:042f7c000000000051
:020000040000fa
:020000041d05d8
:102f8000000000000400000000000000000000003d
:102f90009c2f059dc896059d00000000a02f059d53
:102fa000d4b2039d74b3039da8b3039d3cb4039da9
:102fb00034b4039dd4b4039dc02f059d00000000d0
:102fc0005831059d6c31059dcc31059d0032059d24
:102fd000000000000c32059d2832059d090000000c
:102fe000030000006830059d06000000000000009e
:102ff000020000009430059d090000008c30059d02
:103000000a0000008430059d0c0000007c30059d06
:103010001e00000000000000010000003c0400a0b1
:10302000401000000c31059d01000000bc84059d8e
:10303000c484059d00000000cc84059ddc84059db2
:10304000ec84059dec84059df884059d0085059d17
:10305000090000006454059d00000000000000000d
:1030600000000000000000000a0000000000000056
:1030700000000000000000000000000000000a0046
:10308000440043000a000000000200020a0000029f
:10309000000000000500000001000000b004000076
:1030a0003c00000002000000320000004b00000065
:1030b000010000000300000001000000000000000b
:1030c000009088bf00000000400000002892009d92
:1030d000000000003844059d0431059d00000000fb
:1030e000300400a0ec30059d25000000b415049dbf
:1030f000e017049dec17049d0018049d00000000db
:103100002418049d00000000009088bf08000006fd
:1031100008000400000001000200f4013742000032
:0c312000009088bf4042059dbc30059d1a
:020000040000fa
:020000041d05d8
:10312c00f8ffbd270400bfaf006802400008033c55
:10313c002510430000688240c00000000400bf8fcf
:10314c00448180af0800e0030800bd27448182273a
:10315c00000044ac040045ac0800e0030000000093
:10316c00f8ffbd270400bfaf006802400008033c15
:10317c002510430000688240c000000088bf033c5b
:10318c0001000424641064ac251000000048824047
:10319c00c0000000ffff022400588240c000000065
:1031ac0000680240c4de027c00688240c00000005f
:1031bc000400bf8f681064ac0800e0030800bd2752
:1031cc00f8ffbd270400bfaf006802400008033cb5
:1031dc002510430000688240c00000000400bf8f2f
:1031ec0088bf023c01000324641043ac0800e003d8
:1031fc000800bd276202023c0800e003005a42248a
:10320c00f8ffbd270400bfaf00588440c000000089
:10321c000400bf8f0800e0030800bd27f8ffbd279e
:10322c000400bfaf004802400400bf8f0800e00359
:10323c000800bd2788bf023c010003243010448cd9
:10324c00341043ac4481828f05004010010084305f
:10325c004881858f4481998f08002003000000006d
:10326c000800e00300000000409c02340220827041
:10327c00f8ffbd270400bfaf0048034000480240e0
:10328c00231043002b104400fcff40140400bf8f9c
:10329c000800e0030800bd272800022402208270e9
:1032ac00f8ffbd270400bfaf0048034000480240b0
:1032bc00231043002b104400fcff40140400bf8f6c
:1032cc000800e0030800bd270b00a22c0f004010e3
:1032dc00251000000800e00300000000251000008d
:1032ec006400bf8f6000b78f5c00b68f5800b58f3d
:1032fc005400b48f5000b38f4c00b28f4800b18f84
:10330c004400b08f0800e0036800bd2798ffbd277c
:10331c004800b1af2588a000019d053c5400b4af16
:10332c000894a52425a0c0000a0006246000b7afad
:10333c005000b3af6400bfaf5c00b6af5800b5af80
:10334c004c00b2af4400b0af259880002f65410f00
:10335c0025b8e000e1ff40140a001024ff0002240d
:10336c002118700200006390050062140000000038
:10337c0001001026fbff3016211870022580200258
:10338c000d008016231030020100e326d3ff4314f6
:10339c002180700200000292d0ff40147800a48fac
:1033ac00232837022530e002d665410f212865021b
:1033bc00cbff00100100022400009592252800008c
:1033cc001000a4270900b2268066410f2530400268
:1033dc0023103702231050001c0042560b00b2265b
:1033ec000200a226ff00f63230000424ff00423017
:1033fc000400c326211843001100a4a31300a4a3a6
:10340c001400a2a30100a626252880021600a427da
:10341c00060002241200a3a3d665410f1500a2a337
:10342c001000a22721105200040003242530400272
:10343c00212870021000a427feff43a02f65410f26
:10344c00ffff56a0d4ff001000000000a3ff42169f
:10345c001000a32721187200050004240400a226e2
:08346c00e0ff0010fcff64a06a
:020000040000fa
:020000041d05d8
:10347400880002243f00a2108900a2281a004010ec
:10348400810002245400a2108200a22805004010ea
:10349400800002245100a2500000e28c0800e003e6
:1034a40025100000820002243b00a2500000e28ca0
:1034b40084000224f9ffa214000000000000e28c42
:1034c400040043240000428c2700c0100000e3ac39
:1034d4002016027c000082acc3170200040082acf8
:1034e4000800e00301000224a00002243600a250d8
:1034f4000000e28ca100a2281000401090000224d9
:10350400e6ffa214000000000000e28c0700422441
:103514000410027c0000488c0400498c08004224fa
:103524000000e2ac000088ac040089ac0100c010cb
:10353400010002240800e00300000000c00002248f
:103544000500a2500000e28cf0000224d3ffa21474
:10355400000000000000e28c040043240000e3acff
:10356400020000100000428cffff423020000010d7
:10357400000082ac0000e28c040043240000428c72
:103584000300c0100000e3acd2ff00102014027c42
:10359400f6ff0010ff004230070042240410027cb2
:1035a4000000488c0400498c080042240000e2ac6e
:1035b400000088ac040089acdeffc01001000224c6
:1035c4000800e00300000000040043240000e3ac12
:1035d400c0ff00100000428c0000e28c0400432471
:1035e4000000e3ac0000428cbbffc014000082acbe
:0835f400bbff0010040080acd5
:020000040000fa
:020000041d05d8
:1035fc000100c630f9ff02240800e0030b1006009e
:10360c00c8ffbd274800828c2000b0af2580a000e9
:10361c002800b2af2400b1af3400bfaf3000b4af5c
:10362c002c00b3af258880001800a0a71000a0af15
:10363c001400a5272520000209f840002590c000a1
:10364c000d0040041400b3972800228e1000a6270a
:10365c00252800002520000209f840000100142450
:10366c001d0074525400228e0b00601202000224c2
:10367c0031006212f4ff02243400bf8f3000b48f8b
:10368c002c00b38f2800b28f2400b18f2000b08f94
:10369c000800e0033800bd275000228e1000a68fd2
:1036ac001b00052409f8400025200002f3ff40040c
:1036bc003400bf8f030054544c00228eeeff0010d8
:1036cc00010002240100052409f840002520000215
:1036dc00e9ff0010010002241800a52709f840009a
:1036ec0025200002e5ff40043400bf8ff3ff531088
:1036fc00000243321800a2970900601010004230fb
:10370c001800a2a7020002241400a2a71800a29776
:10371c001600a2a71400a58febff00104c00228e00
:10372c0000085232020040120080032400a003243f
:10373c00f3ff0010251043001600a6975800228ea8
:10374c001000a78f1800a6a71b00052409f840003d
:10375c0025200002c9ff40043400bf8f010042380d
:10376c00c6ff00100100422c2600023c0800e003ba
:10377c00a0254224e8ffbd271000b0af01a0103ceb
:10378c001400bfafac3210262342400f0800048e49
:10379c00aa7d400f01000424fbff00100000000074
:1037ac00e0ffbd27059d023c1800b1af4844518c89
:1037bc001400b0af01a0103c1c00bfafac321026ff
:1037cc0009f820021000048eaa7d400f0100042489
:1037dc00fbff001000000000e8ffbd271400bfaf86
:1037ec007e47410f00000000aa7d400f64000424b6
:1037fc00fbff001000000000e0ffbd271800b1af78
:10380c001400b0af1c00bfaf80bf103c01001124ee
:10381c0004c4400f00000000000002960a000424bb
:10382c000400227e000002a6aa7d400f00000000ca
:10383c00f7ff001000000000e0ffbd271800b0af3c
:10384c008c81822701001024069d053c059d043cbb
:10385c001000b0af1400a2af2538000000040624fd
:10386c00a491a5241c00bfafd67a400f0438842441
:10387c00069d053c059d043c1000b0af1400a0afa4
:10388c002538000000040624b491a524d67a400ff4
:10389c00ac378424069d053c059d043c1000b0af5c
:1038ac001400a0af2538000000040624c491a52400
:1038bc00d67a400f8037842490818227069d053c60
:1038cc00059d043c1000b0af1400a2af25380000d9
:1038dc0000080624d891a524d67a400fe437842416
:1038ec001c00bf8f1800b08f947b400b2000bd27ad
:020000040000fa
:020000041d05d8
:1038fc006e6574776f726b3a207461673a2025732a
:10390c000d0a0000746167006e6574776f726b3a14
:10391c0020696e785f69703a2025730d0a000000eb
:10392c00696e785f697000006e6574776f726b3ac0
:10393c002073657269616c5f6e756d6265723a2099
:10394c0025730d0a0000000073657269616c5f6e6f
:10395c00756d6265720000006e6574776f726b3afc
:10396c0020696e69740d0a00313233343500000061
:10397c00300000003139322e3136382e312e3638a7
:10398c000000000073657269616c6e756d0000005b
:10399c006d616300697000006d61736b0000000065
:1039ac00676174657761790062726f6164636173da
:1039bc00745f697000000000696e78697000000027
:1039cc006e6574776f726b3a20636f6170206765f8
:1039dc00742068616e646c65720d0a007b2265222e
:1039ec003a25737d000000006e6574776f726b3a38
:1039fc00206a736f6e5f746f5f63626f72206572a3
:103a0c00726f723a2025640d0a0000006e6574779f
:103a1c006f726b3a20726573706f6e73653a20002b
:103a2c00256300000d0a00006e6574776f726b3aa7
:103a3c0020707574206a736f6e207374723a20252f
:103a4c00730d0a00650000006e6574776f726b3a37
:103a5c0020636f6170207075742068616e646c6592
:0c3a6c00720d0a006e6574776f726b00bb
:020000040000fa
:020000041d05d8
:103a78000000e28cd0febd272401b7affc00a2af46
:103a88000400e28c1c01b5af1001b2af4401b58f40
:103a98004001b28f4801b78f2001b6af1801b4af0b
:103aa8001401b3af0c01b1af2c01bfaf2801beaff9
:103ab8000801b0af2588800025b0a00025a0c0006f
:103ac8000001a2af1800a4af01001324fc00a38fcb
:103ad80001000224030062140001a28f0a004010b2
:103ae8000000000080f0120021f0fe020000d08fdc
:103af8001800a58f2380300209f8800225200002d3
:103b08000f00401c000000002600a01225306002b3
:103b18002c01bf8f2801be8f2401b78f2001b68fdb
:103b28001c01b58f1801b48f1401b38f1001b28f27
:103b38000c01b18f0801b08f0800e0033001bd27e8
:103b48000f00a0120200422a801013002110a203c5
:103b5800fc00a4274261410f180050ac2528400002
:103b6800fc00a4274764410f2538400021904702f4
:103b78000100732625a80000d4ff00102588000244
:103b8800f1ff40142528000223a816002120350241
:103b980009f88002f8ffde8f0d0042042320be02e0
:103ba800253060021800a527b95a410f2520c00208
:103bb8001000b7af25384002253080022528c00202
:103bc8002c57410f25202002d2ff00102c01bf8f57
:103bd8002528000209f8800221202402f0ff410470
:0c3be80080101300daff00102110a2036f
:020000040000fa
:020000041d05d8
:103bf40070000000042010539cfe039db803049d34
:103c0400b005049decfe039dfcfd039d70000000c7
:103c1400031c10534cfe039db803049da805049d8a
:103c2400ecfe039dfcfd039d982f8a42914437715d
:103c3400cffbc0b5a5dbb5e95bc25639f111f1592b
:103c4400a4823f92d55e1cab98aa07d8015b83126d
:103c5400be853124c37d0c55745dbe72feb1de8019
:103c6400a706dc9b74f19bc1c1699be48647beef48
:103c7400c69dc10fcca10c246f2ce92daa84744ad3
:103c8400dca9b05cda88f97652513e986dc631a849
:103c9400c82703b0c77f59bff30be0c64791a7d528
:103ca4005163ca0667292914850ab72738211b2eb0
:103cb400fc6d2c4d130d385354730a65bb0a6a7698
:103cc4002ec9c281852c7292a1e8bfa24b661aa8a4
:103cd400708b4bc2a3516cc719e892d1240699d6b4
:103ce40085350ef470a06a1016c1a419086c371e2d
:103cf4004c774827b5bcb034b30c1c394aaad84e0b
:103d04004fca9c5bf36f2e68ee828f746f63a57845
:103d14001478c8840802c78cfaffbe90eb6c50a4d8
:103d2400f7a3f9bef27871c667e6096a85ae67bb88
:103d340072f36e3c3af54fa57f520e518c68059b89
:103d4400abd9831f19cde05bd89e05c107d57c365e
:103d540017dd703039590ef7310bc0ff1115586853
:083d6400a78ff964a44ffabe19
:020000040000fa
:020000041d05d8
:103d6c0088bf023c00100324081043ac0004043c40
:103d7c0004000324981043ac081144ac181143ac54
:103d8c00481143ac581143ac0800e003000000009c
:103d9c00421104000029020088bf023c601042243a
:103dac00010003242110450004188300080043acd3
:103dbc000800e0030000000042110400002902008a
:103dcc0088bf023c601042240100032421104500ee
:103ddc0004188300040043ac0800e003000000005a
:103dec00421904000029030088bf033c60106324bf
:103dfc00211865000000628c061082000800e003a8
:103e0c0001004230421904000029030088bf033c22
:103e1c0030106324211865000000628c06108200ab
:103e2c000800e003010042304211040000290200a6
:103e3c0088bf023c301042240100032421104500ad
:103e4c0004188300080043ac0800e00300000000e5
:103e5c00421104000029020088bf023c30104224a9
:103e6c00010003242110450004188300040043ac16
:103e7c000800e00300000000f8ffbd270400bfaffe
:103e8c00206062410400bf8f0800e0030800bd27da
:103e9c00f8ffbd270400bfaf00606241c000000006
:103eac000400bf8f010042300800e0030800bd276a
:103ebc000700801000000000f8ffbd270400bfaf12
:103ecc00206062410400bf8f0800e0030800bd279a
:103edc000800e003000000000000e98ce8ffbd27ab
:103eec000400b0af1f0029254249090080100900c9
:103efc002b5046000b10ca0004004a241400b4af27
:103f0c001000b3af0c00b2af0800b1af2510000029
:103f1c002568000008001024feff19240100182455
:103f2c002170a600258800002518000001000c2433
:103f3c001a000010255800002b40660102000011e9
:103f4c0025780000ffffcf9104402f022518680050
:103f5c00080028261f0012290e00405601006b2570
:103f6c002b402c012800001500f0637c1300a011dd
:103f7c0080400c002140880024184300000003ad51
:103f8c00e9ff28262318080206186f0001008c256b
:103f9c0001006b25ffffce25258800012b406a010f
:103fac00e5ff001542400200241859001c00b8110e
:103fbc0025106800daff001001000d242140e800f4
:103fcc000000088d2390030123a0680026980301ac
:103fdc002640140126187200244013012418730083
:103fec002640140126187200c21f0300c3470800a4
:103ffc00254003012318080025186800c21f030080
:10400c00dfff00100b100301deffa015e9ff2826cf
:10401c00010042380b100300daff00100100423897
:10402c000000e38c010042301400b48f1000b38ff9
:10403c000c00b28f0800b18f0400b08f000083ac6d
:08404c000800e0031800bd2785
:020000040000fa
:020000041d05d8
:10405400880002243c00a2500000e28c8900a228bf
:1040640019004010810002244000a2500000e28c9c
:104074008200a22805004010800002244800a250bb
:104084000000e28c0800e0032510000082000224f6
:104094001500a21084000224faffa21400000000fc
:1040a4000000e28c0000838c040044240000e4ac93
:1040b4000000428c000043a40100c010010002244f
:1040c4000800e00300000000a00002241800a25031
:1040d4000000e28ca100a2280e00401090000224ef
:1040e400e8ffa214000000000000e28c2800c010c9
:1040f400040043240000e3ac0400858c0000848c9d
:104104000000428c000044ac040045ac0800e0030d
:1041140001000224c00002240500a2500000e28c29
:10412400f0000224d7ffa214000000000000e28c7b
:104134000000838c040044240000e4ac0000428ca2
:10414400f2ff0010000043ac0000838c0400442400
:104154000000e4ac0000428c000043a0d8ffc01073
:10416400010002240800e003000000000000838c2a
:10417400040044240000e4ac0000428c000043ac82
:10418400cfffc010010002240800e003000000007b
:104194000400858c0000848cd9ff00100000e3ac7f
:1041a4000000838c040044240000e4ac0000428c32
:1041b400000043ac010002240800e00300000000fa
:020000040000fa
:020000041d05d8
:1041c4004452565f4554485048595f4f70656e00dd
:1041d400465f4452565f5048595f534d495472618b
:1041e4006e7366657257616974436f6d706c657444
:1041f40065000000465f4452565f5048595f534d76
:10420400495472616e73666572537461727400000e
:1042140090aa019dd0b8019dacad019d5cb8019df3
:10422400ecb7019d68b2019d54aa019df4b1019db2
:1042340018aa019d78b7019d8c9e019d5c99019df2
:10424400ec99019d1c9a019d409a019d5c9a019de7
:10425400c8a2019da09a019d149f019d389f019db4
:1042640028be019d5c9f019dfc9a019d909f019d2c
:10427400f09f019d44a0019d94a0019deca0019d8f
:1042840044a1019d94a1019dc8a1019d50a6019d39
:10429400fca7019d0ca6019d2ca6019dcca7019d08
:1042a400b8b1019df4a1019d98b0019d10aa019d92
:1042b400a4b3019ddc9f019d08aa019d6cbe019dd4
:1042c40068ac019d1cac019dd0ab019d84ab019dec
:1042d40038ab019d44ae019d98a9019d7cb6019d1a
:1042e400d8ac019da0b4019d70b5019de4b4019dbd
:1042f400d0a9019d08b0019da8af019d40bd019dbd
:1043040028bc019d5cbb019d10ba019d48b7019d6d
:10431400009c019d18b7019de8b6019d44b4019d20
:1043240014b4019d74b3019d0ca9019d465f4452d0
:10433400565f4d49494d5f4765744f7044637074cf
:1043440000000000465f4452565f4d49494d5f4f9f
:1043540070526573756c7400465f4452565f4d49e4
:10436400494d5f5265706f72744f70004d49494ded
:104374005f50726f636573735f5265616400000020
:104384004d49494d5f50726f636573735f5772692e
:10439400746500004d49494d5f50726f63657373d6
:1043a4005f5363616e0000004d49494d5f50726f69
:1043b400636573735f52656164457874000000003f
:1043c4004d49494d5f50726f636573735f577269ee
:1043d4007465457874000000465f4452565f4d4949
:1043e400494d5f50726f636573734f700000000036
:1043f4004452565f4d49494d5f5461736b730000dd
:10440400465f4452565f4d49494d5f52656c656144
:1044140073654f704463707400000000465f44523b
:10442400565f4d49494d5f4f704c69737452656dc9
:104434006f76650018f9029d9cf0029d8cff029d29
:10444400a4f0029d3c00039de8f2029dbcf3029d92
:10445400f4ff029de4f1029d10f2029d90f2029d90
:1044640094fb029dc4fb029df4fb029dac02039de0
:10447400c403039d54fc029d24fc029de0f4029db0
:1044840030f4029d9cf5029db0f6029dd4f7029d86
:020000040000fa
:020000041d05d8
:104494006c617465737420e29c9300006e6f7420e9
:1044a4006c617465737420e29c97000076616c699a
:1044b4006420e29c9300000c696e76616c69642050
:1044c400e29c970076657273696f6e3a20696e7428
:1044d40065726e616c3a2025732025732025730d57
:1044e4000a76657273696f6e3a2065787465726ec8
:1044f400616c3a2025732025732025730d0a000072
:10450400646f776e6c6f61645f6669726d776172f8
:10451400653a20646f776e6c6f61646564206669c8
:10452400726d776172650d0a00000000747269672c
:10453400676572207061747465726e3a20307825f4
:1045440030386c580d0a72657374617274696e67e1
:104554002e2e2e0d0a000000747269676765723a88
:10456400206d697373696e6720617267756d656e1e
:10457400740d0a00636f6d6d616e64733a20696e29
:1045840069740d0a00000000636f6d6d616e6473e1
:104594000000000074726967676572003a207365f1
:1045a40074207472696767657220706174746572cf
:1045b4006e000000646f776e6c6f61645f66697291
:1045c4006d776172650000003a20646f776e6c6fde
:1045d4006164206669726d776172650076657273d5
:1045e400696f6e003a2073686f772076657273691d
:0445f4006f6e0000e6
:020000040000fa
:020000041d05d8
:1045f80060000000011008131c46049d9c4a049d9d
:10460800684b049d6c46049dcc45049d01060b0037
:10461800050a0f04090e03080d02070c05080b0e06
:104628000104070a0d000306090c0f0200070e0516
:104638000c030a01080f060d040b020978a46ad7b7
:1046480056b7c7e8db702024eecebdc1af0f7cf5ae
:104658002ac68747134630a8019546fdd898806931
:10466800aff7448bb15bffffbed75c892211906b1b
:10467800937198fd8e4379a62108b44962251ef6e8
:1046880040b340c0515a5e26aac7b6e95d102fd67e
:104698005314440281e6a1d8c8fbd3e7e6cde12153
:1046a800d60737c3870dd5f4ed145a4505e9e3a9b4
:1046b800f8a3effcd9026f678a4c2a8d4239faffba
:1046c80081f6718722619d6d0c38e5fd44eabea430
:1046d800a9cfde4b604bbbf670bcbfbec67e9b2825
:1046e800fa27a1ea8530efd4051d880439d0d4d93a
:1046f800e599dbe6f87ca21f6556acc4442229f490
:1047080097ff2a43a72394ab39a093fcc3595b6551
:1047180092cc0c8f7df4efffd15d84854f7ea86f1e
:10472800e0e62cfe144301a3a111084e827e53f744
:1047380035f23abdbbd2d72a91d386eb0123456720
:0c47480089abcdeffedcba98765432103d
:020000040000fa
:020000041d05d8
:10475400d8ffbd272000b4af01a0143c8032828e64
:104764002400bfaf1c00b3af1800b2af1400b1af48
:104774003a0040141000b0af01a0123c8832518eb0
:104784000300201601a0133c01a0113c2033312664
:104794008432708e050000160100023c01a0103c1a
:1047a4002033102610a4422421800202821f11000b
:1047b400020002240100625000e0317e821f1000da
:1047c400020002240100625000e0107e3966410fad
:1047d400000000000000438c0400428c2b202302c4
:1047e40004008014211062002b202202290080542e
:1047f4002b18110200a0043c8802842400e0847c6d
:104804002b206400150080142b2003020400801464
:104814002b2062002b200202180080142b2062003f
:104824000f0080102400bf8f00a0043c8802842461
:104834004227040005000524120085140400052401
:1048440000a0043c2518640025104400883243aebf
:10485400843262ae8832428e803282ae2400bf8fb0
:104864002000b48f1c00b38f1800b28f1400b18fd6
:104874001000b08f0800e0032800bd27eaff0010f5
:1048840025100002efff85100080043cf1ff0010aa
:10489400883242aee4ff601425182002deff0010c7
:0448a4002b200202c1
:020000040000fa
:020000041d05d8
:1048a800c0ffbd272c00b1af258880002520c0009f
:1048b8000400878c0000a28c3800b4afc2a70700a0
:1048c8003400b3af3000b2af2800b0af3c00bfaf88
:1048d8002580a0000400a38c0800b28c2000a2afa1
:1048e8000c00b38c3e0080120000c68c23300600fa
:1048f8002b20060023380700080060042338e40052
:104908004408027c050080162000a2af2000a28f78
:10491800040043302a006010c000427cffff42269a
:104928002000a3271800a3af0a0003241400a3af94
:104938001000a2af7253410f252000020600801616
:104948002d0003242000a38f040064301e00801073
:10495800080063302b000324ffff42242120620259
:10496800000083a01000068e2000a38f2538400287
:10497800ffffc6241000a3af2330c2002128620223
:10498800b555410f252020020400238e0001633015
:10499800040060103c00bf8f0400038e2a204300ef
:1049a8000b1064003800b48f3400b38f3000b28f1e
:1049b8002c00b18f2800b08f0800e0034000bd270d
:1049c800d7ff001023104202e6ff601020000424e5
:1049d800ffff422421186202e2ff0010000064a0d9
:1049e800c8ff63044408027cc9ff00102000a28f9e
:020000040000fa
:020000041d05d8
:1049f80048f7bd279c08b1af0000c28c0400d18cd9
:104a0800b408bfafb008b6afac08b5afa808b4af2c
:104a1800a408b3afa008b2af9808b0af3600201210
:104a2800b408bf8f000047903d00e010ffff232629
:104a38000002632c30006050258800003d002516d8
:104a4800c018110001001024e1ff63243700601c26
:104a580001000726020010262000a3270400107c6e
:104a68002590c0002598a0002530200225a08000b0
:104a7800252840002520600080a81000f15c410f27
:104a880021a875007263410f2400a48f2000a72776
:104a980025306002252880022520a002b94f410f49
:104aa80025b040002410c20201005130231010002c
:104ab800401002001c0242241800a2afc08010005f
:104ac8002000a227218050001400b0af1000b6af1c
:104ad8000c00468e0800458e2520a002f931410fb2
:104ae800253840002530a002252860028658410f4d
:104af80025208002b408bf8f25102002b008b68f89
:104b0800ac08b58fa808b48fa408b38fa008b28fdb
:104b18009c08b18f9808b08f0800e003b808bd273b
:104b280001004224bdff001025886000c6ff001068
:104b38002580e000efff00102588000081bf023cbf
:104b480043830334689043ac88bf023c400303248a
:104b5800606040ac446043ac00400324a06040acbb
:104b6800846043aca0000324e06043aca0010324ac
:104b7800c46043ac03000324606140ac446143acaf
:104b880000020324a06140ac846143ac0800e00348
:104b98000000000088bf023c8021040050604224cd
:104ba800211044000000428c0800e00300000000cf
:104bb8008011040088bf043c6060842421208200a6
:104bc8000000828c263046002428c5002628a20032
:104bd800000085ac0800e0030000000088bf023c2c
:104be8008021040060604224211044000000428caf
:104bf8000800e0030000000088bf023c8021040098
:104c08006860422421104400000045ac0800e0031d
:104c18000000000088bf023c802104006460422438
:104c280021104400000045ac0800e003000000002b
:104c380088bf023c802104006c604224211044009b
:104c4800000045ac0800e0030000000088bf023cfb
:104c5800802104004860422421104400000045ac33
:104c68000800e0030000000088bf023c8021040027
:104c78004460422421104400000045ac0800e003d1
:044c88000000000028
:020000040000fa
:020000041d05d8
:104c8c00d0ffbd272800b5af0800b58c2400b4af09
:104c9c002000b3af1c00b2af1800b1af2c00bfaff7
:104cac001400b0af258880002590c0001000b48c93
:104cbc00415d410f0c00b38c0100a052ffff952603
:104ccc000000438e2580000021186200000043aed6
:104cdc002a1015021d004010ffff82262a10020226
:104cec001b004050218070023c00228e4c00238e11
:104cfc002b1843000e006010010043243c0023ae2f
:104d0c0000004290d5ff43244408037c2518700012
:104d1c001a006014d0ff4324000062a20000428eef
:104d2c000100102401004224e9ff0010000042aef3
:104d3c00735b410f25202002ffff0324f2ff435435
:104d4c00d5ff4324050000122c00bf8f2180700278
:104d5c00000000a2251000002c00bf8f2800b58f8a
:104d6c002400b48f2000b38f1c00b28f1800b18fb9
:104d7c001400b08f0800e0033000bd270a00632c3c
:104d8c0008006054211870024c00228ef0ff405035
:104d9c00218070023c00228effff4224ebff0010aa
:104dac003c0022ae000062a00000428e01001026e2
:0c4dbc0001004224c6ff0010000042aebf
:020000040000fa
:020000041d05d8
:104dc8000400828cc0ffbd273800beaf2800b4aff6
:104dd8002000b2af1c00b1af3c00bfaf3400b7af8a
:104de8003000b6af2c00b5af2400b3af1800b0af99
:104df8002588c0002590e0005400b48f02004104cb
:104e08005800be8f010002241000908c0c00958c75
:104e18000000d78f5000b38fffff10262118b00273
:104e2800000060a001000924234053000200f7326b
:104e3800c3b714001000001e251032022c002051a8
:104e48000000c28f3c00bf8f251000023800be8fc3
:104e58003400b78f3000b68f2c00b58f2800b48f80
:104e68002400b38f2000b28f1c00b18f1800b08fc0
:104e78000800e0034000bd2707004014211013017b
:104e88000600401c25202002ecff601a00000000ec
:104e9800eaffe01200000000252020022528400239
:104ea800253080022538c0021400a8af3c2f410fde
:104eb800ffff10261000a2af2118b00230004224d4
:104ec8002520200225284002000062a0253080020b
:104ed8004d2e410f2538c002ffff7326258840005c
:104ee800259060001400a88fd2ff00101000a98f31
:0c4ef8000421027cd3ff00100000c2afb8
:020000040000fa
:020000041d00dd
:109048006f74613a2062696e5f75726c3a2025739d
:109058000d0a000062696e5f75726c006f74613a88
:1090680020696e69740d0a0068747470733a2f2f42
:109078003139322e3136382e312e36382f72656c12
:10908800656173652f6e6f646539305f6c617465f7
:1090980073742e62696e00007472756500000000ba
:1090a80066616c736500000073746172740000007f
:1090b80076657273696f6e0076616c696400000092
:1090c800646f776e6c6f6164696e67006f74613a84
:1090d80020636f6170206765742068616e646c65d9
:1090e800720d0a007b2265223a25737d000000007c
:1090f8006e6574776f726b3a206a736f6e5f746f08
:109108005f63626f72206572726f723a2025640d18
:109118000a0000006f74613a20726573706f6e7395
:10912800653a2000256300000d0a0000646f776e21
:109138006c6f616400000000757064617465000004
:109148006f74613a20707574206a736f6e2073743f
:10915800723a2025730d0a00650000006f74613aa9
:1091680020636f6170207075742068616e646c652f
:08917800720d0a006f74610022
:020000040000fa
:020000041d05d8
:104f04002318a400261083002628a4002428a20025
:104f14002610a3000800e003c2170200e8ffbd2723
:104f24001400bfaf254800002538000023300700d7
:104f34002530c7003500a014c23706002520e00044
:104f4400c153410fffff05340244070025504000c0
:104f540026400701231002002440020126400701d5
:104f640025200001c153410fff000524023a080027
:104f7400256040002638e800231002002438e200af
:104f84002640e80025200001c153410f0f000524ed
:104f940002390800255840002638e8002310020092
:104fa4002438e2002638e8002520e000c153410ff0
:104fb40003000524822007002540400026208700a6
:104fc400231002002420820001000524c153410f54
:104fd40026208700211046004019090021184300ab
:104fe40000510a0021186a00c0600c001400bf8f31
:104ff40021186c0080580b0021186b004010080029
:10500400211062000800e0031800bd27ffffa5245b
:1050140080180500211883000000628cffffc6245d
:0c5024000b48a600c1ff00100b3846002e
:020000040000fa
:020000041d05d8
:10503000feff092440500500405807002558640130
:105040002558660125504b01030040150000000063
:105050003c000010000002240200801040400500c7
:1050600001000825e0ff013c010021342b0801016b
:1050700037002010000000000200c0104040070070
:1050800001000825e0ff013c010021342b0801014b
:105090002f002010000000001600a10400000000f6
:1050a0000300e0040000000026000010ffff0224bf
:1050b0002b508600232086002b58aa002328aa0004
:1050c0002b50a70025504b01030040112328a700b7
:1050d0001c000010010002242550a4000300401110
:1050e0000000000017000010ffff02241500001050
:1050f000000002240300e104000000001100001081
:10510000010002242b508600232086002b58aa0081
:105110002328aa002b50a70025504b010300401163
:105120002328a70007000010ffff02242550a40039
:1051300003004011000000000200001001000224e2
:10514000000002240800e00300000000000000004e
:0c515000fcff001025100900000000000a
:020000040000fa
:020000041d05d8
:10515c00feff092440500500405807002558640103
:10516c002558660125504b01030040150000000036
:10517c003c0000100000022402008010404005009a
:10518c0001000825e0ff013c010021342b0801013e
:10519c0037002010000000000200c0104040070043
:1051ac0001000825e0ff013c010021342b0801011e
:1051bc002f002010000000001600a10400000000c9
:1051cc000300e0040000000026000010ffff022492
:1051dc002b508600232086002b58aa002328aa00d7
:1051ec002b50a70025504b01030040112328a7008a
:1051fc001c000010010002242550a40003004011e3
:10520c000000000017000010ffff02241500001022
:10521c00000002240300e104000000001100001053
:10522c00010002242b508600232086002b58aa0054
:10523c002328aa002b50a70025504b010300401136
:10524c002328a70007000010ffff02242550a4000c
:10525c0003004011000000000200001001000224b5
:10526c00000002240800e003000000000000000021
:0c527c00fcff00100100023400000000e4
:020000040000fa
:020000041d05d8
:1052880063626f725f76616c75655f6d61705f6692
:10529800696e645f76616c7565000000697465729b
:1052a8006174655f737472696e675f6368756e6b4e
:1052b8007300000063626f725f76616c75655f678b
:1052c80065745f696e745f636865636b656400002d
:1052d80063626f725f76616c75655f6765745f693d
:1052e8006e7436345f636865636b65640000000044
:1052f80063626f725f76616c75655f6c6561766518
:105308005f636f6e7461696e6572000063626f72cd
:105318005f76616c75655f656e7465725f636f6eed
:105328007461696e6572000063626f725f76616caa
:1053380075655f616476616e6365000061647661be
:105348006e63655f696e7465726e616c0000000063
:1053580063626f725f76616c75655f616476616eba
:1053680063655f6669786564000000007072657047
:10537800617273655f76616c756500005f63626f6b
:10538800725f76616c75655f6465636f64655f699c
:105398006e7436345f696e7465726e616c000000fd
:1053a8000004a300000000004406029da005029d21
:1053b800a006029d1005029d4404029d0100000004
:1053c80002000000080000000400000010000000b7
:1053d80020000000400000008000000046524d54ac
:1053e800584f4b2000000000980c029d46524d5229
:1053f800584f4b2000000000900c029d5258425517
:1054080046434e5400000000740c029d52584f56fb
:10541800464c4f57000000006c0c029d4643534514
:1054280052524f5200000000640c029d414c474efe
:1054380045525220000000005c0c029d53434f4c23
:1054480046524d2000000000540c029d4d434f4c25
:1054580046524d20000000004c0c029d40100100f7
:10546800a499059d2014029df013029d0800029d39
:105478001000029d7c12029d9000029dd400029da6
:105488000001029d6c09029d8401029de419029da0
:105498005007029d581a029d840a029da00c029d85
:1054a800a00b029d3800029d140d029d780e029dee
:0454b8004402029d0b
:020000040000fa
:020000041d05d8
:1054bc00000102040703060500000000ffffffffc8
:1054cc00ffffffffffffffffffffffffffffffffe0
:1054dc00ffffffffffffffffffffffffffffffffd0
:1054ec00ffffffffffffffffffffffffff000102ba
:1054fc0003040506070809ffffffffffffff0a0b68
:10550c000c0d0e0f101112131415161718191a1b57
:10551c001c1d1e1f20212223ffffffffffff0a0b74
:10552c000c0d0e0f101112131415161718191a1b37
:10553c001c1d1e1f20212223ffffffffffffffff6b
:10554c00ffffffffffffffffffffffffffffffff5f
:10555c00ffffffffffffffffffffffffffffffff4f
:10556c00ffffffffffffffffffffffffffffffff3f
:10557c00ffffffffffffffffffffffffffffffff2f
:10558c00ffffffffffffffffffffffffffffffff1f
:10559c00ffffffffffffffffffffffffffffffff0f
:1055ac00ffffffffffffffffffffffffffffffffff
:1055bc00ffffffffffffffffffffffffff000000ec
:020000040000fa
:020000041d05d8
:1055cc000080013c2430a10040380500423d07001a
:1055dc00ff0701242b00e110000000003304092414
:1055ec00233827013500e12c0b00201400000000ab
:1055fc002000e004000000002d00c010000000009e
:10560c004048050025482401260020150000000014
:10561c0027000010000000000500c0100000000072
:10562c002b48040023200400232805002328a9006c
:10563c001f00e93001000824044028012340080021
:10564c002000e12c040020140000000000000424c1
:10565c00020000102428a800242088000500c01097
:10566c00000000002b480400232004002328050020
:10567c002328a90025100400251805000800e003c4
:10568c00000000000f00013cffff21342448a10062
:10569c00254824010900201500000000f5ff00102a
:1056ac0000000000f0bf053cf2ff001000000424d5
:1056bc0025280600efff001000000424f8ff053c2d
:0856cc00ecff001000000424b3
:020000040000fa
:020000041d05d8
:1056d400c0ffbd272c00b3af5000b38f3800b6af66
:1056e4003000b4af010073322800b2af2400b1af70
:1056f4002000b0af3c00bfaf3400b5af25908000b0
:1057040025b0a0002580c0002588e00003006016b5
:105714002ba0c7001300805623a0300225300002be
:105724002528c002775e410f252040020d00801617
:1057340023a03002258800023c00bf8f25102002e0
:105744003800b68f3400b58f3000b48f2c00b38f7f
:105754002800b28f2400b18f2000b08f0800e0032e
:105764004000bd271100862e100002240b10860273
:1057740025304000200005241000a4278066410f36
:1057840025a880021000a22e0b0040100f008632c4
:105794001000a527775e410f25204002e6ff601622
:1057a400253000022528c002775e410f25204002e3
:1057b400e2ff00103c00bf8f100006241000a52754
:1057c400775e410f25204002eeff0010f0ffb52662
:020000040000fa
:020000041d05d8
:1057d400c03a0500425d04002538eb00c0320400e5
:1057e4000080013c2538e1000080013c2448a100f0
:1057f400404005004245080080fc0825ffff0b25ba
:10580400fe00612d12002010000000000200c010f4
:10581400000000000100e7348000e7248000eb2c46
:1058240021400b01025a070001006b312338eb00c1
:1058340040380700423a0700c05d08002538eb00f5
:105844002510e9000800e00300000000000000004b
:105854007f040124070001150000000040580700e0
:10586400255866010300601100000000f5ff0010d8
:10587400c0ff023cff0001290400201400000000c6
:10588400807f013cefff00102510210101000a2454
:10589400235048012000412d030020140000000083
:1058a400e8ff00102510090020000c2423608a0161
:1058b400045887012530cb0006384701000008242e
:1058c4000080013cd1ff00102538e10000000000f9
:020000040000fa
:020000041d05d8
:1058d4000000a38ce0ffbd271800b1af1f006324b4
:1058e40042190300806003001400b0af1c00bfaf76
:1058f400258080002588a00021608c0025580000a8
:105904000c00631525282002252000029361410f15
:105914002530000025282002252000021c00bf8f0e
:105924001800b18f1400b08f010046389361410b09
:105934002000bd270400078e25100000252000004c
:105944000238c7702528000000f0e77c0100ad2470
:1059540080500d0021702a0221500a020000488d57
:105964000000ce8d25480000130000011100200125
:105974000100ee7012c00000211002032b705800c9
:1059840010c80000212024030d00a0102120c40110
:1059940000f0457cfcff45ad2528a00140500400e3
:1059a400c2170200251042012b50a300e7ff401547
:1059b400c2270400000082add1ff001001006b2556
:1059c400f6ff00100100052408008224ffff0324d1
:1059d400040082ac080083ac0c0082ac100082ace2
:1059e400000080ac0800e003000000000800e003b1
:1059f400100080ac0400828c0800438c0400a2ac2c
:105a04000800a3ac0800438c040065ac080045ac56
:105a14000000828c1000a4ac01004224000082ac7f
:105a24000800e003000000000000a68cffff022431
:105a34000d00c214080082241000828c0400438ce0
:105a44000400a3ac080065ac0800a2ac040045ac9b
:105a54000000828c1000a4ac01004224000082ac3f
:105a64000800e003000000000400478c0000e38c01
:105a74002b18c300f2ff60540400438cfaff00109b
:105a84002510e0001000828c0400858c0800838cb3
:105a94000800a3ac040065ac0400458c0100a450cc
:105aa400040043ac0000438c100080acffff63246f
:105ab400000043ac0000428c0800e003000000003a
:020000040000fa
:020000041d05d8
:105ac40076657273696f6e3a20696e69740d0a00a7
:105ad4006e6f6465393000006e616d650000000012
:105ae400312e342e3400000076657273696f6e00b7
:105af4004175672032362032303235006461746576
:105b04000000000031363a32343a343700000000e5
:105b140074696d650000000076657273696f6e3a92
:105b240020636f6170206765742068616e646c65c2
:105b3400720d0a007b2265223a25737d0000000065
:105b44006e6574776f726b3a206a736f6e5f746ff1
:105b54005f63626f72206572726f723a2025640d02
:105b64000a00000076657273696f6e3a207265737d
:105b7400706f6e73653a2000256300000d0a000003
:105b840076657273696f6e3a20707574206a736fec
:105b94006e207374723a2025730d0a007665727351
:105ba400696f6e3a20636f6170207075742068614c
:085bb4006e646c65720d0a00bd
:020000040000fa
:020000041d05d8
:105bbc000000a28c0400a38cc0ffbd273800b3af3b
:105bcc003400b2af3000b1af2c00b0af3c00bfaf6f
:105bdc00259080002580a0000800b38c2000a2af87
:105bec00030060040c00b18c4408027c2000a2afbe
:105bfc002000a2271800a2af080002241400a2afb4
:105c0c001000b3af0400c78c0000c68c7253410f58
:105c1c00252000022000a38f1000633004006010c8
:105c2c0030000424ffff422421182202000064a04b
:105c3c002000a38f080063300400601020000424af
:105c4c00ffff422421182202000064a01000068edf
:105c5c002000a38f25386002ffffc6241000a3afdd
:105c6c002330c20021282202b555410f25204002c5
:105c7c000400438e00016330040060103c00bf8fb1
:105c8c000400038e2a2043000b1064003800b38fed
:105c9c003400b28f3000b18f2c00b08f0800e003bd
:045cac004000bd27d0
:020000040000fa
:020000041d05d8
:105cb000e8febd270c01b4af0801b3af0401b2afd9
:105cc0000001b1affc00b0af1401bfaf1001b5af20
:105cd0002580800025a0a0002598c0002588e00030
:105ce0001000a4af010012240200222a190040145f
:105cf0002801a48f8018110023101400211883009c
:105d0000f8ff638c21a802021000a48f2310430027
:105d10002180020209f860022528000209004104de
:105d20001000a48f2528a00209f860022520000297
:105d300015004304ffff3126feff3126120000103c
:105d40002580a00209f860022528a002f6ff400481
:105d50002528a002253040021000a527b95a410f7e
:105d6000252080021401bf8f1001b58f0c01b48f64
:105d70000801b38f0401b28f0001b18ffc00b08f16
:105d80000800e0031801bd27801012001000a327af
:105d900021106200000050acd3ff00100100522619
:020000040000fa
:020000041d05d8
:105da000e0ffbd271400b1af2588c0000004c6285d
:105db0001c00bfaf1800b2af1f00c0141000b0af7e
:105dc000019d123cc893468ecc93478e3d36410fc1
:105dd00001fc30260004042a09008014c893468e72
:105de000cc93478e25204000252860003d36410f8a
:105df00002f830260004052aff0304240a808500e7
:105e0000ff03102600251000252800002530a000e3
:105e100025388000252860003d36410f25204000b0
:105e20001c00bf8f1800b28f1400b18f1000b08f0c
:105e30000800e0032000bd2702fc262a2510800070
:105e40002518a000eeffc01025802002019d123c05
:105e5000d093468ed493478e3d36410fc9033026ea
:105e600002fc042ae6ff8010d093468ed493478e1e
:105e700025204000252860003d36410f920730263e
:105e800002fc052a02fc0424ddff00100b808500c3
:020000040000fa
:020000041d05d8
:105e90008481998f0800200325280000848186af23
:105ea00025308000059d043c0100072499d3400b58
:105eb000905e84248081828fe8ffbd270400401417
:105ec0001400bfafa7d1400f01000424808182af2e
:105ed00049d1400f000000008081868f25380000e6
:105ee000252040004d2e410f252860001400bf8f53
:105ef0000800e0031800bd278081828fe8ffbd27de
:105f0000040040141400bfafa7d1400f01000424c7
:105f1000808182af49d1400f000000008081868fd0
:105f200025380000252040004d2e410f2528600017
:105f30001400bf8f0800e0031800bd278081828f06
:105f4000e8ffbd27040040141400bfafa7d1400fe5
:105f500001000424808182af46d1400f0000000080
:105f60008081838f1400bf8f1800bd271b00430062
:0c5f7000f40160000800e00312100000c3
:020000040000fa
:020000041d05d8
:105f7c00840002242200a2500000e28c8500a2289a
:105f8c0010004010810002240800a2500000e28c96
:105f9c00820002242700a2500000e28c8000022420
:105fac001000a214000000000000e28c0400432446
:105fbc000000e3ac0000428c000082ac1500001025
:105fcc00000046ac900002241a00a2500000e28ca3
:105fdc009100a22805004010880002240f00a25056
:105fec000000e28c0800e00325100000a000022451
:105ffc00eeffa2500000e28ce9ff0010c00002246a
:10600c00040043240000e3ac0000428c000082ac8e
:10601c00000046a40800e00301000224040043240d
:10602c000000e3ac0000428c000082acf9ff0010d1
:10603c00000046a0040043240000e3ac0000428ca6
:10604c00000082ac000046acc3370600f1ff001024
:04605c00040046ac4a
:020000040000fa
:020000041d05d8
:10606000500d06248066410b25280000e0ffbd2767
:106070001800b2af1400b1af1000b0af2588a00077
:10608000258080002590c0002538000025300000c4
:106090001c00bfaf86b8400f2528000044050296bb
:1060a00002004016380002a60a0700a2a8b8400f56
:1060b00025200002170040101c00bf8f0b00201687
:1060c000c70700a2a90500a2039d063c039d053c4d
:1060d0005cc7c624f4c6a52467ba400f2520000279
:1060e0000000028e0a0000100100422cca65410f18
:1060f00025202002010046240101c22c0a00401480
:106100000100052417b8400f2520000225100000cb
:106110001c00bf8f1800b28f1400b18f1000b08f19
:106120000800e0032000bd2725282002d665410f86
:0c613000a9050426e5ff0010039d063cb5
:020000040000fa
:020000041d05d8
:10613c00a8ffbd270400a1af0800a2af0c00a3afbd
:10614c001000a4af1400a5af1800a6af1c00a7af99
:10615c002000a8af2400a9af2800aaaf2c00abaf39
:10616c003000acaf3400adaf3800aeaf3c00afafd9
:10617c004000b8af4400b9af4800bfaf12400000b8
:10618c004c00a8af104000005000a8af069d1a3c70
:10619c004c885a270000000000680440006005404d
:1061ac0009f84003000000005000a88f1100000106
:1061bc004c00a88f130000010400a18f0800a28fcf
:1061cc000c00a38f1000a48f1400a58f1800a68fad
:1061dc001c00a78f2000a88f2400a98f2800aa8f4d
:1061ec002c00ab8f3000ac8f3400ad8f3800ae8fed
:1061fc003c00af8f4000b88f4400b98f4800bf8f70
:0c620c005800bd27c00000001800004230
:020000040000fa
:020000041d05d8
:106218000000c78c1f00e724423907000400e0543f
:10622800212085002530a0008066410b252800002c
:106238002518000025580000010009241f000c241f
:106248000300a0142b50e9000800e0030000000040
:106258000400401525400000804009002140c80086
:106268000000088d1e0060100410680025104b0007
:106278000400ab2c10006015ff004a30ffff6324b8
:106288002358830106406801025e0200fcff8ba0d0
:10629800025c020002120200fdff8ba0feff82a03a
:1062a800ffff8aa0fcffa524fcff84240100292508
:1062b800e3ff001025580001020003240400a31086
:1062c800030003240400a314021c0200fdff83a0a2
:1062d80002120200feff82a00800e003ffff8aa06e
:1062e800f2ff00101f000324b8ffbd273c00b6af23
:1062f8003800b5af3400b4af5c00b58f5800b48f28
:106308006000b68f4000b7af3000b3af2400b0af25
:1063180025b8a0002598c0000100f0242530a00071
:10632800252800004400bfaf2c00b2af2800b1af51
:10633800259080002588e0008066410f428010008b
:10634800059d063c1c00b6af1800b5af1400b4afed
:106358001000b0af253860022528e0022520400251
:10636800dc48410ff845c62423383002069d063c18
:106378001c00b6af1800b5af1400b4af1000b0af32
:10638800213867022528e00225204002dc48410f19
:106398009896c6244400bf8f4000b78f3c00b68f44
:1063a8003800b58f3400b48f3000b38f2c00b28f13
:1063b8002800b18f2400b08f0800e0034800bd27f3
:020000040000fa
:020000041d05d8
:1063c800ffffffffffff0000465f4448435052783d
:1063d8004d736754797065324576656e74000000b8
:1063e80054435049505f444843505f50726f63654f
:1063f800737300000201020102010202020201039a
:1064080003030000465f444843504576656e745365
:106418006f75726365000000465f444843504e6fd5
:1064280074696679436c69656e74730001030600cc
:106438005c73019dac77019da073019d0877019d58
:106448002483019da876019df073019d350000000d
:10645800dc71019d010000003479019d03000000fa
:10646800ac78019d060000003072019d36000000e6
:106478005878019d330000006472019d3a000000c5
:10648800b472019d3b0000000473019dff000000f1
:086498005473019d63825363fc
:020000040000fa
:020000041d05d8
:1064a000c0ffbd273800b1af3400b0af3c00bfaf74
:1064b0002588a0000000a5800400a0102580800091
:1064c000010022820900405425280000295a410f6a
:1064d000252000023c00bf8f231050003800b18ff0
:1064e0003400b08f0800e0034000bd2720000624e0
:1064f0008066410f1000a4270100052400002282bd
:106500001a0040101000a427000023920100312639
:106510004211030080100200211082000000448c10
:106520000418650025186400f4ff0010000043ac57
:106530000100422400004380e6ff6010ff0063304a
:1065400042210300802004001000a6272120c4005f
:106550000000848c0418650024186400f4ff6010a7
:106560003c00bf8fddff00102310500025100002fb
:08657000f0ff001001000524fa
:020000040000fa
:020000041d05d8
:10657800c0ffbd273800b1af3400b0af2588800018
:106588002580a00020000624252800003c00bfaf7d
:106598008066410f1000a4270000038209006010e4
:1065a80025100000010002820b00401401000524a0
:1065b8002510200200004480feff83500100422481
:1065c800231051003c00bf8f3800b18f3400b08fca
:1065d8000800e0034000bd27000003921000a42734
:1065e80001001026421103008010020021108200d1
:1065f8000000448c0418650025186400000043acb2
:1066080000000282f4ff4014251020020100052436
:1066180000004380eaff60101000a627ff006330e7
:1066280042210300802004002120c4000000848c43
:106638000418650024186400e2ff6050231051001c
:08664800f3ff001001004224e1
:020000040000fa
:020000041d05d8
:10665000261086002340020025400201c34708009f
:10666000244004011f0009242510000020000b24f1
:10667000236069010620250104188801251864009b
:10668000232066002650c4002618c30024186a0080
:1066900026186400c21f0300065028010100633859
:1066a00025186a0006208401235003002620880054
:1066b00024208a0026400401042026012320a4006f
:1066c000262085000418230124208a00ffff2925a5
:1066d0002628a400e6ff2015251043002348a60025
:1066e0002618c5002620c900242064002620890021
:1066f000c227040001008438252088002648a9000c
:106700002318040024186900262865000000e5ac61
:086710000800e003251044001d
:020000040000fa
:020000041d05d8
:1067180001a0063c8c2dca8c2b00401125100000ce
:106728002518400125380000254000000000658c30
:106738000800a4141000698c0200e0508c2dc9ac2c
:106748001000e9ac0800e00310006224f7ff001015
:10675800251820012b588500070060110000000053
:106768001b0040502540e00000004b8c2b28ab005c
:106778000b40e5000b106500f4ff2015253860007c
:1067880011004010000000000000438c1000458cf0
:10679800231864001100692c0700201510004724f5
:1067a800000044acf0ff63242120e400100085ac15
:1067b800000083ac2528800002004255100005ad7a
:1067c8008c2dc5ac2510e0000800e0030000000097
:0867d800e9ff0010251060002c
:020000040000fa
:020000041d05d8
:1067e000747275650000000066616c7365000000de
:1067f0006e756c6c00000000256c6c75000000006c
:10680000256c6c64000000002e2e2f7372632f74b1
:10681000696e7963626f722f63626f722e68000017
:1068200076616c75652d3e666c616773202620432a
:10683000626f724974657261746f72466c61675ff2
:10684000496e746567657256616c7565546f6f4cff
:106850006172676500000000252e366700000000a9
:10686000252e31356700000063626f725f76616cc0
:1068700075655f69735f746578745f737472696e50
:10688000672876616c75652900000000223c756ef2
:10689000737570706f727465645f747970653e2291
:0468a00000000000f4
:020000040000fa
:020000041d05d8
:1068a400e8ffbd27ff00a5301000b0af1400bfaf54
:1068b4000f00a01425808000ca65410f000000006d
:1068c400218002021400bf8f251000021000b08f37
:1068d4000800e0031800bd2700000282f9ff401001
:1068e400ff004230f8ff45101400bf8f010010264e
:1068f40003000232f8ff40140101043c0101842426
:106904000220a470fefe073c8080083cfffee734b2
:10691400808008350000038e263064002110670053
:1069240027180300241043002118c700273006004d
:10693400243066002510460024104800f5ff40501e
:106944000400102600000282deff4010ff004230e7
:10695400ddff45101400bf8ffaff00100100102660
:020000040000fa
:020000041d05d8
:1069640070ffbd278400b2af8000b1af7c00b0af30
:106974002588a000258080002590c00025280000df
:106984004c0006242400a4278800b3af8c00bfafba
:106994008066410f2598e000ffff02241000a2af9b
:1069a40002010224020000161400a2af7000b027f6
:1069b4001800b0af1c00b1af020020122510000077
:1069c400ffff22260c0021062000a2af01a0023cfa
:1069d4004f0003244cb043acffff02248c00bf8f54
:1069e4008800b38f8400b28f8000b18f7c00b08f99
:1069f4000800e0039000bd2701002056000000a21b
:106a040025306002252840021000a4272800b0afda
:106a1400f464410f2400b0aff1ff00108c00bf8f6d
:020000040000fa
:020000041d05d8
:106a240003008014251000000800e00300000000ab
:106a34000400828ce0ffbd271800b1af2000423073
:106a44001400b0af1c00bfaf2580800009004010c7
:106a54002588a0001400828c1800838c2b106200ff
:106a6400140040542c00828c280000ae180000aea4
:106a7400140000ae3c00058e4000028e2b18a200cc
:106a840004006010010006240000048e2e25400f2f
:106a94002328a200400000ae3c0000ae0b002012f0
:106aa400251000003225400f0000048e080000105d
:106ab4001c00bf8f2530000009f840002528000085
:106ac4001400038ee8ff6014ffff02241c00bf8f34
:106ad4001800b18f1400b08f0800e0032000bd2718
:020000040000fa
:020000041d05d8
:106ae400010002242b00c21000000000d8febd27c4
:106af400803006001001b0af1000a2272180a6004c
:106b04002001b4af1c01b3af2401bfaf1801b2af71
:106b14001401b1af2598800025a0a000000002aeaa
:106b2400080060162401bf8f2001b48f1c01b38fad
:106b34001801b28f1401b18f1001b08f0800e00367
:106b44002801bd270101722e000102240000858e58
:106b54000000048e0b107202253040002590400086
:106b6400d665410f258880020400258e0000248efe
:106b740025304002d665410f04003126fcff228ee9
:106b840021105200f8ff1116fcff22aee4ff0010a2
:0c6b9400239872020800e00300000000db
:020000040000fa
:020000041d05d8
:106ba0000000a28c0400a38cc0ffbd273800b3af47
:106bb0003400b2af3000b1af2c00b0af3c00bfaf7b
:106bc000258880002580a0000800b28c2000a2af9c
:106bd000030060040c00b38c4408027c2000a2afc8
:106be0002000a2271800a2af0a0002241400a2afbe
:106bf0001000b2af0400c78c0000c68c7253410f66
:106c0000252000021000068e2000a38f25384002a8
:106c1000ffffc6241000a3af2330c2002128620268
:106c2000b555410f252020020400238e000163305a
:106c3000040060103c00bf8f0400038e2a20430034
:106c40000b1064003800b38f3400b28f3000b18f66
:0c6c50002c00b08f0800e0034000bd27be
:020000040000fa
:020000041d05d8
:106c5c002e2e2f7372632f636f6e6669672f6465b8
:106c6c006661756c742f6c6962726172792f7463d2
:106c7c007069702f7372632f74637069705f6865cd
:106c8c006c706572735f707269766174652e6800e2
:106c9c002e2e2f7372632f636f6e6669672f646578
:106cac006661756c742f6c6962726172792f746392
:106cbc007069702f7372632f74637069705f68658d
:106ccc006c706572732e630025642e25642e25640a
:106cdc002e256400252e32783a252e32783a252e30
:106cec0032783a252e32783a252e32783a252e32c1
:106cfc007800000066756c6c000000006c6f77000b
:086d0c00646f776e00000000c7
:020000040000fa
:020000041d05d8
:106d140078ffbd278000b2af7c00b1af7800b0af80
:106d24008400bfaf258080002588a0002590c00086
:106d34001c00a0af5400a4af2000a4af0400800442
:106d4400ffff0224ff7f023cffff42342110820038
:106d5400252800001800a4272366410f5800a2af7d
:106d64009800a28f9c00a38f252840021800a42716
:106d74001000a2af1400a3af440c410f010006247d
:106d84002520400008002012252860005800a28f0a
:106d94005400a38f231862006c00a28f2118620094
:106da40021800302000030ae8400bf8f25108000d4
:106db4002518a0008000b28f7c00b18f7800b08fbe
:086dc4000800e0038800bd2770
:020000040000fa
:020000041d05d8
:106dcc005000828ce8ffbd271000b0af1400bfaf9d
:106ddc000b004010258080005400838c2a10620028
:106dec0007004014000000004c0000aeffff02241e
:106dfc001400bf8f1000b08f0800e0031800bd27ef
:106e0c002163410f25200002f8ff42044c0000ae24
:106e1c004000038e5000048e3c00058e090080104b
:106e2c00253060005400068e233865002320860030
:106e3c002a38e4000300e01425306000ffff8424ae
:106e4c002130a400060060104c0006ae5400048ee5
:106e5c00231865000100632421188300540003ae3d
:106e6c00ffffa390e2ff6254ffffa2a0e1ff00101e
:046e7c001400bf8fb0
:020000040000fa
:020000041d05d8
:106e8000d8ffbd272000b1af00a0113c6404228ec2
:106e90001c00b0af2400bfaf0e0040102580800062
:106ea0005864410f000000001000a427e564410f62
:106eb0001000a2af0f0042241000a58f0418027c1e
:106ec000b266410f252040000c0040102400bf8f07
:106ed000640420ae01000052010010240f001026af
:106ee0000418107c0900001601a0023c0c000324c9
:106ef0004cb043ac251000002400bf8f2000b18fa0
:106f00001c00b08f0800e0032800bd270400022efb
:106f1000040003240b806200c659410f25200002a3
:106f2000f5ff4054fcff50acf4ff00102400bf8f6d
:020000040000fa
:020000041d05d8
:106f300000000000c86b039dd46b039ddc6b039db8
:106f4000e86b039d687c029df06b039d0c6c039db8
:106f50000c7b029d146c039ddc69039d5077029da0
:106f6000306c039d486c039ddc7f029d506c039d3b
:106f7000646c039dd875029d6c6c039d846c039dad
:106f80005074029d8c6c039da86c039d5473029dec
:106f9000b06c039dc86c039d9872029dd06c039ddc
:106fa000ec6c039d9c71029df46c039d086d039d28
:106fb000ac6f029d0c6d039d2c6d039d0c6e029dac
:106fc000346d039d486d039d1c6c029d546d039da3
:0c6fd000686d039d9869029d706d039d23
:020000040000fa
:020000041d05d8
:106fdc00c23d0400ff00e7300080013c24308100fa
:106fec00ffffe924fe00212d0d0020100000000001
:106ffc008003e724404a0400024b09002530c900f5
:10700c00402f0400004d07002530c9002510050055
:10701c00251806000800e003000000000000000036
:10702c000000052421208400f6ff801000000000e1
:10703c000900e01400000000ffffe7242120840079
:10704c008000013c2b088100fbff20140000000095
:10705c00e7ff001000000000ff07072400ff013cc1
:10706c00010021342b088100e6ff201400000000f1
:0c707c00e4ff0010f8ff063c00000000dc
:020000040000fa
:020000041d05d8
:10708800810002241200a2500000c28c8300022456
:107098000600a2500000c28c800002241200a21038
:1070a800251000000800e00300000000040043244d
:1070b8000000c3ac0400858c0000428c0000848c66
:1070c800000044ac040045ac0800e00301000224c1
:1070d800040043240000c3ac0400858c0000428ceb
:1070e800f7ff00100000848c0000c28c0400858c1f
:1070f8000000848c04004324e8ffbd270000c3acd3
:107108001000b0af1400bfaff555410f0000508c10
:107118001400bf8f000002ae010002241000b08fdf
:087128000800e0031800bd2778
:020000040000fa
:020000041d05d8
:10713000e0ffbd271800b1af028d0700ff07253221
:107140001400b0af1c00bfaf258080002510c00028
:107150000e00a0142520e000069d023c2540c00042
:107160002518e000189e468c1c9e478c25200001a7
:107170003d36410f25286000252060000055637cc6
:107180000200601000080524c1ff6524c237020018
:1071900040180400401002002518c3001c00bf8fd7
:1071a000000002ae00a0637c2000023c25184300d2
:1071b00000083132ccfba5240c0011ae25100002d2
:1071c000040003ae080005ae1800b18f1400b08fa4
:0871d0000800e0032000bd27c8
:020000040000fa
:020000041d05d8
:1071d800e0ffbd271800b2af1400b1af1c00bfaf6d
:1071e8001000b0af2590a0001400801401a0113c3d
:1071f8002c13308e0b0000121c00bf8f25200002bc
:107208005e59410f252840022180020200000282b7
:107218000c004054252840022c1320ae2580000085
:107228001c00bf8f251000021800b28f1400b18f08
:107238001000b08f0800e0032000bd27efff00100a
:10724800258080002859410f2520000221100202c4
:1072580000004380050060102c1322ae0100432477
:107268002c1323aeeeff0010000040a0ecff00102e
:047278002c1320ae05
:020000040000fa
:020000041d05d8
:10727c0080ffbd277800b2af7400b1af7000b0af23
:10728c002590c00025808000600006241000a427f3
:10729c002588a0007c00bfaf8066410f2528000028
:1072ac00ffff0224252800001000a4275000a2afe5
:1072bc001800b0af2366410f4c00b0af2528400238
:1072cc001000a4271be9400f0100062425204000d4
:1072dc0008002012252860005000a28f4c00a38fbc
:1072ec00231862006400a28f21186200218003021f
:1072fc00000030ae7c00bf8f251080002518a00048
:10730c007800b28f7400b18f7000b08f0800e0036a
:04731c008000bd2709
:020000040000fa
:020000041d05d8
:10732000756c033cc8ffbd27286e63241800a3af0b
:107330006c2903242800b2af2000b0af3400bfafe7
:107340003000b4af2c00b3af2400b1af2590800063
:107350002510e0001c00a3a71e00a0a30200c0107f
:107360001800b0272580c0000400b18c0800b38c41
:10737000030040140000b48cca65410f25200002b0
:10738000020020062b1822020b1023021000b4afbb
:10739000253860022528000225204002b555410ffe
:1073a000253040003400bf8f3000b48f2c00b38fe5
:1073b0002800b28f2400b18f2000b08f0800e003b6
:0473c0003800bd27ad
:020000040000fa
:020000041d05d8
:1073c400e8ffbd271000b0af1400bfaf25808000d8
:1073d4002130a60025200000251000000100032410
:1073e400080009240e00a654ffffc8900400801072
:1073f4008020030021200402000082ac01006324e9
:1074040004000426c853410fffff65241400bf8ff6
:10741400000002ae1000b08f0800e0031800bd2782
:107424000438880025104700080087241f00ea2834
:1074340009004015ffffc6248038030021380702e5
:1074440000f0427c0000e2ace9ff8724231027010e
:107454000610480001006324e2ff00102520e0002c
:107464001c81023c21288500c59d42340300a414dc
:10747400003902000800e003000000004018020088
:107484002118670021186200c0390200003602008a
:1074940021186700001202002110620001008424f8
:1074a4002118c200ffff8290f0ff00102610430055
:1074b4001c81023c21288500c59d42340300a4148c
:1074c400010084240800e00300000000ffff839013
:1074d40026106200003902004018020021186700db
:1074e40021186200c039020000360200211867002a
:1074f4000012020021106200f0ff00102110c200ef
:020000040000fa
:020000041d05d8
:10750400e0ffbd271800b1af1400b0af1c00bfaf3f
:1075140025808000258800003c00028e4c00038eec
:107524002b18430017006010010043243c0003aef5
:10753400000042902000032410004310f7ff42246f
:107544000500422cf4ff4054010031264c00028e09
:10755400050040101c00bf8f3c00028effff422438
:107564003c0002ae1c00bf8f251020021400b08f17
:107574001800b18f0800e0032000bd27e6ff0010cb
:1075840001003126735b410f25200002ffff032415
:10759400e8ff43141c00bf8ff4ff001025102002e5
:020000040000fa
:020000041d05d8
:1075a400d0ffbd271400b0af3800908c1c00b2afe0
:1075b4000001d2242800b5af2400b4af2000b3af3b
:1075c40025a8a0002598800025a0c000252800003b
:1075d40025304002252000022c00bfaf9964410fe2
:1075e4001800b1af01004054239050002b88920240
:1075f4000aa051022530800225280002d665410fd9
:107604002520a0022c00bf8f211014022180120219
:107614003c0062ae400070ae380070ae25108002af
:107624002800b58f2400b48f2000b38f1c00b28fc4
:107634001800b18f1400b08f0800e0033000bd279c
:020000040000fa
:020000041d05d8
:10764400440080ac400080ac380080ac20f1400b9a
:107654003c0080ac0000a28c252880001400598cca
:10766400340082ac059d043c080020034476842445
:10767400e0ffbd271800b1af258880002800848c66
:107684001400b0af2580a0000f0082300100052453
:10769400042845001c00bfaf0753410f022104001a
:1076a4003400228e0c00078e0000068e0800058e22
:1076b4000400048e0000428c080020ae09f840004b
:1076c400000000001c00bf8f010002241800b18fcd
:0c76d4001400b08f0800e0032000bd2768
:020000040000fa
:020000041d05d8
:1076e00049507634204173736572743a2025732ca7
:1076f00020696e206c696e653a2025642c200d0a85
:10770000000000004950763420496e69743a2046e2
:1077100061696c656420746f20696e6974616c695d
:107720007a653a20256421200d0a000049507634fc
:107730003a204661696c656420746f2072656769e0
:107740007374657220415250206e6f74696669636c
:107750006174696f6e21200d0a0000004950763473
:107760003a2041525020656e747269657320706fc3
:0c7770006f6c20656d707479210d0a00ab
:020000040000fa
:020000041d05d8
:10777c005443504950537461636b5061636b65742f
:10778c0054780000020000008c43029d7046029d5c
:10779c0003000000049f029dcca0029d0600000087
:1077ac00a80e059d180f059d090000009c56019d13
:1077bc00ec5b019d0a0000001cc2009d24c4009dce
:1077cc000c000000a490019dd492019d1e000000ad
:1077dc00e880029d9481029d0608020000000100d1
:1077ec000008030000000000ffff04000000000080
:1077fc00ffff050000000000887a049d8c7a049d30
:0c780c00907a049d987a049d9c7a049d5b
:020000040000fa
:020000041d05d8
:107818000102a22c0a004014251000000800e00311
:1078280000000000251000002402bf8f2002b28f44
:107838001c02b18f1802b08f0800e0032802bd2790
:10784800d8fdbd271802b0af2580a0001c02b1af3b
:10785800252880002588c0001800a42725300002ac
:107868002002b2af2402bfafd665410f2590e000d9
:107878003802a68f252800027e52410f1800a4273f
:10788800e8ff40103c02a28f253840022530200234
:107898001000a2af25280002b54c410f1800a427fc
:1078a800e2ff00102402bf8f019d023c1098468c15
:1078b8001498478ce0ffbd271c00bfaf1800b3af7a
:1078c8001400b2af1000b0af259080003d36410fd4
:1078d8002598a00025286000e25e410f2520400081
:1078e800252040008964410f25804000019d043c0b
:1078f8001898868c1c98878c252860003d36410f87
:10790800252040002530400025204002252860021f
:107918004b2a410f2538600025286000e25e410fa0
:10792800252040001c00bf8f251800021800b38fc7
:107938001400b28f1000b08f0800e0032000bd27ac
:020000040000fa
:020000041d05d8
:10794800e8ffbd271000b0af1400bfaf4800828029
:10795800ffff432425104300480082a01800838cb1
:107968001400828c2b1062000500401025808000d6
:107978002c00828c2530000009f8400025280000e2
:107988000400028e280000ae180000ae020043304a
:1079980008006010140000ae10004234040002ae6b
:1079a800ffff02241400bf8f1000b08f0800e0030f
:1079b8001800bd270800038e0c00048ec000427c0e
:1079c8002310020021186400400003aef5ff0010e8
:0479d8003c0003aebe
:020000040000fa
:020000041d05d8
:1079dc000400828ce0ffbd271c00bfaf00014730c4
:1079ec001800b1af1700e0101400b0af1000828c7b
:1079fc002518c0002b88c2000a1851000c0060101a
:107a0c0025886000258080001400848cd665410f89
:107a1c00253060001400028e1000038e21105100de
:107a2c0023887100140002ae100011ae000040a0bb
:107a3c001c00bf8f1800b18f1400b08f0800e0033a
:107a4c002000bd2710004230faff40541c00bf8fad
:107a5c008d65410f00000000f6ff00101c00bf8f69
:020000040000fa
:020000041d05d8
:107a6c00c03a0500425504002538ea000080013c6c
:107a7c002538e1004050050042550a001e0406243a
:107a8c002330ca000c00c018000000002000c12cdc
:107a9c000200201400000000000007340200a104c2
:107aac000638c70023380700251007000800e0033c
:107abc000000000000000000020080100000000028
:107acc000100a534f07f013c010021342b08a100fa
:107adc000300201400000000f4ff00100080023ca2
:107aec00ff7f023cf1ff0010ffff4234000000005a
:020000040000fa
:020000041d05d8
:107afc00c802059dfc0b039dd002059de002059d6f
:107b0c00800b039de402059d0003059dec04039d81
:107b1c000803059dac07039dd807039d7407039dbf
:107b2c006c07039d4407039d1003059dc809039d25
:107b3c00030000001403059d9c09039d0300000035
:107b4c001803059d5804039d030000001c03059dac
:107b5c00b804039d030000002003059d0c0b039d3e
:107b6c00040000002803059d940a039d04000000f6
:0c7b7c003003059df009039d040000008b
:020000040000fa
:020000041d05d8
:107b8800c03a0500425504002538ea000080013c4f
:107b98002538e1004050050042550a001e0406241d
:107ba8002330ca000c00c004000000002000c12cd3
:107bb8000200201400000000000007340200a104a5
:107bc8000638c70023380700251007000800e0031f
:107bd800000000000000000002008010000000000b
:107be8000100a534f07f013c010021342b08a100dd
:107bf8000300201400000000f4ff00100080023c85
:0c7c0800f2ff0010ffff0224000000004b
:020000040000fa
:020000041d05d8
:107c1400e0ffbd271400b0af01a0103c8032028efb
:107c24001800b1af1c00bfaf0800401025888000c9
:107c3400110020068032028e01a0033c8432638c42
:107c440023186200110000102b187100d551410f48
:107c5400000000008032028ef5ff40140000000096
:107c6400ffff02241c00bf8f1800b18f1400b08fd7
:107c74000800e0032000bd2701a0033c8832638c88
:107c840023201100231843002b186400f4ff601410
:0c7c940021885100f3ff0010803211ae77
:020000040000fa
:020000041d05d8
:107ca0000000aa801e004011000000000000898032
:107cb00017002051251000000700491125108000f1
:107cc0000100898012002051251000000100842449
:107cd000fbff4915251080000100a3800e006010f5
:107ce0000000000001008980f6ff23150200a32494
:107cf00004000010020087240000e880f3ff06154e
:107d00000100e72400006680fbffc014010063242b
:107d10000800e003000000000800e003000000008d
:087d20000800e00325108000bb
:020000040000fa
:020000041d05d8
:107d2800a14f410b00000000a74f410b00000000cd
:107d3800af4f410b00000000d8ffbd272000b1afb6
:107d4800258880002400bfaf1c00b0af00607041e0
:107d5800c00000007b4f410f0000000025202002da
:107d6800714f410f1000a2afaf4f410f0100043215
:107d78002400bf8f1000a28f2000b18f1c00b08f8d
:107d88000800e0032800bd270300a0100000000041
:107d9800674f410b000000000800e00300000000ee
:107da8002530a000069d053ce8ffbd27888ba5244b
:107db8001400bfafef29410f25200000ffff00107e
:107dc80000000000069d053ce8ffbd27b48ba524f4
:107dd8001400bfafef29410f25200000ffff00105e
:107de800000000000800e003000000000800e003b5
:107df80000000000e0ffbd271c00bfafad7a400fb8
:107e08001000a0af1000a28f030040101c00bf8f0d
:107e1800bf7a400b2000bd27faff001000000000c9
:020000040000fa
:020000041d05d8
:107e2800d0ffbd272400b1af2000b0af2588c00027
:107e38002580a0002530a000252800002c00bfaf19
:107e48002800b2af8066410f2590e0002518400059
:107e58004800a28f059d063c1000b2af1c00a2afdf
:107e68004400a28f25382002252800021800a2af5e
:107e78004000a28ff43bc62425206000dc48410f57
:107e88001400a2af2c00bf8f2800b28f2400b18f3e
:0c7e98002000b08f0800e0033000bd2780
:020000040000fa
:020000041d05d8
:107ea40006000000000a00000000000000000000be
:107eb4000900000054435049505f495056345f4410
:107ec400697370617463685061636b65740000006a
:107ed40054435049505f495056345f5061636b6559
:107ee40074466f726d6174547800000054435049b5
:107ef400505f495056345f41727048616e646c65de
:107f04007200000054435049505f495056345f4159
:0c7f140072704c697374507572676500e0
:020000040000fa
:020000041d05d8
:107f20000800e003000000002518e003049d043c65
:107f30001c53842416008010000000000000858c73
:107f40001300a010040084240000868c0400842404
:107f500000008b8404008424019d0c3c08938c2534
:107f600080580b0021606c0100008c8d09f88001a5
:107f7000000000002520400003008424fcff0624ac
:107f80002420c4000000858cecffa0140000000039
:0c7f900025f860000800e003000000007d
:020000040000fa
:020000041d05d8
:107f9c001c00c010ffffc8240000a3800100a72410
:107fac00010082240e006010000083a02130a60086
:107fbc00060000102128a8000100e724ffffe48040
:107fcc0009008010ffff64a0251060002340a7006b
:107fdc00f9ffc714010043240800e003000000006f
:107fec002518400025108000fbff0011212068009f
:107ffc0001006324feff8314ffff60a00800e00370
:0c800c000a1082000800e003251080002c
:020000040000fa
:020000041d05d8
:1080180020000524000082800d004510f7ff43244e
:108028000500632c0a0060142b0003240a00431087
:108038002d00032403004314252800000100052413
:108048000100842425100000070000100a000724fe
:10805800f0ff001001008424f9ff0010252800001b
:10806800010084242310430000008380d0ff632490
:108078000a00662cfaffc054021047700100a05095
:0c808800231002000800e00300000000cc
:020000040000fa
:020000041d05d8
:10809400e0ffbd2725300000253800001800b1afef
:1080a4001400b0af1c00bfaf258880005754410fa7
:1080b4002580a00007004004252020022528000276
:1080c4001c00bf8f1800b18f1400b08f2c5e410bc1
:1080d4002000bd270080023c261050002c5e410f7a
:1080e400252840001c00bf8f231002002b20020013
:1080f40023180300231864001800b18f1400b08ff4
:088104000800e0032000bd2784
:020000040000fa
:020000041d05d8
:10810c00000005242548050025380500253004000d
:10811c000c00c010000000000600c10400000000ac
:10812c000080093c2b500500232805002330060055
:10813c002330ca001e0407242040c8702338e800ee
:10814c0004300601c24205004055060025400a01d4
:10815c004050060002530a0025482a01005507002a
:10816c0025482a0125100800251809000800e003fd
:08817c000000000000000000fb
:020000040000fa
:020000041d05d8
:108184002e2e2f7372632f74696e7963626f722f50
:1081940063626f72656e636f6465722e63000000c4
:1081a400667054797065203d3d2043626f7248616a
:1081b4006c66466c6f617454797065207c7c2066b3
:1081c4007054797065203d3d2043626f72466c6f38
:1081d400617454797065207c7c2066705479706574
:1081e400203d3d2043626f72446f75626c65547923
:0481f40070650000b2
:020000040000fa
:020000041d05d8
:1081f800e0ffbd271800b2af259080002520a00021
:108208001c00bfaf1400b1af4360410f1000b0af06
:10821800019d043cd893868cdc93878c25286000cc
:108228003d36410f25204000252040022580400092
:108238008964410f25886000252040002530000210
:10824800253820024d2a410f252860001c00bf8fc9
:108258001800b28f1400b18f1000b08f0800e0032f
:048268002000bd270e
:020000040000fa
:020000041d00dd
:109190002121212047454e4552414c204558434509
:1091a0005054494f4e3a20636f64653d25642c202e
:1091b000616464726573733d3078253038582021be
:1091c00021210d0a0000000021212120424f4f548f
:1091d000535452415020455843455054494f4e3afc
:1091e00020636f64653d25642c206164647265733f
:1091f000733d307825303858202121210d0a000098
:020000040000fa
:020000041d05d8
:10826c00e0ffbd271000b0af258080002520a000c6
:10827c001800b2af1400b1af1c00bfafa05b410f30
:10828c002590a0000b00401025884000090000122a
:10829c0025280002fcff028e252020022b304202f2
:1082ac000a904600d665410f25304002b760410f59
:1082bc00252000021c00bf8f251020021800b28f51
:1082cc001400b18f1000b08f0800e0032000bd2710
:020000040000fa
:020000041d05d8
:1082dc001700801001a0073c8c2de28cf0ff862447
:1082ec00150040102540e000f0ff838c0000458c09
:1082fc0021488300070049141000a5241000428c6b
:10830c0021186500f0ff83ac000082ac0800e0038c
:10831c008c2de6ac213845000300c71421186500ec
:10832c000800e003000043ac000082ac8c2d06adcd
:10833c000800e00300000000fcff0010000080ac0f
:020000040000fa
:020000041d05d8
:10834c00d8ffbd272000b1af1c00b0af2588a0001e
:10835c000c00d08c2528c0002400bfaf2353410f44
:10836c002530e000ffff03240c0043102520000201
:10837c000a000624f765410f1000a527000022ae65
:10838c001000a28f040023aefeff04242610500020
:10839c00010003240a188200251060002400bf8ffe
:1083ac002000b18f1c00b08f0800e0032800bd270f
:020000040000fa
:020000041d05d8
:1083bc00d8ffbd272000b1af1c00b0af2588a000ae
:1083cc000c00d08c2528c0002400bfaf2353410fd4
:1083dc002530e000ffff03240c0043102520000291
:1083ec000a000624ec65410f1000a527000022ae00
:1083fc001000a28f040023aefeff042426105000b0
:10840c00010003240a188200251060002400bf8f8d
:10841c002000b18f1c00b08f0800e0032800bd279e
:020000040000fa
:020000041d05d8
:10842c000000a28c200003240000428004004310b2
:10843c00f7ff42240500432c1300601025100000a8
:10844c00e8ffbd271000b0af1400bfaf415d410f76
:10845c002580a000200004240000038e0100652468
:10846c00000005ae01006380fbff6410f7ff63247e
:10847c000500632cf8ff60141400bf8f1000b08f40
:10848c000800e0031800bd270800e003000000000e
:020000040000fa
:020000041d05d8
:10849c006170703a207374617274696e670d0a00b2
:1084ac006170703a2025732025730d0a00000000be
:1084bc004554484d414300004e4f4445393000006f
:1084cc003139322e3136382e312e31373000000012
:1084dc003235352e3235352e3235352e3000000002
:1084ec003139322e3136382e312e3100302e302e9d
:0c84fc00302e300066756c6c0000000033
:020000040000fa
:020000041d05d8
:108508000000858c0100022423104500ffffa324ee
:10851800241862006b07023c29e64634021866708c
:10852800069d053cb89da524c21e030021186500c0
:10853800000062800b004014000000000400838cdf
:10854800231003002410430002104670c2160200d4
:108558002110450000004280200043240a18020030
:0c856800251060000800e0030000000087
:020000040000fa
:020000041d05d8
:1085740080ffbd277800b2af7400b1af7000b0af18
:108584002588a000258080002590c0001000a42725
:10859400600006247c00bfaf8066410f25280000e0
:1085a400069d023c389f42242530400225282002a3
:1085b4001000a4271800b0af4800b0af0365410f06
:1085c4005400a2af7c00bf8f7800b28f7400b18fcb
:0c85d4007000b08f0800e0038000bd279d
:020000040000fa
:020000041d05d8
:1085e000200003240b20a5000b180500022c04001a
:1085f0000400a01402120500100063342528800036
:108600000212050004004014022102000800633435
:108610002510a000022102000400805482100400f2
:1086200004006334252040008210040004004054fc
:108630004210020002006334251080004210020044
:0c864000010042380800e0032510430050
:020000040000fa
:020000041d05d8
:10864c000000888c01000924040084243f000825c4
:10865c004241080025100000233006002b18280189
:10866c0003006014801809000800e00300000000fb
:10867c0000008a8c2118a3000000638c2310420197
:10868c00010029252318430000f0677c2638ea00f6
:10869c002438e6002638ea00000087acc217030035
:1086ac00eeff0010040084240000888c01000924d3
:1086bc00040084243f0008254241080025100000d6
:1086cc00233006002b1828010300601480180900c1
:1086dc000800e0030000000000008a8c2118a300b1
:1086ec000000638c21104a00010029252118430049
:1086fc0000f0677c2638ea002438e6002638ea00c9
:10870c00000087acc2170300eeff001004008424a5
:020000040000fa
:020000041d05d8
:10871c000800e003251080000800e003251080000d
:10872c0007008010000000000000838c0100022470
:10873c000300621400000000e918410b0000000067
:10874c000800e003251000000000998c08002003ad
:10875c00000000000400998c0800200300000000b9
:10876c000800998c08002003000000000c00998c74
:08877c000800200300000000ca
:020000040000fa
:020000041d05d8
:108784002b18a4000e006010251080002120a600e4
:108794002b1844000b006050212046000600c01036
:1087a40021184600ffff842400008580ffff632416
:1087b400fcff4314000065a00800e0030000000073
:1087c40021204600fcffc010251840000100a5240c
:1087d400ffffa68001006324fcff6414ffff66a072
:0887e4000800e00300000000a2
:020000040000fa
:020000041d05d8
:1087ec0050485920436f6e643a2025732c20696ed3
:1087fc00206c696e653a2025642c200d0a0000005f
:10880c00504859204173736572743a2025732c209b
:10881c00696e206c696e653a2025642c200d0a0067
:10882c004452565f504859206f7065726174696f7d
:10883c006e206572726f723a2025640d0a0000007a
:020000040000fa
:020000041d05d8
:10884c00e8ffbd271400bfaf006806408020c67c3f
:10885c00888186af00700740019d053c9091a5244e
:10886c00ef29410f25200000ffff00100000000041
:10887c00e8ffbd271400bfaf006806408020c67c0f
:10888c00888186af00700740019d053cc891a524e6
:10889c00ef29410f25200000ffff00100000000011
:020000040000fa
:020000041d05d8
:1088b000ffffffffffffef7f000000000000100040
:1088c0000000000065cdcd41000000000000f03f39
:1088d000000000000000d03f000000000000e83f62
:1088e000000000000000e03f0000000000004043e6
:1088f000000000000000f0fffffffffffffff77f19
:10890000000000000000f07f000000000000b03f09
:020000040000fa
:020000041d05d8
:10891000e0ffbd271000b0af0000b08c1800b2af70
:108920001400b1af1f0010261c00bfaf25908000bf
:108930002588a00042811000060000161c00bf8f91
:108940001800b28f1400b18f1000b08f0800e00340
:108950002000bd2725302002252800007f3b410f45
:0c89600025204002f4ff0010ffff10264d
:020000040000fa
:020000041d05d8
:10896c00444843503a204661696c656420746f201a
:10897c007265676973746572204950763420666934
:10898c006c74657221200d0a000000002e2e2f73ce
:10899c0072632f636f6e6669672f64656661756cb1
:1089ac00742f6c6962726172792f74637069702fa5
:0c89bc007372632f646863702e63000008
:020000040000fa
:020000041d05d8
:1089c8000400a28c0800a394748182af7881822766
:1089d800040043a402000324000043ac0800e003a1
:1089e800251000000800e0037c8182970800e0035e
:1089f8007881828f0800e003748184af0800e00367
:108a08007481828f03008014251000007c8180a768
:0c8a1800010002240800e0030000000040
:020000040000fa
:020000041d05d8
:108a2400e8ffbd271400bfaf100080141000b0afe2
:108a340001a0023c1433438c050060102580000023
:108a44001433448c8962410f0000000025804000eb
:108a54002625400f00000000251002021400bf8fdd
:108a64001000b08f0800e0031800bd274b65410fcc
:0c8a740025280000faff00101400bf8f3e
:020000040000fa
:020000041d05d8
:108a8000636c69656e742066696e697368656400fd
:108a90007365727665722066696e697368656400d5
:108aa000052b0e03021a00000960864801650304c5
:108ab0000204000009608648016503040201000009
:108ac00009608648016503040202000009608648c7
:088ad00001650304020300002c
:020000040000fa
:020000041d05d8
:108ad80046435f737072696e7466000046435f5563
:108ae8003850747244696666325549313600000060
:108af800000000000000000001000000006d059d5e
:108b080002000000086d059d030000000c6d059d26
:108b1800ff0000000a000000fff00000ac10000099
:088b2800ffff0000c0a80000df
:020000040000fa
:020000041d05d8
:108b3000019d063c251000006892c62440180200e2
:108b400021186600000067800300e0540000858c57
:108b50000800e00301006290010042240000a880a8
:108b600004000715ff004230010062900100a524b7
:108b7000000085ac0b00432cf1ff6014401802008c
:088b80000800e0030000000002
:020000040000fa
:020000041d05d8
:108b88002a2a2a20764170706c69636174696f6e55
:108b9800537461636b4f766572666c6f77486f6f5d
:108ba8006b3a202573202a2a2a0d0a002a2a2a200d
:108bb800764170706c69636174696f6e4d616c6c3d
:108bc8006f634661696c6564486f6f6b202a2a2a57
:048bd8000d0a000082
:020000040000fa
:020000041d05d8
:108bdc00e8ffbd27069d053c1000b0afe491a5242d
:108bec0025200000069d103c1400bfafef29410f5b
:108bfc00f89610260c001026f4ff028e0400401488
:108c0c001400bf8f1000b08f0800e0031800bd27c0
:108c1c00f8ff028e09f840000c001026f7ff001038
:048c2c00f4ff028ec1
:020000040000fa
:020000041d05d8
:108c30000000043ce8ffbd270000842403008010ee
:108c40001400bfaf09f8800000000000000084306d
:108c50000000a530069d083c589d082509f8000134
:108c6000000000000000023c00004224030040100d
:108c70000000000009f8400000000000f9ff0010ab
:048c800000000000f0
:020000040000fa
:020000041d05d8
:108c8400e0ffbd271800b0af1c00bfaf525e410f1c
:108c940025808000060040504400028effff02241d
:108ca4001c00bf8f1800b08f0800e0032000bd2710
:108cb400010006241000a52709f840002520000221
:108cc40001000324f5ff43141000a293f5ff0010e4
:048cd4001c00bf8f32
:020000040000fa
:020000041d05d8
:108cd8000800e003251000000800e003251000004c
:108ce8000800e003251000000800e003faff022452
:108cf8000800e003faff02240800e003faff022458
:108d08000800e003faff02240800e003faff022447
:108d18000800e003faff02240800e003faff022437
:020000040000fa
:020000041d05d8
:108d2800544350204e554c4c2064796e616d6963f4
:108d380020616c6c6f636174696f6e2068616e642a
:108d48006c652f696e6974206461746100000000ad
:108d5800205443502044796e616d696320616c6cc6
:108d68006f636174696f6e206661696c6564000089
:020000040000fa
:020000041d05d8
:108d78008000a32810006014251000008200a3289a
:108d880003006014830003240b00a31400000000f8
:108d98000000c28c070042240410027c080043240f
:108da8000000c3ac0400438c0000428c040083ac78
:108db800000082ac010002240800e003000000006b
:020000040000fa
:020000041d05d8
:108dc8000200032423106400023082702328660006
:108dd8000210a27002308270232866000228a27056
:108de80002308570231066000228457002308570b5
:108df8000100843023106600021045702310020021
:0c8e08000a1004000800e00300f0427ca7
:020000040000fa
:020000041d05d8
:108e14002222000075253034780000006e756c6cd9
:108e24000000000066616c73650000007472756573
:108e3400000000002564000025312e313567000054
:108e4400256c670025312e313767000025692e25f2
:0c8e5400692e256900000000efbbbf0084
:020000040000fa
:020000041d05d8
:108e600063626f725f76616c75655f636f70795f67
:108e7000746578745f737472696e670063626f7291
:108e80005f76616c75655f6765745f646f75626c52
:108e90006500000063626f725f76616c75655f6785
:108ea00065745f666c6f6174000000001200000062
:108eb000000004005400000000000800180000003a
:108ec0000000100058000000000010000100000029
:108ed000000020004100000000002000020000000f
:108ee000000040004200000000004000430000007d
:048ef00000008000fe
:020000040000fa
:020000041d05d8
:108ef4000000023c00004224070040100000023c35
:108f04000000422405004050069d023c3f000070d2
:108f14000800e00300000000069d023c509042243b
:108f2400030040100000000009f8400000000000a9
:088f34000800e003000000004a
:020000040000fa
:020000041d05d8
:108f3c000f00c01025100000ffffc62425180000ec
:108f4c0021108300000042902138a300070040103c
:108f5c000000e7900600e050231047000400c350c7
:108f6c0023104700f6ff471001006324231047002d
:088f7c000800e0030000000002
:020000040000fa
:020000041d05d8
:108f8400554450204e554c4c2064796e616d696394
:108f940020616c6c6f636174696f6e2068616e64cc
:108fa4006c6500005544502044796e616d696320fe
:108fb400616c6c6f636174696f6e206661696c6566
:048fc4006400000045
:020000040000fa
:020000041d05d8
:108fc800f8ffbd270400bfaf00606241c000000089
:108fd80099aa033c81bf023c5566632430f240ac39
:108fe80030f243ac6655033caa99633430f243ac83
:108ff8000100032418f643ac10f6428cffff001062
:049008000000000064
:020000040000fa
:020000041d05d8
:10900c007370695f636f6f7264696e61746f723acb
:10901c0020696e69740d0a007370695f636f6f72fb
:10902c0064696e61746f723a2053504932206275d4
:10903c007379207769746820646576696365202587
:04904c00640d0a00a5
:020000040000fa
:020000041d05d8
:1090500000606041c000000099aa033c81bf023c4f
:109060005566632430f240ac30f243ac6655033ca5
:10907000aa99633430f243ac81bf023c010003245f
:1090800018f643ac81bf023c10f6428c1664410bcb
:0490900000000000dc
:020000040000fa
:020000041d05d8
:1090940000a0023c6804428ce0ffbd271c00bfaf67
:1090a4000000428c1000a7af2538a000069d053ca7
:1090b4001400a6af6c9ca52425308000c666410f21
:1090c400252040008962410f25200000ca24400f5a
:0490d4000000000098
:020000040000fa
:020000041d05d8
:1090d8002000a22c060040540000838c0000828ce3
:1090e800e0ffa524000080ac040082ac0000838c63
:1090f8000400828c233005000630c3000410a2004f
:10910800251046000428a300040082ac0800e003f0
:04911800000085ac22
:020000040000fa
:020000041d05d8
:10911c002000a22c060040540400838c0400828c96
:10912c00e0ffa524040080ac000082ac0400838c1a
:10913c000000828c233005000430c3000610a2000e
:10914c00251046000628a300000082ac0800e003ae
:04915c00040085acda
:020000040000fa
:020000041d05d8
:1091600001a0023c8032438ce8ffbd271000b0af65
:109170001400bfaf0300601425804000d551410f9b
:109180000000000001a0023c8432438c1400bf8f19
:109190008032028e1000b08f1800bd270800e00357
:0491a0002310620036
:020000040000fa
:020000041d05d8
:1091a4005359535f434d445f5441534b53000000a4
:1091b4004452565f4d49494d5f5461736b730000cf
:1091c40054435049505f535441434b5f5461736b54
:1091d400730000004150505f5461736b73000000d2
:1091e4007265736f75726365733a20696e69740d85
:1091f4000a0000002f696e782f6e6574776f726baa
:10920400000000002f696e782f76657273696f6ea7
:10921400000000002f696e782f6f74610000000059
:020000040000fa
:020000041d05d8
:10922400e8ffbd271000b0af1400bfaf4360410f8b
:10923400258080000600010625286000019d043c6d
:10924400f893868cfc93878c4d2a410f252040008f
:109254001400bf8f1000b08f0800e0031800bd2772
:020000040000fa
:020000041d05d8
:109264000b00c010ff00a530000082900a004510da
:1092740021308600040000100100842406004510fb
:109284000000000001008424fcffc454000082900c
:109294000800e003251000000800e003251080000a
:020000040000fa
:020000041d05d8
:1092a4000300c0140400a5240800e003000000002b
:1092b400fcffa28cffffc62404008424021e0200cb
:1092c400fcff83a0021c0200fdff83a0021a02001f
:1092d400feff83a0f2ff0010ffff82a00300c01472
:1092e4000400a5240800e00300000000fcffa28c99
:1092f400ffffc62404008424021a0200fcff82a09b
:10930400fdff83a0021c020002160200feff83a0e0
:08931400f2ff0010ffff82a030
:020000040000fa
:020000041d05d8
:10931c00fc0fe7c1daf000e04c68005a0800450089
:10932c00002c2d4e4000401189c1c0a80144c0a89a
:10933c00011dde801633001883db400132e5b36972
:0c934c006e78076e6574776f726b00001e
:020000040000fa
:020000041d05d8
:109358000800c01025108000200003242318660090
:109368000600601c0620c500252000000610c50068
:10937800252880000800e0032518a0000610c20078
:0c93880004286500faff001025104500c5
:020000040000fa
:020000041d05d8
:109394000000848c03008104251000000800e00311
:1093a40000000000e8ffbd271400bfaf055f410fb8
:1093b40000000000ffff03240100435025100000bb
:0c93c4001400bf8f0800e0031800bd2754
:020000040000fa
:020000041d05d8
:1093d000e0ffbd271800b0af1000a6af25808000c9
:1093e0001c00bfaf3d19410f1000a6270400038edb
:1093f0001c00bf8fffff0424100063300b1083009c
:0c9400001800b08f0800e0032000bd271a
:020000040000fa
:020000041d05d8
:10940c00e0ffbd271800b0af1000a6af258080008c
:10941c001c00bfaf4803410f1000a6270400038ea9
:10942c001c00bf8fffff0424100063300b1083005f
:0c943c001800b08f0800e0032000bd27de
:020000040000fa
:020000041d05d8
:109448000800c01025108000200004242320860076
:109458000600805c0418c200251800000428c20019
:10946800251060000800e0032518a0000428c500a6
:1094780006108200faff00102528a2002138c70034
:10948800232004000300c7140100c6240800e003d9
:10949800000000000000a390ffffc2900100a52477
:1094a800261062002410440026104300f5ff001027
:0494b800ffffa2a070
:020000040000fa
:020000041d05d8
:1094bc00251800000a00c3100000000021108300d2
:1094cc00010063242138a30000004290ffffe790c5
:1094dc00f8ff4710231047000800e00300000000cd
:0894ec000800e0032510000058
:020000040000fa
:020000041d05d8
:1094f400e8ffbd271400bfaf1000b0af1c00a5af3c
:10950400ca65410f258080001c00a58f252000021c
:109514009e66410f010046241400bf8f1000b08fd7
:089524000800e0031800bd2758
:020000040000fa
:020000041d05d8
:10952c000b008010251000001c00838c08006010bc
:10953c0000000000e8ffbd271400bfaf09f8600071
:10954c00000000001400bf8f0800e0031800bd27c6
:08955c000800e003000000001c
:020000040000fa
:020000041d05d8
:10956400069d023c089d4224ec0c82ac069d023c04
:10957400f89c4224f00c82ac019d023ca892422447
:10958400c80c82ac049d023c605942240800e003ec
:10959400d80c82ac069d023ce89c4224e40c82accc
:1095a400069d023cd89c4224e80c82ac019d023cfe
:1095b400e8924224c00c82ac019d023cc892422431
:0895c4000800e003c40c82acb6
:020000040000fa
:020000041d05d8
:1095cc0068747470733a2f2f3139322e3136382e2d
:1095dc00312e36353a383038302f72656c65617300
:1095ec00652f6e6f646539305f312e322e302e62ee
:0495fc00696e000094
:020000040000fa
:020000041d05d8
:10960000e8ffbd271000b0af1400bfaf295a410fcb
:109610002580a000000043901400bf8fff0010328f
:10962000261870000b1003001000b08f0800e00334
:049630001800bd273a
:020000040000fa
:020000041d05d8
:109634002c00838ce8ffbd27060060101400bfaf28
:1096440009f86000000000001400bf8f0800e00368
:109654001800bd278625400f0000848cfbff0010f6
:049664001400bf8fa0
:020000040000fa
:020000041d05d8
:109668000300a0540300c2880800e00300000000c3
:1096780004008424ffffa5240000c2980400c62427
:10968800a010027c02142200f5ff0010fcff82ac3f
:020000040000fa
:020000041d05d8
:109698006800000002140a53602a049d282f049dc4
:1096a800f42f049db02a049d102a049d01234567c8
:1096b80089abcdeffedcba9876543210f0e1d2c314
:1096c800000000000300000074e2049de0e4049d33
:1096d80080e4049d20e4049db0e3049df0e2049d31
:1096e80050e3049d6ce2049d54e2049d4ce2049d09
:020000040000fa
:020000041d05d8
:1096f800f891059dd440049d7845049d0892059de8
:1097080050e8049da8ea049d1892059d407b049d9d
:109718008c7f049d00000000000000000000000095
:020000040000fa
:020000041d05d8
:109728000000828008004010000000002510800022
:109738000100422400004380feff605401004224df
:109748000800e003231044000800e003251000008f
:020000040000fa
:020000041d05d8
:109758000800c010251080002130860025188000e0
:109768000100a524ffffa79001006324fcff6614f5
:0c977800ffff67a00800e00300000000f5
:020000040000fa
:020000041d05d8
:10978400000082800000a38003004314ff006330c4
:109794000400405401008424ff0042300800e00328
:0c97a40023104300f6ff00100100a52474
:020000040000fa
:020000041d05d8
:1097b000e0ffbd27ffff0224ffff03241000a2af3c
:1097c0001400a3af1c00bfaf455b410f00000000b9
:0c97d0001c00bf8f0800e0032000bd2734
:020000040000fa
:020000041d05d8
:1097dc00e0ffbd27251000000080033c1000a2af65
:1097ec001400a3af1c00bfaf455b410f000000008d
:0c97fc001c00bf8f0800e0032000bd2708
:020000040000fa
:020000041d05d8
:10980800e0ffbd27ffff0224251800001000a2afcb
:109818001400a3af1c00bfaf455b410f0000000060
:0c9828001c00bf8f0800e0032000bd27db
:020000040000fa
:020000041d05d8
:10983400e0ffbd270080023c251800001000a2af05
:109844001400a3af1c00bfaf455b410f0000000034
:0c9854001c00bf8f0800e0032000bd27af
:020000040000fa
:020000041d05d8
:109860006bffcefbcefb0000183535000a00000070
:1098700064000000e803000010270000a08601003b
:0c98800040420f008096980000e1f505c2
:020000040000fa
:020000041d05d8
:10988c004000838c3c00868c500085ac2310660015
:10989c000400a010540082ac2a10a2000100405415
:0c98ac002118c5000800e0034c0083ac4c
:020000040000fa
:020000041d05d8
:1098b8000400a5af0600a297023c07000470077ccd
:1098c800ff7f4230251047000600a2a70000a4af82
:0c98d8000000a28f0800e0030400a38f32
:020000040000fa
:020000041d05d8
:1098e40001a0043c6832822401000324080043ac34
:1098f40001a0033c20336324683283ac0100033ca1
:0c99040010a463240800e003040043ac3e
:020000040000fa
:020000041d05d8
:109910000300a0540300c2880800e0030000000018
:1099200004008424ffffa5240000c2980400c6247c
:10993000f7ff0010fcff82ace8ffbd271000b0afbe
:109940001400bfaf0525400f258080001400bf8f95
:10995000080d02ae1000b08f0800e0031800bd270c
:020000040000fa
:020000041d05d8
:10996000e8ffbd271000b0af1400bfaf0a25400fbd
:10997000258080001400bf8f480d02ae1000b08f0c
:089980000800e0031800bd27f8
:020000040000fa
:020000041d05d8
:109988004452562050485920696e697420666169ae
:109998006c65643a2025640d0a0000005049433381
:0899a80032494e54000000009a
:020000040000fa
:020000041d05d8
:1099b000904c410b00000000d306410b000000005a
:1099c0004eee400b000000007b49410b0000000000
:0899d0001387400b00000000aa
:020000040000fa
:020000041d05d8
:1099d8007856341221436587efbeaddebebafecaa3
:1099e8004433221188776655ccbbaa9900ffeedd77
:0899f8009c003c002f00000060
:020000040000fa
:020000041d05d8
:109a00000700c01025108000202c057c2130860026
:109a10002518800001006324feff6614ffff65a087
:089a20000800e0030000000053
:020000040000fa
:020000041d05d8
:109a2800e8ffbd271000b0af1400bfafa866410f14
:109a3800258080001400bf8f251000021000b08f11
:089a48000800e0031800bd272f
:020000040000fa
:020000041d05d8
:109a5000e8ffbd271000b0af1400bfafe75f410fb4
:109a6000258080001400bf8f251000021000b08fe9
:089a70000800e0031800bd2707
:020000040000fa
:020000041d05d8
:109a7800ff00a53021308600050086102510000063
:109a8800ffffc390ffffc224fbff65142530400091
:089a98000800e00300000000db
:020000040000fa
:020000041d05d8
:109aa00002000010251080002510c0000100a52430
:109ab000ffffa38001004624fbff6014ffffc3a04b
:089ac0000800e00300000000b3
:020000040000fa
:020000041d05d8
:109ac80001a0033c8c2d668c0500c01425100000f5
:109ad8008c2d64ac100080ac000085ac0100022421
:089ae8000800e003000000008b
:020000040000fa
:020000041d05d8
:109af000e0ffbd272800a6af2800a6271c00bfafa7
:109b00002c00a7af5d61410f1000a6af1c00bf8ff6
:089b10000800e0032000bd275e
:020000040000fa
:020000041d05d8
:109b1800e0ffbd272800a6af2800a6271c00bfaf7e
:109b28002c00a7aff464410f1000a6af1c00bf8f34
:089b38000800e0032000bd2736
:020000040000fa
:020000041d05d8
:109b4000e0ffbd272800a6af2800a6271c00bfaf56
:109b50002c00a7afda66410f1000a6af1c00bf8f24
:089b60000800e0032000bd270e
:020000040000fa
:020000041d05d8
:109b68002538c0002530a000ff7f053ce8ffbd2751
:109b78001400bfaf595a410fffffa5341400bf8f1f
:089b88000800e0031800bd27ee
:020000040000fa
:020000041d05d8
:109b9000000000000000f03f000000000000e03f77
:109ba0000000000000005043000000000000b03f33
:089bb00000000000000020404d
:020000040000fa
:020000041d05d8
:109bb800644d49494d204173736572743a20257389
:109bc8002c20696e206c696e653a2025642c200d66
:049bd8000a0000007f
:020000040000fa
:020000041d05d8
:109bdc002c63049dd861049df062049d1860049d63
:109bec00405f049da85f049d585f049d785f049db1
:109bfc00905f049d9845059dd009059da045059d48
:109c0c00b845059d4809059dcc45059de045059d3c
:089c1c005c08059de845059d6b
:020000040000fa
:020000041d05d8
:109c2400200083349fff63241a00632c0300601414
:109c340001000224d0ff84240a00822c0800e003df
:049c4400000000001c
:020000040000fa
:020000041d05d8
:109c4800d0ff83240a00632c04006014010002245e
:109c5800200084349fff82240600422c0800e00381
:049c680000000000f8
:020000040000fa
:020000041d05d8
:109c6c00417373657274696f6e206661696c6564ab
:109c7c003a202573202825733a2025733a20256431
:049c8c00290a0000a1
:020000040000fa
:020000041d05d8
:109c900001a0043c1033828c954c033c2d7f63243f
:109ca0000210437001004224103382ac0800e0032c
:049cb0004214020058
:020000040000fa
:020000041d05d8
:109cb400e0ffbd272c00a7af2c00a7271c00bfafd7
:109cc400595a410f1000a7af1c00bf8f0800e003d2
:049cd4002000bd2788
:020000040000fa
:020000041d05d8
:109cd800380200009cee039decf3039dbcef039d4e
:109ce8003802000050ee039d9cf0039d08ef039d91
:109cf80028010000d084049d9088049d7086049dee
:109d080028010000c484049dc887049d6086049dc2
:020000040000fa
:020000041d05d8
:109d18006b657920657870616e73696f6e000000fd
:109d28006d617374657220736563726574000000f9
:109d38005061636b65742041636b3a206f72706881
:109d4800616e207061636b657421200d0a0000004c
:020000040000fa
:020000041d05d8
:109d5800e8ffbd271400bfaf8746410f252000004c
:109d6800114e410f00000000fdff00100000000030
:020000040000fa
:020000041d05d8
:109d7800000000000000b03c0000c0ffffffdf4112
:109d8800000000000000e0c1fffffffffffff77fba
:020000040000fa
:020000041d05d8
:109d980073746f726167653a20696e737566666978
:109da8006369656e742073706163650d0a00000055
:020000040000fa
:020000041d05d8
:109db800000117021d1813031e1b190b1408040dac
:109dc8001f161c121a0a070c1511090610050f0e8a
:020000040000fa
:020000041d05d8
:109dd8000000848ce8ffbd271400bfaf8625400f24
:109de800000000001400bf8f0800e0031800bd2722
:020000040000fa
:020000041d05d8
:109df800000000000000f03f0000000000002440c8
:109e08000000000000005043000000000000144063
:109e1800000000000000e043000000000000e0c374
:109e2800000000f0ffff1f34000000000000f007f2
:020000040000fa
:020000041d05d8
:109e380000008c90ffffc624010084240000aca021
:109e4800fbffc0140100a5240800e00325108000d2
:020000040000fa
:020000041d00dd
:109004000400801000000000019d023c38934224bb
:0c901400000082ac0800e0032510000002
:020000040000fa
:020000041d05d8
:109e580018000000d015059dc015059db016059d7c
:0c9e6800f016059dc815059df815059d18
:020000040000fa
:020000041d05d8
:109e740081bf033c00f0628c4001427cfdff401036
:0c9e8400000000000800e00300000000e7
:020000040000fa
:020000041d05d8
:109e900063626f725f656e636f64655f666c6f614e
:0c9ea00074696e675f706f696e7400007b
:020000040000fa
:020000041d05d8
:109eac000800e003f1fe0224069d053c253000006d
:0c9ebc00ac9ea5242607410b25200000c9
:020000040000fa
:020000041d05d8
:109ec800bfff83241a00632c020060102510800055
:0c9ed800200082340800e00300000000bd
:020000040000fa
:020000041d05d8
:109ee4009fff83241a00632c020060102510800059
:0c9ef4005f0082300800e0030000000066
:020000040000fa
:020000041d05d8
:109f0000e8ffbd271400bfaf9f5c410f010006248e
:0c9f10001400bf8f0800e0031800bd27fc
:020000040000fa
:020000041d05d8
:109f1c00e8ffbd271400bfaf9f5c410f0200062471
:0c9f2c001400bf8f0800e0031800bd27e0
:020000040000fa
:020000041d05d8
:109f3800e8ffbd271400bfaf695d410f00000000b6
:0c9f48001400bf8f0800e0031800bd27c4
:020000040000fa
:020000041d05d8
:109f5400e8ffbd271400bfaffa24400f0000000043
:0c9f64001400bf8f0800e0031800bd27a8
:020000040000fa
:020000041d05d8
:109f7000e8ffbd271400bfaf6857410f0000000085
:0c9f80001400bf8f0800e0031800bd278c
:020000040000fa
:020000041d00dd
:109028000000200201000003000000000b00000007
:0890380001000000000000002f
:020000040000fa
:020000041d00dd
:10922800fc35059d0c36059d7437059d0000000032
:0892380000000000000000002e
:020000040000fa
:020000041d00dd
:1092480000601a40bfff1b3cffff7b3724d05b0345
:0892580000609a40180000427a
:020000040000fa
:020000041d00dd
:1092680068076c094c836a9074a07ac0008068888b
:0892780000846c8200810000fb
:020000040000fa
:020000041d00dd
:10928800ffffc6240000a0a0fdffc0140100a52414
:089298000800e003251080002e
:020000040000fa
:020000041d00dd
:1092a800f800000010000000040000009c11059d5b
:0492b800d411059d2b
:020000040000fa
:020000041d00dd
:1092c800f800000010000000040000007ce5049d88
:0492d800b4e5049d58
:020000040000fa
:020000041d00dd
:1092e800f80000001000000004000000840f059d35
:0492f800bc0f059d05
:020000040000fa
:020000041d00dd
:109308008892009d389e059d207f059d207f059da4
:04931800207f059d10
:020000040000fa
:020000041d00dd
:109210008800000010cd049da0cd049d70cb049d5e
:020000040000fa
:020000041d00dd
:1095f0000400060008000a000e0014001c002800e9
:020000040000fa
:020000041d00dd
:109610000800e003ffff02240800e003ffff02242c
:020000040000fa
:020000041d00dd
:10979000069d1a3c7c885a27080040030000000000
:020000040000fa
:020000041d00dd
:10981000000000000000f03d000000000000f041ea
:020000040000fa
:020000041d00dd
:10932800e8ffbd271400bfafd224400f7f000424fc
:020000040000fa
:020000041d00dd
:10934800e8ffbd271400bfaf2c25400f0000000028
:020000040000fa
:020000041d00dd
:10936800696e66696e697479000000006e616e004e
:020000040000fa
:020000041d00dd
:10938800494e4600696e66004e414e006e616e00a1
:020000040000fa
:020000041d00dd
:1093a800494e4600696e66004e414e006e616e0081
:020000040000fa
:020000041d00dd
:1093c800000000000000e07f0000000000006003d3
:020000040000fa
:020000041d00dd
:1093e80000f0a67c251080000800e0032518c000c6
:020000040000fa
:020000041d00dd
:0c9408000001ffffffffffffffff00005f
:020000040000fa
:020000041d00dd
:0c941400059d023c0800e003187842248b
:020000040000fa
:020000041d00dd
:0c942800059d023c0800e003f8494224c6
:020000040000fa
:020000041d00dd
:0c9434000400000010df029d34df029de8
:020000040000fa
:020000041d00dd
:0c94480001020408102040801b360000c8
:020000040000fa
:020000041d00dd
:0c945400286e696c290000002500000053
:020000040000fa
:020000041d00dd
:089338006e6f6e650000000c71
:020000040000fa
:020000041d00dd
:08935800408000004080c000cd
:020000040000fa
:020000041d00dd
:0893780049444c4500000000cf
:020000040000fa
:020000041d00dd
:08939800000000000000f03f9e
:020000040000fa
:020000041d00dd
:0893b80001020304050000009e
:020000040000fa
:020000041d00dd
:0893d800000000000000f0415c
:020000040000fa
:020000041d00dd
:0893f800000000000000f0413c
:020000040000fa
:020000041d00dd
:089468000800e0030000000011
:020000040000fa
:020000041d00dd
:089470000800e0030000000009
:020000040000fa
:020000041d00dd
:08947800696e66006e616e0072
:020000040000fa
:020000041d00dd
:089488000800e00325100000bc
:020000040000fa
:020000041d00dd
:089490000800e00325100000b4
:020000040000fa
:020000041d00dd
:089498000800e00325100000ac
:020000040000fa
:020000041d00dd
:0894a8000800e003251000009c
:020000040000fa
:020000041d00dd
:0894b000ffff001000000000a6
:020000040000fa
:020000041d00dd
:0894b8000800e003251000008c
:020000040000fa
:020000041d00dd
:0894c8000800e003251000007c
:020000040000fa
:020000041d05d8
:0488ac0000020100c5
:020000040000fa
:020000041d00dd
:0492bc00101b01a0e2
:00000001FF
