:020000041D00DD
:100000006669726D776172655F7570646174653A77
:1000100020636F70792065787465726E616C2066FC
:100020006C61736820746F20696E7465726E616CA8
:1000300020666C6173680D006669726D7761726528
:100040005F7570646174653A206661696C656420EF
:10005000746F20726561642065787465726E616C7E
:10006000206669726D7761726520696E666F0D003A
:100070006669726D776172655F7570646174653A07
:100080002065787465726E616C20617070206E619D
:100090006D653A2025730D0A000000006669726DD7
:1000A000776172655F7570646174653A2065787414
:1000B00065726E616C206170702076657273696F15
:1000C0006E3A2025730D0A006669726D776172655C
:1000D0005F7570646174653A2065787465726E61ED
:1000E0006C2066696C652073697A653A20257520F5
:1000F00062797465730D0A006669726D7761726565
:100100005F7570646174653A2065787465726E61BC
:100110006C20636865636B73756D3A2030782530A9
:1001200038780D0A000000006669726D77617265AB
:100130005F7570646174653A2065787465726E618C
:100140006C2076616C696420666C61673A20257367
:100150000D0A00006669726D776172655F75706483
:100160006174653A2065787465726E616C206669A9
:10017000726D7761726520696E666F20696E646961
:10018000636174657320696E76616C69642F636F57
:100190007272757074656420636F70790D00000071
:1001A0006669726D776172655F7570646174653AD6
:1001B0002066696C652073697A65206D69736D616D
:1001C000746368202D2065787065637465643A20D7
:1001D00025752C20676F743A2025750D0A000000E4
:1001E0006669726D776172655F7570646174653A96
:1001F000206661696C656420746F20616C6C6F634C
:1002000061746520726F77206275666665720D0095
:100210006669726D776172655F7570646174653A65
:100220002063616C63756C6174696E6720636865D7
:10023000636B73756D206F662065787465726E618F
:100240006C2062696E61727920646174610D0000D6
:100250006669726D776172655F7570646174653A25
:10026000206661696C656420746F2072656164202A
:1002700065787465726E616C2062696E6172792056
:100280006368756E6B206174203078253038780D86
:100290000A0000006669726D776172655F7570644F
:1002A0006174653A2063616C63756C617465642088
:1002B00065787465726E616C20636865636B7375D5
:1002C0006D3A203078253038780D0A006669726DF5
:1002D000776172655F7570646174653A2073746FDD
:1002E0007265642065787465726E616C2063686500
:1002F000636B73756D3A203078253038780D0A00BD
:100300006669726D776172655F7570646174653A74
:100310002065787465726E616C20636865636B73C9
:10032000756D206D69736D61746368202D20636144
:100330006C63756C617465643A2030782530387868
:100340002C2073746F7265643A20307825303878C9
:100350000D0A00006669726D776172655F75706481
:100360006174653A2065787465726E616C206368AB
:1003700065636B73756D2076657269666963617418
:10038000696F6E207061737365640D006669726DCC
:10039000776172655F7570646174653A20636F7030
:1003A00079696E672062696E617279206461746137
:1003B00020746F20696E7465726E616C20666C616A
:1003C00073680D006669726D776172655F75706440
:1003D0006174653A2065726173696E6720257520C6
:1003E0007061676573207374617274696E672061F0
:1003F00074203078253038780D0A00006669726DF7
:10040000776172655F7570646174653A20666169D1
:100410006C656420746F206572617365207061671C
:1004200065206174203078253038780D0A0000008E
:100430006669726D776172655F7570646174653A43
:100440002070616765206572617365206572726FE7
:1004500072206174203078253038783A2030782541
:10046000780D0A006669726D776172655F757064F8
:100470006174653A20616C6C2070616765732065FA
:100480007261736564207375636365737366756CFD
:100490006C790D006669726D776172655F75706465
:1004A0006174653A206661696C656420746F2077B9
:1004B0007269746520726F7720746F20696E74653D
:1004C000726E616C20666C61736820617420307894
:1004D0002530387820287265747279202575290DA9
:1004E0000A0000006669726D776172655F757064FD
:1004F0006174653A20726F77207772697465206540
:1005000072726F72206174203078253038783A200A
:100510003078257820287265747279202575290D28
:100520000A0000006669726D776172655F757064BC
:100530006174653A206661696C656420746F20722D
:10054000656164206261636B20726F7720666F72F1
:1005500020766572696669636174696F6E20617483
:1005600020307825303878202872657472792025FB
:1005700075290D0A000000006669726D7761726569
:100580005F7570646174653A20726F77207665726A
:100590006966696564207375636365737366756CFA
:1005A0006C790D006669726D776172655F75706454
:1005B0006174653A20726F77207665726966696347
:1005C0006174696F6E206661696C65642C20726568
:1005D000747279696E672E2E2E0D00006669726D39
:1005E000776172655F7570646174653A20766572D3
:1005F000696679696E6720656E7469726520636FDC
:10060000706965642062696E6172790D0000000096
:100610006669726D776172655F7570646174653A61
:10062000206661696C656420746F20616C6C6F6317
:1006300061746520766572696669636174696F6E5D
:10064000206275666665720D000000006669726D55
:10065000776172655F7570646174653A206661697F
:100660006C656420746F207265616420696E7465C6
:10067000726E616C2062696E617279206368756E5A
:100680006B20666F72207665726966696361746952
:100690006F6E0D006669726D776172655F7570646B
:1006A0006174653A20766572696669636174696F21
:1006B0006E20636865636B73756D3A203078253002
:1006C00038780D0A000000006669726D7761726506
:1006D0005F7570646174653A206F726967696E61F5
:1006E0006C20636865636B73756D3A2030782530D4
:1006F00038780D0A000000006669726D77617265D6
:100700005F7570646174653A2066696E616C20760D
:100710006572696669636174696F6E206661696C90
:100720006564202D20636865636B73756D206D694A
:10073000736D617463680D006669726D77617265CF
:100740005F7570646174653A20636F707920636FC0
:100750006D706C657465642073756363657373662F
:10076000756C6C7920776974682066756C6C20767E
:100770006572696669636174696F6E0D00000000DF
:100780006669726D776172655F7570646174653AF0
:1007900020636F70696564202575206279746573C4
:1007A0002066726F6D2065787465726E616C20745E
:1007B0006F20696E7465726E616C20666C6173681F
:1007C0000D0A00006669726D776172655F7570640D
:1007D0006174653A206661696C656420746F207786
:1007E0007269746520616E6420766572696679202D
:1007F000726F77206166746572202575207265744A
:10080000726965730D0A000074727565000000005E
:1008100066616C73650000006669726D7761726570
:100820005F7570646174653A20636F707920696EDA
:100830007465726E616C20666C61736820746F20E1
:1008400065787465726E616C20666C6173680D000A
:100850006669726D776172655F7570646174653A1F
:100860002065787465726E616C20666C61736820B7
:100870006E6F7420696E697469616C697A65640D64
:10088000000000006669726D776172655F75706463
:100890006174653A2062696E6172792073697A6564
:1008A0003A2025752062797465730D0A00000000F6
:1008B0006669726D776172655F7570646174653ABF
:1008C000206661696C656420746F20616C6C6F6375
:1008D00061746520314B42206275666665720D0059
:1008E0006669726D776172655F7570646174653A8F
:1008F000206661696C656420746F20616C6C6F6345
:100900006174652035313242206275666665720D0C
:10091000000000006669726D776172655F757064D2
:100920006174653A207573696E67203531324220F3
:100930006275666665720D006669726D77617265D3
:100940005F7570646174653A206661696C656420E6
:10095000746F207265616420617070206E616D65D6
:100960000D0000006669726D776172655F75706475
:100970006174653A206661696C656420746F2072E9
:10098000656164206170702076657273696F6E0DA9
:10099000000000006669726D776172655F75706452
:1009A0006174653A20617070206E616D653A202532
:1009B000730D0A006669726D776172655F757064A8
:1009C0006174653A206170702076657273696F6E2C
:1009D0003A2025730D0A00006669726D77617265B1
:1009E0005F7570646174653A206661696C65642046
:1009F000746F20726561642062696E617279206330
:100A000068756E6B206174203078253038780D0A57
:100A1000000000006669726D776172655F757064D1
:100A20006174653A2063616C63756C617465642000
:100A3000636865636B73756D3A203078253038785C
:100A40000D0A00006669726D776172655F7570648A
:100A50006174653A206661696C656420746F206515
:100A60007261736520696E666F20736563746F725F
:100A70000D0000006669726D776172655F75706464
:100A80006174653A206661696C656420746F2077D3
:100A900072697465206669726D7761726520696E2E
:100AA000666F0D006669726D776172655F7570645F
:100AB0006174653A206669726D7761726520696E4E
:100AC000666F207772697474656E207375636365F1
:100AD000737366756C6C790D000000006669726D49
:100AE000776172655F7570646174653A20666169EB
:100AF0006C656420746F2072656164206261636B51
:100B0000206669726D7761726520696E666F206616
:100B10006F7220766572696669636174696F6E0DC4
:100B2000000000006669726D776172655F757064C0
:100B30006174653A20766572696679696E672066C8
:100B400069726D7761726520696E666F202D2076FF
:100B5000616C696420666C61673A2025730D0A0038
:100B60006669726D776172655F7570646174653A0C
:100B70002065726173696E672025752073656374E3
:100B80006F727320666F722062696E617279206481
:100B90006174610D0A0000006669726D77617265AB
:100BA0005F7570646174653A2065726173696E6720
:100BB00020736563746F722025752061742030780E
:100BC000253038780D0A00006669726D77617265AC
:100BD0005F7570646174653A206661696C65642054
:100BE000746F20657261736520736563746F722022
:100BF00025750D0A000000006669726D77617265E7
:100C00005F7570646174653A20616C6C2073656314
:100C1000746F7273206572617365642073756363AA
:100C200065737366756C6C790D0000006669726D92
:100C3000776172655F7570646174653A2066616999
:100C40006C656420746F2077726974652062696EC8
:100C5000617279206368756E6B20746F206578749B
:100C600065726E616C20666C6173682028726574B1
:100C70007279202575290D0A000000006669726DE1
:100C8000776172655F7570646174653A2066616949
:100C90006C656420746F20616C6C6F636174652097
:100CA000766572696679206275666665720D000008
:100CB0006669726D776172655F7570646174653ABB
:100CC000206661696C656420746F207265616420C0
:100CD0006261636B206368756E6B20666F7220764D
:100CE0006572696669636174696F6E2028726574E4
:100CF0007279202575290D0A000000006669726D61
:100D0000776172655F7570646174653A20766572AB
:100D1000696669636174696F6E206661696C656498
:100D2000206174206F66667365742025753A2065AE
:100D3000787065637465643D3078253032782C2096
:100D4000676F743D30782530327820287265747270
:100D500079202575290D0A006669726D77617265C3
:100D60005F7570646174653A206368756E6B207698
:100D7000657269666965642073756363657373661C
:100D8000756C6C790D0000006669726D7761726533
:100D90005F7570646174653A20636F706965642083
:100DA000616E6420766572696669656420257520C8
:100DB00062797465732C2025752072656D61696E8A
:100DC000696E670D0A0000006669726D7761726571
:100DD0005F7570646174653A206368756E6B207628
:100DE0006572696669636174696F6E206661696CBA
:100DF00065642C207265747279696E672E2E2E0DD3
:100E0000000000006669726D776172655F757064DD
:100E10006174653A207570646174696E67206669F3
:100E2000726D7761726520696E666F2076616C699C
:100E30006420666C616720746F20747275650D00A4
:100E40006669726D776172655F7570646174653A29
:100E5000206661696C656420746F206572617365DA
:100E600020696E666F20736563746F7220666F729F
:100E70002076616C696420666C61672075706461BE
:100E800074650D006669726D776172655F75706477
:100E90006174653A206661696C656420746F2075C1
:100EA0007064617465206669726D7761726520692E
:100EB0006E666F2061732076616C69640D000000BE
:100EC0006669726D776172655F7570646174653AA9
:100ED000206661696C656420746F207265616420AE
:100EE0006261636B2066696E616C206669726D7702
:100EF00061726520696E666F0D0000006669726D33
:100F0000776172655F7570646174653A2066696EB9
:100F1000616C206669726D7761726520696E666FBB
:100F2000202D2076616C696420666C61673A20250B
:100F3000730D0A006669726D776172655F75706422
:100F40006174653A205741524E494E47202D207614
:100F5000616C696420666C616720776173206E6FD5
:100F6000742073657420636F72726563746C792189
:100F70000D0000006669726D776172655F7570645F
:100F80006174653A20636F707920636F6D706C6572
:100F9000746564207375636365737366756C6C79CF
:100FA000207769746820766572696669636174691F
:100FB0006F6E0D006669726D776172655F75706442
:100FC0006174653A206661696C656420746F20778E
:100FD0007269746520616E64207665726966792035
:100FE0006368756E6B20616674657220257520726A
:100FF0006574726965730D0A00000000009D043C71
:1010000060FFBD27000084249C00BFAF9800BEAFE6
:101010009400B7AF9000B6AF8C00B5AF8800B4AF06
:101020008400B3AF8000B2AF7C00B1AF8B1B400F28
:101030007800B0AF4F1D400F0000000007004014C3
:10104000009D043C25804000500884248B1B400FE9
:1010500000000000550000109C00BF8F4C000624CB
:101060001800A527F712400F0020042404004014A4
:1010700025804000009D043CF4FF001038008424CB
:10108000009D043C1800A527391C400F70008424E3
:10109000009D043C3800A527391C400F9C00842487
:1010A0005800A58F009D043C391C400FC8008424C3
:1010B0005C00A58F009D043C391C400FF80084247F
:1010C0006000A2930B004014009D053C009D053C70
:1010D0001008A524009D043C391C400F28018424DD
:1010E0006000B09305000016009D043CD7FF00107F
:1010F00054018424F7FF00100808A5245800B38F7A
:101100000700053C0080A53407006512009D043CE3
:1011100025306002391C400FA00184242580000086
:10112000220000109C00BF8F3C16400F00020424D8
:101130000600401425884000009D043C8B1B400F96
:10114000E0018424F6FF001025800000009D043C8F
:101150008B1B400F100284241C81023C25A86002D6
:1011600000301624C59D52340102B42E0002022420
:101170000B10B402FFFF4630252820022520C002B4
:10118000F712400F25A040001400401425804000B5
:10119000009D043C2528C002391C400F50028424C5
:1011A000DD19400F252020029C00BF8F2510000272
:1011B0009800BE8F9400B78F9000B68F8C00B58FCB
:1011C0008800B48F8400B38F8000B28F7C00B18F11
:1011D0007800B08F0800E003A000BD2725200000A4
:1011E00021102402000042900100842426105200A5
:1011F0000029020040180200211865002118620031
:10120000C0290200009602002118650000120200A9
:1012100021106200F2FF84162190420288BF023C36
:101220000200032423A8B40221B0D4026C6143ACB1
:10123000CDFFA0166C00A2AF009D043C2528400203
:10124000391C400F940284245C00A58F009D043C4F
:10125000391C400FCC0284245C00A68F0600D210FB
:1012600025284002009D043C391C400F00038424C3
:10127000D200001025202002009D043C8B1B400F53
:1012800054038424009D043C8B1B400F8C03842456
:10129000009D123C009D043C0080463678000524E9
:1012A000391C400FC4038424008052363F1D400F78
:1012B000252040020700401425804000009D043C8A
:1012C00025284002391C400FFC038424B4FF001081
:1012D00000000000EE1D400F00000000FDFF401464
:1012E00000000000EA1D400F000000000800401050
:1012F00025B84000009D043C2530400025284002D0
:10130000391C400F30048424AC000010252020023A
:101310006C00A38F02000224001052266C6162ACA4
:10132000089D023CE1FF4216009D043C8B1B400FD0
:1013300064048424009D143C0030022425B0600223
:10134000008094366800A2AF0102D22E000202246F
:101350000B10D20225904000010015246800A48FD4
:10136000FFFF4632F712400F2528200207004014E5
:10137000258040006800A58F009D043C391C400F6B
:101380005002842486FF0010000000000002C22EDC
:1013900005004010000206242330D200FF0005247F
:1013A000FE1C400F2120320225288002661C400FBF
:1013B000252020020E004014009D043C2530A00290
:1013C00025288002391C400F940484240100B5268E
:1013D00004000224E1FFA216009D043C0300052442
:1013E000391C400FC40784247400001025202002FB
:1013F000EE1D400F00000000FDFF4014258040005E
:10140000EA1D400F0000000008004010009D043C51
:101410002538A0022530400025288002391C400FC5
:10142000E4048424EAFF00100100B526000204242D
:101430003C16400F7000A2AF25F04000060040149B
:101440007000A38F009D043C8B1B400F7C0C8424F8
:1014500053FF001000000000253080020002052428
:1014600025204000BC1C400F7000A3AF0D004014AD
:101470007000A38F009D043C2530A0022528800227
:10148000391C400F24058424DD19400F2520C0039A
:10149000CFFF00100100B526010063240D004312A8
:1014A0002520C00321202302000086902120C303B1
:1014B00000008790F8FFC710009D043C1000B5AFF6
:1014C0002128E302391C400FFC0C84242510000065
:1014D0002520C003DD19400F7000A2AF7000A28F5D
:1014E00020004050009D043C009D043C8B1B400F9D
:1014F000780584246800A28F23B0D202009D043CAA
:10150000211052002530C00225284002880D842475
:10151000391C400F6800A2AF6C00A38F02000224A8
:101520000002942621B8F2026C6162AC87FFC016FB
:101530000102D22EDD19400F25202002009D043C1F
:101540008B1B400FDC0584243C16400F0002042452
:101550000800401425A84000009D043CBBFE00107C
:10156000100684248B1B400FA405842498FF0010D0
:101570000100B526009D163C1C81023C0080D63639
:10158000C59D52340102742E000202240B10740215
:101590002530C002252840002520A002BC1C400F99
:1015A00025A040000900401425884000009D043C0F
:1015B0008B1B400F4C0684242520A002DD19400F10
:1015C00025800000F9FE00109C00BF8F2520000040
:1015D0002110A40200004290010084242610520031
:1015E000002902004018020021186500211862003D
:1015F000C0290200009602002118650000120200B6
:1016000021106200F2FF8416219042026C00A38F29
:10161000020002242398740221B0D4026C6162ACEF
:10162000D9FF60160102742EDD19400F2520A0029B
:10163000009D043C25284002391C400F9406842458
:101640005C00A58F009D043C391C400FC806842413
:101650005C00A28F04005250009D043C009D043C9D
:101660007AFE0010F80684248B1B400F3807842470
:10167000009D043C2528E002391C400F800784248B
:10168000C9FE001025802002009D043C90FEBD276D
:10169000180884246C01BFAF6801BEAF6401B7AF06
:1016A0006001B6AF5C01B5AF5801B4AF5401B3AF40
:1016B0005001B2AF4C01B1AF8B1B400F4801B0AF2E
:1016C0004F1D400F0000000007004014258040001F
:1016D000009D043C500884248B1B400F0000000038
:1016E0004D0000106C01BF8F0700053C009D043CBD
:1016F0000080A534391C400F840884243C16400F18
:10170000000404241000401425884000009D043C7F
:101710008B1B400FB00884243C16400F00020424A9
:101720000600401425884000009D043C8B1B400FA0
:10173000E00884243700001025800000009D043C50
:101740008B1B400F14098424009D133C20906636A7
:1017500020000524BC1C400F1C01A42707004014D6
:1017600025804000009D043C380984248B1B400FD9
:1017700000000000250000100000000040906636C8
:1017800020000524BC1C400FFC00A42704004014CA
:1017900025804000009D043CF4FF0010640984246F
:1017A000009D043C1C01A527391C400F940984248A
:1017B000009D043CFC00A527391C400FB40984247B
:1017C0000700153C1C81023C0080B5360080733652
:1017D000C59D52340104B42E000402240B10B4023F
:1017E000253060022528400025202002BC1C400F27
:1017F00025A040001400401425804000009D043CBA
:1018000025286002391C400FD8098424DD19400FB7
:10181000252020026C01BF8F251000026801BE8FB9
:101820006401B78F6001B68F5C01B58F5801B48F2A
:101830005401B38F5001B28F4C01B18F4801B08F6A
:101840000800E0037001BD272520000021102402BC
:10185000000042900100842426105200002902005A
:10186000401802002118650021186200C0290200FA
:10187000009602002118650000120200211062008B
:10188000F2FF84162190420223A8B402D1FFA016D1
:1018900021987402009D043C25284002391C400F09
:1018A000140A84244C00062425280000FE1C400F46
:1018B000B000A4271F0006241C01A527081D400F07
:1018C000B000A4271F000624FC00A527081D400F18
:1018D000D000A4270700023C0080423400200424EA
:1018E000F000A2AF1415400FF400B2AF0400401492
:1018F00025804000009D043C9CFF0010440A842485
:101900004C000624B000A5270711400F0020042436
:101910000400401425804000009D043C93FF00100B
:10192000740A8424009D043C8B1B400FA40A842469
:101930004C0006246400A527F712400F0020042461
:101940000400401425804000009D043C87FF0010E7
:10195000DC0A8424AC00A2931F004014009D053CC7
:10196000009D053C1008A524009D043C391C400F37
:10197000240B8424009D043C78000524391C400F6E
:10198000600B8424009D133C88BF023C259000001E
:10199000980B73264001A2AF00831200003010267E
:1019A0002530000225284002391C400F2520600206
:1019B0001415400F25200002090040142580400026
:1019C000009D043C25284002391C400FC80B84248C
:1019D0008EFF001000000000E3FF00100808A5249F
:1019E0004001A38F02000224010052266C6162AC08
:1019F00078000224E8FF4216009D043CF80B842482
:101A00000700133C8B1B400F009D153C25B80000C0
:101A100000301624008073360080B5360104722E23
:101A2000000402240B1072022590400001001424CF
:101A30002530A00225284002BC1C400F2520200292
:101A40000700401425804000009D043C2528A0028A
:101A5000391C400FD80984246CFF001000000000DE
:101A6000FFFF503225300002252820020711400FC9
:101A70002520C0020D004014009D043C2528800252
:101A8000391C400F2C0C84240100942604000224ED
:101A9000E7FF8216009D043C03000524391C400F1B
:101AA000B40F842408000010000000003C16400F12
:101AB000252040020800401425F04000009D043C11
:101AC0008B1B400F7C0C8424DD19400F2520200245
:101AD00050FF00102580000025300002252840001E
:101AE000F712400F2520C002090040142580400055
:101AF000009D043C25288002391C400FB00C842432
:101B0000DD19400F2520C003E0FF001001009426DE
:101B10002528000021102502000046902110C50351
:101B2000000047902900C710009D043C1000B4AF8E
:101B30002128E502391C400FFC0C8424258000007C
:101B4000DD19400F2520C00325000052009D043CF4
:101B5000009D043C8B1B400F580D84242398720277
:101B6000009D043C2530600225284002391C400FAE
:101B7000880D84244001A38F0200022421A8B20210
:101B800021B0D20221B8F2026C6162ACA4FF6016EF
:101B90000104722EDD19400F25202002009D043C17
:101BA00001000224040E84248B1B400FF800A2A322
:101BB0001415400F002004240D004014258040001F
:101BC000009D043CC4FE0010400E84240100A524A6
:101BD000D1FF451621102502D9FF0010000000009A
:101BE0008B1B400FC80D8424A8FF00100100942611
:101BF0004C000624B000A5270711400F0020042444
:101C00000400401425804000009D043CB2FE0010FA
:101C1000840E84244C0006241800A527F712400FD8
:101C2000002004240400401425804000009D043C52
:101C3000A9FE0010C00E84246000A2930C00401482
:101C4000009D053C009D053C1008A524009D043C1A
:101C5000391C400FFC0E84246000B093060000562F
:101C6000009D043C009D043C9BFE0010340F842426
:101C7000F6FF00100808A52497FE0010740F8424B6
:101C8000009D043C28FFBD2704288424D400BFAF56
:101C9000D000BEAFCC00B7AFC800B6AFC400B5AF80
:101CA000C000B4AFBC00B3AFB800B2AFB400B1AFC6
:101CB0008B1B400FB000B0AF4F1D400F0000000065
:101CC00007004014009D043C2580400050088424F7
:101CD0008B1B400F0000000077000010D400BF8F66
:101CE0004C0006241000A527F712400F0020042402
:101CF0000400401425804000009D043CF4FF0010C7
:101D000038008424009D043C1000A527391C400F96
:101D100070008424009D043C3000A527391C400F2E
:101D20009C0084245000A58F009D043C391C400F6A
:101D3000C80084245400A58F009D103C391C400F1E
:101D4000F80004265800A2930B004014A400B0AF82
:101D5000009D053C1008A524009D043C391C400F43
:101D6000280184245800B09306000016009D043C0E
:101D7000D7FF001054018424009D053CF6FF00109D
:101D80000808A524009D153C2090A63620000524B7
:101D9000BC1C400F7C00A427040040142580400098
:101DA000009D043CCAFF0010402884244090A636C1
:101DB00020000524BC1C400F5C00A4270400401434
:101DC00025804000009D043CC1FF0010742884243D
:101DD000009D043C7C00A527391C400FAC288424BE
:101DE000009D043C5C00A527391C400FD8288424A2
:101DF000200006241000A527D41B400F7C00A42738
:101E000006004010009D043C042984248B1B400FD5
:101E1000000000002700001025800000200006249C
:101E20003000A527D41B400F5C00A42703004010FE
:101E3000009D043CF5FF0010282984245000B48F35
:101E40000700053C0080A53406008512009D043C77
:101E500025308002391C400FA00184241500001099
:101E6000258000003C16400F0002042400020424D8
:101E70003C16400F258840000300201225904000AA
:101E800019004054009D043C009D043C8B1B400FF6
:101E9000502984240300201200000000DD19400FA7
:101EA000252020020300401225800000DD19400F8C
:101EB00025204002D400BF8F25100002D000BE8F25
:101EC000CC00B78FC800B68FC400B58FC000B48FE8
:101ED000BC00B38FB800B28FB400B18FB000B08F28
:101EE0000800E003D800BD278B1B400F88298424FD
:101EF00025B8800225B0000000301E240080B536D1
:101F00000102F32E000202240B10F3022530A0027E
:101F10002528400025202002BC1C400F25984000A9
:101F20000900401425804000009D043C2528A002A3
:101F3000391C400FBC298424DD19400F25202002C4
:101F4000DAFF001000000000FFFF66322528400283
:101F5000F712400F2520C0030700401425804000E1
:101F6000009D043C2528C003391C400F50028424E6
:101F7000F1FF0010000000002C00C016253000000A
:101F8000009D043C8B1B400F002A8424009D043CD0
:101F9000391C400F302A8424009D023C2518000083
:101FA000A000A2AF2110230200004590A000A28F44
:101FB000A800A3AF391C400F4C2A4424A800A38FCB
:101FC00010000224010063243D006214009D063CC1
:101FD000542AC4248B1B400FA800A6AF009D043CCC
:101FE000391C400F582A8424A800A68F2518000009
:101FF0002110430200004590A000A28FAC00A6AFC4
:10200000A800A3AF391C400F4C2A4424A800A38F7A
:1020100010000224010063242D006214AC00A68F7E
:102020008B1B400F542AC424253000002140260277
:1020300021384602000003910000E290280062541B
:102040002118C6020100C624F9FF66562140260267
:102050002580000021B0D302FF3FC23221A8B30285
:1020600021F0D3030600401423B8F302009D043C82
:102070002530E0022528C002391C400F082B84249B
:1020800088BF133C020002246C6162AE2600E0129D
:10209000000000009BFF00120102F32E009D043C93
:1020A0008B1B400F3C2B8424DD19400F2520200280
:1020B000DD19400F252040027EFF00102580000022
:1020C000B8FF6316542AC424C2FF001000000000A9
:1020D000C8FF631621104302D1FF0010000000006A
:1020E000009D043C25286000742A8424AC00A8AF1D
:1020F000A800A7AF391C400FA000A3AFA800A78F6E
:10210000AC00A88FA000A38F0000E790000006910C
:10211000009D043C25286000391C400FBC2A842403
:10212000CDFF001021B0D302DDFF0056009D043C1E
:10213000009D043C8B1B400F702B8424009D043CAD
:102140008B1B400FB42B8424009D173C1C81023C48
:10215000C59D55340080F7360102962E00020224F8
:102160000B1096022530E002252840002520200291
:10217000BC1C400F25B040000600401425804000E4
:10218000009D043C8B1B400FE42B84246AFF00104D
:1021900000000000252000002110240200004290D1
:1021A0000100842426105500002902004018020076
:1021B0002118650021186200C029020000AE02004B
:1021C000211865000012020021106200F2FFC416FF
:1021D00021A8A2020200022423A0960221B8F6023E
:1021E0006C6162AEDCFF8016009D043C2528A002D5
:1021F000391C400F282C8424A400A28F5400A58FE2
:10220000391C400FF80044245400A28F0B00555095
:10221000009D043C009D043C8B1B400F582C8424E3
:102220005400A68F009D043C2528A002391C400FB5
:10223000882C84249CFF0010000000008B1B400FA2
:10224000D42C8424DD19400F25202002DD19400FF5
:1022500025204002009D043C9DFE0010042D842496
:1022600018FFBD27DC00B4AFD800B3AFD400B2AFC5
:10227000D000B1AFE400BFAFE000B5AFCC00B0AF6D
:10228000259080002588C000B800A5AF25980000E3
:10229000009D143CB800A58F0000A280E40040100F
:1022A000FFFF02249C00A2AF1800A227A400A2AF47
:1022B000800002249800A0AFA000A0AFA800A2AFA9
:1022C00025800000250003242110B000000042807A
:1022D0000300401000000000FBFF435401001026E3
:1022E00006000012253000029E17400F25204002F4
:1022F000B800A28F21105000B800A2AFB800B58F6F
:10230000250002240000A382C20062140100B52649
:10231000B800B5AF2B0005242D000624300003249F
:102320002000072423000824B800A48F0000828026
:102330001B0045509800A28F2C0049281E00201138
:1023400000000000180047509800A28F1800485065
:102350009800A28F2A0003241E0043500000228E02
:102360000C19400F00000000A000A2AFB800A38F1E
:1023700000006280D0FF42240A00422C210040105D
:1023800001006324F9FF0010B800A3AF010042343C
:10239000010084249800A2AFE3FF0010B800A4AFAE
:1023A000FBFF001004004234F9FF00100800423423
:1023B000F7FF001010004234F4FF46509800A28F3F
:1023C000E5FF43542A0003249800A28FF0FF001079
:1023D0000200423401008424B800A4AF0400432466
:1023E0000000428C000023AE06004104A000A2AF12
:1023F0009800A38F23100200A000A2AF0100633851
:102400009800A3AF9800A28F010043300200601033
:102410004408027C9800A2AFB800A28F2E000324CB
:10242000000044800D008314010044249C00A0AFF0
:10243000B800A4AF010045802A0003242300A314A0
:1024400002004224B800A2AF0000228E0400432400
:102450000000428C000023AE9C00A2AFD81A400FAF
:10246000B800A427C000A2AFB800A28F831D400F00
:10247000000044806900032477004310C000A58F4A
:102480006A0043282F00601063000324BE0043103D
:10249000640043281800601025000324CB0043107B
:1024A000610003244F00435025302002FFFF022427
:1024B000B800B5AF9800A0AFA000A0AF9C00A2AF3D
:1024C0001000A0AFC9000010253800000C19400F03
:1024D000000000009C00A2AFB800A38F0000628043
:1024E000D0FF42240A00422CDCFF4010010063248C
:1024F000F9FF0010B800A3AF640003245600431096
:1025000068004228EAFF4010FFFF02242530200225
:10251000181B400FB000A42797004010B800A28FEE
:10252000B000A6279800A52701004324B800A3AF58
:1025300000004780091E400F252040023500001092
:1025400021800202700003246E00431071004328B2
:10255000130060106E000324830043106F000324F7
:10256000D3FF4314FFFF022425382002253000004A
:10257000AD0F400FB000A4277F004010B800A28F1D
:10258000B000A6279800A52701004224252040027C
:10259000071E400FB800A2AF1E00001021800202EB
:1025A000750003243A0043107800032446004310CA
:1025B00073000324BDFF4314800002246E00A214A4
:1025C000B800A28F2538000001004224B800A2AF55
:1025D0000000228E04004324000023AE7600001089
:1025E0000000468C181B400FB000A427620040106A
:1025F000B800A28FB000A6279800A52701004324A9
:10260000B800A3AF00004780091E400F25204002FC
:1026100021800202218070022A9813027700601242
:1026200000A0023C4F000324B40543ACFFFF132479
:10263000E400BF8F25106002E000B58FDC00B48F8E
:10264000D800B38FD400B28FD000B18FCC00B08F40
:102650000800E003E800BD27253820020100062419
:10266000AD0F400FB000A42743004010B800A28F68
:10267000B000A6279800A52701004224252040028B
:102680006410400FB800A2AFE2FF001021800202E8
:102690002538200225300000AD0F400FB000A427E0
:1026A00035004010B800A28FB000A6279800A527DB
:1026B00001004224252040020D16400FB800A2AFB1
:1026C000D4FF0010218002022538200225300000AE
:1026D000AD0F400FB000A42727004010B800A28F14
:1026E00001004324B800A3AF00004780B000A62734
:1026F0009800A527420E400F25204002C5FF00107C
:10270000218002022538200225300000F000052437
:10271000AD0F400FB000A42717004010B800A28FE3
:10272000B400A38F01004224B800A2AFB000A28F72
:1027300025104300EDFF401478000724B01C400F23
:10274000F07784269800A38FA000A78F2530400043
:102750001000A3AFF0778526BC13400F2520400260
:10276000ACFF0010218002022538200221307002C7
:102770003714400FB000A427B800A28F01004224F4
:10278000A4FF0010B800A2AF80000224FAFFA21438
:10279000B800A28F01000724B000A6270100422440
:1027A000B800A2AF0000228E040043240000428C37
:1027B000000023AEB000A2A39800A5279316400FF7
:1027C0002520400293FF0010218002028000022495
:1027D000E9FFA214B800A28FA000A78F0100422435
:1027E000B800A2AF9800A28F1000A2AF009D053CD8
:1027F00001000624D8FF0010F877A524A5FE0010DC
:10280000259800026669726D776172655F75706404
:102810006174653A20636F6D7061726520696E74D2
:1028200065726E616C20666C61736820746F2065E0
:10283000787465726E616C20666C6173680D00005F
:102840006669726D776172655F7570646174653A0F
:10285000206661696C656420746F20726561642014
:10286000696E7465726E616C20617070206E616D4E
:10287000650D00006669726D776172655F757064E1
:102880006174653A206661696C656420746F2072BA
:1028900065616420696E7465726E616C2061707030
:1028A0002076657273696F6E0D0000006669726D47
:1028B000776172655F7570646174653A20696E74E2
:1028C00065726E616C20617070206E616D653A207A
:1028D00025730D0A000000006669726D77617265EC
:1028E0005F7570646174653A20696E7465726E61BB
:1028F0006C206170702076657273696F6E3A202566
:10290000730D0A006669726D776172655F75706438
:102910006174653A20617070206E616D65206D692B
:10292000736D617463680D006669726D77617265BD
:102930005F7570646174653A2061707020766572AD
:1029400073696F6E206D69736D617463680D00004B
:102950006669726D776172655F7570646174653AFE
:10296000206661696C656420746F20616C6C6F63B4
:1029700061746520636F6D70617269736F6E206240
:102980007566666572730D006669726D7761726552
:102990005F7570646174653A207374617274696EF6
:1029A0006720627974652D62792D62797465206380
:1029B0006F6D70617269736F6E0D00006669726D84
:1029C000776172655F7570646174653A20666169EC
:1029D0006C656420746F207265616420696E746533
:1029E000726E616C2062696E617279206368756EC7
:1029F0006B206174203078253038780D0A00000093
:102A00006669726D776172655F7570646174653A4D
:102A10002066697273742031362062797465732080
:102A2000636F6D70617269736F6E3A0D0000000024
:102A30006669726D776172655F7570646174653A1D
:102A400020696E7465726E616C3A200030782530B2
:102A5000327820000D0000006669726D7761726542
:102A60005F7570646174653A2065787465726E6133
:102A70006C3A20006669726D776172655F7570648B
:102A80006174653A2062696E617279206461746173
:102A9000206D69736D61746368206174206F666670
:102AA00073657420257520286368756E6B206F66CA
:102AB00066736574202575290D0A00006669726DBC
:102AC000776172655F7570646174653A206D6973D2
:102AD0006D61746368206174206279746520257566
:102AE0003A20696E7465726E616C3D3078253032C3
:102AF000782C2065787465726E616C3D3078253075
:102B000032780D0A000000006669726D77617265A7
:102B10005F7570646174653A20636F6D7061726592
:102B2000642025752062797465732C2025752072C8
:102B3000656D61696E696E670D0A00006669726D88
:102B4000776172655F7570646174653A206279744B
:102B5000652D62792D6279746520636F6D70617285
:102B600069736F6E204641494C45440D00000000DA
:102B70006669726D776172655F7570646174653ADC
:102B800020627974652D62792D6279746520636F96
:102B90006D70617269736F6E2050415353454420CC
:102BA0002D20616C6C2064617461206D61746368B8
:102BB00065730D006669726D776172655F7570642B
:102BC0006174653A207374617274696E672063681A
:102BD00065636B73756D20636F6D70617269736F80
:102BE0006E0D00006669726D776172655F75706465
:102BF0006174653A206661696C656420746F207247
:102C000065616420696E7465726E616C2062696EC4
:102C1000617279206368756E6B20666F72206368DD
:102C200065636B73756D0D006669726D77617265B2
:102C30005F7570646174653A20696E7465726E6167
:102C40006C20636865636B73756D3A20307825304E
:102C500038780D0A000000006669726D7761726550
:102C60005F7570646174653A20636865636B737542
:102C70006D20636F6D70617269736F6E204641499C
:102C80004C45440D000000006669726D7761726505
:102C90005F7570646174653A20636865636B737512
:102CA0006D206D69736D61746368202D20696E7489
:102CB00065726E616C3A203078253038782C20654A
:102CC000787465726E616C3A203078253038780DF2
:102CD0000A0000006669726D776172655F757064E5
:102CE0006174653A20636865636B73756D20636F0B
:102CF0006D70617269736F6E205041535345440D7E
:102D0000000000006669726D776172655F757064BE
:102D10006174653A20636F6D70617269736F6E20C4
:102D2000636F6D706C657465642073756363657340
:102D30007366756C6C79202D20616C6C20646174F5
:102D40006120616E6420636865636B73756D7320C9
:102D50006D617463680D00002540C0002518E00017
:102D6000255080009800E0142510A0002B30A6000C
:102D70003500C01000000000202805710600A010DA
:102D80002320050006208A000410A2000440A800A9
:102D9000251082000450AA00023408001B004600DF
:102DA000F401C000FFFF053102240A0012380000C0
:102DB0001010000000140200252044000248A770F3
:102DC0002B5889000A0060112510E000212088009E
:102DD0002B58880006006015FFFFE2242B5889005D
:102DE0000400605123208900FEFFE2242120880096
:102DF000232089001B008600F401C0001030000071
:102E000000340600122000000238A470FFFF453194
:102E10002528C5002B48A700080020112530800078
:102E2000212805012B40A80004000015FFFF86247F
:102E30002B28A7000100A054FEFF862400140200E6
:102E40000800E003251046000400001501000224DC
:102E50001B004800F40100011240000020580B71D3
:102E600023006015200007242328A8000100032464
:102E7000023408001B00A600F401C000FFFF073168
:102E800002240A00122800001010000000140200A2
:102E9000252044000248E5702B5889000A00601183
:102EA0002510A000212088002B58880006006015FE
:102EB000FFFFA2242B5889000400605123208900C1
:102EC000FEFFA22421208800232089001B00860009
:102ED000F401C000FFFF4A3110280000002C05005B
:102EE0002528AA0012200000CAFF00100238E47052
:102EF0002338EB00044068010648E400023408006F
:102F00000638E5001B00E600F401C000041065016E
:102F100025482201FFFF0231021C0900122800008F
:102F200010380000003C07002538E30002504570CF
:102F30002B60EA000A0080112518A0002138E80063
:102F40002B60E80006008015FFFFA3242B60EA0039
:102F5000040080512338EA00FEFFA3242138E80052
:102F60002338EA001B00E600F401C000FFFF253112
:102F70001230000010380000003C07002528E50052
:102F8000021046702B48A2000A0020112538C0000C
:102F90002128A8002B48A80006002015FFFFC72401
:102FA0002B48A20004002051001C0300FEFFC72490
:102FB0002128A800001C0300045064012328A2005B
:102FC000ABFF0010251867002B40A7002518000054
:102FD0004E000015251000002050EA700700401533
:102FE000200009242B28E5004800A0140100022439
:102FF0002B1086000800E0030100423823482A0114
:1030000006102601043847012538470004184501F9
:1030100002440700062825011B00A800F401000156
:10302000FFFFEB300610240125104300021C0200B4
:103030001228000010480000004C09002548230118
:10304000026065712B682C010A00A0112518A000F0
:10305000214827012B6827010600A015FFFFA324A4
:103060002B682C010400A05123482C01FEFFA3244F
:103070002148270123482C011B002801F4010001ED
:10308000FFFF45301240000010480000004C0900CE
:1030900025282501025868712B10AB000A0040104A
:1030A000254800012128A7002B10A7000600401486
:1030B000FFFF09252B10AB00040040100014030093
:1030C000FEFF09252128A700001403000430460153
:1030D000251049001900C2002328AB001038000059
:1030E0002B18A70007006014123000000700A71477
:1030F00025180000042044012B20860003008010C6
:1031000000000000FFFF4224251800000800E00333
:10311000000000002548C000251080008B00E0144E
:103120002518A0002B30A6003300C01020502A71B3
:1031300008004011025C09000418450123280A0018
:103140000628A400044849012518A30004104401DE
:10315000025C09001B006B00F4016001FFFF2431D9
:10316000121800001028000002306470001C0500D6
:10317000022C0200251865002B2866000800A050CC
:1031800023186600211869002B2869000300A01489
:103190002B2866000100A05421186900231866003E
:1031A0001B006B00F4016001FFFF42301030000093
:1031B0001218000002586470001C060025106200FE
:1031C0002B184B000900605023104B0021104900C0
:1031D0002B1849000500605423104B002B184B009E
:1031E000010060542110490023104B0006104201D9
:1031F0000800E00325180000040020150100032446
:103200001B006900F40120011248000020502A71BF
:103210001F004015200007242328A900025C090094
:103220001B00AB00F4016001FFFF243112280000F5
:10323000101800000230A470002C0300021C0200D1
:103240002528A3002B18A600080060502330A600F4
:103250002128A9002B18A900030060142B18A60030
:10326000010060542128A9002330A6001B00CB00D8
:10327000F4016001FFFF423010280000123000000E
:103280000258C47000340500CDFF00102510C200A4
:103290002338EA00044849010618E4000234090012
:1032A0000638E5001B00E600F401C00004104501EB
:1032B000FFFF283125186200022C0300123800009D
:1032C000106000000210E870003C0C002538E5009A
:1032D0002B28E2000800A0502338E2002138E90042
:1032E0002B28E9000300A0142B28E2000100A054C1
:1032F0002138E9002338E2001B00E600F401C00099
:10330000FFFF65301230000010380000003C07005D
:103310002528E5000230C8702B10A60009004010D7
:10332000041044012128A9002B10A9000500401415
:10333000041044012B10A600010040542128A900CC
:1033400004104401B5FF00102328A6002B40A7005D
:103350005C0000152070EE700A00C0152B40E500DF
:10336000030000152B4086005600001500000000E9
:10337000231086002328A7002B1882000800E003F2
:103380002318A30020000B2423586E010660660159
:103390000438C701253887010440C501024C0700E5
:1033A000062865011B00A900F40120010610640134
:1033B00025104800FFFFE8300264020012280000D8
:1033C0001050000000540A0025504C0102180571ED
:1033D0002B6043010A0080112568A000215047019D
:1033E0002B60470106008015FFFFAD242B604301D1
:1033F0000400805123504301FEFFAD2421504701BA
:10340000235043011B004901F40120011248000030
:103410001050000000540A0002280971FFFF4830D4
:10342000254048012B1005010A00401025502001BD
:10343000214007012B10070106004014FFFF2A2539
:103440002B1005010400401000640D00FEFF2A252A
:103450002140070100640D000410C60125608A01A7
:1034600019008201234005010418C40110680000FE
:103470002B200D012528A0011260000005008014FA
:103480001230000007000D152B206C000600801084
:1034900023306600233082012338A7012B60860188
:1034A0002328EC00233066002B186600234005011A
:1034B00023180301041063010630C60125104600DD
:1034C0000618C3010800E0030000000000A0083C4B
:1034D000640503251C006290FF00423084004054C4
:1034E000251000000300A01000000000050080145B
:1034F000000000007E00E010000000007C00C01012
:1035000000000000640504AD040066AC140060AC6B
:10351000180060AC100060AC40008010000000009B
:10352000080065AC4000C010000000000C0067AC53
:10353000010002241C0062A00800648C0C00628C54
:103540002B1082000500401080BF023C0C00628CF2
:1035500023104400100062AC80BF023C40000524F0
:10356000145A45AC105A458C2000A5303100A010EB
:1035700003000524045A45AC01000524085A45AC53
:103580000C000524045A45AC8000062488BF053C85
:10359000400009247410A9AC7410A6AC4410A9AC66
:1035A0004410A6AC005A468C0008C6302400C01057
:1035B000000000000800648C82200400080064AC55
:1035C0001000648C82200400100064AC0C00648C39
:1035D000822004000C0064AC0800648C1800668C27
:1035E0002B30C4003200C010000000006405068DBE
:1035F0000000C68C205A46AC1800668C0100C62418
:10360000180066AC3300E010000000004000022407
:103610007810A2AC0800E00301000224080060ACAE
:10362000C0FF0010000000000C0060ACC1FF0010E3
:1036300001000224205A458CCAFF0010000000003F
:10364000005A468C0004C6301200C0100000000072
:103650000800648C42200400080064AC1000648CF4
:1036600042200400100064AC0C00648C4220040072
:103670000C0064AC0800648C1800668C2B30C4000D
:103680000B00C010000000006405068DD9FF00107B
:103690000000C6941800668C2B30C4000400C010D3
:1036A000000000006405068DD2FF00100000C690E7
:1036B0001000668CD3FFC010FF000624205A46ACD1
:1036C0001000668CFFFFC624100066ACCDFF001012
:1036D000000000001800638CCDFF645080000224BD
:1036E00004000324085A43ACC9FF001080000224E0
:1036F0000800E00300000000E8FFBD271000B0AFA5
:1037000000A0103C1C0510260400028E0B00432C68
:103710001F0060101400BFAF80180200009D023C23
:1037200034374224211043000000428C080040003E
:10373000000000006037009DEC38009DC037009D00
:10374000E437009D1438009D3438009D6C38009D8E
:103750009038009DEC38009DEC38009DEC38009DC1
:103760001C00038E2000028E00A0053C5405A524F9
:10377000252000023C0000AE400000AE380003AE41
:10378000301A400F440002AE01000224040002AED1
:103790000800028E590040101400BF8F2C00198EB3
:1037A000570020531000B08F0800048E3000058EA3
:1037B0001400BF8F1000B08F080020031800BD2731
:1037C000C81D400F2800048E1800058E151A400FE2
:1037D000240004922100401003000224ECFF00109A
:1037E000040002AE2000028E1C00038E00A0053CE7
:1037F0005405A524252000023C0003AE400002AE83
:10380000380000AE301A400F440000AEDFFF001059
:1038100004000224C81D400F2800048EAC1A400F7B
:10382000000000000D00401005000224D8FF001029
:10383000040002AEC81D400F2800048E1D80829334
:10384000010042300600401001000224AC1A400F73
:1038500000000000CEFF401400000000020002241F
:10386000080002AECAFF001000000000C81D400F93
:103870002800048E1800058E151A400F24000492AB
:10388000F6FF401004000224C1FF0010040002AE45
:10389000C81D400F2800048E24000392010002245A
:1038A0000E00625498FF0324208082273C0002AE61
:1038B000208083A70200022400A0053C5405A52413
:1038C00025200002400002AE380000AE301A400F42
:1038D000440000AEADFF001008000224208083A346
:1038E00020808327F4FF00103C0003AEC81D400F6A
:1038F0002800048EDAFF0010010002241000B08FAF
:103900000800E0031800BD270400A88CB0FFBD2705
:103910004400B7AF3800B4AF2C00B1AF4C00BFAF1C
:103920004800BEAF4000B6AF3C00B5AF3400B3AF07
:103930003000B2AF2800B0AF25B880002588A000C5
:103940004C0000050000B48C4408147C08003E8E36
:1039500010008A320000D28C0400D68C0400401182
:1039600025A8C0032510560201004054FEFFD527AC
:103970000800893201002055FFFFB5261000308E67
:103980000C00338E2528A002FFFF102621107002A4
:10399000000040A00200022A0B004014251056022D
:1039A000360040140F00433223101501211045004A
:1039B0003300401C0A0064280300A0180200823271
:1039C0002F004014000000000B0040110000000018
:1039D0000000C28C0400C38C251043000600401078
:1039E00021107002FEFF1026FFFF47A030000324C5
:1039F00021107002000043A00400201120000324C5
:103A0000FFFF102621107002000043A01000268E38
:103A10001000B4AF2538C003FFFFC6242330D00008
:103A200021287002BC13400F2520E0020400E38E21
:103A300000016330040060104C00BF8F0400238E2F
:103A40002A2043000B1064004800BE8F4400B78F4B
:103A50004000B68F3C00B58F3800B48F3400B38F70
:103A60003000B28F2C00B18F2800B08F0800E00327
:103A70005000BD27B5FF0010010008240A0064288B
:103A8000020080105700622430006224BFFFE3244C
:103A90001A00632C13006010200043349FFF63243E
:103AA0001A00632C10006050FFFF102625204000F4
:103AB0005C00A7AF5800A6AF2400A8AF2000A5AFB8
:103AC0001C00A9AF8A1D400F1800AAAF5C00A78F89
:103AD0005800A68F2400A88F2000A58F1C00A98F56
:103AE0001800AA8FFFFF102621187002000062A0A4
:103AF0000291120000171600FFFFA5242590520026
:103B0000A4FF001002B1160080BF033C105A628C63
:103B1000E8FFBD271000B0AF200042301400BFAF57
:103B20003500401488BF103C00A0063C6405C22448
:103B3000205A688C1400458C1800448C0C00478C6B
:103B40002B38A7001900E01000000000005A678C15
:103B50000008E7302E00E010000000000400478C51
:103B6000804805002138E9000000E8AC0100A524E8
:103B7000140045AC0C00478C0C00E514000000005C
:103B80000800478C2B3887000800E010400007240D
:103B9000741007AE0C000724045A67AC0400072415
:103BA000085A67AC80000724781007AE0C00478CD9
:103BB0002B38A7004100E01000000000005A658C7F
:103BC0000008A5301F00A010000000000800458C70
:103BD0002B2885003000A010000000006405C58C73
:103BE000803004002128A6000000A58C205A65AC76
:103BF00001008424180044AC1400BF8F400002244C
:103C0000441002AE1000B08F0800E0031800BD277A
:103C1000005A678C0004E7300600E0100000000046
:103C20000400478C404805002138E900CFFF001010
:103C30000000E8A40400478C2138E500CBFF001009
:103C40000000E8A0005A658C0004A5300A00A0100E
:103C5000000000000800458C2B2885000E00A010F5
:103C6000000000006405C58C403004002128A60037
:103C7000DEFF00100000A5940800458C2B2885006D
:103C80000500A010000000006405C58C2128A400D8
:103C9000D6FF00100000A5901000458CD5FFA010A5
:103CA000FF000524205A65AC1000438CFFFF6324FD
:103CB000100043ACCFFF0010000000000C00468C49
:103CC000CEFFC5141400BF8F0800458CCBFFA41491
:103CD00040000424145A64AC741004AE1C0040A0CC
:103CE0002000438CC5FF60501400BF8F2400448C1B
:103CF0002000428C09F8400000000000BFFF0010C7
:103D00001400BF8F1C0500A0480000000000000048
:103D1000180000A01800000000000000640500A0CA
:103D20002800000000000000300000A00400000097
:103D300000000000100000A00400000001000000CE
:103D4000FFFFFFFF340000A00200000000000000A1
:103D5000140000A0040000000100000002000000A8
:103D6000B00500A00400000000000000080100A051
:103D7000040000000100000001000000380000A065
:103D80006800000001000000400000A0400000A00A
:103D900000000000250000001C0100A0000400003D
:103DA0000000000000000000000000000000000013
:103DB0000000000000000000000000000000000003
:103DC0002C78009D000000000000000000000000B2
:103DD000000000002055009D0000000000000000D1
:103DE00000000000000000000000000000000000D3
:103DF000140100A008040000000000000C0100A055
:103E000004000000010000003C0000A0A00000A091
:103E10006800000001000000A80000A0A80000A0A9
:103E2000010000000300000000000000000000008E
:103E30000000000000000000000000007457009D1A
:103E40000000000000000000000000005C75009D04
:103E50003478009D00000000000000000000000019
:103E60000000000000000000000000000000000052
:103E70000000000000000000000000000000000042
:103E8000100100A00400000001000000A40000A038
:103E90008C0500A02400000000000000B40500A074
:103EA0000400000000000000000000006666666676
:103EB00066666666880002243F00A2108900A22878
:103EC0001A004010810002245400A2108200A2288F
:103ED00005004010800002245100A2500000E28C36
:103EE0000800E00325100000820002243B00A250DD
:103EF0000000E28C84000224F9FFA21400000000FC
:103F00000000E28C040043240000428C2700C01013
:103F10000000E3AC2016027C000082ACC317020054
:103F2000040082AC0800E00301000224A000022487
:103F30003600A2500000E28CA100A2281000401020
:103F400090000224E6FFA214000000000000E28CB2
:103F5000070042240410027C0000488C0400498CB5
:103F6000080042240000E2AC000088AC040089ACE8
:103F70000100C010010002240800E003000000005E
:103F8000C00002240500A2500000E28CF0000224D0
:103F9000D3FFA214000000000000E28C04004324C0
:103FA0000000E3AC020000100000428CFFFF423032
:103FB00020000010000082AC0000E28C04004324CA
:103FC0000000428C0300C0100000E3ACD2FF0010E0
:103FD0002014027CF6FF0010FF004230070042244C
:103FE0000410027C0000488C0400498C0800422424
:103FF0000000E2AC000088AC040089ACDEFFC01019
:10400000010002240800E003000000000400432433
:104010000000E3ACC0FF00100000428C0000E28C06
:10402000040043240000E3AC0000428CBBFFC0143A
:10403000000082ACBBFF0010040080ACD8FFBD279D
:104040002000B4AF00A0143CA405828E2400BFAFB2
:104050001C00B3AF1800B2AF1400B1AF3A00401467
:104060001000B0AF00A0123CAC05518E030020162A
:1040700000A0133C00A0113CC0053126A805708E9D
:10408000050000160000023C00A0103CC0051026F0
:104090000020422421800202821F1100020002241B
:1040A0000100625000E0317E821F100002000224F5
:1040B0000100625000E0107EF31C400F0000000081
:1040C0000000438C0400428C2B2023020400801447
:1040D000211062002B202202290080542B1811028B
:1040E00000A0043C3800842400E0847C2B20640081
:1040F000150080142B200302040080142B20620082
:104100002B200202180080142B2062000F00801068
:104110002400BF8F00A0043C380084244227040000
:1041200005000524120085140400052400A0043CA9
:104130002518640025104400AC0543AEA80562AE06
:10414000AC05428EA40582AE2400BF8F2000B48F40
:104150001C00B38F1800B28F1400B18F1000B08F05
:104160000800E0032800BD27EAFF00102510000228
:10417000EFFF85100080043CF1FF0010AC0542AE5B
:10418000E4FF601425182002DEFF00102B2002023D
:10419000C0FFBD272C00B1AF258880002520C000BE
:1041A0000400878C0000A28C3800B4AFC2A70700BF
:1041B0003400B3AF3000B2AF2800B0AF3C00BFAFA7
:1041C0002580A0000400A38C0800B28C2000A2AFC0
:1041D0000C00B38C3E0080120000C68C2330060019
:1041E0002B20060023380700080060042338E40071
:1041F0004408027C050080162000A2AF2000A28F98
:10420000040043302A006010C000427CFFFF4226B9
:104210002000A3271800A3AF0A0003241400A3AFB3
:104220001000A2AFB810400F252000020600801633
:104230002D0003242000A38F040064301E00801092
:10424000080063302B000324FFFF42242120620278
:10425000000083A01000068E2000A38F25384002A6
:10426000FFFFC6241000A3AF2330C2002128620242
:10427000BC13400F252020020400238E0001633070
:10428000040060103C00BF8F0400038E2A2043000E
:104290000B1064003800B48F3400B38F3000B28F3D
:1042A0002C00B18F2800B08F0800E0034000BD272C
:1042B000D7FF001023104202E6FF60102000042404
:1042C000FFFF422421186202E2FF0010000064A0F8
:1042D000C8FF63044408027CC9FF00102000A28FBD
:1042E0000400828CC0FFBD273800BEAF2800B4AFE9
:1042F0002000B2AF1C00B1AF3C00BFAF3400B7AF7D
:104300003000B6AF2C00B5AF2400B3AF1800B0AF8B
:104310002588C0002590E0005400B48F02004104BD
:104320005800BE8F010002241000908C0C00958C68
:104330000000D78F5000B38FFFFF10262118B00266
:10434000000060A001000924234053000200F7325E
:10435000C3B714001000001E251032022C0020519B
:104360000000C28F3C00BF8F251000023800BE8FB6
:104370003400B78F3000B68F2C00B58F2800B48F73
:104380002400B38F2000B28F1C00B18F1800B08FB3
:104390000800E0034000BD2707004014211013016E
:1043A0000600401C25202002ECFF601A00000000DF
:1043B000EAFFE0120000000025202002252840022C
:1043C000253080022538C0021400A8AF450C400FEC
:1043D000FFFF10261000A2AF2118B00230004224C7
:1043E0002520200225284002000062A025308002FE
:1043F000560B400F2538C002FFFF7326258840006A
:10440000259060001400A88FD2FF00101000A98F23
:104410000421027CD3FF00100000C2AFD8FFBD27EB
:104420002400BFAF2000B3AF1C00B2AF1800B1AF83
:104430004F1D400F1400B0AF04004050009D043CDD
:104440000700A01425888000009D043C8B1B400FB2
:10445000A4658424258000000B0000102400BF8F79
:10446000252000002590A000C21A400F2598C0000A
:104470003000401425804000009D043C8B1B400F01
:10448000C85B84242400BF8F251000022000B38F56
:104490001C00B28F1800B18F1400B08F0800E00329
:1044A0002800BD27253020026F18400F2528400224
:1044B00008004014009D043CE06584248B1B400FE1
:1044C00025800000DD1C400F00000000EEFF001002
:1044D0002400BF8F371D400F1080848FFDFF4010D8
:1044E00000000000371D400F1080848F010003245E
:1044F00003004310009D043CF0FF0010FC65842481
:10450000FF0023320001022423104300FFFF42304A
:104510002B18530002006010253060022530400047
:10452000FFFFC63021882602219046022330660212
:10453000FFFFD330DBFF60561080848FDD1C400FFF
:1045400000000000D0FF00102400BF8FD8FFBD275F
:104550001400B0AF00A0103C1C0510260C00038E08
:10456000020002242400BFAF2000B3AF1C00B2AF92
:104570000A0062101800B1AFFFFF11242400BF8FA2
:10458000251020022000B38F1C00B28F1800B18FBD
:104590001400B08F0800E0032800BD271400028E2D
:1045A000F5FF401409000224040002AE6600022454
:1045B000208082A300A0133C208082272590A000A9
:1045C000258880003C0002AE5405652601000224C7
:1045D00025200002080000AE301A400F400002AE55
:1045E0000800028EFEFF401009000224040002AE03
:1045F00099FF0224208082A3208082273C0002AE03
:10460000540565260100022425200002080000AEA2
:10461000380000AE400002AE301A400F440000AE39
:104620000800028EFEFF40100200423206004014D5
:10463000000000001400028E100012AE010042249F
:10464000CEFF0010140002AE0A17400F25202002F2
:10465000CAFF4050FFFF11240800028EFEFF4010E9
:1046600000000000F4FF00101400028E00E85D411D
:1046700000701A4000601B4088FFBD277400BAAF6D
:1046800002601A407000BBAF44781B7C00047B378B
:104690006C00BAAF00609B405800BEAF1C00A3AFD7
:1046A0001800A2AF1018000025F0A0035C00BFAFF7
:1046B000121000005400B9AF5000B8AF4C00AFAFBB
:1046C0004800AEAF4400ADAF4000ACAF3C00ABAF74
:1046D0003800AAAF3400A9AF3000A8AF2C00A7AFB4
:1046E0002800A6AF2400A5AF2000A4AF1400A1AFFE
:1046F0006400A2AF6000A3AFC119400F000000002A
:1047000025E8C0036400A28F6000A38F5C00BF8F08
:10471000130040005800BE8F5400B98F1100600094
:104720005000B88F4C00AF8F4800AE8F4400AD8F63
:104730004000AC8F3C00AB8F3800AA8F3400A98FAB
:104740003000A88F2C00A78F2800A68F2400A58FEB
:104750002000A48F1C00A38F1800A28F1400A18F2B
:1047600000606041C00000007400BA8F7000BB8F11
:1047700000709A406C00BA8F7800BD2702609A40A2
:1047800000E8DD4100609B401800004200E85D4108
:1047900000701A4000601B4088FFBD277400BAAF4C
:1047A00002601A407000BBAF44781B7C00047B376A
:1047B0006C00BAAF00609B405800BEAF1C00A3AFB6
:1047C0001800A2AF1018000025F0A0035C00BFAFD6
:1047D000121000005400B9AF5000B8AF4C00AFAF9A
:1047E0004800AEAF4400ADAF4000ACAF3C00ABAF53
:1047F0003800AAAF3400A9AF3000A8AF2C00A7AF93
:104800002800A6AF2400A5AF2000A4AF1400A1AFDC
:104810006400A2AF6000A3AF981C400F000000002E
:1048200025E8C0036400A28F6000A38F5C00BF8FE7
:10483000130040005800BE8F5400B98F1100600073
:104840005000B88F4C00AF8F4800AE8F4400AD8F42
:104850004000AC8F3C00AB8F3800AA8F3400A98F8A
:104860003000A88F2C00A78F2800A68F2400A58FCA
:104870002000A48F1C00A38F1800A28F1400A18F0A
:1048800000606041C00000007400BA8F7000BB8FF0
:1048900000709A406C00BA8F7800BD2702609A4081
:1048A00000E8DD4100609B401800004280BF053CED
:1048B000105AA28CE8FFBD271000B0AF08004230AC
:1048C0001400BFAF1700401088BF103C00A0063C8A
:1048D0006405C2241800438C0800478C2B386700FD
:1048E0002300E0102520A000005AA58C0008A53068
:1048F0001200A010000000006405C58C8030030089
:104900002128A6000000A58C01006324205A85AC54
:10491000180043AC0800428C020043140C0002242F
:10492000045A82AC1400BF8F80000224441002AEEF
:104930001000B08F0800E0031800BD27005A858CD6
:104940000004A5300600A010000000006405C58C1E
:10495000403003002128A600EBFF00100000A594C2
:104960006405C58C2128A300E7FF00100000A59076
:104970000800448CECFF83141400BF8F105AA38CE2
:1049800080006330E8FF601040000324145AA3AC99
:1049900080000324741003AE1C0040A02000438C50
:1049A000E1FF60501400BF8F2400448C2000428C33
:1049B00009F8400000000000DBFF00101400BF8F6A
:1049C000C8FFBD271800828C2800B2AF1400928C5B
:1049D0003000B4AF2C00B3AF239042022400B1AF3B
:1049E0002000B0AF1400B2AF3400BFAF258080000C
:1049F0002598C0001000A2AF1800A5AF1C00A6AFFC
:104A000021904602020014241000B1270000048EF9
:104A1000253080024A19400F252820021000521428
:104A2000252040000800028E0C00038E180002AE04
:104A300021184300280003AE140002AE3400BF8FDB
:104A4000251060023000B48F2C00B38F2800B28F85
:104A50002400B18F2000B08F0800E0033800BD278C
:104A60000C0043040400238E0400028E280000AED4
:104A7000180000AE10004234040002AE020002240E
:104A800012008212140000AE0400228EEBFF001010
:104A9000239862022B2862000500A0500000238E9C
:104AA0002310430008003126FFFF94260000238EC8
:104AB0002390440221186200000023AE0400238EDC
:104AC00023106200D1FF0010040022AEDBFF0010B3
:104AD00025980000009D043CE8FFBD271000B0AF02
:104AE0001400BFAF391C400FAC60842400A0023C0E
:104AF0000000428C81BF103C308082AF00F6028EF5
:104B00000100423006004010009D043CC060842437
:104B10008B1B400F0000000008000010308080AFA9
:104B200000F6028E4000427C17004010009D043CBD
:104B3000D06084248B1B400F0000000000F602961A
:104B40001400BF8F4408027C00F602A600F602960D
:104B50008431027C00F602A600F60296C439027C7B
:104B600000F602A600F602960400027C00F602A6F9
:104B700000F602960421027C00F602A61000B08F17
:104B80000800E0031800BD2700F6028E8001427C79
:104B900003004010009D043CE6FF0010E460842404
:104BA00000F6028E0001427C03004010009D043C90
:104BB000D7FF0010F460842400F6028EC001427C0E
:104BC00004004050009D043C009D043CD0FF0010B8
:104BD0000C618424CEFF00101C618424D8FFBD2703
:104BE0002400BFAF2000B3AF1C00B2AF1800B1AFBC
:104BF0004F1D400F1400B0AF04004050009D043C16
:104C00000700A01425988000009D043C905B84243C
:104C10008B1B400F258000000B0000102400BF8F6D
:104C2000252000002588A000C21A400F2590C00052
:104C30000C00401425804000009D043C8B1B400F5D
:104C4000C85B84242400BF8F251000022000B38F8E
:104C50001C00B28F1800B18F1400B08F0800E00361
:104C60002800BD2725304002FF000524FE1C400F10
:104C7000252020021080848F2538600225304002D4
:104C8000AF18400F2528200208004014258040005E
:104C9000009D043C8B1B400FE85B8424DD1C400F0F
:104CA00000000000E8FF00102400BF8F371D400FF8
:104CB0001080848FFDFF401000000000371D400F62
:104CC0001080848FDD1C400F2588400001000324E4
:104CD000DDFF23522400BF8F009D043CCCFF001059
:104CE000085C8424009D043CE0FFBD2778538424A5
:104CF0001C00BFAF1800B1AF8B1B400F1400B0AF4A
:104D00003480829307004010009D043C8853842423
:104D10001C00BF8F1800B18F1400B08F8B1B400B8D
:104D20002000BD27781B400F00000000F61D400F3B
:104D3000252000000200032403004310009D043CD2
:104D4000F3FF0010A4538424030005245311400FE3
:104D500025200000FFFF112404005114108082AFB1
:104D6000009D043CEAFF0010C45384240100022487
:104D70003412103C348082A34B1A400F7856102610
:104D80000F0050101C00BF8F009D043C8B1B400F78
:104D9000E8538424FC13400F252000020C0040142B
:104DA000009D043C8B1B400F0C5484248C1C400F32
:104DB0001080848F108091AF348080A31C00BF8F3F
:104DC0001800B18F1400B08F0800E0032000BD2749
:104DD0004B1A400F00000000F9FF50101C00BF8F5D
:104DE000009D043CCBFF0010305484242800828CAA
:104DF000D8FFBD272000B3AF1C00B2AF1800B1AF81
:104E00002400BFAF1400B0AF258880002598A00013
:104E10000E0040102590C0002800228E1400238E22
:104E2000231043002B105200030040142530400291
:104E30001200405634002282252860027012400F72
:104E4000252020020500001025184000081C400FF6
:104E500000000000F0FF4010251800002400BF8F64
:104E6000251060002000B38F1C00B28F1800B18F96
:104E70001400B08F0800E0032800BD270C00410497
:104E8000258040021400248E25300002E81C400FCB
:104E9000252860021400228E25184002218050002F
:104EA000EEFF0010140030AE0F006010258060008F
:104EB000FFFF03262120630200008490FAFF821482
:104EC00025300002252860027012400F25202002A4
:104ED000251840002B105000E0FF4014219870026C
:104EE000E8FF001023805002E6FF001025804002FA
:104EF000C0FFBD272C00B3AF5000B38F3800B6AF52
:104F00003000B4AF010073322800B2AF2400B1AF5B
:104F10002000B0AF3C00BFAF3400B5AF259080009B
:104F200025B0A0002580C0002588E00003006016A1
:104F30002BA0C7001300805623A0300225300002AA
:104F40002528C0029E17400F252040020D00801624
:104F500023A03002258800023C00BF8F25102002CC
:104F60003800B68F3400B58F3000B48F2C00B38F6B
:104F70002800B28F2400B18F2000B08F0800E0031A
:104F80004000BD271100862E100002240B1086025F
:104F900025304000200005241000A427FE1C400FEF
:104FA00025A880021000A22E0B0040100F008632B0
:104FB0001000A5279E17400F25204002E6FF60162F
:104FC000253000022528C0029E17400F25204002F0
:104FD000E2FF00103C00BF8F100006241000A52740
:104FE0009E17400F25204002EEFF0010F0FFB5266F
:104FF000E0FFBD272000A4AF25288000009D043CD1
:105000001800B0AF1C00BFAF391C400FB456842449
:10501000348090930C0000161080838FFFFF0224D1
:1050200009006214009D043CDC5684248B1B400F55
:10503000000000001C00BF8F251000021800B08F78
:105040000800E0032000BD271415400F25200000B4
:105050000400401425804000009D043CF3FF001034
:1050600008578424040006242000A5270711400FB8
:105070002520000016004010258040001400A0AF3D
:105080001400A28F102742280C00401404000624AC
:105090001000A52725200000F712400F1000A0AF38
:1050A000E4FF40101000A38F2000A28FE1FF6210E8
:1050B000009D043CDDFF00102C5784241400A28FB7
:1050C000010042241400A2AFEDFF00100000000018
:1050D000009D043CD5FF001058578424840002240E
:1050E0002200A2500000E28C8500A228100040108F
:1050F000810002240800A2500000E28C82000224F9
:105100002700A2500000E28C800002241000A214AC
:10511000000000000000E28C040043240000E3AC27
:105120000000428C000082AC15000010000046AC6C
:10513000900002241A00A2500000E28C9100A228E4
:1051400005004010880002240F00A2500000E28CED
:105150000800E00325100000A0000224EEFFA2508A
:105160000000E28CE9FF0010C00002240400432488
:105170000000E3AC0000428C000082AC000046A4BA
:105180000800E00301000224040043240000E3AC13
:105190000000428C000082ACF9FF0010000046A025
:1051A000040043240000E3AC0000428C000082AC09
:1051B000000046ACC3370600F1FF0010040046AC07
:1051C000E8FFBD271400BFAF00606241C0000000CF
:1051D00000A0023C0C01428C252800002E1D400F2F
:1051E0000000448C00A0023C1001428C25280000E5
:1051F0002E1D400F0000448C6E1D400F000000006B
:10520000008002400300423400808240C000000061
:1052100088BF023C0040438C020004240410837CBD
:10522000004043AC0040438C030004240429837CE9
:10523000004043AC0020438C010004248431837C73
:10524000002043AC81BF023C00F24390C418037CB1
:1052500000F243A0E61B400F00000000C71C400FF7
:10526000000000008719400F00000000E61D400FFD
:1052700000000000009D053CFC77A5248F18400F1E
:10528000252000001C1D400F00000000206062412E
:105290001400BF8F0800E0031800BD27A8FFBD273A
:1052A0000400A1AF0800A2AF0C00A3AF1000A4AF90
:1052B0001400A5AF1800A6AF1C00A7AF2000A8AF30
:1052C0002400A9AF2800AAAF2C00ABAF3000ACAFD0
:1052D0003400ADAF3800AEAF3C00AFAF4000B8AF68
:1052E0004400B9AF4800BFAF124000004C00A8AF67
:1052F000104000005000A8AF009D1A3C90765A273D
:1053000000000000006804400060054009F8400308
:10531000000000005000A88F110000014C00A88F71
:10532000130000010400A18F0800A28F0C00A38FBE
:105330001000A48F1400A58F1800A68F1C00A78F43
:105340002000A88F2400A98F2800AA8F2C00AB8FE3
:105350003000AC8F3400AD8F3800AE8F3C00AF8F83
:105360004000B88F4400B98F4800BF8F5800BD2758
:10537000C000000018000042666C6173683A206942
:105380006E69740D00000000666C6173683A2061FC
:105390006C726561647920696E697469616C697A9F
:1053A00065640D00666C6173683A2053535432365D
:1053B00020647269766572206E6F74207265616414
:1053C000790D0000666C6173683A206661696C65EE
:1053D0006420746F206F70656E20535354323620F2
:1053E0006472697665720D00666C6173683A206953
:1053F0006E697469616C697A696E67206D6167694D
:1054000063206E756D6265720D000000666C6173DD
:10541000683A206661696C656420746F20736574F6
:10542000206D61676963206E756D626572210D0084
:10543000666C6173683A206D61676963206E756D93
:1054400062657220736574206661696C65640D0025
:10545000E0FFBD271C00BFAF1800B1AF4F1D400FCC
:105460001400B0AF0C00401425888000009D043C5F
:1054700025804000906684248B1B400F00000000B4
:105480001C00BF8F251000021800B18F1400B08FD0
:105490000800E0032000BD27C21A400F25200000AD
:1054A0000400401425804000009D043CF2FF0010E1
:1054B000C85B84241080848F801C400F2528200224
:1054C0000800401425804000009D043C8B1B400FC9
:1054D000C0668424DD1C400F00000000E9FF0010BE
:1054E0001C00BF8F371D400F1080848FFDFF4010C0
:1054F00000000000371D400F1080848FDD1C400F1E
:105500002588400001000324DDFF2312009D043C98
:105510008B1B400FDC668424D9FF0010258000001F
:105520000C00838CD0FFBD272000B0AF2B100300F0
:105530002310C200258080001400A2AF0800828CD6
:105540000000848C2800B2AF2400B1AF2590A000E9
:105550002588C0001000A5AF020006241000A52772
:105560002C00BFAF1800A2AF2B19400F1C00A3AF37
:105570000700401C18004330080064380400038E04
:1055800025186400040003AE1100001025884000B7
:105590001400A48F2B1882000D0060502588400055
:1055A0000800038E2310440021106200400002AE68
:1055B0000C00028E060040103C0003AE0100622485
:1055C0003C0002AE0000629021905102FFFF42A217
:1055D0002C00BF8F251020022800B28F2400B18F2D
:1055E0002000B08F0800E0033000BD2700A0063C7B
:1055F000B005CA8C2B004011251000002518400171
:1056000025380000254000000000658C0800A41427
:105610001000698C0200E050B005C9AC1000E9AC84
:105620000800E00310006224F7FF00102518200195
:105630002B58850007006011000000001B0040503F
:105640002540E00000004B8C2B28AB000B40E50010
:105650000B106500F4FF2015253860001100401084
:10566000000000000000438C1000458C23186400EB
:105670001100692C0700201510004724000044ACDD
:10568000F0FF63242120E400100085AC000083AC0F
:105690002528800002004255100005ADB005C5ACBC
:1056A0002510E0000800E00300000000E9FF001002
:1056B00025106000666C6173683A207365747469C4
:1056C0006E67206D61676963206E756D626572201B
:1056D0003078253038780D0A00000000666C617360
:1056E000683A206D6167696320736574206661693B
:1056F0006C6564202D206E6F7420696E6974696119
:105700006C697A65640D0000666C6173683A206D9F
:105710006167696320736563746F7220657261737A
:1057200065206661696C65640D000000666C6173DC
:10573000683A205741524E494E47202D20696D6DE1
:105740006564696174652076657269667920666151
:10575000696C6564210D0000666C6173683A206DA8
:1057600061676963207772697465206661696C6539
:1057700064210D0003008014251000000800E003E0
:10578000000000000400828CE0FFBD271800B1AFCC
:10579000200042301400B0AF1C00BFAF2580800055
:1057A000090040102588A0001400828C1800838C0A
:1057B0002B106200140040542C00828C280000AE94
:1057C000180000AE140000AE3C00058E4000028EB2
:1057D0002B18A20004006010010006240000048EB3
:1057E0000F1E400F2328A200400000AE3C0000AE78
:1057F0000B00201225100000111E400F0000048E27
:10580000080000101C00BF8F2530000009F8400080
:10581000252800001400038EE8FF6014FFFF022417
:105820001C00BF8F1800B18F1400B08F0800E00378
:105830002000BD270000A28C0400A38CC0FFBD2760
:105840003800B3AF3400B2AF3000B1AF2C00B0AF0E
:105850003C00BFAF258880002580A0000800B28CE6
:105860002000A2AF030060040C00B38C4408027C4B
:105870002000A2AF2000A2271800A2AF0A00022435
:105880001400A2AF1000B2AF0400C78C0000C68C99
:10589000B810400F252000021000068E2000A38FB4
:1058A00025384002FFFFC6241000A3AF2330C200FA
:1058B00021286202BC13400F252020020400238E01
:1058C00000016330040060103C00BF8F0400038EB1
:1058D0002A2043000B1064003800B38F3400B28FCD
:1058E0003000B18F2C00B08F0800E0034000BD27CE
:1058F000D8FFBD272000B1AF00A0113C0801228EC7
:105900001C00B0AF2400BFAF0E0040102580800007
:10591000191C400F000000001000A4272A1C400F93
:105920001000A2AF0F0042241000A58F0418027CC3
:10593000121D400F252040000C0040102400BF8F96
:10594000080120AE01000052010010240F001026B3
:105950000418107C0900001600A0023C0C0003246F
:10596000B40543AC251000002400BF8F2000B18F88
:105970001C00B08F0800E0032800BD270400022EA1
:10598000040003240B8062007B15400F25200002D9
:10599000F5FF4054FCFF50ACF4FF00102400BF8F13
:1059A000020003242700C310000000000400838CC1
:1059B000200063302300601400000000E0FFBD27DA
:1059C0001800B2AF1400B1AF1000B0AF1C00BFAFF1
:1059D000258080002510A0002590C0000500A0149F
:1059E0002588E0000100E050000411243C16400F1F
:1059F00008002426080002AE0400028E0C0011AE3E
:105A000020004234040002AE0100022402004212CF
:105A10000A000224FFFF0224340002A21C00BF8FF0
:105A2000009D023CEC4D42242C0002AE1800B28FC7
:105A3000251000001400B18F1000B08F0800E003A3
:105A40002000BD270800E00325100000756C033C12
:105A5000C8FFBD27286E63241800A3AF6C29032458
:105A60002800B2AF2000B0AF3400BFAF3000B4AFF9
:105A70002C00B3AF2400B1AF259080002510E000CA
:105A80001C00A3A71E00A0A30200C0101800B0278E
:105A90002580C0000400B18C0800B38C03004014C2
:105AA0000000B48CB01C400F25200002020020062C
:105AB0002B1822020B1023021000B4AF253860020D
:105AC0002528000225204002BC13400F253040004D
:105AD0003400BF8F3000B48F2C00B38F2800B28FFA
:105AE0002400B18F2000B08F0800E0033800BD27EC
:105AF000F0FFBD270C00BFAF00606241C000000096
:105B00000000A2AF00E0847C81BF023C20F444ACE2
:105B1000004003240F00042404F443AC04F444AC18
:105B200008F445AC08F443AC004804400048034086
:105B300023186400F000632C1200601499AA033C3F
:105B40005566632410F440AC10F443AC6655033C36
:105B5000AA99633410F443AC0080033408F443ACD6
:105B60000000A28F00608240C00000000C00BF8FC8
:105B700088BF023C0001033C781043AC0800E003FE
:105B80001000BD2740000000E8FF001000000000EA
:105B9000666C6173683A2072656164206661696C45
:105BA0006564202D206E6F7420696E697469616C64
:105BB000697A6564206F7220696E76616C69642011
:105BC000706172616D730D00666C6173683A206676
:105BD00061696C656420746F2061637175697265B9
:105BE00020535049320D0000666C6173683A207290
:105BF000656164206F7065726174696F6E206661A3
:105C0000696C65640D000000666C6173683A20720F
:105C1000656164207472616E736665722066616985
:105C20006C65640D00000000FFFF02240800821470
:105C3000251000000800E00300000000251000000F
:105C40001400BF8F1000B08F0800E0031800BD27BC
:105C5000E8FFBD271000B0AF00A0103C1C051026C7
:105C60000800028EF5FF40101400BFAFC217400FAE
:105C700018808527F1FF40101B80829312000424B6
:105C80000400441001000324180042389800042442
:105C90000B18820007000224240003A2080000AEB3
:105CA0002C1B400F040002AEE5FF40140200032449
:105CB000080003AEE3FF00101400BF8F060080143D
:105CC000251000000800E003000000001400BF8F52
:105CD0000800E0031800BD27E8FFBD271400BFAF90
:105CE0003F1B400F060007242510000080BF033C27
:105CF0000300451400000000F4FF0010010002241E
:105D00001068668C0100C630FDFFC0100000000066
:105D10001068668C0E00C630ECFFC05425100000E1
:105D20000068668C3068688C0600C6300500C714B1
:105D300040300200213086000000C8A4ECFF0010B3
:105D40000100422421308200FCFF00100000C8A0A6
:105D5000009D043CE8FFBD271400BFAF8B1B400F24
:105D60005C7784243913400F000000003080828F5C
:105D7000020003240700431403000324FF03400F21
:105D800000000000A41C400F00000000FFFF0010F6
:105D9000000000000700431404000324A205400F84
:105DA00000000000A41C400F00000000F7FF0010DE
:105DB0000000000007004314000000002007400F0F
:105DC00000000000A41C400F00000000EFFF0010C6
:105DD00000000000A41C400F00000000EBFF0010BA
:105DE000000000002800828CE0FFBD271800B0AF43
:105DF0001C00BFAF25808000100040101000A5A33C
:105E00001400038E2800028E2B1062001400401430
:105E10001000A2932C00028E010006241000A5277A
:105E200009F8400025200002010003240700431464
:105E30001000A293070000101C00BF8F081C400F29
:105E400000000000EFFF40501400038EFFFF02240B
:105E50001C00BF8F1800B08F0800E0032000BD2792
:105E600034000482EBFF441001006424140004AEEB
:105E7000F7FF0010000062A00400828CE0FFBD2745
:105E80001C00BFAF000147301800B1AF1700E01091
:105E90001400B0AF1000828C2518C0002B88C200FF
:105EA0000A1851000C0060102588600025808000D1
:105EB0001400848CE81C400F253060001400028E12
:105EC0001000038E2110510023887100140002AECF
:105ED000100011AE000040A01C00BF8F1800B18F51
:105EE0001400B08F0800E0032000BD2710004230EE
:105EF000FAFF40541C00BF8F731C400F00000000CD
:105F0000F6FF00101C00BF8FFFFF03241F0083104B
:105F100025100000E8FFBD271000B0AF00A0103C26
:105F20001C0510260800038E140060101400BFAF7B
:105F30000A000224040002AE9FFF0224208082A3F4
:105F4000208082273C0002AE380005AE010002240A
:105F500000A0053C400002AE5405A5240400022424
:105F600025200002080000AE301A400F440002AEA7
:105F70000800028EFEFF4010010002241400BF8FB3
:105F80001000B08F0800E0031800BD270800E003F0
:105F900000000000100080102510000088BF033CA6
:105FA00040000224686062AC2530600025100000CB
:105FB00080BF033C060008240900451400000000CF
:105FC0001068628C0002427CFDFF4010000000005F
:105FD000400003246460C3AC0800E003000000003C
:105FE0001068678C0002E730FDFFE014000000003D
:105FF0000068678C0600E7300700E814213882004B
:1060000040380200213887000000E794206867AC20
:10601000E9FF001001004224FCFF00100000E7909F
:10602000E0FFBD271400B0AF00A0103CA405028E15
:106030001800B1AF1C00BFAF0800401025888000D9
:1060400011002006A405028E00A0033CA805638C65
:1060500023186200110000102B1871000F10400F60
:1060600000000000A405028EF5FF401400000000AF
:10607000FFFF02241C00BF8F1800B18F1400B08FE7
:106080000800E0032000BD2700A0033CAC05638CA2
:1060900023201100231843002B186400F4FF601420
:1060A00021885100F3FF0010A40511AE626F6F74D8
:1060B0006C6F616465723A2072657365743A200092
:1060C000506F7765722D6F6E2052657365740D0089
:1060D00042726F776E2D6F75742052657365740D03
:1060E0000000000C536F667477617265205265730F
:1060F00065740D005761746368646F672054696D3F
:10610000656F75742052657365740D00457874650C
:10611000726E616C2052657365740D002020556E9F
:106120006B6E6F776E20726573657420736F757216
:1061300063650D00E8FFBD271400BFAF7014400F6A
:1061400025200000009D043C0200032488BF023C7F
:10615000B86B8424686143AC8B1B400F00000000C7
:10616000009D063C009D053C009D043C7077A524E5
:106170000478C624391C400FD06B8424B512400F1C
:10618000000000003080858F0200A22C0500401422
:10619000009D043C391C400FE46B84245417400FCD
:1061A00000000000A41C400F000000001400BF8F7E
:1061B000010002240800E0031800BD27FFFF0324AC
:1061C0001C008310251000001A00A0100000000021
:1061D000E0FFBD271400B0AF00A0103C1C05102646
:1061E0000800038E1C00BFAF0D0060101800B1AF97
:1061F00002000224240002A2020011240001022451
:10620000080000AE200002AE1C0005AE180006AE6D
:106210002C1B400F040011AE01004050080011AECD
:106220001C00BF8F1800B18F1400B08F0800E0036E
:106230002000BD270800E0030000000000A0063C8D
:106240001C05C7901B00E0140000000001000224A0
:10625000E0FFBD271C05C2A00400A28C1400B0AF53
:106260001C05D0241800B1AF25888000252000022D
:106270001C00BFAF280002AE0C0000AE671D400F2F
:10628000140000AEC81D400F2800048E1C00BF8FF4
:1062900001000224080002AE020002240C0002AE3B
:1062A000251020021400B08F1800B18F0800E00301
:1062B0002000BD270800E003FFFF0224FFFF0324A6
:1062C0001B008310251000001900A0100000000022
:1062D0001700C01000000000E8FFBD271000B0AF9D
:1062E00000A0103C1C0510260800038E0C00601056
:1062F0001400BFAF1C0005AE0B0004242528E000ED
:10630000080000AE200006AE180007AE151A400FB8
:10631000040000AE0200401402000324080003AE93
:106320001400BF8F1000B08F0800E0031800BD27D5
:106330000800E003000000000800E0030000000087
:106340002518E003009D043C043D842416008010C1
:10635000000000000000858C1300A01004008424BD
:106360000000868C0400842400008B8404008424B4
:10637000009D0C3C84778C2580580B0021606C01BB
:1063800000008C8D09F880010000000025204000ED
:1063900003008424FCFF06242420C4000000858C14
:1063A000ECFFA0140000000025F860000800E003E6
:1063B000000000001C00C010FFFFC8240000A380E4
:1063C0000100A724010082240E006010000083A0B9
:1063D0002130A600060000102128A8000100E724B3
:1063E000FFFFE48009008010FFFF64A0251060001B
:1063F0002340A700F9FFC714010043240800E0036D
:10640000000000002518400025108000FBFF00114F
:106410002120680001006324FEFF8314FFFF60A0B9
:106420000800E0030A1082000800E0032510800045
:1064300020000524000082800D004510F7FF432452
:106440000500632C0A0060142B0003240A0043108B
:106450002D00032403004314252800000100052417
:106460000100842425100000070000100A00072402
:10647000F0FF001001008424F9FF0010252800001F
:10648000010084242310430000008380D0FF632494
:106490000A00662CFAFFC054021047700100A05099
:1064A000231002000800E00300000000D8FFBD2711
:1064B0002000B4AF1C00B3AF1800B2AF1400B1AFEE
:1064C0001000B0AF2400BFAF25A080002598C00009
:1064D0002580A00025880000259000002A10530286
:1064E000090040142400BF8F251020022000B48F23
:1064F0001C00B38F1800B28F1400B18F1000B08F42
:106500000800E0032800BD270400068E0000058E69
:1065100025208002521B400F0100522621882202B2
:10652000EEFF001008001026D8FFBD272000B4AFF2
:106530001C00B3AF1800B2AF1400B1AF1000B0AF81
:106540002400BFAF25A080002598C0002580A000B2
:1065500025880000259000002A10530209004014ED
:106560002400BF8F251020022000B48F1C00B38FA1
:106570001800B28F1400B18F1000B08F0800E00334
:106580002800BD270400068E0000058E252080020D
:10659000651B400F0100522621882202EEFF0010E9
:1065A00008001026666C6173683A2077726974651A
:1065B000206661696C6564202D206E6F7420696EA1
:1065C000697469616C697A6564206F7220696E769E
:1065D000616C696420706172616D730D0000000070
:1065E000666C6173683A20706167652077726974C0
:1065F00065206661696C65640D000000666C6173FE
:10660000683A207772697465207472616E7366658A
:1066100072206661696C65640D00000088BF033CF0
:1066200080BF023C40000424200006248000052492
:10663000741066AC741064AC741065AC005A40AC55
:10664000205A478C441066AC441064AC441065ACCE
:1066500027000324305A43AC0100033C2003632489
:10666000145A44AC085A43AC05000324085A43ACFE
:1066700000A0033C640563241C0060A0200060AC03
:1066800000800334085A43AC0800E0030000000017
:10669000666C6173683A2065726173652073656327
:1066A000746F72206661696C6564202D206E6F7452
:1066B00020696E697469616C697A65640D00000017
:1066C000666C6173683A20736563746F72206572DB
:1066D000617365206661696C65640D00666C617349
:1066E000683A20736563746F722065726173652008
:1066F0007472616E73666572206661696C65640DA3
:106700000000000088BF023C7010438C4010448C95
:10671000E8FFBD271000B0AF400084301400BFAFC9
:1067200006008010258040004000623003004010C9
:1067300000000000C20E400F000000007010028E2A
:106740004010038E800063300600601080004230ED
:10675000040040101400BF8F1000B08F2B12400BAC
:106760001800BD271400BF8F1000B08F0800E00391
:106770001800BD271700801000A0073CB005E28C70
:10678000F0FF8624150040102540E000F0FF838CC8
:106790000000458C21488300070049141000A524FF
:1067A0001000428C21186500F0FF83AC000082AC21
:1067B0000800E003B005E6AC213845000300C7142B
:1067C000211865000800E003000043AC000082AC23
:1067D000B00506AD0800E00300000000FCFF00105B
:1067E000000080AC0400A28CE8FFBD2720004230EE
:1067F000060040141400BFAF7D1A400F00000000D7
:106800001400BF8F0800E0031800BD27253080006A
:10681000FF0082303400A480090082102518A000F7
:106820001400A48C2800A58C2B2885000400A0103F
:1068300001008524140065ACF1FF0010000086A063
:106840002528C0007917400F25206000EDFF0010BB
:106850001400BF8F02140500E8FFBD27A028057CA7
:106860000B000324218082A31400BFAF208084A3E7
:10687000228085A70400831404000224FFFF022461
:10688000248082A30500022400A0043C00A0053C53
:106890001C058424208083275405A5243C0083AC58
:1068A000400082AC380080AC301A400F440080AC0D
:1068B0001400BF8F010002240800E0031800BD2768
:1068C000E0FFBD271800B1AF258880002800848C28
:1068D0001400B0AF2580A0000F0082300100052415
:1068E000042845001C00BFAF7C1D400F022104009E
:1068F0003400228E0C00078E0000068E0800058EE4
:106900000400048E0000428C080020AE09F840000C
:10691000000000001C00BF8F010002241800B18F8E
:106920001400B08F0800E0032000BD27348082935C
:10693000E0FFBD271C00BFAF0D0040141000A0AF4A
:106940001080838FFFFF022409006214009D043C25
:10695000C06E84248B1B400F00000000251800002F
:106960001C00BF8F251060000800E0032000BD2739
:10697000040006241000A527F712400F2520000070
:10698000F7FF40141000A38F009D043CF1FF00109E
:10699000EC6E8424E0FFBD271000B0AF0280A6702B
:1069A0001800B2AF2590C0001400B1AF0A900500E6
:1069B0002588A000252880002520E0001C00BFAF0E
:1069C000731C400F25300002040002121C00BF8F10
:1069D0001B005100F401200212900000251040021B
:1069E0001400B18F1800B28F1000B08F0800E003C0
:1069F0002000BD270400A28CE0FFBD27FF008330EC
:106A0000000142301C00BFAF0A0040101000A3A3D9
:106A10001400A28CFF008430010046241400A6ACB0
:106A2000000043A01C00BF8F251080000800E00379
:106A30002000BD272520A00001000624731C400F64
:106A40001000A527F7FF4010FFFF0424F5FF0010FA
:106A50001000A493E0FFBD271C00BFAF1800B2AF29
:106A60001400B1AF1000B0AF2590A000B01C400FD3
:106A7000258880002530400025384002252020024E
:106A800001000524651A400F258040001C00BF8FBF
:106A9000261050002B100200231002001800B28FA5
:106AA0001400B18F1000B08F0800E0032000BD2754
:106AB000E8FFBD2720808327050004241400BFAF12
:106AC000000064A000A0043C1C0584241C808227D4
:106AD00000A0053C010040A03C0083AC380082AC23
:106AE00001000324020002245405A524400083ACC5
:106AF000301A400F440082AC1400BF8F0100022402
:106B00000800E0031800BD2735808293E8FFBD2709
:106B10001000B0AF1400BFAF030040142580800008
:106B2000781B400F000000001480858F02000224B3
:106B30000900A250148090AF009D043C391C400F06
:106B400048738424251000001400BF8F1000B08FFC
:106B50000800E0031800BD27FBFF0010010002241D
:106B6000009D063C25100000F076C6244018020067
:106B700021186600000067800300E0540000858C47
:106B80000800E00301006290010042240000A88098
:106B900004000715FF004230010062900100A524A7
:106BA000000085AC0B00432CF1FF6014401802007C
:106BB0000800E00300000000626F6F746C6F616496
:106BC00065723A207374617274696E670D0000001B
:106BD000626F6F746C6F616465723A202573202553
:106BE000730D0A00626F6F746C6F616465723A2096
:106BF00074726967676572207061747465726E3A49
:106C0000203078253038580D0A0000000000043C80
:106C1000E8FFBD2700008424030080101400BFAFEC
:106C200009F8800000000000000084300000A5305A
:106C3000009D083C3461082509F8000100000000AF
:106C40000000023C0000422403004010000000004D
:106C500009F8400000000000F9FF001000000000EB
:106C60008000A32810006014251000008200A328D3
:106C700003006014830003240B00A3140000000031
:106C80000000C28C070042240410027C0800432448
:106C90000000C3AC0400438C0000428C040083ACB1
:106CA000000082AC010002240800E00300000000A4
:106CB00000A0043C1C058424E8FFBD272080822717
:106CC0000600032400A0053C1400BFAF5405A52412
:106CD000000043A03C0082AC01000224380080ACDC
:106CE000400082AC301A400F440080AC1400BF8FCB
:106CF000010002240800E0031800BD2780BF023C09
:106D00001068438C0E0063300A0060100000000021
:106D10001068438C020063300200601002000324FC
:106D2000146843AC1068438C0100633003006014A6
:106D3000000000000800E003000000003068438C01
:106D4000F8FF001000000000100080140000000098
:106D5000E8FFBD271000B0AF1400BFAF25108000C2
:106D60000600C0102580A000010005242F17400F49
:106D700025200002FCFF4010010002241400BF8FF8
:106D80001000B08F0800E0031800BD270800E003E2
:106D900025100000E0FFBD27010002241400B0AF61
:106DA0001C00BFAF1800B1AF070082142580C000DF
:106DB0002588A00025280002E517400F2520200285
:106DC000FDFF4010252800021C00BF8F2510000287
:106DD0001800B18F1400B08F0800E0032000BD2719
:106DE00035808293E8FFBD270D0040141400BFAF2B
:106DF000009D043C8B1B400FC076842488BF023C5E
:106E000020000324E86043AC80000324E86043AC26
:106E100002000224148082AF01000224358082A384
:106E20001400BF8F0800E0031800BD27E8FFBD274E
:106E30001000B0AF00A0103C1001028E1400BFAFD4
:106E4000951A400F0000458C060040040100032401
:106E50001001028E0A000424911D400F0000458C91
:106E6000C21F02001400BF8F231003001000B08F58
:106E70000800E0031800BD27E8FFBD271000B0AFF1
:106E800000A0103C1C051026060002241400BFAF11
:106E9000080000AE240004A2180005AE2C1B400F11
:106EA000040002AE0200401402000324080003AEF6
:106EB0001400BF8F1000B08F0800E0031800BD273A
:106EC000666C6173683A206D616769632072656101
:106ED00064206661696C6564202D206E6F74206982
:106EE0006E697469616C697A65640D00666C6173C2
:106EF000683A206D6167696320726561642066612C
:106F0000696C65640D0000000000023C0000422432
:106F1000070040100000023C0000422405004050E1
:106F2000009D023C3F0000700800E00300000000EC
:106F3000009D023CDC6F4224030040100000000072
:106F400009F84000000000000800E0030000000015
:106F50000F00C01025100000FFFFC62425180000F8
:106F600021108300000042902138A3000700401048
:106F70000000E7900600E050231047000400C350D3
:106F800023104700F6FF4710010063242310470039
:106F90000800E003000000004000032481BF023C21
:106FA000689043AC88BF023C606040AC446043AC36
:106FB000A0000324E06043ACC46043AC030003249E
:106FC000606140AC446143AC00020324A06140AC6A
:106FD000846143AC0800E0030000000000606041F1
:106FE000C000000099AA033C81BF023C556663249F
:106FF00030F240AC30F243AC6655033CAA9963349E
:1070000030F243AC81BF023C0100032418F643ACCC
:1070100081BF023C10F6428CF91B400B00000000BF
:10702000E8FFBD271000B0AF1400BFAF571C400FE2
:1070300025808000080040141400BF8F0800038ED4
:107040000C00048E180003AE140003AE2118640077
:10705000280003AE1400BF8F1000B08F0800E003BB
:107060001800BD2700A0023CA405438CE8FFBD2703
:107070001000B0AF1400BFAF0300601425804000C3
:107080000F10400F0000000000A0023CA805438C38
:107090001400BF8FA405028E1000B08F1800BD270A
:1070A0000800E003231062000000848C03008104C8
:1070B000251000000800E00300000000E8FFBD27E5
:1070C0001400BFAF0818400F00000000FFFF0324AA
:1070D00001004350251000001400BF8F0800E0039A
:1070E0001800BD2700A0023C1001428CE0FFBD2724
:1070F0002400A5AF2800A6AF2C00A7AF252880004C
:107100000000448C2400A6271C00BFAF481C400F81
:107110001000A6AF1C00BF8F0800E0032000BD27B1
:10712000E0FFBD271800B0AF1000A6AF258080009B
:107130001C00BFAF9808400F1000A6270400038E64
:107140001C00BF8FFFFF0424100063300B1083006E
:107150001800B08F0800E0032000BD27480082809F
:10716000FFFF432425104300480082A00400828CC6
:107170000400433005006050400080AC10004234F1
:10718000040082AC0800E003FFFF02243C0080AC56
:107190000800E003251000002510A00000E0847C1A
:1071A00081BF033CE8FFBD2740F464AC0300052425
:1071B0001400BFAFBC16400F252040001400BF8F45
:1071C000010002240800E0031800BD272C00838C76
:1071D000E8FFBD27060060101400BFAF09F860008B
:1071E000000000001400BF8F0800E0031800BD2756
:1071F000651B400F0000848CFBFF00101400BF8F44
:10720000FFFF0224080082100000000000A0023CE2
:107210001C0542240800428C0300401000000000BE
:107220009E1B400B200004240800E00325100000F2
:10723000FFFF0224080082100000000000A0023CB2
:107240001C0542241400438C030060100000000061
:10725000FFFF6324140043AC0800E00300000000BB
:1072600088BF023C0001033C441043AC2880828F5D
:1072700005004010000000002C80848F2880998F2A
:1072800008002003000000000800E00300000000E8
:10729000009D043CE8FFBD271400BFAF8B1B400FCF
:1072A0001C75842400606241C00000001400BF8F80
:1072B000009D193C00803937080020031800BD27C5
:1072C00000008280080040100000000025108000AF
:1072D0000100422400004380FEFF6054010042246C
:1072E0000800E003231044000800E003251000001C
:1072F0000020023C2510C200E8FFBD272530A00079
:107300001400BFAFE81C400F252840001400BF8FB9
:10731000010002240800E0031800BD2780BF023CE2
:1073200008000324006843AC00940334186843AC9D
:10733000AD000324406843AC00800334086843ACCC
:107340000800E003000000007370695F636F6F72F4
:1073500064696E61746F723A2053504932206275CD
:107360007379207769746820646576696365202580
:10737000640D0A001480838F02000224060062104C
:1073800088BF033C20000424E86064AC800004242F
:10739000E86064AC148082AF0800E00300000000E5
:1073A0000800C010251080002130860025188000BC
:1073B0000100A524FFFFA79001006324FCFF6614D1
:1073C000FFFF67A00800E0030000000000A0043CED
:1073D0008C05822401000324080043AC00A0033C78
:1073E000C00563248C0583AC0000033C00206324AB
:1073F0000800E003040043AC0700C0102510800023
:10740000202C057C21308600251880000100632493
:10741000FEFF6614FFFF65A00800E0030000000007
:10742000E8FFBD271000B0AF1400BFAFED18400F4C
:10743000258080001400BF8F251000021000B08F3F
:107440000800E0031800BD2700A0033CB005668CCF
:107450000500C01425100000B00564AC100080AC1D
:10746000000085AC010002240800E00300000000D9
:1074700088BF023C00100324081043AC0004033C06
:10748000081143AC04000324481143AC0800E00396
:107490000000000000A0023C640542241C0044904F
:1074A00080BF023C105A438C0100022480006330EC
:1074B0000800E0030B1083000100A62CE8FFBD27A5
:1074C000000407241400BFAF6816400F40300600C8
:1074D0001400BF8F0800E0031800BD27FFFF03243E
:1074E000040083100200022400A0023C1C05422478
:1074F0000800428C0800E00300000000E8FFBD2700
:107500001400BFAFBC16400F040005241400BF8F49
:10751000010002240800E0031800BD27626F6F74A9
:107520006C6F616465723A206C6F61642061707089
:107530006C69636174696F6E0D0000003480839321
:1075400004006010251000001080828F010042248A
:107550002B1002000800E003000000000000848CF3
:10756000E8FFBD271400BFAF651B400F00000000FF
:107570001400BF8F0800E0031800BD2700008C90A6
:10758000FFFFC624010084240000ACA0FBFFC01450
:107590000100A5240800E003251080000000A28C53
:1075A000252880001400598C340082AC009D043CD6
:1075B000080020033477842481BF033C00F0628CF0
:1075C0004001427CFDFF4010000000000800E00385
:1075D0000000000088BF023C802104006860422453
:1075E00021104400000045AC0800E003000000004A
:1075F00088BF023C802104006460422421104400C2
:10760000000045AC0800E00300000000BFFF832439
:107610001A00632C020060102510800020008234C4
:107620000800E003000000009FFF83241A00632C81
:1076300002006010251080005F0082300800E00327
:1076400000000000E8FFBD271400BFAFF919400F8C
:10765000000000001400BF8F0800E0031800BD27E1
:107660000000200201000003000000000B000000E9
:10767000010000000000000000A0023C640542245C
:10768000200044AC240045AC0800E00300000000EA
:10769000F8FFBD270400BFAF006802400070024041
:1076A000FFFF001000000000CC34009DE477009D37
:1076B0004877009D9474009D000000007876009D3E
:1076C0007370695F636F6F7264696E61746F723A31
:1076D00020696E69740D000000601A40BFFF1B3CFA
:1076E000FFFF7B3724D05B0300609A401800004204
:1076F00068076C094C836A9074A07AC0008068881F
:1077000000846C8200810000FFFFC6240000A0A05E
:10771000FDFFC0140100A5240800E003251080002F
:107720000F0082300100052404284500751D400B20
:1077300002210400440080AC400080AC380080ACE2
:10774000BE0D400B3C0080AC2538A00025308000E9
:1077500025280000330D400B25200000626F6F7458
:107760006C6F616465723A206D61696E0D00000096
:107770006E6F646539305F626F6F746C6F616465E2
:10778000720000000877009D7C75009D3863009DA5
:107790003863009D3863009D81BF023C20F4448C17
:1077A000BC16400B2528000081BF023C00F4428C2F
:1077B0000800E0030030423081BF023C00F4428CFC
:1077C0000800E003C003427CE8FFBD271400BFAF00
:1077D000A41D400F0000000000A0023C0800E003D0
:1077E0002805428C25380000330D400B2530000061
:1077F000286E696C2900000025000000A876009D15
:1078000025000000312E312E320000000800E00378
:10781000000000000800E003000000000800E00392
:10782000251000000800E003251000000800E00318
:10783000251000000800E003251000000800E00308
:0C784000251000000800E00325100000E7
:108000000220400F0000000000601A40C0045A7FA8
:108010000500401300000000019D1A3C48925A27B9
:10802000080040030000000002A01D3CF8FFBD272F
:1080300001A01C3C00809C270260094020582001C0
:10804000801E2A7D8449497D02608940C00000006D
:1080500000E0DC4102608B40C0000000019D083C54
:108060006894082509F8000100000000059D083CFF
:10807000287F082509F80001000000000000093CE5
:108080000000292510002011000000000200093C1A
:10809000F0FF292588BF0A3C10204A25000049AD81
:1080A0000200093CF0FF292588BF0A3C20204A2510
:1080B000000049AD0200093CF0FF292588BF0A3CB9
:1080C00030204A25000049AD00488040FFFF0A24C7
:1080D00000588A404000083C00600A4025500A01D0
:1080E00000608A40019D093C00902925C0000000E5
:1080F000017889400000093C0100292500000A247C
:1081000044492A7D01608A408000093C006889401A
:10811000008008408005097D404C0900006008404F
:108120005800013C2440010125402801006088409E
:10813000C0000000019D083C7094082509F800016A
:108140000000000000600840BFFF013CFFFF213439
:108150002440010100608840000084300000A53008
:10816000069D083C308C0825080000010000000036
:10900000785634120400801000000000019D023CDC
:1090100038934224000082AC0800E00325100000D1
:109020006E6F64653930000000002002010000030B
:10903000000000000B000000010000000000000024
:10904000312E342E340000006F74613A2062696E54
:109050005F75726C3A2025730D0A000062696E5FBD
:1090600075726C006F74613A20696E69740D0A0044
:1090700068747470733A2F2F3139322E3136382E8E
:10908000312E36382F72656C656173652F6E6F6493
:109090006539305F6C61746573742E62696E0000AF
:1090A000747275650000000066616C7365000000F5
:1090B000737461727400000076657273696F6E007C
:1090C00076616C6964000000646F776E6C6F616438
:1090D000696E67006F74613A20636F617020676525
:1090E000742068616E646C65720D0A007B226522D3
:1090F0003A25737D000000006E6574776F726B3ADD
:10910000206A736F6E5F746F5F63626F7220657247
:10911000726F723A2025640D0A0000006F74613A84
:1091200020726573706F6E73653A200025630000CE
:109130000D0A0000646F776E6C6F616400000000C0
:1091400075706461746500006F74613A20707574A5
:10915000206A736F6E207374723A2025730D0A00B3
:10916000650000006F74613A20636F617020707554
:10917000742068616E646C65720D0A006F74610022
:10918000059D1A3C3C615A2708004003000000007E
:109190002121212047454E4552414C204558434509
:1091A0005054494F4E3A20636F64653D25642C202E
:1091B000616464726573733D3078253038582021BE
:1091C00021210D0A0000000021212120424F4F548F
:1091D000535452415020455843455054494F4E3AFC
:1091E00020636F64653D25642C206164647265733F
:1091F000733D307825303858202121210D0A000098
:10920000059D1A3CFC265A27080040030000000078
:109210008800000010CD049DA0CD049D70CB049D5E
:10922000AF27410B00000000FC35059D0C36059D65
:109230007437059D000000000000000000000000E1
:10924000BD63410B0000000000601A40BFFF1B3CE3
:10925000FFFF7B3724D05B0300609A401800004278
:10926000BD63410B0000000068076C094C836A90E5
:1092700074A07AC00080688800846C82008100003D
:109280001227410B00000000FFFFC6240000A0A031
:10929000FDFFC0140100A5240800E0032510800094
:1092A000BD63410B00000000F8000000100000004A
:1092B000040000009C11059DD411059D101B01A008
:1092C000BD63410B00000000F8000000100000002A
:0C92D000040000007CE5049DB4E5049D52
:1092E000BD63410B00000000F8000000100000000A
:0C92F00004000000840F059DBC0F059DCC
:10930000BD63410B000000008892009D389E059DC2
:0C931000207F059D207F059D207F059D8E
:10932000BD63410B00000000E8FFBD271400BFAF84
:10933000D224400F7F0004246E6F6E650000000C85
:10934000BD63410B00000000E8FFBD271400BFAF64
:109350002C25400F00000000408000004080C0002D
:10936000BD63410B00000000696E66696E69747927
:10937000000000006E616E0049444C450000000092
:10938000BD63410B00000000494E4600696E660057
:109390004E414E006E616E00000000000000F03F84
:1093A000BD63410B00000000494E4600696E660037
:1093B0004E414E006E616E00010203040500000084
:1093C000BD63410B00000000000000000000E07FD2
:1093D0000000000000006003000000000000F041F9
:1093E000BD63410B0000000000F0A67C251080004A
:1093F0000800E0032518C000000000000000F04154
:10940000BD63410B000000000001FFFFFFFFFFFFF5
:10941000FFFF0000059D023C0800E003187842248D
:10942000BD63410B00000000059D023C0800E00305
:10943000F84942240400000010DF029D34DF029D41
:10944000BD63410B000000000102040810204080B1
:109450001B360000286E696C290000002500000002
:10946000BD63410B000000000800E00300000000A5
:109470000800E00300000000696E66006E616E0087
:10948000BD63410B000000000800E0032510000050
:109490000800E003251000000800E003251000008C
:1094A000BD63410B000000000800E0032510000030
:1094B000FFFF0010000000000800E003251000007E
:1094C000BD63410B000000000800E0032510000010
:0894E000BD63410B0000000018
:08950000BD63410B00000000F7
:08952000BD63410B00000000D7
:08954000BD63410B00000000B7
:08956000BD63410B0000000097
:08958000BD63410B0000000077
:0895A000BD63410B0000000057
:0895C000BD63410B0000000037
:1095E000059D1A3CB0285A270800400300000000DF
:1095F0000400060008000A000E0014001C002800E9
:10960000059D1A3C642A5A27080040030000000008
:109610000800E003FFFF02240800E003FFFF02242C
:08962000BD63410B00000000D6
:08964000BD63410B00000000B6
:08966000BD63410B0000000096
:08968000BD63410B0000000076
:0896A000BD63410B0000000056
:0896C000BD63410B0000000036
:0896E000BD63410B0000000016
:08970000BD63410B00000000F5
:08972000BD63410B00000000D5
:08974000BD63410B00000000B5
:08976000BD63410B0000000095
:10978000059D1A3C182C5A270800400300000000D1
:10979000069D1A3C7C885A27080040030000000000
:0897A000BD63410B0000000055
:0897C000BD63410B0000000035
:0897E000BD63410B0000000015
:10980000059D1A3CCC2D5A2708004003000000009B
:10981000000000000000F03D000000000000F041EA
:08982000BD63410B00000000D4
:08984000BD63410B00000000B4
:10986000BD63410B000000000500C0102510000082
:1098700071008790FF00A3300300E3100100032470
:109880000800E00300000000FDFFA314000000003A
:109890000000C28C400082AC8400828C84D6A27C02
:1098A000840082AC0800E003010002240800800468
:1098B000251000003081838F2B1883000400601076
:1098C000802004004081828F212044000000828C8F
:1098D0000800E0030000000070008390FDFF652495
:1098E0000300A52C0400A014030002240800633820
:1098F000010005240B10A3008400838C0002643057
:1099000001008054040042340004633001006054BC
:10991000080042340800E00300000000700083905B
:109920000300022403006210080005240D006514E2
:10993000251000000800868C0C00838C2B10C300BF
:109940000A004054231066000400858C0000828CBD
:109950002318C3002310A200FFFF4224231043005A
:10996000FFFF42300800E00300000000FCFF001091
:10997000FFFF42241C00828C2000858C2B184500A0
:10998000040060541800838C231045000800E00395
:10999000FFFF42301400848C23186500231044001C
:1099A00021106200F9FF0010010042240C00838C9A
:1099B0000019637C80180300ECFF6324FF00633010
:1099C0000B0060101802022414008424213083004C
:1099D0000100072402000824050060101802022478
:1099E0002B10860004004014010085241802022474
:1099F0000800E00300000000FFFFA290FCFF4050C1
:109A000018020224FFFF632423004710FF00633085
:109A1000170048540200622C0300632CF4FF60140A
:109A2000180202240100859004000324F0FFA3140F
:109A3000000000000200839025100000047A627C80
:109A4000030083900438627CFFFF4330B505632C2C
:109A500001006050B4050224FFFF43301802632C5C
:109A600001006054180202240800E003FFFF4230A6
:109A7000DFFF401418020224010082902B286200AC
:109A8000DAFFA0140200452423186200212085007B
:109A9000D1FF0010FF006330CFFF00102520A00091
:109AA0008400828C000B427C080040500000838CB4
:109AB000010042380100422C8400838C01004238AE
:109AC00044EF437C0800E003840083AC6600859487
:109AD0000400828C23104300401805002118650003
:109AE000421803002B104300F3FF0010010042381E
:109AF0003081858F4081868F251000000300A214DD
:109B0000801802000800E003010002242118C300AD
:109B10000000638CF9FF6050010042245E006394F2
:109B20000300641000000000F4FF00100100422454
:109B30000800E00325100000E8FFBD270C00022408
:109B40001400BFAF1000B0AF25808000700082A06D
:109B5000CE37410F252000007400038625284000E1
:109B6000802003004081838F21186400000060ACD6
:109B7000E037410F252000003481848F0C00828C57
:109B800009F840001400058E3481848F0C00828C0B
:109B900009F840000000058E3481848F25280002DA
:109BA0001400BF8F1000B08F0C00998C08002003A8
:109BB0001800BD27D0FFBD271400B1AF2C00BFAFE8
:109BC0002800B6AF2400B5AF2000B4AF1C00B3AF7F
:109BD0001800B2AF1000B0AF3400A010258880008C
:109BE00025200000CE37410F25A8A0004081908F8E
:109BF000450000127400B6864800C0063081838F8D
:109C00002B18C30245006010801816002180030243
:109C10000000038E41007514030004241000238EFD
:109C200001001224100066940800C6300B908600D4
:109C3000253040027600B296249046021800401269
:109C400025A000007800B38E7C00B48E2800308EF2
:109C50004800A48E0B00911401001524540020AE7E
:109C6000480020AE6C0020AE600020AE000060AC6A
:109C70000C0060A42000238E25A80000C418037CDB
:109C8000200023AE25284000E037410F25200000AA
:109C90000B00A016000000000B00001000000000E8
:109CA00025980000EAFF00102580000025A0000094
:109CB000258000002598000025B0000025900000B8
:109CC0003923410F252020021A0060122538800216
:109CD00025304002252800022520C00225C8600248
:109CE0002C00BF8F2800B68F2400B58F2000B48FC2
:109CF0001C00B38F1800B28F1400B18F1000B08F0A
:109D0000080020033000BD2725A000002598000092
:109D100001001524DBFF00102590000025A00000A5
:109D2000259800000100152425900000D5FF0010A3
:109D3000258000002C00BF8F2800B68F2400B58F2F
:109D40002000B48F1C00B38F1800B28F1400B18FA5
:109D50001000B08F0800E0033000BD278400828C23
:109D60000004073CE8FFBD272438E2001000B0AF34
:109D70001400BFAF258080000300E0104400848CF5
:109D80000E008014010002242B3807004000062634
:109D9000C1A8400F3C00052625184000440002AE33
:109DA00006006010251000008400028E01000324CC
:109DB00084D6627C840002AE010002241400BF8FAE
:109DC0001000B08F0800E0031800BD27E8FFBD2792
:109DD0001400BFAF2467410F00000000FFFF4230B6
:109DE00000C0473401400824FFFF0934FFFF082565
:109DF000050000151400BF8F253800002510E00075
:109E00000800E0031800BD27BC26400F2520E00015
:109E1000FAFF40141400BF8FF4FFE95000C007346C
:109E20000100E724F1FF0010FFFFE730E8FFBD2746
:109E30001000B0AF25808000000084941400BFAFF4
:109E4000B542410F0000000002000496B542410FE8
:109E5000000002A60400048EB242410F020002A6D6
:109E60000800048EB242410F040002AE0E000496B8
:109E7000B542410F080002AE10000496B542410FF2
:109E80000E0002A612000496B542410F100002A671
:109E90001400BF8F120002A61000B08F0800E0036C
:109EA0001800BD278400838C0001023CD0FFBD2731
:109EB000010042241000B0AF241062002580800011
:109EC000010004242400B5AF2000B4AF2C00BFAFC4
:109ED0002800B6AF1C00B3AF1800B2AF1400B1AF8A
:109EE00025A0A00005004414010015240300023C35
:109EF000241862000100642C25A800004800028E8E
:109F00001500401001000224710003921200621437
:109F1000000000001000801000000000CE37410F4C
:109F2000252000004800128E050040122528400020
:109F30002000438E480000AE080063300B90030001
:109F4000E037410F25200000030040120000000010
:109F50003923410F25204002CE37410F2520000034
:109F60007600119625284000252000002488340220
:109F70007800128E7C00138EE037410F25A0000080
:109F80000500201225B0000017004052258800006F
:109F9000740014864400168E1600A0525E000296CD
:109FA000CE26400F25200002360020122538600200
:109FB000253020022528C0022520800225C8400225
:109FC0002C00BF8F2800B68F2400B58F2000B48FDF
:109FD0001C00B38F1800B28F1400B18F1000B08F27
:109FE000080020033000BD2725A04002EAFF001032
:109FF00025B0400273FF033C01F863346E0002A6F3
:10A000000000028E380000AE340000AE080002AE40
:10A010000C0002AE100002AE1400028E830000A2FB
:10A02000500000AE1C0002AE200002AE8400028E82
:10A030005C0000A63C0000AE24104300FFFF032498
:10A0400000024234580003AE01000324600003A65E
:10A050006A0003A6000C437C710003A2C006437C87
:10A06000840002AE02006014730000A2440000AE3F
:10A070000007427C01004050400000AECAFF0010C3
:10A08000700000A22C00BF8F2800B68F2400B58F6F
:10A090002000B48F1C00B38F1800B28F1400B18F52
:10A0A0001000B08F0800E0033000BD27E8FFBD2797
:10A0B0002000073C1000B0AF0600E7242580800098
:10A0C00004000624140005241400BFAF1E23410F12
:10A0D0007800042407004010019D033CB49B6324D6
:10A0E000080043AC010003240C0050AC700043A4F2
:10A0F000580043A41400BF8F1000B08F0800E00385
:10A100001800BD2771008390010002240D02621423
:10A1100000000000A8FFBD273000B0AF2580800000
:10A12000252000004400B5AF4000B4AF3400B1AF0B
:10A130005400BFAF5000BEAF4C00B7AF4800B6AF41
:10A140003C00B3AF3800B2AF25A0A000CE37410F1E
:10A1500025A8C0004800118E0700201225284000C5
:10A160002000238E080064306900801408006334E6
:10A17000200023AE25284000E037410F25200000B5
:10A18000650020561000228E2B28400F252000024B
:10A19000EE014010258840002000428C2520000060
:10A1A00008004234CE37410F200022AE4800038E13
:10A1B00001006050480011AE25284000E037410FF3
:10A1C0002520000001008232050040100100032418
:10A1D0008400028EFE0094320442627C840002AE4F
:10A1E000840002927100039203004230840002A2B4
:10A1F00001000224D7016214000000001C00338E0D
:10A200000C0062920439027C0C0062A206008232C9
:10A21000640040500800048E020082323700401073
:10A22000020402241C00A2A74400028E4100401038
:10A2300000000000BCAB400F4400048EECFF422441
:10A24000FFFF4230A018027C680002A60C00628E5C
:10A250001E00A3A70C0063920019427C0100422457
:10A260000439437C0C0063A27100039201000224B4
:10A2700047006210040006245000028E20004014A3
:10A280000300823249D1400F0000000025F0600039
:10A2900046D1400F2800A2AF2467410F25B84000E7
:10A2A0002467410F259040002800A58F0F00043C33
:10A2B000404284241900A40025B040002530E0026B
:10A2C0002538000000941200FFFFD6322590560278
:10A2D00012400000104800000210C47321484900D9
:10A2E0008026090082110800252082004D2E410F92
:10A2F0008229090021904202500012AE03008232EE
:10A300003A01401025B000005F00001025900000C9
:10A3100098FF001025880000540020AE480020AEB1
:10A320006C0020AE600020AE000040ACA5FF001025
:10A330000C0040A45727400F25200002BDFF401409
:10A34000FCFF022471000492010003240500831421
:10A350005400BF8F2000238EC418037C200023AE3E
:10A360005400BF8F5000BE8F4C00B78F4800B68F8F
:10A370004400B58F4000B48F3C00B38F3800B28FDB
:10A380003400B18F3000B08F0800E0035800BD27C3
:10A390001C00A527D665410F14006426B7FF0010E6
:10A3A0005000028E1000038E660016962B0083105C
:10A3B0002590000060000396280060102590400062
:10A3C000C7AB400F00000000070040540800048E97
:10A3D000680002962B18C202010060542510C002CA
:10A3E000FFFF56300800048E1000028E60001296A7
:10A3F0002B184400CA0060107100089223208200CC
:10A400002B1892000B9083002B18D20205006010CD
:10A41000010004248400038E2590C002C439837C8B
:10A42000840003AE010003240B00035521105200E9
:10A43000480020AEB80040101000238EFFFF4432C9
:10A44000560024A6540024A648002426500022AE1C
:10A45000000064AC21105200100002AE8400028E95
:10A46000000142300600401000000000600002962B
:10A4700003005210000000000100D2560100943683
:10A480009EFF4012FFFF56326000029623105200DA
:10A4900002004012600002A6080094360100B532A6
:10A4A0000800A0122081828FE8030324720000A21A
:10A4B000021062701B004300F401600012100000E3
:10A4C0004C0002AEAD57410F000000004C00038E5F
:10A4D00021106200240002AE8400028E01000324D9
:10A4E0004408627C840002AE5E0002965000038E37
:10A4F00010008432000062A65C0002962190720077
:10A50000040063AE020062A65400028E25A800007B
:10A510000D0074A2080062AE0C006292100060AEE2
:10A520000418027C0C0062A2020082320900401072
:10A53000500012AE01008050080060AE8400028E10
:10A54000C004457CC900A010FFFF6324040063AE73
:10A55000040015240100823204004010010003248D
:10A560008400028E8494627C840002AE0400801019
:10A57000010003248400028E84B5627C840002AE54
:10A580001C00028E2000038E2B204300BD0080544F
:10A59000231062001800048E1400058E231043005F
:10A5A0002320850023108200FFFF42300E0062A6A8
:10A5B000252060028B27400F620002A60C00628EED
:10A5C0000C0063920019427C050042240439437C4C
:10A5D0000C0063A271000392010002244A0062147D
:10A5E000000000003C00028E470040100000000008
:10A5F0005727400F25200002430040101400B526C5
:10A600001000268E4000048E3C00038E0C00C29485
:10A610004400058E1C00338E2110A202380024AEA7
:10A620003C0023AE400025AE0C00C2A4100060A682
:10A630006800A2902190B602010042302000401430
:10A64000FFFF52321000A4AF000602242520400272
:10A650001400A3AFB542410F1800A2A72530000097
:10A660000C0005241000A427BD42410F1A00A2A728
:10A6700027100200FFFF46302528A002BD42410FEF
:10A680002520600227100200FFFF47301000228EB5
:10A690007E00C012100043945000258E08006334E1
:10A6A000100043A42530C002BE72400F25202002B6
:10A6B00027100200FFFF473027380700100067A669
:10A6C00081000292252020022000A7272100A2A3BA
:10A6D0008200029225304002060005242000A2A339
:10A6E000C8A9400F2200A0A3000020AEC5A9400FBA
:10A6F00025202002680040140A000624ECFF0524EF
:10A700008323410F252020026A00C016FFFF122478
:10A710000CFF0010FFFF02244EFF0010000060AC91
:10A720000400058E0000068E2348A200233826016F
:10A730002120E4002B1892000B9083002B18D202EA
:10A7400005006010010004248400038E2590C002DF
:10A75000C439837C840003AE2B1832010A484302BB
:10A76000232049021A008010FFFF23310100072433
:10A7700011000755211052000700C050480020AEBC
:10A78000FFFF84306E0024A66C0024A660002426FF
:10A79000680026AE480024AE120040101000248E3F
:10A7A000560023A6540023A648002326500022AEBC
:10A7B000000083AC211052002B18450027FF6014C5
:10A7C000100002AE2328A60023FF0010231045002E
:10A7D00001000424F8FF045521105200EEFF001080
:10A7E000480020AEF3FF0010000080AC0200A2324F
:10A7F00009004010010012247300029225B00000ED
:10A8000001004224730002A25000028EFFFF422486
:10A8100035FF0010500002AE8400128E020052324A
:10A8200031FF401225B000000100B5320800A0162B
:10A83000000000007200029205004010FFFF422459
:10A84000720002A24C00028E421002004C0002AEC6
:10A85000AD57410F25B000004C00038E259000003D
:10A860002110620020FF0010240002AE010003242A
:10A8700001005226C49C627C500012AE34FF0010CE
:10A88000840002AE48FF0010FFFF4224F7FF633050
:10A8900089FF0010100043A40600C0162590000098
:10A8A000040094321500801600000000ACFE001079
:10A8B000251000003800028E0C004014DC05022434
:10A8C000AD57410F340002AE2081848F3400038ED7
:10A8D00002186470E80304241B006400F401800083
:10A8E0001218000021106200380002AE88FF4016E6
:10A8F00004009432EBFF001000000000CE37410F3F
:10A90000252000007800128E252840002520000018
:10A910007C00138EE037410F76001196E3FF401262
:10A9200008003132E1FF2012253860024400058E14
:10A930007400048609F840020800062488FE00100E
:10A94000251000000800E003FEFF022484FE001032
:10A95000FDFF02240C0002900439027C0C0002A0CE
:10A9600034000000E0FFBD271800B2AF1400B1AF03
:10A970001000B0AF1C00BFAF700083902580800036
:10A980002588A0000A00622C1E0040102590C000FF
:10A9900001000224041062003C03433012006014E2
:10A9A0008000423017004010000000000200B1306B
:10A9B000180020121C00BF8F8400028E01000324A7
:10A9C00004C6627C840002AE2528400225200002D5
:10A9D0001C00BF8F1800B28F1400B18F1000B08F11
:10A9E000A927400B2000BD270000828C25300000E5
:10A9F00014000524100082AC0C0082AC4128400FEA
:10AA0000080082ACECFF201625284002F0FF001061
:10AA1000252000021800B28F1400B18F1000B08FF3
:10AA20000800E0032000BD274081828FE8FFBD279A
:10AA30001400BFAF1C0040141000B0AF3481848FED
:10AA40000C00828C09F840004081858F2C81848F16
:10AA5000408180AF16008014308180AF1400BF8F1A
:10AA60001000B08F0800E0031800BD274081838FDD
:10AA700080101000211062000000448C0300801040
:10AA800025300000592A400F02000524010010263D
:10AA90003081828F2B100202F4FF40143481848FA6
:10AAA000E8FF00100C00828CF9FF001025800000E8
:10AAB000E93E400F00000000E8FF00102C8180AF4D
:10AAC00071008590010003241C00A3140000000005
:10AAD0003C00838C19006010010006243C00859422
:10AAE0003E008394E8FFBD27720080A02118650016
:10AAF0005C0085941400BFAF211865005E0085944A
:10AB0000261865006E0083A42081838F020005242F
:10AB1000821803004128400F4C0083AC0500401010
:10AB20001400BF8F0300401C01000224FFFF022419
:10AB30001400BF8F0800E0031800BD270800E003E1
:10AB4000FFFF02240800868C1000858C0C00C510C5
:10AB500025100000600083940900601001000624A5
:10AB6000E8FFBD271400BFAF4128400F10000524A7
:10AB70001400BF8F0100422C0800E0031800BD271D
:10AB80000800E003000000001800868C1400828C8E
:10AB9000E8FFBD271400BFAF2330C200FFFFC6305F
:10ABA0005D26400F253880002310C200FFFF433090
:10ABB0001000C350010006246200E4942B28830097
:10ABC0001000A010251000006800E294423006003A
:10ABD000231864002B20C200010080542510C000FF
:10ABE000FFFF42302A1843000600601025100000C5
:10ABF00001000624100005244128400F2520E00014
:10AC0000010002241400BF8F0800E0031800BD27D4
:10AC1000700083900B00652C3900A0100100022405
:10AC200004186200F00265303500A0142510000001
:10AC3000E0FFBD270C0165301C00BFAF0900A01468
:10AC40001800B0AF00046330250060142528000010
:10AC5000010002241C00BF8F1800B08F0800E00321
:10AC60002000BD278400828C0005427C0500401036
:10AC7000258080000000828C100082AC0C0082AC29
:10AC8000080082AC01000624110005244128400F71
:10AC900025200002160042048400038E6000039603
:10ACA000060060508400038E0800048E1000038E9E
:10ACB000F5FF8314010006248400038E0900052497
:10ACC00004000424C45A037C840003AE7000039281
:10ACD000080063380A20A300DEFF0010700004A201
:10ACE000A927400F1000A2AFDAFF00101000A28FBA
:10ACF00001000424C45A837CD6FF0010840003AEF4
:10AD00000800E0030000000098FFBD270F000524A5
:10AD10000A0004246400BFAF6000BEAF5C00B7AFA0
:10AD20005800B6AF5400B5AF5000B4AF4C00B3AF4D
:10AD30004800B2AF4400B1AFEF3E400F4000B0AFAB
:10AD40002C00A2AF010042302C0040140000000093
:10AD50002C00A28F02005730B603E01625980000A1
:10AD60006400BF8F6000BE8F5C00B78F5800B68F45
:10AD70005400B58F5000B48F4C00B38F4800B28F91
:10AD80004400B18F4000B08F0800E0036800BD2789
:10AD9000252020021800A2AF0000A28E1C00A2AF46
:10ADA00000060224B542410F2000A2A72530000072
:10ADB0000C0005241800A427BD42410F2200A2A7C1
:10ADC00027100200FFFF46302000028E04004230B0
:10ADD000450040102538C0002528400225302002BB
:10ADE000BE72400F2520000224004010F6FF05240B
:10ADF0000A0006248323410F25200002593F400FFB
:10AE00000A000424D2FF4010258040002C00119637
:10AE10001400222EF6FF4014F2FF05241C00128EAF
:10AE20000C00428E0019427C0500432CF0FF601498
:10AE3000801002002A102202EEFF40140A000624AD
:10AE40002000068E0200143C24A08602E8FF801633
:10AE5000F1FF0524AAAA400F2520000225200002A8
:10AE6000A7AA400F2598400025A840002000028E88
:10AE700000024230C6FF40500000628E8B27400F18
:10AE8000252040021C000B8E020065951400A010C6
:10AE900030818C8F00006496020063960C004A8E0D
:10AEA0002800028E211864000000649540818D8F77
:10AEB000211864002618650000194A7DFFFF6930DB
:10AEC00025F00000252000000B000E242B308C0004
:10AED0000A00C014803004005600C0570000648E81
:10AEE000C3FF0010F1FF052425282002BD42410FB9
:10AEF00025204002BCFF0010000000002130A60108
:10AF00000000C88C120000510100842470000791D9
:10AF10000F00EE5001008424710006910200C62C3F
:10AF20000B00C050010084244400068D0300C010B3
:10AF30000000000006004654010084240600E014CE
:10AF40006E0006950100A6500AF01E01010084243F
:10AF5000DEFF00102026047CFDFF2655010084241E
:10AF60000000678D5C00068DF9FFE6540100842423
:10AF70003C00078D0000668EF4FFE61401000324F8
:10AF8000710003A1440002AD2530A0020100052498
:10AF90001A26400F2520000125F000011000048E24
:10AFA00080A80A000D0057920C0082940800538E6E
:10AFB000231055000C0082A40400428E8400C48F2C
:10AFC0002800A2AF004082300E0040100200843002
:10AFD0000C0080147300C0A3AD57410F00000000A7
:10AFE0002081858F6C00C49702208570E8030524BA
:10AFF0001B008500F401A000122000002110820037
:10B000002400C2AF8400C28F7000C59384B5027C57
:10B010003000A0148400C2AF0400E23215004010DA
:10B020001000E232A927400F2520C003380000108D
:10B03000000000002530A0024400C2AF3C00C4AFB5
:10B04000010004247100C4A3010005241A26400F46
:10B050002520C003000062956E00C9A75C00C2A74E
:10B06000020062955E00C2A70000C28FCBFF0010F5
:10B070001000C2AF07004010253000005000D3AFD1
:10B08000040005244128400F2520C003E5FF0010DF
:10B09000252800000200E7329800E0102800A28F67
:10B0A00025204002010056246B26400F5400D6AFE5
:10B0B0006600C2A7A826400F2520C0030100062471
:10B0C0004128400F12000524020002241000001045
:10B0D0007000C2A3010002244600A2140400E23260
:10B0E0000B0040141000E9321C0020110200E7326E
:10B0F0005000D18F19007112010006245000D3AF07
:10B10000040005244128400F2520C0035000D1AF82
:10B11000CE37410F252000007600D197252840002A
:10B12000252000007800D28FE037410F7C00D38FBC
:10B13000243034022EFFC010020005242DFF40529F
:10B140000A0006242800058E7400C48709F840020E
:10B150002538600226FF001002000524ECFFE010F5
:10B160002800A28F25204002010056240E0042969E
:10B170005400D6AF6A00C2A76B26400F6000C2A77A
:10B180006600C2A7A826400F2520C003CCFF2011CF
:10B19000010006244128400F10000524030002246A
:10B1A0007000C2A38400C28F004042300D004050A6
:10B1B0008400C28FAD57410F000000002081858FB1
:10B1C0006C00C49702208570E80305241B008500ED
:10B1D000F401A00012200000211082002400C2AF60
:10B1E0008400C28F000114244408027CC8FF0010B0
:10B1F0008400C2AF1400222623105500FFFF423006
:10B20000ECFF5124FFFF31320100E3323000A3AFE5
:10B210000300601025A82002EDFF5524FFFFB53282
:10B220000200E232030040101C00C48F0100B5266A
:10B23000FFFFB5322000C28F2B3082002200C054A5
:10B24000232044001800C68F1400C88F23208200DA
:10B250002330C8002320C4005400C88F2800A28FC8
:10B26000FFFF84301A00A01223B0480012008010A3
:10B270000400E7320300C0062B30C4020700C014EC
:10B28000010002242130D5020400C018251000005E
:10B29000231095002A105600010042382A30C402BB
:10B2A0000300C0102130B6020C00C05C0600E23280
:10B2B000090040140400E73295FFE014000000008C
:10B2C000BD00001001000624E3FF0010FFFF8424EE
:10B2D000F7FFC0162B10C4020600E232090040102E
:10B2E0000400E7320500E010010004248400C28F4E
:10B2F00000081424444A827C8400C2AF49FF001035
:10B30000252800001000E23281FF401008000224CE
:10B310000600A2100900A22C11004010FEFFA2247A
:10B320000500422C120040102000E73202000224E7
:10B330008C00A2145000C98F8700691201000624F6
:10B340005000D3AF040005242520C0034128400F3E
:10B350002800A9AF2800A98F6DFF00105000C9AFC9
:10B36000090002247101A2505000C28F2000E73270
:10B3700067FFE014000000007000C593F8FFA224EE
:10B380000200422C62FF40140600022460FFA2105B
:10B390000000000044002012000000000C00428E5B
:10B3A0001C00D78F1800C58F0019427C8010020046
:10B3B0007D01C01E2130360223405600FFFFC630FB
:10B3C000219048022B88C4002400B2AF0200201252
:10B3D000253880002538C000FFFFF6302110F60226
:10B3E0002B10A200560140100100B2242350570236
:10B3F000FFFF4A3101000B24253840011000ABAF9C
:10B400002400A6272528E002252000020773400F0C
:10B410003400AAAF3400AA8F1400C58F01000B249A
:10B420002338CA021000ABAFFFFFE7302400A62785
:10B43000252000020773400F258840001400C58FA7
:10B440002348F2022110220221483601FFFF423038
:10B450002128A90014005614000000007000C493B5
:10B460005400C28F1C00C5AFFDFF84242110C2020E
:10B470000300842C020080105400C2AF00029436F6
:10B480005800C78FFFFF06240700E61000000000E9
:10B490006400C4972338F60021208700320181041C
:10B4A0005800C7AF5800C6AF1000A0123000A28FDE
:10B4B0007000C293FDFF42240300422C040040545C
:10B4C0008400C28F1C00C28F2000C2AF8400C28FD4
:10B4D000100044308601801001000624100005246D
:10B4E0004128400F2520C0033000A28F08FF4010E4
:10B4F0002800A38F5400C28F0100422421A8A30278
:10B5000003FF5514010004245400C2AF8400C28F0D
:10B51000030005248452827C7000C4930004943696
:10B520008D0185108400C2AF0400822C820140107E
:10B530000200022462FF8214090002247000C2A3E8
:10B5400001000624110005244128400F2520C003D6
:10B55000EFFE001000000000030002247000C2A3F0
:10B56000000114241000C68F0800C28F231046006B
:10B5700006004104232869020000C58F23104500FE
:10B580000400C58F2110A200232869022310A20005
:10B590000E00401884000A3C8400C58F04000B3C58
:10B5A0002450450103004B1501000A2404004A10F1
:10B5B0000100292525300000E3FF001010000524BC
:10B5C000C4BD457C5000C9AF8400C5AF0C00C58F19
:10B5D0005000C28F2B48C5002110A2000500201189
:10B5E000231046000000C98F0400CA8F23482A0197
:10B5F0002110490023486202870020190000000042
:10B600000400C28F0000CA8F23104A002B1049008B
:10B61000810040143800A9AFDC0502243400C2AF19
:10B62000AD57410F3400A4AF2081868F3400C58F01
:10B630008300C0A30228A670E80306241B00A6000E
:10B64000F401C0000C00C68F122800002110A200D7
:10B650003800C2AF8400C28F1000C58F4429027C1D
:10B660008400C2AF3800A98F3400A48F2110C90014
:10B670002B30A6000C00C2AF6300C0140400C98FB9
:10B680002B30A2000700C0502B2849005000C68F65
:10B690001000C2AF2328C500212845005000C5AFC7
:10B6A0002B2849000600A0541000C58F0000C58F4C
:10B6B00023282501231045000C00C2AF1000C58FC0
:10B6C0002B10A900060040547000C2930000C28FE6
:10B6D000231022012310A2001000C2AF7000C293F9
:10B6E0000300052403004510080005240300455409
:10B6F0000C00C58F040094360C00C58F0800C28F63
:10B700001800A2540E0042968400C28F00014530FA
:10B710007800A0545000C58F004042300E004050C9
:10B720008400C28FAD57410F3400A4AF2081868FB3
:10B730006C00C5973400A48F0228A670E803062485
:10B740001B00A600F401C000122800002110A20076
:10B750002400C2AF8400C28F4408027C8400C2AFC0
:10B760000E0042966A00C5972B28A2000100A05443
:10B770006A00C2A75000C58F6000C6972110530011
:10B78000231045000600C014FFFF423004004010A3
:10B79000010009248400C68F8431267D8400C6AF51
:10B7A0006000C2A77000C2930400062459004654EA
:10B7B00006000624EEFE65162000E7328400C28FE4
:10B7C0008004427CEAFE401000000000AD57410FAB
:10B7D0003400A4AF2081868F881305243400A48F01
:10B7E0000228A670E80306241B00A600F401C0008E
:10B7F000122800002110A2003000C2AF0500022470
:10B80000DAFE00107000C2A30000C68F23302601AC
:10B810009BFF00102128A600B8FFC5500C00C58F63
:10B820008300C29301004224FF0042308300C2A380
:10B830000300422C1D0040500C00C68F3800C28F00
:10B84000AEFF40500C00C58FAD57410F3400A4AF80
:10B850003800C58F23104500A7FF40043400A48F93
:10B860003400C28F00FA06344028020001FA023484
:10B870002B10A2000B30A200AD57410F3400C6AF11
:10B880002081868F3400C58F3400A48F0228A670D3
:10B89000E80306241B00A600F401C00012280000E3
:10B8A0002110A2003800C2AF0C00C68F5000C28F1A
:10B8B0001000C58F2110C200231045002B28A600C0
:10B8C0000600A0105000C2AF0000C58F0400C98F51
:10B8D0002328A9002110A2005000C2AF8400C28F0B
:10B8E000010005241000C6AFC439A27C82FF0010FD
:10B8F0008400C2AF9AFF65168004427C99FF4050D5
:10B900000E0042968400C297FDFE423094FF001064
:10B910008400C2A796FE46142000E732FCFD65169F
:10B9200025280000BFFD0010000000000100422497
:10B93000F7FD621625280000BAFD00100000000087
:10B94000010002242528E0021000A2AF2538C00221
:10B950002400A6270773400F252000021C00C58F76
:10B96000BCFE00102128B600CFFEE01C21104400D0
:10B970005400C2AF1800C28F2128A4002B2045001C
:10B98000060080101C00C5AF1400C48F23104400B3
:10B99000271002002128A2001C00C5AFFFFF0224CF
:10B9A000C1FE00105800C2AF2A3086000300C0104C
:10B9B0002190420223889600FFFF31322400B2AF6B
:10B9C000219036022110F2022B10A2002E0040100E
:10B9D0000100AA2423505701235056011D004005A1
:10B9E000FFFF4A3101000B24253840012128F602CF
:10B9F0001000ABAF2400A627252000020773400FDC
:10BA00003400AAAF3400AA8F1400C58F01000B24A4
:10BA100023382A021000ABAFFFFFE7302400A6272F
:10BA2000252000020773400F25B840002110E202D4
:10BA3000FFFF42309CFE2216FFFF02245800C48FF5
:10BA4000170082546400C2975800D6AF96FE0010CB
:10BA50006400D1A71400C28F253820022400A62735
:10BA60002328A2002328C502FFFFA52401000224E9
:10BA70001000A2AF2128E5020773400F2520000225
:10BA8000ECFF001000000000010002241000A2AF33
:10BA9000253820022400A627F7FF00102128F602EF
:10BAA0002B28C402211044000A00A0102B305200A1
:10BAB0000500C0142B904402040040566400D1A736
:10BAC00023885600FFFF31326400D1A776FE0010B4
:10BAD0005800D6AF74FEC0102B10560072FE4014F2
:10BAE0002340C402214028026FFE00106400C8A752
:10BAF000010004240421827C080045307AFEA01451
:10BB00008400C2AFC418827CAD57410F8400C2AF1D
:10BB10002081858F6400042402208570E8030524B9
:10BB20001B008500F401A0001220000021108200FB
:10BB30006DFE00102C00C2AF040002240C00821025
:10BB4000050002249CFE82540100062425300000DA
:10BB50004CFD001010000524080004248005427CE0
:10BB60006BFD40147000C4A393FE00100100062476
:10BB70005000C28FF5FF621206000224D0FD0010B3
:10BB80007000C2A3040020120100863A252820027A
:10BB90004128400F252000028400028E020043301D
:10BBA0006C0060140040423020004010030002246A
:10BBB000700003921E00625401007326AD57410FBE
:10BBC000000000002400038E2310430018004204EC
:10BBD0000100732673000392800002924E006214EB
:10BBE00025200002042B400F8400118E8400028E59
:10BBF00001000324010031320400627C840002AEA3
:10BC00000010062425280000592A400F2520000294
:10BC100007002056010073268400028E0400027C77
:10BC2000840002AE0A000224700002A20100732602
:10BC3000209E137C3081828F2B10620248FC4010C2
:10BC40004081838F80101300211062000000508C0F
:10BC5000F6FF00120B00022470000392F3FF621043
:10BC6000258800008400028EC0004330030060106D
:10BC700025A00000C001547C1000112404004230B3
:10BC8000090040508400028EAD57410F00000000B3
:10BC90002800038E231043000000422810000324D4
:10BCA0000A8862008400028E080042300900405079
:10BCB00070000392AD57410F000000002C00038E6E
:10BCC0002310430000004228100003240A88620069
:10BCD0007000039205000224AAFF62140000000015
:10BCE000AD57410F000000003000038E23104300C9
:10BCF000A4FF400401000624140005244128400F3D
:10BD00002520000225280000A927400F2520000239
:10BD1000C7FF001001007326020006244128400FCF
:10BD200010000524AD57410F010073262081848F38
:10BD30006C00039602186470E80304241B0064007E
:10BD4000F40180001218000021106200B8FF0010FA
:10BD5000240002AEAD57410F000000002400038E06
:10BD600023104300B2FF42040100732670000492C6
:10BD7000FFFF8224FF0042300900432C6100601065
:10BD8000019D033C801002009CBD632421106200D1
:10BD90000000428C0800400000000000C0BD009D73
:10BDA00000BE009DACBE009DECBE009D04BF009D8A
:10BDB000D0BE009D04BF009D04BF009DECBE009D51
:10BDC000720002920400422C0B0040140200112465
:10BDD00004000224720002A22081828FE80303245F
:10BDE000021062701B004300F4016000121000009A
:10BDF000001102004C0002AE0C0000102590000063
:10BE0000720002920300422CFBFF40141200112426
:10BE10008400128E14001124010052320A8892000C
:10BE20002B9012001A008012010006247200029268
:10BE30001000038E0C00048E01004224720002A246
:10BE40004C00028E401002004C0002AE2310640031
:10BE50002B18640006006010FFFF42300400038EC0
:10BE60000000058E2318650021104300FFFF4230BB
:10BE70005000038E100004AE25300000231862002D
:10BE8000500003AE6000039621104300600002A63C
:10BE9000252820024128400F2520000263FF401280
:10BEA0002528000098FF0010000000007200029298
:10BEB0000500422CD0FF405410001124040002243D
:10BEC000700002A225900000D6FF0010110011247E
:10BED000720002920500422CC7FF4054100011244A
:10BEE00001001224CFFF00101400112472000292EE
:10BEF0000500422CFBFF405001001224BEFF001041
:10BF00001100112449FF201225900000C5FF0010E8
:10BF100000000000B8FF001012001124C8FFBD2768
:10BF2000010002242800B6AF2000B4AF1C00B3AF5C
:10BF30001800B2AF3400BFAF3000BEAF2C00B7AFB7
:10BF40002400B5AF1400B1AF1000B0AF25A0800041
:10BF50002598A0002590C0000300A21025B0E000A5
:10BF60000600C01425A800007327400FFFFF11240E
:10BF70006200401025A840022590400024818427BB
:10BF80002038410FFFFF05243081838F4081848F4B
:10BF9000258800002B1023020500401480F01100BA
:10BFA0003038410F2481842754000010FFFF1124F2
:10BFB00021109E000000428C710040503481848F1B
:10BFC00001003126F3FF0010208E117C140002AE18
:10BFD0002A81839721104500180002AE180202241E
:10BFE000660002A64081828F01006324000017AE24
:10BFF00021105E0021B8E302740011A6040017AE00
:10C00000248184273038410F000050AC5E00029636
:10C0100073FF033C01F863346E0002A60000028E39
:10C02000380000AE340000AE080002AE0C0002AED4
:10C03000100002AE1400028E830000A2500000AE79
:10C040001C0002AE200002AE8400028E5C0000A63E
:10C050003C0000AE24104300FFFF032400024234E2
:10C06000580003AE01000324600003A66A0003A683
:10C07000000C437C710003A2C006437C840002AE26
:10C0800002006014730000A2440000AE0007427C6E
:10C0900001004050400000AE010002241000821652
:10C0A000710014A22B28400F252000020D00401023
:10C0B000480002AE8400028E5E0012A6048C827ECE
:10C0C0001B006016840002AE010003240400627CA1
:10C0D000840002AE700000A2080000106E0012A6DC
:10C0E000480000AE71000292F3FF40508400028EBF
:10C0F000CE26400F25200002FFFF11243400BF8F01
:10C10000251020023000BE8F2C00B78F2800B68F7C
:10C110002400B58F2000B48F1C00B38F1800B28F9D
:10C120001400B18F1000B08F0800E0033800BD2765
:10C13000AD57410F5C0015A68400038E240002AEAB
:10C14000010002244408437C06008216840003AEEA
:10C150000400C012000000000000C28E0100405424
:10C160003C0002AEB02A400F252000020000422809
:10C170000B0003240B986200E0FF0010700013A274
:10C180008C0006240800828C09F840000100052478
:10C190003481848F2A818597258040000400828C19
:10C1A0000100A52409F84000FFFFA5303481848FE9
:10C1B0002881859725B840000400828C0100A524C1
:10C1C00009F84000FFFFA530050000123481848F7C
:10C1D0000400E0520C00838C7CFF4014288185977A
:10C1E0000C00838C09F86000252840003481848F7E
:10C1F0000C00828C09F840002528E0023481848FED
:10C200000C00828C09F840002528000264FF001011
:10C21000000000000800E00325100000D8FFBD2743
:10C220002000B4AF25A08000252000001C00B3AF83
:10C230002400BFAF1800B2AF1400B1AF1000B0AF10
:10C24000CE37410F2598A0003C81838F2E006014CB
:10C25000010004243881838F3800605401001024C9
:10C260001600839237006014020003243C8183AFE0
:10C2700025800000010011242590000025284000A1
:10C28000E037410F252000001600005625800000F1
:10C2900014002052258040020800828E06004010C3
:10C2A0000000000004006012000000000000628E28
:10C2B00026004014000000008162410F00000000D1
:10C2C000080040503C8180AF7B62410F00000000BD
:10C2D000069D053C288DA524EF29410F252040000F
:10C2E0003C8180AF2400BF8F251000022000B48F56
:10C2F0001C00B38F1800B28F1400B18F1000B08FE4
:10C300000800E0032800BD270B0064143881838FE8
:10C310000A006018010010241600849202008014A4
:10C3200001006324388183AF258000002588000048
:10C33000D2FF00100100122425800000CEFF001063
:10C3400025880000FDFF001001001024CF57410F89
:10C3500000000000208182AF040062960800848EF5
:10C360000000728E2A8182A70600629604000624CD
:10C3700025284002288182A70800828C09F8400005
:10C38000348184AF0A004014408182AF8162410F42
:10C3900000000000D3FF40503C8180AF7B62410F22
:10C3A00000000000069D053CCBFF0010588DA52421
:10C3B000019D053C0500062408ADA5240A000424BF
:10C3C000B83E400F308192AF050040142C8182AFFF
:10C3D0008A2A400F00000000C2FF00103C8180AF9D
:10C3E0003881828F010007240100062401004224C5
:10C3F0002528000024818427EA37410F388182AF45
:10C4000001000324F2FF431400000000388182AFD2
:10C410003C8182AFB3FF001025802002B1FF0010E5
:10C4200025804002D8FFBD271C00B3AF25988000AF
:10C43000252000001400B1AF1000B0AF2400BFAF42
:10C440002000B4AFCE37410F1800B2AF3C81848FCB
:10C4500001000324258800000800831425800000C3
:10C460003881838F05006018010010240200032426
:10C470003C8183AF01001124258000002528400065
:10C48000E037410F25200000160000162400BF8F62
:10C490001400201201001224140062962588000066
:10C4A000049052003081828F2B102202140040141D
:10C4B00002000224160063922B0062143881828FDE
:10C4C000FFFF422428004014388182AF8A2A400F9F
:10C4D000000000001338410F248184273C8180AF85
:10C4E0002400BF8F2000B48F1C00B38F1800B28FC0
:10C4F0001400B18F1000B08F0800E0032800BD27A2
:10C500004081838F80101100211062000000508C48
:10C51000E4FF005201003126B03D400F4400048E7C
:10C520000F004004010003240410430024105200B3
:10C530000B004010002006248400148E25280000E3
:10C54000251080020400627C840002AE592A400F4C
:10C55000252000028400028E0400827E840002AE48
:10C56000D0FF00100100312601000224DCFF001082
:10C570003C8182AF020002240C008214FFFF0924D8
:10C580000800E00325102001FFFF09242400BF8FCD
:10C59000251020012000B38F1C00B28F1800B18F2E
:10C5A0001400B08F0800E0032800BD27D8FFBD2786
:10C5B000010002242000B3AF1C00B2AF1400B0AFE2
:10C5C0002400BFAF1800B1AF2580C0002598A0009F
:10C5D00026008214259080000800C05025880000A5
:10C5E0000000C28C21004010252800008D3A400F29
:10C5F0002520C000E4FF40102588400025380000B9
:10C600002530600225280000C72F400F252040025A
:10C6100025484000FFFF0224DBFF22114081838F69
:10C620008010090025300002211062000000488CB3
:10C6300071000591440011AD1A26400F252000011C
:10C6400004002012010003248400028DC4DE627CF9
:10C65000840002ADCDFF0012010003248400028D8E
:10C6600004E7627CC9FF0010840002ADE3FF001004
:10C670002588000001000224040082142538C0002F
:10C680002530A000C72F400B010005240800E0035F
:10C69000FFFF0224E8FFBD271400BFAF2B26400F89
:10C6A0000000000025204000080080100100022446
:10C6B0008400838C000265300400A0102510000067
:10C6C000444A037C840083AC010002241400BF8F21
:10C6D0000800E0031800BD27E8FFBD271400BFAF26
:10C6E0002B26400F000000002518400003006010BA
:10C6F000251000008400628C8002427C1400BF8FF1
:10C700000800E0031800BD27E8FFBD271400BFAFF5
:10C710002B26400F00000000251840000800601084
:10C720002510000070006390FDFF64240300842C3A
:10C730000300801401000224080063380100622C09
:10C740001400BF8F0800E0031800BD27E8FFBD27D5
:10C750001400BFAF2B26400F000000002520400032
:10C760000500801025100000042B400F0000000081
:10C7700027100200C21702001400BF8F0800E00358
:10C780001800BD27E8FFBD271400BFAF2B26400FC0
:10C7900000000000050040101400BF8F253000008D
:10C7A00025204000592A400B1800BD270800E0034F
:10C7B0001800BD27E8FFBD271400BFAF2B26400F90
:10C7C0001000B0AF060040547000439025100000E8
:10C7D0001400BF8F1000B08F0800E0031800BD27C1
:10C7E000258040000B000224F9FF62142510000090
:10C7F000B02A400F25200002F4FF4004010002246B
:10C80000700002A2F2FF001001000224E8FFBD2721
:10C810001000B0AF1400BFAF2B26400F0000000087
:10C82000258040000A000012251000008400028EBE
:10C830004005437C0A0060100100032425300000FD
:10C8400001000524592A400F25200002010002247E
:10C850001400BF8F1000B08F0800E0031800BD2740
:10C8600004C6627C840002AE042B400F2520000227
:10C87000F2FF401401000224F6FF00101400BF8FE5
:10C88000E8FFBD271400BFAF2B26400F00000000BB
:10C89000040040101400BF8F252040003626400BB6
:10C8A0001800BD270800E0031800BD270800E003BA
:10C8B0003081828FE8FFBD271400BFAF2B26400FC9
:10C8C00000000000090040100100032471004490A2
:10C8D000070083141400BF8F4800438C04006010CD
:10C8E00025204000D12A400B1800BD271400BF8F1F
:10C8F000251000000800E0031800BD27E8FFBD2751
:10C900001400BFAF2B26400F0000000006004010AF
:10C910001400BF8F4800438C0300601025204000A6
:10C920004726400B1800BD27251000000800E00333
:10C930001800BD27D0FFBD271800B1AF2C00BFAF36
:10C940002800B5AF2400B4AF2000B3AF1C00B2AFD5
:10C950001400B0AF1600C0102588C0001400A0500D
:10C96000258800002B26400F0000000083004010A7
:10C97000258040004800478C0500E010252040003D
:10C980004726400F25A0A00013004014259040002A
:10C990007100039201000224050062142588000042
:10C9A0000400E0102C00BF8FD12A400F2520000288
:10C9B0002C00BF8F251020022800B58F2400B48FD3
:10C9C0002000B38F1C00B28F1800B18F1400B08FFD
:10C9D0000800E0033000BD27251020022B885102FB
:10C9E00001002056251040020800048E0400138E1A
:10C9F000FFFF5130211091002B1053000C00401408
:10CA000025A8200223986402FFFF75322530A0027A
:10CA1000D665410F252880020000028E239833023C
:10CA200021A09502080002AEFFFF75320800048EB7
:10CA30002530A002D665410F252880020800068E09
:10CA40001000048E8400038E2130D5003A00C410FB
:10CA5000080006AE4007627C0B00401020006230E8
:10CA600009004014239051020400028E0000058E3C
:10CA7000FFFF5232231045004078427C2B90520039
:10CA800025004012010012242B1086001D0040508A
:10CA90000400028E2330C40060000296FFFFC630FF
:10CAA0002B38C2000200E010252840002528C000D5
:10CAB000FFFFA730660005962B28E5001600A010A2
:10CAC000259000006A000596422805002B28E50005
:10CAD0000A00A0102B3046001700C0144006627CEC
:10CAE00006004014008062301400401404006230DC
:10CAF0000C00028E11008214040062300600001047
:10CB0000259000000000058E231044002330C5004E
:10CB1000E1FF001021304600D12A400F25200002FD
:10CB2000A3FF4012010003248400028E4429627C8A
:10CB30009FFF0010840002AE040062309CFF40148E
:10CB4000010002248410437CCF57410F840003AEC0
:10CB5000AD57410F2590400028000324021843726E
:10CB6000E80304241B006400F40180001218000094
:10CB7000211062008EFF0010280002AE8CFF001012
:10CB800025880000E8FFBD271C00A5A3010006249E
:10CB90001400BFAF4D32400F1C00A5271400BF8FFB
:10CBA0000800E0031800BD27E0FFBD271800B1AF63
:10CBB000258880002520A0001C00BFAF1400B0AF66
:10CBC000CA65410F2580A000FFFF463025280002DE
:10CBD0004D32400F252020021C00BF8F2110020281
:10CBE0001800B18F1400B08F0800E0032000BD27AB
:10CBF000E8FFBD271400BFAF2B26400F0000000048
:10CC0000253840001500E010251000007100E49068
:10CC100001000324120083141400BF8F4800E38C2A
:10CC20000F006010030004247000E3900300641000
:10CC3000080004240A006414000000004726400F86
:10CC40002520E0000400E38C0000E48C231864003D
:10CC5000FFFF632423106200FFFF42301400BF8FE8
:10CC60000800E0031800BD27D8FFBD272000B3AFA0
:10CC70001C00B2AF2400BFAF1800B1AF1400B0AFBA
:10CC80002B26400F259880002B0040102590000097
:10CC90002900A010010012242580A0002588400052
:10CCA0003C000624252800008066410F2520000254
:10CCB00071002292070052545C0022963C00238EA1
:10CCC000040003AE4000238E000002AE140003AE49
:10CCD0005C0022961400238E25202002240002A648
:10CCE0005E00229601001224260002A64400228E35
:10CCF000280002AE700022922C0002AE1800228E94
:10CD000023104300300002A60000238E0400228E70
:10CD1000231043005D26400F320002A6340002A615
:10CD2000FC32400F25206002360002A63626400F56
:10CD300025202002380002AE2400BF8F25104002BB
:10CD40002000B38F1C00B28F1800B18F1400B08F79
:10CD50000800E0032800BD27E8FFBD271400BFAF8F
:10CD60002B26400F000000000900401001000324A2
:10CD700071004490070083141400BF8F4800438C57
:10CD800004006010252040004726400B1800BD27F6
:10CD90001400BF8F251000000800E0031800BD2715
:10CDA000E8FFBD271000B0AF1400BFAF2B26400F27
:10CDB0002580000009004010252040005D26400F1E
:10CDC0002530400005004010258040001C00C28C2A
:10CDD0002520C000E22A400F2000C2AC1400BF8F03
:10CDE000251000021000B08F0800E0031800BD27D6
:10CDF000E8FFBD271400BFAF2B26400F0000000046
:10CE0000040040101400BF8F252040005D26400B19
:10CE10001800BD270800E0031800BD27D8FFBD2774
:10CE20001400B1AF2400BFAF2000B4AF1C00B3AFFB
:10CE30001800B2AF1000B0AF3300C0102588C0009A
:10CE40002B26400F000000004800401025804000C5
:10CE5000252040005D26400F25A0A0004300401083
:10CE6000259840002B886602020020122510C00081
:10CE7000251060022000058EFFFF51301800028E41
:10CE80002118B1002B1843000D00601025902002DE
:10CE9000239045000100522605008012FFFF523208
:10CEA00025208002D665410F2530400221A0920244
:10CEB0001400028E23903202FFFF5232200002AE95
:10CEC00004008012253040022000058ED665410FF7
:10CED000252080022000028E252000022190520091
:10CEE000E22A400F200012AE07004014239871027E
:10CEF0002A9833020D0060168400028E010003247C
:10CF0000C439627C840002AE2400BF8F2510200249
:10CF10002000B48F1C00B38F1800B28F1400B18FA3
:10CF20001000B08F0800E0032800BD270400433044
:10CF3000F5FF6014010003248410627CAD57410F9B
:10CF4000840002AE2081848FC8000324021864701C
:10CF5000E80304241B006400F401800012180000A0
:10CF600021106200E8FF0010280002AEE6FF00106A
:10CF7000258800008733400B01000624E8FFBD2709
:10CF80001400BFAF2B26400F0000000025304000EA
:10CF90000800C010251000005D26400F2520C000AD
:10CFA0001800C38C1400C48C231864002310620082
:10CFB000FFFF42301400BF8F0800E0031800BD27B8
:10CFC000D8FFBD271800B1AF2400BFAF2000B3AF1A
:10CFD0001C00B2AF2B26400F1400B0AF2000401051
:10CFE000258800001E00C0102588C00025204000B4
:10CFF0002598A0005D26400F259040002118E600EE
:10D000002A1843000200601023104700FFFF513030
:10D010002000458E1800508E2128A7002B100502F5
:10D0200006004050238005021400428E23100202A5
:10D03000271002002128A2002380050201001026EB
:10D04000FFFF10322B1011020D004014253000029A
:10D050002530200225206002D665410F0000000027
:10D060002400BF8F251020022000B38F1C00B28F38
:10D070001800B18F1400B08F0800E0032800BD270E
:10D08000D665410F25206002233030021400458E02
:10D09000F1FF001021207002E0FFBD272538A0001D
:10D0A000010006241000A5271C00BFAFF033400F7D
:10D0B0001000A0A31C00BF8F1000A2930800E00383
:10D0C0002000BD2790FFBD278400A2936000B6AF6B
:10D0D0005400B3AF4C00B1AF259880002588A00064
:10D0E0001000A42725B0C000252800002000062439
:10D0F0005000B2AF4800B0AF6C00BFAF6800BEAF29
:10D100006400B7AF5C00B5AF5800B4AF2580E00055
:10D110008000B2978066410F3000A2AF2B26400FEF
:10D12000252060026B004050FFFF02346900C052AE
:10D13000FFFF0234252040005D26400F3400A2AFDF
:10D1400023105000FFFF5E302B10D60361004054C7
:10D15000FFFF0234060040123400AA8F2518C003D6
:10D160002BF05E020100C05725184002FFFF7E3001
:10D170002000438D1800528D211870002B1043029F
:10D1800005004010000029921400428D2310420235
:10D1900027100200211862003000A28F0700401003
:10D1A00025B820019FFF22251A00422C0400405080
:10D1B00023904302E0FF3725FF00F732239043021C
:10D1C00001002B2601005226FFFF52322588C002A3
:10D1D00025A0600125A800002000422E2000042484
:10D1E0000B204202251080002B209E0002008010A0
:10D1F0002598C00325984000FFFF73322390530207
:10D20000FF006C3225306002252860001000A42742
:10D21000FFFF52324400A9AF4000ABAF3C00AAAFC1
:10D220003800ACAFD665410F3400A3AF3800AC8FE7
:10D230003C00AA8F4000AB8F140040124400A98F1D
:10D240003400A38F211873003000A28F59004010C2
:10D250009FFF2625E0FF2D251000A427253800007C
:10D260001A00C62CFF00AD310B00EC540000829078
:10D2700023F0D303FFFFDE332B10D1034F00401404
:10D2800021807002D4FF0010FFFF10321400438D84
:10D29000EDFF0010FFFF12349FFF45241A00A52C5C
:10D2A0000200A010E0FF4224000082A00000829053
:10D2B00020005714FFFF3126FFFF313211002056A6
:10D2C000000097922310160201004224211047000B
:10D2D000FFFF42306C00BF8F6800BE8F6400B78FC5
:10D2E0006000B68F5C00B58F5800B48F5400B38FC8
:10D2F0005000B28F4C00B18F4800B08F0800E0039F
:10D300007000BD27010085269FFFE2261A00422CEF
:10D31000030040103000B58FE0FFF726FF00F73222
:10D320000100E224FF00473001008424CEFF0010FA
:10D3300025A0A0002588C002F9FFA01225288002A0
:10D340000200C01425B8A00125B8200125286001DD
:10D35000F3FF001025A800002110440000004290B7
:10D360000E00571400000000FFFF3126FFFF31328E
:10D37000D4FF20120100152400009792010094268A
:10D3800001008424FF0087302B10EC00F2FF4014D2
:10D390001000A227B7FF001023F0D303F8FFA0125C
:10D3A0002588C00225A8000025B82001F4FF001040
:10D3B00025A06001F3FF001025200000C5FF00102C
:10D3C000FFFF0234E0FFBD273000A2932400A5A395
:10D3D0001000A7AF1400A2AF2538C0002400A52775
:10D3E0001C00BFAF3134400F010006241C00BF8F6A
:10D3F0000800E0032000BD273000E33030000224A5
:10D4000003006214251000000800E0030000000083
:10D41000C0FFBD271C00B1AF1800B0AF3C00BFAFCC
:10D420003800BEAF3400B7AF3000B6AF2C00B5AF98
:10D430002800B4AF2400B3AF2000B2AF2B26400FBA
:10D440002588E0004C004010258040002510C000D9
:10D450000001C62C0100C054000102240000038E0C
:10D46000FFFF53300400028E23104300FFFF4224CD
:10D47000FFFF44301800038E1400028E2318620050
:10D480001000223243004014FFFF74302510A0002A
:10D490000001A52C0100A05400010224FFFF52301E
:10D4A000200022323D004014FFFF62302110440072
:10D4B000211853022A1062001000405023109300DC
:10D4C0002310830221108200030023320400601025
:10D4D000FFFF4230030005242900651402000524E3
:10D4E000010042244210020021905200FFFF5232FC
:10D4F00021105300FFFF5330231093002B186402B8
:10D5000003006014FFFF423023106402FFFF42302B
:10D510002000422C230040143481848F0400828C2C
:10D5200009F84000010065261300401025B04000B6
:10D53000231092022B18540203006014FFFF4230A4
:10D5400023A05402FFFF82322000542CCC0080160E
:10D550003481848F0400828C09F840000100452644
:10D560001200401425B840003481848F0C00828C56
:10D5700009F840002528C0025B00001025100000BB
:10D58000DCFF65502110530021105200DAFF00101B
:10D59000FFFF5230D8FF001025908002DAFF001004
:10D5A00025988000E2FF001025B000006300C01243
:10D5B0002538000008002232A9004010253800005C
:10D5C0000800148E0C00058E2B10850252004010AE
:10D5D0002B10B4000400158E00001E8E23A8A50297
:10D5E00023A09E02FFFFB532FFFF94322110B40248
:10D5F0009E0040102A106202940040143481848FEF
:10D600000300A0122530A002D665410F2520C002DC
:10D6100004008012253080022528C003D665410F02
:10D620002120D5021000028E0C00038E23F043004F
:10D630002B10430006004010FFFFC7330400028E8A
:10D640000000038E2310430021F0E200FFFFC733E8
:10D650003C00E01625F00000258800003481848F0E
:10D660000000058E1000A7AF0C00828C21A0B40230
:10D6700009F8400021A0D4021000A78F0100622603
:10D680002110C202000016AE0C0016AE21B0C70277
:10D69000040002AE080014AE100016AEA826400F1B
:10D6A000252000020B00E0123481848F1400058EC7
:10D6B0000C00828C09F840002188D1032110F2026D
:10D6C000140017AE200017AE21B8F102180002AE08
:10D6D0001C0017AE70000392030002245600621073
:10D6E00001000624010002243C00BF8F3800BE8FD9
:10D6F0003400B78F3000B68F2C00B58F2800B48F60
:10D700002400B38F2000B28F1C00B18F1800B08F9F
:10D710000800E0034000BD270600405025F000004F
:10D7200023A08502FFFF943225F0A000AFFF001078
:10D7300025A80000FDFF001025A0000025A0000086
:10D7400025A80000040031324A002012FFFF032404
:10D750005800048E0C0083101C00028E6400039697
:10D7600021186400211043001800038E2B20620052
:10D77000060080502000058E1400048E23186400DB
:10D7800027180300211043002000058E2B18A2004B
:10D79000050060102518A00023104500FFFF513040
:10D7A0000B00001025F000002B1845002000601031
:10D7B000251800001800118E1400038E0100312678
:10D7C0002388250223104300FFFF3E32FFFF513024
:10D7D0002120D103120080102A2044021B00801453
:10D7E0003481848F0700C0132530C0032520E00258
:10D7F0001400A7AFD665410F1000A3AF1400A78F88
:10D800001000A38F0600201225302002252860007A
:10D810002120FE02D665410F1000A7AF1000A78F90
:10D820008FFFC0163481848FA1FF00101400058E75
:10D83000DBFF001025880000100005244128400F60
:10D8400025200002A8FF0010010002240C00828C99
:10D8500009F840002528E00244FF00103481848F3D
:10D8600025A000007AFF001025A8000078FF001016
:10D870002538000025880000E9FF001025F0000091
:10D8800098FFC01225B800004BFF0010080022329C
:10D89000E8FFBD271400BFAF2B26400F000000009B
:10D8A00007004050253000000900C010440045AC7E
:10D8B0008400438C01000424C4DE837C840043ACD8
:10D8C0001400BF8F2510C0000800E0031800BD271A
:10D8D000FBFF001001000624E8FFBD271400BFAFC6
:10D8E0002B26400F00000000010040544400428CF1
:10D8F0001400BF8F0800E0031800BD27D8FFBD2724
:10D900002400BFAF2000B4AF1C00B3AF1800B2AF0B
:10D910001400B1AF2B26400F1000B0AF0A004054E6
:10D9200070004390251000002400BF8F2000B48FAA
:10D930001C00B38F1800B28F1400B18F1000B08F8D
:10D940000800E0032800BD2725804000FDFF622479
:10D950000300422CF3FF401408000224F1FF621080
:10D960002590A000710002922588C000040040109C
:10D970002598E000FF00A330EBFF431425100000C2
:10D980001C00601201000224E7FF4216251000006F
:10D99000252800008D3A400F25206002E1FF40104D
:10D9A00025A04000150020565E0002967327400F08
:10D9B0000000000025884000DBFF4010251000001B
:10D9C000710012A2440014AE25306002FF004532FF
:10D9D0001A26400F252000028400028E01004230EA
:10D9E0000C0040105E0011A66E0011A6CEFF0010C4
:10D9F00001000224EBFF00104400148EF1FF51508F
:10DA0000710012A2BC26400F25202002EAFF001060
:10DA1000000000003C0003963E00029621104300E7
:10DA20005C00039621104300EFFF00102688510090
:10DA3000E8FFBD271400BFAF2B26400F254880000C
:10DA40005D0040102540C000253040000D00A22C94
:10DA50005900401080180500019D053C70DAA5248E
:10DA60002128A3000000A28C080040000000000054
:10DA7000A4DA009DD4DA009D2CDB009D54DB009DD0
:10DA8000B8DB009DB8DB009D70DB009DB8DB009D1E
:10DA900080DB009D8CDB009DA0DB009DA8DB009D52
:10DAA000B0DB009D1E000011251000000000049155
:10DAB0008400C38C0100843804A5837C8400C3AC3B
:10DAC000010004910100843844AD837C13000010F0
:10DAD0008400C3AC12000011251000000000029168
:10DAE0008400C38C8473437C8400C3AC00406330E7
:10DAF0000B006010010002247300C0A00200039517
:10DB000001006050102703246C00C3A4040003919B
:10DB100001006050060003248000C3A0010002241D
:10DB20001400BF8F0800E0031800BD270100023C6D
:10DB30002B10020120004010240007242530000093
:10DB4000FFFF05311400BF8F25202001FE34400B5C
:10DB50001800BD270100023C2B10020116004010E6
:10DB600018000724FFFF0631F6FF001025280000EB
:10DB70008400C38C2B400800D4FF001044CE037DEA
:10DB80008400C38CD1FF0010046B037D8400C38C20
:10DB9000FFFF08312B400800CCFF0010C47B037D41
:10DBA000DEFF00108100C8A0DCFF00108200C8A0CA
:10DBB000DAFF00108800C8A0D9FF0010251000006F
:10DBC000E8FFBD271400BFAF2B26400F0000000068
:10DBD00025004010251800002400C0101400BF8F3D
:10DBE0000D00A32C210060102518000080180500EE
:10DBF000019D053C08DCA5242128A3000000A38C7E
:10DC000008006000000000003CDC009D78DC009D06
:10DC100098DC009DACDC009D04DD009D04DD009DD2
:10DC2000C0DC009D04DD009DD0DC009DE0DC009D9B
:10DC3000ECDC009DF4DC009DFCDC009D8400428C4B
:10DC40000200C0A4021D0200421502000100633858
:10DC50000100423801006330010042300000C3A0DF
:10DC60000100C2A0010003241400BF8F2510600032
:10DC70000800E0031800BD278400438C8003637C08
:10DC80000000C3A06C0043940200C3A48000429033
:10DC9000F4FF00100400C2A01800438C1400428C52
:10DCA00023186200EFFF00100000C3A40400438C9F
:10DCB0000000428C23186200FAFF00100100632468
:10DCC0008400428C4006427CE6FF00100000C2A0A7
:10DCD0008400428C000B427CE2FF00100000C2ACCA
:10DCE0008400428CF8FF0010C003427CF6FF001055
:10DCF00081004290F4FF001082004290F2FF001079
:10DD000088004290D8FF0010251800001B00C010AA
:10DD100025380000E8FFBD271400BFAF2B26400FB9
:10DD20000000000005004054710048901400BF8FAF
:10DD30002510E0000800E0031800BD27FF00A53013
:10DD4000FBFF05151400BF8F70004490FDFF832476
:10DD50000300632CF6FF601408000324F4FF831013
:10DD600001000324F3FF03552510E0000000C38CDD
:10DD700001000724EDFF00103C0043AC0800E00365
:10DD80002510E000E8FFBD271400BFAF2B26400F91
:10DD9000254080000500405470004390251000008D
:10DDA0001400BF8F0800E0031800BD27254840007D
:10DDB000FDFF62240300422CF8FF401408000224F7
:10DDC000F7FF6250251000000500E0142550C00048
:10DDD000010040555C002AA5F1FF0010010002245B
:10DDE0002530E0004337400F25200001F8FF4014A4
:10DDF00025100000EBFF00101400BF8FE8FFBD27C7
:10DE00001400BFAF2B26400F000000000A00401096
:10DE10001400BF8F70004490FDFF83240300632C27
:10DE2000050060140800032403008310252040002F
:10DE30001A26400B1800BD27251000000800E0033B
:10DE40001800BD27D8FFBD272000B3AF259880005C
:10DE5000252000001C00B2AF1800B1AF1400B0AF15
:10DE60002590A0002400BFAF2580C000CE37410F11
:10DE70002588E0000B000012252840002B26400FCB
:10DE80002520600207004050258000007800438C68
:10DE90000400605425800000780050AC760052A445
:10DEA0007C0051ACE037410F252000002400BF8FDB
:10DEB000251000022000B38F1C00B28F1800B18F14
:10DEC0001400B08F0800E0032800BD27E0FFBD2745
:10DED0001400B0AF25808000252000001C00BFAFDB
:10DEE0001800B1AFCE37410F2588A00025200002D1
:10DEF0002B26400F252840000700401025800000F9
:10DF00007800438C0400711400000000780040ACDD
:10DF1000760040A401001024E037410F25200000C6
:10DF20001C00BF8F251000021800B18F1400B08FA5
:10DF30000800E0032000BD270800E00301000224E0
:10DF40000800E003251000000800E0032510000091
:10DF50001881828F050040101C81868F10004414A8
:10DF600000000000188180AF1C81868F01A0023C58
:10DF700028274594780007242510000002204770C8
:10DF8000211886002B20450007008054420064942D
:10DF9000251800001881828F01004050188183AF3E
:10DFA0000800E0030000000040008430F9FF801406
:10DFB00001004224F2FF001002204770E0FFBD275D
:10DFC0001400B0AF01A0103C1C00BFAF1800B1AFEF
:10DFD0000A008014A024102618000296080010964B
:10DFE000258050001C00BF8F251000021800B18F43
:10DFF0001400B08F0800E0032000BD2725888000B2
:10E00000CE37410F010004240100052418000396B7
:10E010000900251208000496FDFF8530080005A6BA
:10E020002580640025284000E037410F01000424CA
:10E03000EDFF00101C00BF8FFEFF6630F8FF0010E0
:10E04000180006A6FFFFA5240600A32C31006010CF
:10E050002510000080100500019D053C7CE0A524F2
:10E060002128A2000000A28CE8FFBD271000B0AF5D
:10E070001400BFAF080040002580800094E0009DA0
:10E08000BCE0009DCCE0009DDCE0009DECE0009D4C
:10E0900000E1009D0100072401000624EA37410F3A
:10E0A00025280000010042380100422C1400BF8FD7
:10E0B0001000B08F0800E0031800BD271338410F8F
:10E0C00000000000F8FF0010010042382038410F26
:10E0D000FFFF0524F4FF0010010042383038410FE3
:10E0E00000000000F0FF001001004238CE37410F61
:10E0F00025200000000002AEECFF00100100022409
:10E100000000858CE037410F25200000E7FF00105C
:10E11000010002240800E00300000000D8FFBD2732
:10E120001800B2AF259080002520A0002000B4AFD9
:10E130001C00B3AF25A0E0001400B1AF1000B0AFD9
:10E140002588C0002400BFAFCA65410F2C00A5AFD1
:10E15000010050240000828E3800B38F211050003F
:10E16000000082AE0000228E2B10500018004014D8
:10E170002C00A58F0000438E25300002D665410F8C
:10E1800025206000251840000000428E211050001C
:10E19000000042AE0000228E23105000000022AE8C
:10E1A0000000628E21805000000070AE2400BF8FFE
:10E1B000251060002000B48F1C00B38F1800B28FB0
:10E1C0001400B18F1000B08F0800E0032800BD27B5
:10E1D000000020AEF5FF0010251800000400998C07
:10E1E0000700201301A0033CA02463242310830014
:10E1F0002530A00025380000080020030329020074
:10E200000800E00300000000E0FFBD271400B0AFED
:10E2100025808000252000001C00BFAF1800B1AF92
:10E22000CE37410F2588A00008000396252840001E
:10E230002520000025182302E037410F080003A61F
:10E2400025282002252000021C00BF8F1800B18F56
:10E250001400B08F7738400B2000BD271081828FCB
:10E2600001A0043C0200052401004224108182AF79
:10E2700001A0023CA024422408004394B02484243A
:10E28000020063347738400B080043A478FFBD27B1
:10E290007000B3AF01A0133C6C00B2AF2827722608
:10E2A0006400B0AF1000508E7C00B6AF7800B5AF00
:10E2B0007400B4AF6800B1AF8400BFAF8000B7AFE7
:10E2C00017005792420002961400439625A0800042
:10E2D000845AE27E25A8A000600003A6420002A6A0
:10E2E0004400118E060080105400168E0000259602
:10E2F0002520A00225108002540080540000468C86
:10E30000010002246700E216282762963E00A3A7B8
:10E310003800A0AF3C00A2A7069D023C60874224C3
:10E320001000A2AF069D023C6C8742241400A2AFED
:10E33000069D023C788742241800A2AF0800428E56
:10E340004000A0AF4400A0AF1C00A2AF059D023C5E
:10E35000808B42242000A2AF059D023CE48C422425
:10E360002400A2AF059D023C0C8E42242800A2AFDF
:10E37000019D023C44E042242C00A2AF019D023CDE
:10E38000ACE542244800A0AF4C00A0AF3000A2AFE3
:10E39000DC22410F3400B0AFDE22410F4000A2A7C3
:10E3A0004200A2A716004296060006243C0005265D
:10E3B0004800A4274400A2A7D665410F4600B7A78E
:10E3C0001000A2275400A2AF000024960800228E5D
:10E3D0005000A0A35800B6AF09F840005000A52790
:10E3E000FFFF12241E0052144C0002AE8162410F46
:10E3F0004C0000AE09004010259000007B62410FE8
:10E40000000000000400268E049D053C7C75A524B8
:10E41000EF29410F25204000259000008400BF8F88
:10E42000251040028000B78F7C00B68F7800B58F32
:10E430007400B48F7000B38F6C00B28F6800B18F1E
:10E440006400B08F0800E0038800BD275500A65087
:10E450000400568CFFFF8424A7FF0010080042240C
:10E460001C00228E0000249609F8400003000524B9
:10E470000C005214500002AE500000AE8162410FF9
:10E480004C0000AEE5FF4010259000007B62410F7C
:10E4900000000000049D053C0400268EDCFF0010F7
:10E4A000AC75A524059D113C059D163C9077312641
:10E4B000E477D62606008012252800000000249666
:10E4C0002518A002251080021300601425280000E2
:10E4D0000400228E09F84000282764261300401407
:10E4E000259040008162410F00000000CBFF4050AA
:10E4F000259000007B62410F00000000000026967E
:10E50000049D053CD075A524EF29410F252040002E
:10E51000C3FF00108400BF8F0000458C1F008510D2
:10E52000FFFF6324E8FF0010080042240C0031269E
:10E53000E0FF3616000000005000048EB7FF801088
:10E54000010006244400028E4C00428C09F8400071
:10E55000960705240C004014259040008162410F6D
:10E5600000000000ADFF4050259000007B62410F8D
:10E57000000000004400038E049D053C0476A524A1
:10E58000E1FF00100400668C430002923F0042301D
:10E5900040004234A1FF0010430002A2CCFF001053
:10E5A0000400458C56FF0010540016AE1600833050
:10E5B000030060102510000001A0023CB02442249A
:10E5C0006200A394252083001481838F6200A4A499
:10E5D00001006324148183AF06004010010005246C
:10E5E0000800439425204000010063347738400B35
:10E5F000080043A40800E003000000001F0080148E
:10E600002520A000D8FFBD271800B0AF2580A000AE
:10E610002F0005242000B2AF1C00B1AF2400BFAF13
:10E620002588C0003D65410F2590E000050040149D
:10E630005C0005243D65410F2520000203004010C9
:10E64000049D053C01005024049D053C1000B2AF20
:10E6500025382002253000024076A524EF29410FFD
:10E66000252000002400BF8F2000B28F1C00B18F36
:10E670001800B08F0800E0032800BD270800E00361
:10E68000000000000C0080142510E000E0FFBD2712
:10E690002538C0002530A000049D053C1000A2AF25
:10E6A0001C00BFAFEF29410F7876A5241C00BF8F57
:10E6B0000800E0032000BD270800E0030000000080
:10E6C00001A0033C2827632402006414FFFF0224F6
:10E6D000F480828F0800E0030000000001A0023CEB
:10E6E000E8FFBD27282742241000B0AF1400BFAFB9
:10E6F00008004414258000000600A010010010242A
:10E700002520A00001A0053C18000624D665410F75
:10E710001027A5241400BF8F251000021000B08F11
:10E720000800E0031800BD270800E0031881828F6D
:10E7300007008010251000004200839440006330E1
:10E740000300601000000000188184AF0100022463
:10E750000800E003000000000800E00325100000AE
:10E760000800E003251000000C00A0102510A000F8
:10E770000000A68C0900C0102510000001A0033C79
:10E780001C81828F28276794252800002B18A7005A
:10E790000400601400000000251000000800E003E1
:10E7A0000000000004008050420043940C004454D8
:10E7B00078004224420043944000633008006050D7
:10E7C000780042240400438C0800488C2618C300BB
:10E7D00024186800F1FF6010000000007800422457
:10E7E000EAFF00100100A5241C81828F01A0033CD8
:10E7F00028276694251800002B2866000400A054E2
:10E800005000458C251000000800E00300000000C7
:10E81000FDFFA41001006324F7FF001078004224DC
:10E820001C81838F01A0023C2827469425100000FC
:10E830002A2846000400A0545000658CFFFF0224E3
:10E840000800E00300000000FDFFA410780063242E
:10E85000F7FF00100100422401A0023C0800E00381
:10E860002827429401A0023C282743942B188300B8
:10E870000500601025100000780002240228827034
:10E880001C81838F2110A3000800E003000000001A
:10E8900002008010FFFF0224600082940800E00361
:10E8A000000000001C81828F0C00401023188200A1
:10E8B0000A00600425100000EEEE053CC3180300BA
:10E8C000EFEEA5340218657001A0023C282742949F
:10E8D0002A1062000A200200251080000800E003D0
:10E8E00000000000001003240A008310251000001F
:10E8F0001C81828F01A0033C28276694FFFF84308F
:10E90000251800002B2866000400A054020045943E
:10E91000251000000800E00300000000FDFFA41027
:10E9200001006324F7FF00107800422404008010E7
:10E93000251080004400828C010040540400428C69
:10E940000800E00300000000D8FFBD272000B3AF9F
:10E950001C00B2AF1800B1AF1400B0AF2400BFAFBD
:10E96000259880002580A0002588C0000400801024
:10E9700025900000CA65410F6F0084242590400057
:10E980000C0000122400BF8F0B0020122510400243
:10E9900006004012FFFF312625200002253020020C
:10E9A0009466410F6F00652621801102000000A2CD
:10E9B0002400BF8F251040022000B38F1C00B28FAF
:10E9C0001800B18F1400B08F0800E0032800BD27A5
:10E9D00002008010251080004400828C0800E003B3
:10E9E000000000001C81828F01A0033C2827669450
:10E9F000251800002B2866000400A054420045940E
:10EA0000251000000800E003000000004000A530D1
:10EA10000600A050780042240400478C0000858C3A
:10EA2000F8FFE5100000000078004224F1FF00101C
:10EA300001006324E8FFBD271400BFAF0800801069
:10EA40002540A0000000828C05004010000000005E
:10EA5000793A400F00000000050040141400BF8FF9
:10EA600002000011251000001881828F1400BF8F52
:10EA70000800E0031800BD27251080000000A48CCA
:10EA80000001033C7F0063240800831001A0033CC5
:10EA90001C81828F28276694251800002B28660089
:10EAA0000400A0540400458C251000000800E00379
:10EAB00000000000FDFF851001006324F7FF001037
:10EAC000780042240800E003251000000800E0035D
:10EAD00025100000080080102510000042008394DB
:10EAE0004000633004006010000000000000A28CB1
:10EAF0000C0082AC010002240800E00300000000CA
:10EB0000050080102510000042008394400063300F
:10EB1000010060540C00828C0800E003000000003B
:10EB200005008010251000004200839440006330EF
:10EB3000010060541000828C0800E0030000000017
:10EB400005008010251000004200839440006330CF
:10EB5000010060541400828C0800E00300000000F3
:10EB60000700801000000000420082944000423004
:10EB700003004050252000000000A28C100082AC51
:10EB80000800E0032B10040008008010251000008E
:10EB900042008394400063300400601000000000D5
:10EBA0000000A28C140082AC010002240800E003E3
:10EBB000000000000800E003251000000800E0034A
:10EBC000251000000D0080102510000042008394E5
:10EBD000400063300900601006000624E8FFBD27EE
:10EBE0001400BFAFD665410F3C0084241400BF8FD2
:10EBF000010002240800E0031800BD270800E0031C
:10EC00000000000002008010251080002C008224EB
:10EC10000800E00300000000100080102510000034
:10EC200042008394400063300C0060102C00832469
:10EC3000E8FFBD27252060001400BFAFD665410F57
:10EC4000100006245373400F252040001400BF8F8E
:10EC5000010002240800E0031800BD270800E003BB
:10EC60000000000005008010251000004200839481
:10EC70004000633001006054020082940800E00309
:10EC80000000000005008010251000004200839461
:10EC900040006330010060546D0082900800E00382
:10ECA0000000000010008010251000004200839436
:10ECB000400063300C006010000000004400828CB3
:10ECC0005000848CE8FFBD273C00428C1400BFAF8D
:10ECD00009F84000000000001400BF8F0100422C22
:10ECE0000800E0031800BD270800E0030000000052
:10ECF0001000801025100000420083944000633013
:10ED00000C006010000000004400828C5000848CD5
:10ED1000E8FFBD274400428C1400BFAF09F8400053
:10ED2000000000001400BF8F0100422C0800E00327
:10ED30001800BD270800E003000000001C81828F3E
:10ED40000700401001A0033C28276994FFFF84308E
:10ED5000251800002B40690003000055020048946C
:10ED60000800E00325100000070004557800422445
:10ED70004400488C04000051780042244800198D5A
:10ED8000080020035000448CF2FF001001006324AF
:10ED90001C81828FE8FFBD271400BFAF060040141E
:10EDA0001000B0AF251000001400BF8F1000B08F0E
:10EDB0000800E0031800BD27FBFF801025100000AD
:10EDC0001000E0144C000224F7FFA01025100000F2
:10EDD000F6FFC0101400BF8F4C00C62CF1FFC0140A
:10EDE0002580A0004A00062402008524D665410F34
:10EDF000020004264C000224000002A6EAFF0010D4
:10EE00004C000224F4FFA0140000E2ACE6FF001066
:10EE10002510000090FFBD276C00BFAF6800B2AFA7
:10EE20006400B1AF970080106000B0AF258880000B
:10EE30002580A0000300E0142590E0009200A0507F
:10EE400025800000000023964C0002248D006214EF
:10EE50003C00C22C8B0040143C0002265800A2AF9C
:10EE60004400228EC4FFC6245400A6AF5000A0AFB9
:10EE70004C00A0AF8B0040104A00A0A30400458CBA
:10EE80008800A010320006249466410F1800A427C1
:10EE90004C00A2271000A2AF5000A7275400A627BD
:10EEA0001800A5274738400F5800A427000002AEDD
:10EEB000320006242C0025269466410F1800A42752
:10EEC0004C00A2275000A7275400A6271800A5270A
:10EED0005800A4274738400F1000A2AF040002AE2C
:10EEE000320006241800A5277977400F3C0024261D
:10EEF0004C00A2275000A7275400A6271800A527DA
:10EF00005800A4274738400F1000A2AF080002AEF7
:10EF1000320006241800A5275377400F040024264A
:10EF20004C00A2275000A7275400A6271800A527A9
:10EF30005800A4274738400F1000A2AF0C0002AEC3
:10EF4000320006241800A5275377400F0800242616
:10EF50004C00A2275000A7275400A6271800A52779
:10EF60005800A4274738400F1000A2AF100002AE8F
:10EF7000320006241800A5275377400F0C002426E2
:10EF80004C00A2275000A7275400A6271800A52749
:10EF90005800A4274738400F1000A2AF140002AE5B
:10EFA000320006241800A5275377400F10002426AE
:10EFB0004C00A2275000A7275400A6271800A52719
:10EFC0005800A4274738400F1000A2AF180002AE27
:10EFD000320006241800A5275377400F140024267A
:10EFE0004C00A2275000A7275400A6271800A527E9
:10EFF0005800A4274738400F1000A2AF4000248ECD
:10F000001C0002AE0072400F800E847C2528400058
:10F01000320006249466410F1800A4274C00A22752
:10F020005800A4271000A2AF5000A7275400A6271D
:10F030004738400F1800A52742002396200002AE53
:10F040000400643002008010010062300400423489
:10F050000200633001006054020042344400238EF9
:10F06000240002AE5000A28F03004012280003AE1D
:10F070003C004324000043AE4C00A38F0300621009
:10F080006C00BF8F258000006C00BF8F2510000230
:10F090006800B28F6400B18F6000B08F0800E00399
:10F0A0007000BD2782FF0010000000AE230080101A
:10F0B00000100224D8FFBD2701A0023C2000B4AFFD
:10F0C0001800B2AF282754941C81928F1400B1AF5E
:10F0D0001000B0AF2400BFAF1C00B3AF258080008C
:10F0E000258800002B1034020A0040100010022472
:10F0F0004400538E0F006052780052260400658E43
:10F10000E165410F252000020A00401478005226D4
:10F11000000062962400BF8F2000B48F1C00B38FC4
:10F120001800B28F1400B18F1000B08F0800E003F8
:10F130002800BD27EBFF0010010031260800E00386
:10F1400000000000D8FFBD2701A0023C2000B3AFA3
:10F150001400B0AF282753941C81908F1C00B2AFCD
:10F160001800B1AF2400BFAF2590800025880000B3
:10F170002B1033020B004014252840022B3C400F7B
:10F18000252040022400BF8F2000B38F1C00B28FC7
:10F190001800B18F1400B08F25204000393A400B81
:10F1A0002800BD27E165410F6F00042603004010D1
:10F1B00001003126EEFF0010780010262400BF8FDA
:10F1C000251000022000B38F1C00B28F1800B18FF1
:10F1D0001400B08F0800E0032800BD271C81838F36
:10F1E00001A0023C28274694FFFF84302510000030
:10F1F0002B2846000300A0544400658C0800E0035F
:10F20000251000000600A010780063240000A794D9
:10F21000F7FFE454010042240800E0030400A28C3C
:10F22000F3FF0010010042240900801025100000A7
:10F23000420083944000633005006010000000002D
:10F240000800828C0400838C2710020025104300E4
:10F250000800E0030000000004008010000000002F
:10F2600042008294400042300A2002000800E0037D
:10F270002B10040042008294E7FF4230420082A437
:10F280000800E00325100000420083940100A23032
:10F29000F8FF633004004010420083A401000524FD
:10F2A0000400A37C420083A40800E00300000000E7
:10F2B00004008010251000004200829407004230B4
:10F2C0000100422C0800E00300000000D0FFBD2731
:10F2D0001C00B0AF25808000252000002800B3AFBF
:10F2E0002400B2AF2000B1AF2590C0002C00BFAF0A
:10F2F0002598A000CE37410F2588E000253040003A
:10F3000016000012251000004200039640006330F2
:10F310002300601025280000AC3C400F252000028F
:10F320000F0040502528C0000500601200000000BA
:10F330000000638E02002012040003AE180003AE2A
:10F34000070040122528C0000000438E0400201250
:10F35000080003AE1C0003AE251020022528C000C3
:10F3600025200000E037410F1000A2AF1000A28F4F
:10F37000050040102C00BF8F420003960463037CFD
:10F38000420003A62C00BF8F2800B38F2400B28F49
:10F390002000B18F1C00B08F0800E0033000BD27B3
:10F3A000EEFF001025800000420082940800E00378
:10F3B000070042300D0080102510000002000324D9
:10F3C0000500A3540100032442008294080042383F
:10F3D0000800E003C000427C0400A3140000000009
:10F3E00042008294100042380001427C0800E00391
:10F3F00000000000E8FFBD271000B0AF25808000AE
:10F400001400BFAFCE37410F25200000180003269F
:10F41000080060101C0003261800038E040003AED1
:10F420001C00038E080003AE2000038E05000010B0
:10F430000C0003AEFAFF601420000326FBFF6054AB
:10F440002000038E25284000E037410F25200000D2
:10F45000420002961400BF8F0463027C420002A6A1
:10F460001000B08F0800E0031800BD27D0FFBD27B3
:10F470002800B4AF1C00B1AF1800B0AF2C00BFAF74
:10F480002400B3AF2000B2AF258880002580A00003
:10F490003300C01025A0C000070006246F00A5247B
:10F4A0009466410F1000A4275400138E600012963A
:10F4B00025280000252000028066410F78000624E0
:10F4C0000800248E290080103C0005269E71400F04
:10F4D000000000000C00248EE86F400F1800052685
:10F4E0001000248EE86F400F1C0005261400248EA7
:10F4F000E86F400F200005261800248EE86F400FAB
:10F50000240005261C00248EE86F400F28000526E5
:10F510002800228E1C004014440002AE0100112479
:10F5200006008012070006241000A527D665410FAB
:10F530006F000426540013AE600012A62C00BF8F8B
:10F540000100223A2800B48F2400B38F2000B28F2C
:10F550001C00B18F1800B08F0800E0033000BD27F9
:10F5600025980000D2FF0010259000003C0000A26A
:10F570000100A0A00200A0A00300A0A00400A0A081
:10F58000D4FF00100500A0A000004394020003A6D1
:10F59000020042906D0002A2FFFF42240400422CB0
:10F5A000DEFF40102C0003260400258E252060007D
:10F5B000D665410F100006245373400F25204000EC
:10F5C000420002962400258E010003240463627C1D
:10F5D000480005A6420002A6A23C400F25200002DA
:10F5E000040040542400028EFD3C400F0000000047
:10F5F0002400028E0100032425880000100002AEC2
:10F600002800028E140002AE420002964429627C59
:10F61000C420027CC2FF0010420002A604000224A3
:10F620000600C214010002240A00A21442008294BF
:10F630000400A27C0800E003420082A4020002242D
:10F640000D00C210030002240B00A21000000000F5
:10F650004200829401000324F8FF42300463627C7C
:10F66000420082A42400828C100082AC2800828C8C
:10F67000FD3C400B140082AC0800E00300000000D9
:10F6800009008010000000004200829440004230D7
:10F6900005004010000000004400828C5400598C8A
:10F6A000080020035000848C0800E00325100000AF
:10F6B0000800E003251000000800E003251000000A
:10F6C00002008010FFFF0224600082940800E00323
:10F6D0000000000005008010251000004200839407
:10F6E00040006330010060540400828C0800E00395
:10F6F000000000000400801000000000420082941E
:10F70000400042300A200200B53D400B00000000DE
:10F710000800E003251000000800E00325100000A9
:10F720002600801000000000D8FFBD272000B3AFE6
:10F730001400B0AF2598A00025808000252000008F
:10F740001C00B2AF1800B1AF2400BFAF2588E000A5
:10F75000CE37410F2590C00003006012000000006A
:10F760000000638E040003AE03004012000000009E
:10F770000000438E080003AE03002012252840003D
:10F780000000238E0C0003AEE037410F252000005F
:10F79000420002963800A3930463627C420002A6F2
:10F7A0002400BF8F2000B38F1C00B28F1800B18FD0
:10F7B0001400B08F0800E0032800BD270800E00314
:10F7C0000000000005008010251000004200839416
:10F7D00040006330010060540800828C0800E003A0
:10F7E000000000000700801000000000420082942A
:10F7F000400042300300401000000000F13D400B8B
:10F80000000000000800E003251000000300801045
:10F81000000000000000A28C0C0082AC0800E00395
:10F820000000000003008010000000000000A28C17
:10F83000100082AC0800E00300000000030080100C
:10F84000000000000000A28C140082AC0800E0035D
:10F85000000000000C00801025100000420083947E
:10F8600040006330080060100001033C0000A58CDC
:10F870007F0063240400A310010002240400828C92
:10F88000261045000100422C0800E00300000000A3
:10F890000C0080102510000042008394400063306B
:10F8A00008006010000000000800828C0400838CB7
:10F8B00027100200251043000000A38C26104300EF
:10F8C0000100422C0800E00300000000110080103D
:10F8D0002510000042008394400063300D0060104A
:10F8E000FFFF03240000A68C0900C31001000224BE
:10F8F000E8FFBD271400BFAF243E400F000000000A
:10F900001400BF8F010042300800E0031800BD273B
:10F91000010042300800E0030000000007008010F2
:10F920002510000042008394400063300300601003
:10F93000000000006C008290010042300800E003EB
:10F9400000000000070080100000000042008294C8
:10F95000400042300300401000000000473E400BD2
:10F96000000000000800E0032510000008008010DF
:10F9700025108000420083944000633004006050F2
:10F98000251000006C008390010063300A10030012
:10F990000800E00300000000E8FFBD271400BFAF2F
:10F9A0005B3E400F0000000025184000040060107E
:10F9B0002510000042006294001042380003427C8F
:10F9C0001400BF8F0800E0031800BD27E8FFBD2723
:10F9D000050080101400BFAF5B3E400F1881848F7C
:10F9E0000D0040141400BF8F01A0023C1C81868FC3
:10F9F0002827459425180000780007240220677006
:10FA0000211086002B20650005008054420044949C
:10FA1000251000001400BF8F0800E0031800BD2768
:10FA200040008430F5FF8050010063246C00449056
:10FA300001008430F8FF80141400BF8FEFFF001026
:10FA40000100632401A0033C1C81828F2827669457
:10FA5000252800002B18A600040060540800438CE1
:10FA6000251000000800E003000000000400478C9F
:10FA700027180300251867000000878CF9FFE310A2
:10FA80000100A524F3FF001078004224020080103A
:10FA900000100224020082940800E003000000002D
:10FAA00002008010251000005000828C0800E00346
:10FAB00000000000060080102510800042008394A2
:10FAC0004000633002006050251000003C0082249A
:10FAD0000800E00300000000AD3E400B0000000005
:10FAE0001B00A010251000000200832C18006014D9
:10FAF000FFFF83302700632C15006010FFFF843068
:10FB000001A0023C00210400A02442242110440052
:10FB10000000438C03006010000000000C006554DE
:10FB2000251000000800C010000045AC0081838F44
:10FB300025206000201E037C2A1866000100605406
:10FB40002520C0002036047C0A0046A40C0046A4F0
:10FB50000800E003000000001000A01025100000C5
:10FB60000000A38C0D006010000000000900C050D0
:10FB70000A00A6A40081828F251840002016027C6E
:10FB80002A104600010040542518C0002036037C8E
:10FB90000A00A6A40C00A6A4010002240800E003A9
:10FBA0000000000003008010100006248066410B56
:10FBB000252800000800E00300000000E0FFBD274A
:10FBC0001000B0AFFFFF843001A0103C0021040002
:10FBD000A024102621800402252000001800B2AFC6
:10FBE0001400B1AF1C00BFAFCE37410F2588A00075
:10FBF00008001296271811000001313224187200F3
:10FC000004002012080003A6F880838FFFFF6324FE
:10FC1000F88083AF25284000E037410F2520000001
:10FC20001C00BF8F251040021400B18F1800B28F46
:10FC30001000B08F0800E0032000BD27E0FFBD27C3
:10FC40000200822C1400B0AF1C00BFAF1800B1AF8F
:10FC50001A00401425800000FFFF843001A0023C00
:10FC6000A0244224002104002588A0002120440073
:10FC70008238400F2580C000000122320900401068
:10FC800000000000CE37410F25200000F880838F50
:10FC9000252840002520000001006324E037410FA3
:10FCA000F88083AF050000162528200201A0043C3F
:10FCB0007738400FB0248424010010241C00BF8F2B
:10FCC000251000021800B18F1400B08F0800E00367
:10FCD0002000BD27E0FFBD271000B0AF25808000C9
:10FCE000252000001C00BFAF1800B2AF1400B1AF58
:10FCF0002400A5AFCE37410F2588C0000C00042496
:10FD000025904000021004722400A58F01A0033C3E
:10FD1000102463249B73400F2120430025284002B8
:10FD2000E037410F2520000007002012FFFF1032AE
:10FD300001A0043C00811000A024842401000524BB
:10FD40008238400F212090001C00BF8F0100022448
:10FD50001800B28F1400B18F1000B08F0800E003BC
:10FD60002000BD27D8FFBD272000B1AF2588800027
:10FD7000252000002400BFAFCE37410F1C00B0AFDC
:10FD80000C000424021824722580400001A0023CCB
:10FD900010244224BC73400F212062002528000259
:10FDA00025200000E037410F1000A2AF2400BF8FD4
:10FDB0001000A28F2000B18F1C00B08F0800E0035C
:10FDC0002800BD27C0FFBD272C00B0AF0C001024B9
:10FDD0000218907001A0023C102442243400B2AFFB
:10FDE0003C00BFAF3800B3AF3000B1AF2590A000EA
:10FDF0001C00A0AF2000A0AF2400A0AF1000A0AF57
:10FE00001400A0AF1800A0AF21806200CE37410FD0
:10FE10002520000025200002BC73400F25984000DB
:10FE20002588400025286002E037410F252000008A
:10FE300009002012252820022800228E02005210DC
:10FE40001C00A4271000A4279B73400F0000000093
:10FE5000EEFF001000000000BC73400F1C00A42740
:10FE60000600401001000624F5FF05248323410FFE
:10FE700025204000F8FF0010000000001000A28FB5
:10FE80000B0040103C00BF8FCE37410F25200000F3
:10FE9000258840001000A5270274400F252000028D
:10FEA00025282002E037410F252000003C00BF8FAD
:10FEB0003800B38F3400B28F3000B18F2C00B08F78
:10FEC0000800E0034000BD2701A0023CD8FFBD2789
:10FED000282743241400B0AF100064AC25808000B4
:10FEE000600084942000B3AF1800B1AF140064A484
:10FEF000059D113C03000424059D133C1C00B2AF7A
:10FF00002400BFAF160065A0170064A0E477312677
:10FF10002590400090777326F4FF31260800228E4A
:10FF200009F8400028274426FBFF3316010004246B
:10FF3000713F400F252800025000048E06008050BB
:10FF40004C00048E4400028E2000428C09F84000D0
:10FF5000000000004C00048E060080504200029613
:10FF60004400028E0C00428C09F8400000000000A2
:10FF7000420002962400BF8F500000AEBFBF423047
:10FF80004C0000AE420002A62000B38F1C00B28FCE
:10FF90001800B18F1400B08F0800E0032800BD27BF
:10FFA000E0FFBD271800B1AF1C00BFAF1400B0AF19
:10FFB0000B008010258800004000828C4040053CEA
:10FFC0002428A2000600A010010011242580800032
:10FFD000B23F400F04000524D437400F2520000213
:10FFE0001C00BF8F251020021400B08F1800B18FA5
:10FFF0000800E0032000BD27D8FFBD272400BFAFC5
:020000041D01DC
:100000002000B3AF1C00B2AF1800B1AF03008014E2
:100010001400B0AF07000010258800004000838C5A
:100020004040023C241043000A0040100000000041
:10003000010011242400BF8F251020022000B38F5F
:100040001C00B28F1800B18F1400B08F0800E003BD
:100050002800BD27EFFFA01001A0123C6000829491
:10006000282752262598A000100044AE140042A66E
:10007000252880000300022425808000010006243A
:10008000252060021B3D400F160042A20E004014C6
:10009000258840008162410F00000000E5FF4050CC
:1000A000258800007B62410F00000000600006967A
:1000B000049D053CB076A524EF29410F2520400082
:1000C000DDFF00102400BF8FE071400F2000648E20
:1000D00025184000258840004408037C01000224C4
:1000E0000E006210252800008162410F0000000010
:1000F000D0FF4050258800007B62410F00000000C7
:10010000049D053C25302002E876A524EF29410F07
:1001100025204000C7FF0010258800002520000092
:10012000A338400F170051A2C1FF4014258840009A
:1001300004000524B23F400F25200002BEFF00103E
:100140002400BF8F0C80848FE0FFBD271000B0AF6C
:10015000FFFF10241C00BFAF1800B2AF04009010C6
:100160001400B1AFFED1400F000000000C8090AF32
:100170001C81928F2580000001A0113C780004248E
:100180000210047221205200282722962A1002020F
:100190001F004014000000008022410F2827302655
:1001A0000800048E0700801001A0023C0C00828C25
:1001B00009F840001C81858FD561410F0800048E2D
:1001C00001A0023CFC2340ACFC234224040040ACD0
:1001D000080040AC0C0040AC100040AC1C00BF8FCD
:1001E000080000AE0C0000AE282720A6040000A6E0
:1001F0001800B28F1400B18F1000B08F1C8180AF37
:10020000F48080AFF88080AF0800E0032000BD27B5
:10021000B23F400F02000524D8FF00100100102655
:1002200090FFBD275800B4AF0800948C6000B6AFB3
:100230006C00BFAF6800BEAF6400B7AF5C00B5AF85
:100240005400B3AF5000B2AF4C00B1AF4800B0AFF4
:100250001E01801225B000000400938C1C01601266
:100260006C00BF8F2800628E190140100000000052
:100270000C009E8C1701C0132510C0021000978C33
:100280001301E0122528800001A0043C10278424DB
:10029000D665410F1800062446D1400F000000002B
:1002A000048182AF2518E0022510C0030100042458
:1002B0000000458C3101A410FFFF6324FCFF601493
:1002C0000800422425A8000025280000CB61410F2A
:1002D0002520A0022590400001A0023C282751249F
:1002E000080032AE1E0040163000A2AF8162410FFE
:1002F000010010240B004010000000007B62410F41
:10030000000000000200A012253000000000A68EB0
:10031000049D053C1C77A524EF29410F25204000B2
:10032000010010248162410F00000000080040100D
:10033000000000007B62410F00000000049D053CAE
:10034000253000020079A524EF29410F2520400027
:100350005140400F25B00000DD0000106C00BF8F41
:100360000000A28E78000624252880020C0022AE10
:100370000800428E09F84000252040020F0040147A
:100380001C8182AF8162410F02001024E5FF401002
:10039000000000007B62410F00000000780006248E
:1003A00002308672049D053C4C77A524EF29410F4D
:1003B00025204000DBFF00100000000025308002F7
:1003C000252860026B22410F252040020B004014BB
:1003D00025B040008162410F03001024D1FF40107E
:1003E000000000007B62410F00000000049D053CFE
:1003F00025304002EDFF00108C77A5243000A28F3D
:100400001C81838F040037A6282754A42580000070
:1004100078000524021005723C00042421284300C2
:10042000021004721E009016212053001C81948F2C
:1004300002002296253800002520800225180000A1
:100440004400888C010063247800842425308000D7
:10045000252860002E00B0544400C98CF9FF705468
:100460004400888C0100E054020022A6020022967B
:100470002E004010251880028162410F05001024D3
:10048000A8FF4010000000007B62410F0000000048
:10049000049D053C02002696C4FF00104478A52464
:1004A000253000001B3D400F3400A3AF1600401460
:1004B0003400A38F8162410F00000000080040104B
:1004C000000000007B62410F00000000049D053C1D
:1004D00025300002C077A524EF29410F25204000D8
:1004E0008162410F040010248EFF401000000000C4
:1004F0007B62410F00000000049D053C2530800216
:10050000AAFF00100478A524C1FF001001001026E6
:10051000040028157800C62401004224FFFF423061
:100520002538C002CBFF00100100A52425100000D3
:100530001800668C010042241400C0147800632463
:10054000FBFF0216059D0A3C188180AF1800A0AF82
:100550001C00A0AF2000A0AF2400A0AF2800A0AFD7
:100560006F009426251800002600001004784A2504
:100570008400C7107800A52401008424FCFF905457
:100580001800A78CEEFF0010000000002528600076
:10059000FAFF001025204000FEFF8292F1FF83A6A3
:1005A0004000A3AF801002001800A3272140620082
:1005B0000000098D21104A000000478C049D063C74
:1005C0001000A9AF25208002CC78C624070005249E
:1005D0003C00A8AF3800AAAF3177400F3400A9AF74
:1005E0003400A98F3C00A88F4000A38F3800AA8F49
:1005F00001002925060080A2000009AD0100632446
:10060000780094263000A28F282742942B10620095
:10061000E1FF401401A0043C7002062425280000DC
:100620008066410FA024842401A0143C01A0043C56
:100630002528A00214000624FC23842410249426D8
:10064000F88080AFD665410F900095262520800266
:100650008D73400F0C009426FCFF95161C81828F31
:10066000160020A225A000003000A2AF78000324CD
:10067000022083723000A28F210090162118820080
:100680001800428E09F840002520400225804000D5
:100690000008422C0E0040106C00BF8F8162410F99
:1006A000000000000200422C090040146C00BF8FC3
:1006B0007B62410F00000000049D053C25300002D4
:1006C000D478A524EF29410F252040006C00BF8F6E
:1006D0002510C0026800BE8F6400B78F6000B68F1F
:1006E0005C00B58F5800B48F5400B38F5000B28FA8
:1006F0004C00B18F4800B08F0800E0037000BD27A8
:100700002000648EE071400F3400A3AF252040002C
:1007100025A840004408047C010002240B0082103C
:100720003400A38F8162410F07001024FDFE4010AA
:10073000000000007B62410F00000000049D053CAA
:100740002530A00219FF0010E876A5242528E00234
:100750002520C003170035A2100023AEA338400F98
:10076000140034A60300401001009426BFFF0010BF
:100770003C007326EBFE001008001024D2FE00108F
:100780000400558C3000A6AF8162410F0600102492
:10079000E4FE4010000000007B62410F00000000FA
:1007A000049D053C3000A68F00FF00108878A5242A
:1007B0001C81828FE8FFBD271400BFAF07004010E7
:1007C0001000B0AF01A0023C282742241400BF8FC4
:1007D0001000B08F0800E0031800BD27FBFFA01039
:1007E000FFFF022401A0023C282740AC2580A00086
:1007F00028274224049D053C040040AC080040AC7E
:100800000C0040AC100040AC140040AC3879A5247A
:1008100025200000148180AF008180AF0C8180AF63
:10082000FC8080AF088180AF108180AF1A2A410F11
:10083000000000001400028E01000324F48083AF46
:10084000E0FF4014F08082AF8840400F2520000276
:10085000DCFF4014FFFF0224DDFF00101400BF8FF7
:1008600001A0023C28274224060044140000000096
:100870001C81828F03004010000000005140400B9B
:10088000000000000800E00300000000A8FFBD27F2
:100890003400B1AF01A0113C282722265400BFAF7D
:1008A0005000BEAF4C00B7AF4800B6AF4400B5AF84
:1008B0004000B4AF3C00B3AF3800B2AF12004414F4
:1008C0003000B0AFF480838FFFFF62240200422C1F
:1008D0000D0040101C81828F19004014F080828F1F
:1008E00009F840001000A4270800401C5400BF8FE6
:1008F000110040141000A48F03008050F48080AFDA
:100900008840400F000000005400BF8F5000BE8F91
:100910004C00B78F4800B68F4400B58F4000B48FAD
:100920003C00B38F3800B28F3400B18F3000B08FED
:100930000800E0035800BD27F3FF0010F48080AFEB
:10094000010002242A0062140C80908FFFFF022411
:1009500027000216019D063C5CE2C6242528000003
:10096000A757410F05000424980050100C8082AF57
:10097000CF57410F0000000080200200212082009C
:10098000E8030524E70384241B008500F401A0008C
:1009900012180000021865701B006200F40140008C
:1009A00012100000FF7F432C88006010008182AF8E
:1009B0004C0143241B006200F401400001A0073CED
:1009C00002000824C024E7241218000002106270FC
:1009D000FC8082AF0000E28C760040540A00E6847E
:1009E0000100082527000224FAFF02151000E72461
:1009F0001C81908F25900000282724962B104402FC
:100A00008D004014F480838F0100022413006214CF
:100A1000251000001C81938F25800000780006249B
:100A2000000407240100052402404670C20082141D
:100A3000211813010100022404108200FFFF422448
:100A4000E200021602000224049D053CD079A52490
:100A5000252000001A2A410FF48082AFD437400FBE
:100A6000252000001481828F1081838F2510430080
:100A7000F880838F25104300A4FF40105400BF8FDF
:100A80001081828F1D00401025980000108180AFDA
:100A900049D1400F000000000481908F25380000EC
:100AA00025204000253000022528600025904000C8
:100AB0004D2E410F25986000E80306241B00060216
:100AC000F401C000EC8082AF2538000025204002F0
:100AD000252860024D2E410F12300000E88082AFC1
:100AE0000081838FFC80828F23104300B90040185F
:100AF0001C81908FFC8082AF010013241481828FAF
:100B0000240140101C81908F148180AF25A000002B
:100B1000282722962B108202C800401401A0163C00
:100B200001A0173C25A800001C24D626A024F726E7
:100B3000BC73400F2520C0021401401025804000E6
:100B40001400428CB542410F0C0044942800048EDE
:100B500025F040005800828CF2004014059D123CA4
:100B600025A00000E47752260400022400004396EA
:100B700001017E14253000002000028E0400438E07
:100B80000200449604AC027C25104300200002AE13
:100B9000353F400F25280002EA00401401000624DA
:100BA000F3FF05248323410F25200002E0FF0010FE
:100BB000000000008AFFC0102528E000D63E400F4C
:100BC0002520000187FF4014010008258162410FA4
:100BD0000000000008004010000000007B62410F90
:100BE00000000000049D053C050006246079A52452
:100BF000EF29410F252040005140400F0000000028
:100C0000FFFF02248162410FF48082AF3FFF40501A
:100C10005400BF8F7B62410F00000000049D053C23
:100C2000FFFF06249079A524EF29410F25204000DD
:100C300036FF00105400BF8F4C00048E1600805009
:100C4000780010264400028E1800428C09F84000FB
:100C50000000000042000296004042300E0040506A
:100C6000780010264400028E1400428C09F84000DF
:100C70004C00048E0A00410404000524B23F400FDA
:100C8000252000024200029601000324C47B627CFE
:100C9000420002A67800102657FF001001005226DD
:100CA00002000324FBFF4314200006242528000033
:100CB0008066410F1000A427DC0502242000A2AFAB
:100CC000010102242C00A2A74400028E5000048ED1
:100CD0004000428C09F840001000A52706000624B9
:100CE0001000A527D665410F3C0004261800A38FED
:100CF000420002962B180300446B627C420002A65D
:100D00002000A38FBF3F4230660003A62800A38FB8
:100D1000680003A22400A38F690003A22C00A39300
:100D20006A0003A22D00A3936B0003A2408003245A
:100D3000D7FF00102510430042006394000C683078
:100D4000050007152046037CEFFE010540006330D7
:100D500035FF60500100422404184500258003023D
:100D600031FF0010010042244000838C4040023CCF
:100D7000241043000400405001005226B23F400FAF
:100D80000400052401005226780004240210447255
:100D900021205300282722962B104202F2FF4014F4
:100DA000FFFF02248162410FF48082AFD7FE4050E2
:100DB0005400BF8F7B62410F00000000049D053C82
:100DC0002530000298FF0010007AA524EEFF0010E5
:100DD000259000004D014224FC8082AF2590000048
:100DE000282722962B10420244FF401001001324B2
:100DF00042000296400042300E004050780010261B
:100E00004400028E2400428C09F840005000048EF9
:100E10006C000392010064300500441001000424BA
:100E20004408837C8410437C0400437C6C0003A250
:100E300078001026EAFF00100100522642000296B8
:100E40004000423032FF4050010094264400028EA0
:100E50005000048E5400428C09F840006200129643
:100E600001000424CE37410F259052006200049601
:100E7000271812002528400024186400620003A6E9
:100E8000E037410F01000424640002965000048EF4
:100E90002528400225104202640002A64400028E6A
:100EA0005000428C09F840001600523211004056A2
:100EB0004400028E4200029600204230060040505C
:100EC000780010264400028E3800428C09F8400059
:100ED0005000048E780010260DFF001001009426AB
:100EE0002530000025284000353F400F0100042434
:100EF0004400028E5000048E253000003400428CE5
:100F000009F8400025280000F5FF4054280050ACA7
:100F10000881828F01004224088182AFE6FF001021
:100F2000420002965C00878C2530C00309F840001F
:100F300025280002FEFE4014059D123C09FF00100A
:100F400025A000000610950201004230F8FE401472
:100F5000010002240200449604A082020021040041
:100F6000010005242120E4028238400F25A8B402A4
:100F7000EFFE00100000000001009426FBFE821628
:100F80000800522606FF001001000624EF37400F2C
:100F9000010004241C81908F2590000028272296B0
:100FA0002B1042023100405442000296160060129B
:100FB00001A0103C01A0113CC024102610273126AE
:100FC0000000028E0C004050100010260A0003861C
:100FD000080060100081848F0C00029623104400EA
:100FE000FFFF42302026027C3A0080182110430087
:100FF0000C0004A610001026F2FF11560000028E0D
:10100000EF37400F0200042401A0103CA02410265A
:1010100050021226CE37410F252000002000118EED
:101020002528400025200000E037410F28001396B6
:1010300005002012100010260300601200000000BE
:1010400009F8200200000000F2FF5016F880828F9D
:101050002DFE401001A0043C000105247738400F0C
:10106000B024842429FE00105400BF8F4000423079
:10107000CAFF405001005226640003968606623083
:10108000050040506C0002920C81828F01004224C6
:101090000C8182AF6C000292020044300900801083
:1010A000040042300200401000106534000865342E
:1010B0006C000292252000024408027C8465400FE7
:1010C0006C0002A2640000A678001026B3FF001096
:1010D000010052260C0002A6020005248238400FAF
:1010E00025200002C4FF001010001026E0FFBD27DD
:1010F0002000A38C1400B0AF258080001000A48CC9
:10110000080063341800B1AF1C00BFAF2000A3ACCF
:101110000C0083942588C00025300000F2FF632472
:101120000C0083A42800B0AC353F400F010004241C
:10113000190020121C00BF8FCE37410F010004247C
:10114000620003962528400010006334620003A665
:101150001481838F01006324148183AF01A0033CB9
:10116000A02463241800649401008434180064A44B
:10117000E037410F010004241C00BF8F1800B18F1D
:101180001400B08F01A0043C01000524B024842485
:101190007738400B2000BD271800B18F1400B08FA6
:1011A0000800E0032000BD275000838C140060106D
:1011B000000000004400828CE0FFBD271C00BFAF90
:1011C0003000428C09F840002520600027200200F2
:1011D000059D063C049D053CA01307247C77C6248E
:1011E000447AA524C22704007F39400F1000A2AF23
:1011F0001C00BF8F1000A28F0800E0032000BD2755
:101200000800E003F2FF0224020080102510000015
:101210006A0082900800E0030000000002008010D5
:10122000251000006B0082900800E0030000000021
:101230000200023C0800E003E0224224049D023C3C
:101240000800E0037C7A4224E0FFBD271400B0AF21
:101250001C00BFAF1800B1AF1300A0102580000024
:10126000FFFF82242600422C100040101C00BF8F7C
:1012700001A0103C00210400A024102621800402BB
:1012800025200000CE37410F2588A0000400038EE2
:101290000200605425800000040011AE25284000A3
:1012A000E037410F252000001C00BF8F25100002F1
:1012B0001800B18F1400B08F0800E0032000BD2794
:1012C0000300801025100000040080AC01000224FF
:1012D0000800E00300000000010002240300821463
:1012E000FFFF8324EF37400B252000002600632CEE
:1012F00006006010251000000011040001A0043C4D
:10130000A024842421208200080082940800E003A5
:10131000000000000800E003251000000800E003C2
:101320002510000001A0033C282763240C00658CD5
:101330000200A414251000000800628C0800E003DD
:101340000000000004008010000000001000998CD4
:1013500008002003000000000800E0032510000042
:1013600004008010000000001400998C0800200385
:10137000000000000800E0032510000004008010B9
:10138000000000001800998C0800200300000000F5
:101390000800E00325100000040080100000000099
:1013A0001C00998C08002003000000000800E003E6
:1013B0002510000004008010000000002000998C1F
:1013C00008002003000000000800E003F7FF0224EB
:1013D00001A0023C0800E003FC2342240800E003D3
:1013E0002B100400E0FFBD271400B1AF258880005A
:1013F000252000001800B2AF1000B0AF1C00BFAF36
:101400002580A000CE37410F2590C0000A00205251
:1014100025800000420023964000633006006050A3
:10142000258000005800238E0300605425800000B2
:101430005C0032AE580030AE25284000E037410F46
:10144000252000001C00BF8F251000021800B28F5D
:101450001400B18F1000B08F0800E0032000BD27FA
:10146000E0FFBD271000B0AF2580800025200000E0
:101470001800B2AF1400B1AF1C00BFAF2590A000A0
:10148000CE37410F258800000600001225284000B5
:101490005800038E0300721400000000580000AED4
:1014A00001001124E037410F252000001C00BF8FF0
:1014B000251020021800B28F1400B18F1000B08FD9
:1014C0000800E0032000BD270800E003EC80828FC5
:1014D0000800E003E880828F252800002510000026
:1014E00003000824040007242118850000006390ED
:1014F000D0FF66240A00C62C0A00C010BFFF662475
:10150000D0FF42240200A810211062000011020046
:101510000100A524F5FFA714211885000800E003A9
:10152000000000000600C62C0300C0109FFF6624C8
:10153000F4FF0010C9FF42240600C62C0300C010AF
:1015400000000000EFFF0010A9FF42240800E003A4
:10155000251000000000A38C0800A28CC8FFBD2746
:101560001C00B3AF1800B2AF1000B0AF3400BFAF73
:10157000010050243000BEAF2C00B7AF2800B6AF3A
:101580002400B5AF2000B4AF1400B1AF2110620049
:101590002590A0000000459025988000220004249A
:1015A000CC00A414218070000400468E258800021F
:1015B00025200000220007245C00082423282302A1
:1015C0002B28A600C300A0100000000000002592F8
:1015D0001700A7140000000023102202232044005B
:1015E0001000428E09F8400001008424B900401028
:1015F00025B84000FFFF0B3C0F000C3C00246D257C
:10160000254840005C001E24660016240C001524AA
:10161000720014240D0019240900182400286B25D9
:1016200080FF0F2400FC8C350F0000100A000E24F0
:10163000E2FFA81401003126232823022B28A6004C
:10164000A400A01001008424DCFF0010010031265A
:10165000000002921B005E1023183002000022A13D
:1016600001001026010029252B101102F8FF40145B
:1016700010000224000020A10C0062AE0000428E87
:10168000100077AE2388220201003126080051AEF7
:10169000010002243400BF8F3000BE8F2C00B78FB2
:1016A0002800B68F2400B58F2000B48F1C00B38FA4
:1016B0001800B28F1400B18F1000B08F0800E00343
:1016C0003800BD270E0060581400428E01000292BF
:1016D000580056106700442C1700801000000000CE
:1016E0002F000324120043103000432C0B00601025
:1016F0002200032450004350000022A11400428E17
:1017000009F840002520E0020000428E23800202FA
:10171000080050AEDFFF00102510000004005E102E
:1017200062000324F6FF43541400428E0800022492
:1017300041000010000022A1430054107300442C0B
:1017400006008050740004246E000324ECFF435410
:101750001400428E3800001000002EA13C004410FE
:1017600075000424E5FF441406006328E4FF605478
:101770001400428E3645400F0200042625504000DA
:1017800021104D000004422CDDFF40541400428E15
:1017900021104B010004422C2F00401006000226AD
:1017A0002310220206004228D5FF40541400428E26
:1017B00006000292D2FF5E541400428E070003928C
:1017C00075000224CEFF62541400428E3645400F4D
:1017D0000800042621184D000004632CC7FF601088
:1017E00080520A00FF03423024504C012550420130
:1017F0000100023C215042010C000224F0000624AA
:1018000004000424FFFF8324FF0063302118230118
:101810002A002315FF00453101000724020087102C
:101820007F00A3302518C500000023A1040000108C
:1018300021482401000035A10100292502000224CD
:1018400089FF001021800202FBFF0010000039A177
:10185000F9FF0010000038A18000422D0E00401456
:10186000060002240008422D0E0040140600022447
:101870000100023C2B1042010D004014060002241E
:101880001100023C2B1042019DFF40501400428E7B
:10189000DAFF00100600022425300000D9FF0010F6
:1018A00001000424C0000624D6FF00100200042416
:1018B000E0000624D3FF0010030004243F00A530FD
:1018C0002528AF00000065A082510A00D0FF00105B
:1018D000FFFF63246FFF0012251000008BFF001034
:1018E0000000428E09008010251080000000868CC8
:1018F0000600C050251000000400838C0800848C72
:101900002B208300050080540800448C0800E0036D
:1019100000000000080044AC0800448C2B28830021
:101920000700A0102128C4000000A5902100A52CCC
:10193000F8FFA014010084240800E0030000000068
:10194000F2FF6414FFFF6324080043AC0800E003C7
:101950000000000006008010251080000800828C26
:1019600003004010000000000300A014FFFFA524A6
:101970000800E00300000000F9FF00100000428CA6
:101980001200A010251000001000801000000000C0
:101990000E00A410000000000800838C06006054B4
:1019A0000400648C080085AC010002240400A5AC8E
:1019B0000800E0030000A0AC040080100100022435
:1019C000000085AC0400A4AC040065AC0800E00392
:1019D0000000000013008010000000000000828C56
:1019E0001000401000000000E0FFBD271800B1AF5C
:1019F0000800918C1400B0AF258080001C00BFAFA0
:101A0000CA65410F212051001C00BF8F2110220206
:101A1000080002AE1800B18F1400B08F0800E00378
:101A20002000BD270800E00300000000E0FFBD2704
:101A30001400B1AF1C00BFAF1800B2AF1000B0AFC0
:101A400013008010258800000000918C11002052A6
:101A50001C00BF8F0400828C0500401000000000B5
:101A60000800838C2B186200090060502588000054
:101A70001500A0040100B2240800838C219072009C
:101A80002B105200090040541000828C2188230240
:101A90001C00BF8F251020021800B28F1400B18FD8
:101AA0001000B08F0800E0032000BD27060040149E
:101AB0000040023C2B1042020500405440901200AE
:101AC00012004106FF7F123CF1FF00102588000044
:101AD0002000828C0F0040102580800025202002ED
:101AE00009F84000252840021A00401425884000CB
:101AF0001C00028E0000048E09F840000000000067
:101B0000040000AEE2FF0010000000AEF0FF001085
:101B1000FFFF52361800828C09F840002520400251
:101B200025884000030040140000048EF2FF0010DE
:101B30001C00028E0800068E25288000252040000B
:101B4000D665410F0100C6241C00028E09F8400032
:101B50000000048E0800028E000011AE040012AED8
:101B6000CBFF0010218822020D00A01425100000D8
:101B70000800E00300000000251000002C00BF8FCB
:101B80002800B58F2400B48F2000B38F1C00B28FC3
:101B90001800B18F1400B08F0800E0033000BD279B
:101BA000D0FFBD271C00B2AF259080002C00BFAF36
:101BB0002800B5AF2400B4AF2000B3AF1800B1AF18
:101BC0001400B0AF320040162520A0008B46400F15
:101BD00003000524E8FF4010069D053C148EA52453
:101BE0008A66410F25204000E4FF00100100022416
:101BF0001F0060100C00432C04006010F8FF432409
:101C00000300632C1E0060102000422C010073268C
:101C10000100312600002292F5FF40140E00432CF3
:101C200023883202218833028B46400F0300252689
:101C3000D1FF4010010035260200342621A85500AE
:101C400021A0540017006016010050242200132424
:101C5000000053A02530200225284002D665410F00
:101C6000252000020000B3A2DFFF0010000080A2C8
:101C7000E7FF455001007326E4FF46102000422C88
:101C8000E3FF405405007326E2FF001001003126F7
:101C9000258840022598000022000524DDFF001061
:101CA0005C00062422000324000043A0069D113C92
:101CB00000004292040040142000432C2200022421
:101CC000E9FF00100000A2A20A0060142200032411
:101CD000080043105C000324070043505C0002240A
:101CE000000002A22520000201005226F0FF001091
:101CF000010090245C000224000002A20000469231
:101D00000C0002241D00C210010004260D00C22C8C
:101D10000D004010090002241600C21074000224B5
:101D20000A0002241300C2106E00022408000224DC
:101D30001000C21062000224D066410F188E2526C2
:101D4000E9FF001005000426220002240700C2104B
:101D50005C0002240500C2100D000224F6FFC2142C
:101D600072000224E0FF0010010002A2DEFF00105A
:101D7000010006A2DCFF0010010002A2FDFF00101E
:101D800066000224D0FFBD271400B0AF2C00BFAF07
:101D90002800B5AF2400B4AF2000B3AF1C00B2AF31
:101DA0001800B1AF22008010258080002000A01014
:101DB000258000002590A0001200C0140800908C1F
:101DC0001C0000122C00BF8F2000118EFCFF20523F
:101DD0000000108E14003212259840020000749208
:101DE000B267410F2520800200002492B267410FA4
:101DF00025A840001800A21200000000F0FF00100B
:101E00000000108E0B0000122C00BF8F2000058EEA
:101E10000600A0502000028EE165410F25204002FF
:101E2000F8FF40540000108E2000028E0A8002004D
:101E30002C00BF8F251000022800B58F2400B48F1E
:101E40002000B38F1C00B28F1800B18F1400B08F28
:101E50000800E0033000BD27F3FF80120100732665
:101E6000DEFF001001003126E8FFBD271400BFAFE0
:101E70002510800009F840002800042404004010C8
:101E800028000624252800008066410F25204000F8
:101E90001400BF8F0800E0031800BD27A0FFBD2776
:101EA0005C00BFAF5800BEAF5400B7AF5000B6AF34
:101EB0004C00B5AF4800B4AF4400B3AF4000B2AF80
:101EC0003C00B1AF030080143800B0AF190000101F
:101ED00025880000FDFFA010080002240C0091904E
:101EE0002580A00053002212259080000900222A9C
:101EF0001D004010020002244600221204000224A9
:101F000039002212010002240A002256258800000E
:101F1000060005248B46400F252000020500405096
:101F200025880000069D053C288EA5248A66410F61
:101F3000252040005C00BF8F251020025800BE8F76
:101F40005400B78F5000B68F4C00B58F4800B48F47
:101F50004400B38F4000B28F3C00B18F3800B08F87
:101F60000800E0036000BD2720000224A400221224
:101F70002100222A0700401010000224EDFF225603
:101F800025880000DA46400F1000848CE9FF00101D
:101F90002588400040000224D10022128000022443
:101FA000E4FF2216258800001000848CE2FF8010D8
:101FB0005C00BF8FCA65410F000000000100512482
:101FC000252820028B46400F25200002BFFF40102D
:101FD000253020021000458ED665410F2520400097
:101FE000D4FF001001001124050005248B46400F8A
:101FF00025200002CFFF405025880000069D053CAB
:10200000208EA5248A66410F25204000C9FF0010BC
:1020100001001124050005248B46400F25200002F5
:10202000C4FF405025880000069D053CF5FF0010C8
:10203000308EA5241C00948CF07F023C1800938CF9
:1020400000F0957E2B10A2021000A0AF1400A0AFEC
:102050001800A0AF1C00A0AF2000A0AF2400A0AFCC
:102060002800A0A73000A0AF410040103400A0AF6E
:102070001400918C4360410F252020022530400040
:1020800025386000252060020C54410F252880026D
:102090004A004010069D053C25306002253880022C
:1020A0003C8EA524D066410F1000A427069D053C58
:1020B0003000A627448EA5241000A427BC66410F3B
:1020C0002588400001000324210043143400B78F09
:1020D00025B0A0022538A0023000B58F00F0F27EB6
:1020E000252840022520A0020C54410F2530600213
:1020F0002A1002002520A002253060022538800227
:102100002528E00225F060020BF0A2024B2A410FC5
:102110000A90C20225B04000069D023C789D468C84
:102120007C9D478C2520C003252840023D36410F69
:1021300000F0757C25304000253860002520C00265
:102140005754410F2528A002230040181A00222EC0
:10215000069D053C2530600225388002488EA52466
:10216000D066410F1000A4271A00001025884000F7
:10217000069D053C208EA5248A66410F1000A427E9
:1021800004001124010025268B46400F2520000263
:102190004EFF40101000A327213051002E000424D0
:1021A0001100465400006590000040A00800028E17
:1021B0002188510095FF0010080011AE069D053CD6
:1021C00025302002388EA524D066410F1000A427A8
:1021D000258840001A00222EEBFF4014010025261E
:1021E00054FF0010258800000200A454000045A000
:1021F000000044A001004224E9FF00100100632414
:102200000800928C010005248B46400F2520000217
:102210002EFF40105B000324000043A00800028E44
:1022200001004224080002AE0C00028E010042248C
:102230000C0002AE0B004016020005248B46400F36
:102240002520000221FF40105D000324000043A070
:10225000010040A00C00028EFFFF42246BFF001023
:102260000C0002AE25280002A747400F252040029F
:1022700030FF4010258800007546400F25200002E1
:102280000000428E11004010252000021400118E23
:102290002B881100010031268B46400F01002526B6
:1022A0000AFF40102C000324000043A01400038EFA
:1022B000080060142000042401004324000060A0F2
:1022C0000800028E21885100080011AED9FF0010CD
:1022D0000000528E02004324F8FF0010010044A0C9
:1022E0001400B38C0800918C252000022B98130059
:1022F000010073268B46400F01006526F3FE401057
:102300007B000324000043A00C00038E0100632423
:102310000C0003AE1400038E020060100A000324B8
:10232000010043A00800028E21985300080013AE5C
:102330000E0020161400028E030040100200052437
:102340000C00058E0100A5248B46400F25200002BD
:10235000F8FE4050258800001400038E560060549B
:1023600025200000B9FF00107D0003240F0040501D
:102370002000248E0C00058E8B46400F2520000285
:10238000D2FE401025180000090006240C00048E1F
:102390002B2864003C00A054212043000800028E3A
:1023A00021104400080002AE2000248EDA46400FBF
:1023B00025280002DFFE4050258800007546400FAA
:1023C000252000021400128E252000022B901200FE
:1023D000010052268B46400F25284002BBFE4010CC
:1023E0003A000324000043A01400038E0200601092
:1023F00009000324010043A00800028E25280002E2
:102400002520200221905200A747400F080012AE5D
:10241000C8FE4050258800007546400F2520000268
:102420001400128E0000228E252000022B90120034
:102430002B100200219042028B46400F01004526DE
:10244000BCFE4050258800000000238E0300601071
:102450002C000324000043A0010042241400038E3A
:10246000030060100A000324000043A0010042247E
:10247000000040A00800028E0000318E2190520022
:10248000ABFF0010080012AE000086A0BFFF0010D6
:10249000010063240000A6A0010084240C00038E28
:1024A000FFFF63242B188300FAFF601421284400E7
:1024B000ACFF00102510A000F8FF00100900062452
:1024C0001B00801025180000E8FFBD2700A0023C7B
:1024D0001000B0AF258080005404448C1400BFAFBE
:1024E0009A47400F000000000C00401025184000E3
:1024F0002800062425280002D665410F252040002B
:1025000025184000200040AC0C00428C040060AC58
:10251000000060AC000142340C0062AC1400BF8FBC
:10252000251060001000B08F0800E0031800BD27E0
:102530000800E00325106000B8FFBD274000B2AFDF
:102540003C00B1AF3800B0AF2588A00000A0103C1F
:102550002400062425280000259080004400BFAFF9
:102560008066410F1000A4275404028E09F8400031
:1025700000010424000103241400A3AF5404038EBB
:102580002400B1AF540411262800A3AF0400238E09
:102590001000A2AF2C00A3AF0800238E2D00401026
:1025A0003000A3AF1000A527A747400F2520400209
:1025B000290040501000B08F7546400F1000A4272E
:1025C0000800228E0D0040101800A48F0100852401
:1025D00009F840001000A48F1E0040102580400024
:1025E0004400BF8F251000024000B28F3C00B18F25
:1025F0003800B08F0800E0034800BD275404028E65
:1026000009F8400001008424120040102580400099
:102610001800A28F1400A38F1000A58F0100422480
:102620002B3062000A18460025200002D665410FB3
:10263000253060001800A28F21100202000040A087
:102640000400228E09F840001000A48FE5FF00105E
:102650004400BF8F1000B08FE2FF00524400BF8FD4
:102660000400228E2520000209F840002580000089
:10267000DCFF00104400BF8F1900801025180000F7
:10268000E0FFBD271C00BFAF1800B1AF1400B0AF12
:10269000CA65410F258080000100512400A0023C42
:1026A0005404428C09F84000252020020600401006
:1026B000251840002530200225280002D665410F4C
:1026C00025204000251840001C00BF8F2510600009
:1026D0001800B18F1400B08F0800E0032000BD2760
:1026E0000800E003251060003700801000000000A3
:1026F0003500A010000000003300C01000000000F2
:102700003100861000000000D8FFBD272000B3AFC5
:102710001400B0AF2400BFAF1C00B2AF1800B1AFBF
:10272000259880001900E0102580C0000C00D18C95
:102730002590A000000231360C00028E00024230CB
:1027400008004054200012AE2000048E04008010C7
:1027500000A0023C5804428C09F840000000000030
:10276000200012AE0C0011AE2528000225206002C8
:102770002400BF8F2000B38F1C00B28F1800B18FD0
:102780001400B08F6046400B2800BD279E49400FC3
:102790002520A00004004010259040000C00118E60
:1027A000E5FF0010444A117C2400BF8F2510000073
:1027B0002000B38F1C00B28F1800B18F1400B08FAF
:1027C0000800E0032800BD270800E00325100000F2
:1027D000688283270000648C0400628C0800E00398
:1027E00021108200E0FFBD271800B0AF11000224C5
:1027F00001A0103C069D053C1000A2AFF432042657
:1028000007000724010006241C00BFAFD066410F5B
:10281000508EA5241C00BF8FF43202261800B08F02
:102820000800E0032000BD2700A0073C059D053CF3
:10283000069D033C806EA5245404E2240700801406
:10284000DC8263245404E5AC040043AC069D033CE5
:102850006C8263240800E003080043AC0000868C0F
:102860000400848C080040AC0A30A6000A206400F2
:102870005404E6AC0300C514040044ACF4FF831018
:10288000069D033C0800E00300000000E0FFBD27B8
:102890001400B1AF00A0113C1000B0AF1C00BFAFDE
:1028A0001800B2AF258080005404312606000016BF
:1028B0001C00BF8F1800B28F1400B18F1000B08FB2
:1028C0000800E0032000BD270C00028E000142300A
:1028D000070040140000128E0800048E13008014BC
:1028E000000000001000048E180080540400228EA6
:1028F0000C00028E00024230070040140400228EB9
:102900002000048E040080100000000009F8400040
:10291000000000000400228E2520000209F840007B
:1029200025804002E1FF001000000000234A400F14
:10293000000000000C00028E00014230EAFF40500F
:102940001000048EEBFF00100C00028E09F840000E
:1029500000000000E7FF00100C00028E0300A0142E
:10296000251000000800E0030000000080FFBD27E4
:102970007000B5AF0000B58C7C00BFAF7800B7AF7A
:102980007400B6AF6C00B4AF6800B3AF6400B2AF10
:102990006000B1AF3B01A0125C00B0AF0800B28C88
:1029A0000400B38C2580A000040054262BB07402D0
:1029B0000C00C01625888000069D053C04000624F6
:1029C000208EA524CF63410F2120B20205004014C0
:1029D000040002240C0022AE080014AE0D0000100A
:1029E00001000224050057262B1077021400401422
:1029F000069D053C05000624288EA524CF63410FC3
:102A00002120B2020E004014010002240C0022AE6C
:102A1000080017AE7C00BF8F7800B78F7400B68FA8
:102A20007000B58F6C00B48F6800B38F6400B28FF4
:102A30006000B18F5C00B08F0800E0038000BD270C
:102A40000C00C016069D053C04000624308EA5240B
:102A5000CF63410F2120B20206004014020002247D
:102A60000C0022AE01000224140022AEE9FF001087
:102A7000080014AE2B105302020140102200032460
:102A80002120B20200008290050043142528000294
:102A90005545400F25202002DFFF00107C00BF8F2E
:102AA0002D000324060043501000A427D0FF432428
:102AB0000A00632C4F0060505B0003241000A42721
:102AC0005000A0AF239872022510000025A08000BE
:102AD00045000624650007242D0008242E00052447
:102AE0002B0009243F000A240E0062122118420222
:102AF0002118A302000063903A006B2C250060119E
:102B000030006B2C28006051000083A02600685024
:102B1000000083A024006550000085A022006950B9
:102B2000000083A0211082025000A52725208002EA
:102B3000C067410F000040A05000B28F25B0400098
:102B400025B86000B3FF921225100000069D023CDC
:102B5000809D468C849D478C180036AE1C0023AEA9
:102B60002520C0020C54410F2528600013004004AA
:102B7000FF7F023CFFFF423423A054020800128E64
:102B8000140022AE080002240C0022AE92FF0010B6
:102B900021A0540204006650000083A0E2FF6754A5
:102BA00021108202000083A001004224DDFF4A10B0
:102BB00001008424CCFF001000000000069D023CB0
:102BC000889D468C8C9D478C2520C0025754410F10
:102BD0002528E0020300405C2520C002E6FF00102B
:102BE0000080023C9B5E410F2528E002E3FF0010BD
:102BF00023A054024B0043147B0003240C00038EDB
:102C0000E803652C9F00A010010063240C0003AEB4
:102C1000000083909B00621401005226080012AE4F
:102C20003946400F252000020800028E0400038E62
:102C30002B18430092006050FFFF42240000038ED7
:102C400021186200000064905D00032427008310B7
:102C5000FFFF4224080002AE25A0000025980000D6
:102C60009A47400F1000048E9100401025904000BC
:102C70000300605225984000000082AE040054AC6E
:102C80000800028E25200002010042243946400F30
:102C9000080002AE25280002574A400F25204002B6
:102CA00085004010000000003946400F252000023A
:102CB0000800048E0400038E2B1883007E00601031
:102CC0002C0003240000028E2110440000004290DA
:102CD000E3FF431025A040025D0003247600431467
:102CE00000000000040000100C00028E259000007F
:102CF000259800000C00028EFFFF422402006012A3
:102D00000C0002AE040072AE200002240C0022AEC1
:102D10000800028E080033AE010042242FFF00108D
:102D2000080002AE3BFF4354251000000C00038E48
:102D3000E803652C5300A010010063240C0003AECF
:102D4000000083904F00621401005226080012AE6A
:102D50003946400F252000020800028E0400038E31
:102D60002B18430046006050FFFF42240000038EF2
:102D700021186200000064907D000324430083104A
:102D8000FFFF4224080002AE25A0000025980000A5
:102D90009A47400F1000048E4500401025904000D7
:102DA0000300605225984000000082AE040054AC3D
:102DB0000800028E25200002010042243946400FFF
:102DC000080002AE252800025545400F252040028C
:102DD00039004010000000003946400F2520000255
:102DE0001000428E0400038E100040AE200042AE60
:102DF0000800028E2B1843002F0060100000000016
:102E00000000038E21186200000064903A00032441
:102E10002900831400000000010042242520000244
:102E20003946400F080002AE25280002574A400FDD
:102E30002520400220004010000000003946400FCD
:102E4000252000020800048E0400038E2B18830046
:102E5000190060102C0003240000028E2110440091
:102E600000004290CAFF431025A040027D000324C9
:102E70001100431400000000070000100C00028E37
:102E8000080002AEE3FE00102510000025900000AF
:102E9000259800000C00028EFFFF42240200601201
:102EA0000C0002AE040072AE98FF00104000022435
:102EB000D8FE605225100000234A400F25206002F2
:102EC000D4FE001025100000E0FFBD27069D023C47
:102ED0001400B1AF1000B0AF2588E0002580C0001D
:102EE000849D478C809D468C1800B2AF2528200217
:102EF000259080001C00BFAF0C54410F252000021C
:102F00000D004004FF7F023CFFFF42341C00BF8FD6
:102F1000140042AE180050AE1C0051AE2510000245
:102F2000251820021800B28F1400B18F1000B08F46
:102F30000800E0032000BD27069D023C889D468CCA
:102F40008C9D478C252000025754410F25282002D4
:102F50000300405C25200002ECFF00100080023CD2
:102F60009B5E410F25282002E9FF00101C00BF8F47
:102F7000B8FFBD273400B0AF4400BFAF4000B3AFCF
:102F80003C00B2AF3800B1AF1400A0AF1800A0AF42
:102F90001C00A0AF688280AF6C8280AF2C008010D4
:102FA000258000002598E0002590C0004100A01079
:102FB0002588800000A0023C1000A4AF5404448C7B
:102FC000540442240400438C0800428C1400A5AF32
:102FD0002000A4AF2400A3AF9A47400F2800A2AF5F
:102FE00034004010258040001000A48F0D00801098
:102FF0001800A28F1E0040141400A28F0500422C5E
:103000001D004014069D053C03000624CF63410FBC
:103010005C8EA524030040141000A42703000224A2
:103020001800A2AF3946400F0000000025284000DC
:10303000574A400F252000021C00401000000000ED
:103040000F00601600000000280040161000A28F3C
:103050004400BF8F251000024000B38F3C00B28FA8
:103060003800B18F3400B08F0800E0034800BD275E
:10307000ECFF001025200000EAFF00101000A4273C
:103080003946400F1000A4271800A48F1400A38F06
:103090002B188300050060101000A28F211044003F
:1030A00000004290E8FF401000000000234A400F5B
:1030B000252000021800A38F1400A28F2B2062008D
:1030C000030080542510600001004054FFFF42249B
:1030D0000200401221182202000043AE688291AF24
:1030E0006C8282AFDAFF0010258000001800A38FE9
:1030F00021104300D6FF0010000042AE14008010E3
:1031000000000000E0FFBD271800B2AF1400B1AF0F
:103110001000B0AF2590C0002588A0001C00BFAFF4
:10312000CA65410F258080002538400225302002E5
:10313000252000021C00BF8F1800B28F1400B18F31
:103140001000B08F01004524DC4B400B2000BD2750
:103150000800E00325100000253000003F4C400B24
:103160002528000025380000DC4B400B25300000EE
:103170004E49400B010005244E49400B2528000014
:10318000B0FFBD274800B3AF4400B2AF4000B1AFBD
:10319000259080002588A0002598C00025280000E3
:1031A000240006241000A4274C00BFAF8066410F06
:1031B0003C00B0AF0A00210600A0103C2520000012
:1031C0004C00BF8F251080004800B38F4400B28FA1
:1031D0004000B18F3C00B08F0800E0035000BD27D5
:1031E0005404028E09F8400025202002F3FF40100D
:1031F0001000A2AF5404028E540410262520400271
:103200002800A2AF0400028E1000A5271400B1AF61
:103210002C00A2AF0800028E1800A0AF2000A0AFC3
:103220002400B3AFA747400F3000A2AFE4FF401423
:103230001000A48F0400028E09F840000000000076
:10324000DFFF001025200000B0FFBD274400B2AF13
:103250004000B1AF3C00B0AF259080002588A000B1
:103260002580C00025280000240006241000A42783
:103270004800B3AF4C00BFAF8066410F2598E00017
:103280001200000625100000100020121000A527D3
:10329000010002242000A2AF00A0023C5404438C91
:1032A000540442242800A3AF0400438C0800428C3D
:1032B000252040021000B1AF1400B0AF2400B3AF1E
:1032C0002C00A3AFA747400F3000A2AF4C00BF8F28
:1032D0004800B38F4400B28F4000B18F3C00B08FE4
:1032E0000800E0035000BD270400801025100000F6
:1032F0000800838C03006054010042240800E003AE
:1033000000000000FBFF00100000638C0300A0041D
:10331000000000005546400B000000000800E003DC
:10332000251000006147400B253000006147400B2D
:1033300001000624E8FFBD271400BFAFC94C400FB1
:10334000000000001400BF8F2B1002000800E003F3
:103350001800BD276046400B00000000BA49400B32
:1033600025380000BA49400B010007240D008010E9
:1033700000000000E8FFBD271000B0AF25808000EE
:103380001400BFAF3049400F2520A00025200002C7
:103390001400BF8F1000B08F252840006046400BFE
:1033A0001800BD270800E00325100000140080105D
:1033B000000000001200A01000000000E0FFBD2788
:1033C0001800B1AF1400B0AF2588A00025808000A0
:1033D0001C00BFAF3049400F2520C0002528200227
:1033E000252000021C00BF8F1800B18F1400B08F81
:1033F0002538000025304000BA49400B2000BD2789
:103400000800E00325100000130080102510A00024
:103410001800A010000000000800838C0500655013
:103420000000458C0000A68C0400A58C0000A6AC12
:103430000000458C0A00A010000000000400468C2B
:10344000020062140400A6AC080085AC040040AC85
:103450000800E003000040AC0800E0032510000075
:10346000FAFF6250080085AC0400448CF7FF00109E
:10347000040064AC0800E003000000000900A004A0
:1034800000000000E8FFBD271400BFAF5546400F05
:10349000000000001400BF8F25284000024D400BA3
:1034A0001800BD270800E00325100000E8FFBD2735
:1034B0001400BFAF1F4D400F000000001400BF8F6D
:1034C00025204000234A400B1800BD27E8FFBD27F8
:1034D0001000B0AF1400BFAFC94C400F2580800072
:1034E000252000021400BF8F1000B08F2528400057
:1034F000024D400B1800BD27E8FFBD271000B0AFFC
:103500001400BFAFCB4C400F258080002520000267
:103510001400BF8F1000B08F25284000024D400BD3
:103520001800BD27E8FFBD271400BFAF334D400F83
:10353000000000001400BF8F25204000234A400BEC
:103540001800BD27E8FFBD271400BFAF3E4D400F58
:10355000000000001400BF8F25204000234A400BCC
:103560001800BD271F00A004251800001D00C01072
:1035700000000000E8FFBD271400BFAF5546400F14
:1035800000000000040040141400BF8F2528C00074
:103590006046400B1800BD27253880000800848C49
:1035A000030082100400458C0700A01025180000BD
:1035B0000000C2AC0400C5AC07008214040046AC95
:1035C0000800E6AC010003241400BF8F2510600042
:1035D0000800E0031800BD270400C28CF9FF0010AA
:1035E000000046AC0800E0032510600027008010B2
:1035F000251000000800838C2400601000000000EB
:103600002200C010000000002000A01000000000F8
:103610001E00C510010002240000A28C0400A78C2B
:10362000E8FFBD271400BFAF0000C2AC020040108D
:103630000400C7AC040046AC0D0065540400C28C05
:103640000400A28C010045500400C6AC080086AC02
:103650002520A0000000A0AC234A400F0400A0AC2D
:103660001400BF8F010002240800E0031800BD27EA
:1036700001004054000046AC0000C28CF4FF4050F2
:10368000040066ACF3FF00102520A0000800E00352
:10369000000000000900A00400000000E8FFBD27B2
:1036A0001400BFAF5546400F000000001400BF8F4C
:1036B000252840007B4D400B1800BD270800E00383
:1036C0002510000000A0023C5404448CE8FFBD27F4
:1036D0001400BFAF9A47400F0000000002004010E6
:1036E000040003240C0043AC1400BF8F0800E00367
:1036F0001800BD27E8FFBD271000B0AF1400BFAF12
:103700001800A4AFB14D400F1C00A5AF1C00A58F41
:103710001800A48F2538000025304000BA49400F1A
:1037200025804000050040141400BF8F234A400F3D
:1037300025200002258000001400BF8F2510000204
:103740001000B08F0800E0031800BD2700A0023C65
:103750005404448CE8FFBD271400BFAF9A47400FC4
:103760000000000002004010020003240C0043ACE3
:103770001400BF8F0800E0031800BD27E8FFBD2735
:103780001000B0AF1400BFAF1800A4AFD34D400F6E
:103790001C00A5AF1C00A58F1800A48F25380000C1
:1037A00025304000BA49400F2580400005004014F4
:1037B0001400BF8F234A400F2520000225800000FF
:1037C0001400BF8F251000021000B08F0800E00326
:1037D0001800BD2700A0023C5404448CE8FFBD271C
:1037E0001400BFAF9A47400F0000000002004010D5
:1037F000010003240C0043AC1400BF8F0800E00359
:103800001800BD27E8FFBD271000B0AF1400BFAF00
:103810001800A4AFF54D400F1C00A5AF1C00A58FEC
:103820001800A48F2538000025304000BA49400F09
:1038300025804000050040141400BF8F234A400F2C
:1038400025200002258000001400BF8F25100002F3
:103850001000B08F0800E0031800BD27E8FFBD2767
:1038600000A0023C1000B0AF258080005404448CBE
:103870001400BFAF9A47400F000000000300401043
:103880002B201000010084240C0044AC1400BF8FD6
:103890001000B08F0800E0031800BD27E0FFBD272F
:1038A0001800B1AF258880002520C0001400B0AFFB
:1038B0001C00BFAF174E400F2400A5AF2400A58FFA
:1038C000253800002530400025202002BA49400F4D
:1038D00025804000050040141C00BF8F234A400F84
:1038E00025200002258000001C00BF8F251000024B
:1038F0001800B18F1400B08F0800E0032000BD272E
:10390000E0FFBD2700A0023C1400B2AF259080006C
:103910005404448C1800B3AF1000B0AF1C00BFAF0C
:103920009A47400F2598A0000F00401025804000C6
:10393000080002240C0002AE069D023C809D468CCD
:10394000849D478C180012AE1C0013AE2520400247
:103950000C54410F252860020A004004FF7F023CFE
:10396000FFFF4234140002AE1C00BF8F251000027E
:103970001800B38F1400B28F1000B08F0800E0035E
:103980002000BD27069D023C889D468C8C9D478C5F
:10399000252040025754410F25286002F1FF4018AE
:1039A0000080023C252040029B5E410F25286002DA
:1039B000EDFF0010140002AEE0FFBD271800B2AF0B
:1039C0001400B1AF2590A000258880002528E000D4
:1039D0001000B0AF1C00BFAF404E400F2520C0000C
:1039E00025304000253800002528400225202002EF
:1039F000BA49400F25804000050040141C00BF8FCD
:103A0000234A400F25200002258000001C00BF8FA4
:103A1000251000021800B28F1400B18F1000B08F73
:103A20000800E0032000BD27E0FFBD2700A0023C06
:103A30001800B1AF258880005404448C1400B0AF46
:103A40001C00BFAF9A47400F000000000A00401062
:103A500025804000100002240C0002AE9E49400F59
:103A60002520200204004014100002AE234A400F1B
:103A700025200002258000001C00BF8F25100002B9
:103A80001800B18F1400B08F0800E0032000BD279C
:103A9000E0FFBD271800B1AF258880002520C000B9
:103AA0001400B0AF1C00BFAF8A4E400F2400A5AF7A
:103AB0002400A58F25380000253040002520200255
:103AC000BA49400F25804000050040141C00BF8FFC
:103AD000234A400F25200002258000001C00BF8FD4
:103AE000251000021800B18F1400B08F0800E00309
:103AF0002000BD27E8FFBD2700A0023C1000B0AFAA
:103B0000258080005404448C1400BFAF9A47400FB6
:103B10000000000003004010100103240C0043AC1F
:103B2000100050AC1400BF8F1000B08F0800E003ED
:103B30001800BD27E8FFBD2700A0023C1000B0AF71
:103B4000258080005404448C1400BFAF9A47400F76
:103B50000000000003004010400103240C0043ACAF
:103B6000080050AC1400BF8F1000B08F0800E003B5
:103B70001800BD27E8FFBD2700A0023C1000B0AF31
:103B8000258080005404448C1400BFAF9A47400F36
:103B90000000000003004010200103240C0043AC8F
:103BA000080050AC1400BF8F1000B08F0800E00375
:103BB0001800BD27E0FFBD2700A0023C1800B1AFF0
:103BC000258880005404448C1400B0AF1C00BFAFA3
:103BD0009A47400F000000000A0040102580400076
:103BE000800002240C0002AE9E49400F25202002D6
:103BF00004004014100002AE234A400F25200002AA
:103C0000258000001C00BF8F251000021800B18F16
:103C10001400B08F0800E0032000BD27E0FFBD279F
:103C20001800B1AF258880002520C0001400B0AF77
:103C30001C00BFAFED4E400F2400A5AF2400A58FA0
:103C4000253800002530400025202002BA49400FC9
:103C500025804000050040141C00BF8F234A400F00
:103C600025200002258000001C00BF8F25100002C7
:103C70001800B18F1400B08F0800E0032000BD27AA
:103C800000A0023C5404448CE8FFBD271400BFAFE1
:103C90009A47400F0000000002004010200003245B
:103CA0000C0043AC1400BF8F0800E0031800BD27D0
:103CB000E8FFBD271000B0AF1400BFAF1800A4AFDD
:103CC000204F400F1C00A5AF1C00A58F1800A48F2B
:103CD0002538000025304000BA49400F25804000BB
:103CE000050040141400BF8F234A400F2520000216
:103CF000258000001400BF8F251000021000B08F37
:103D00000800E0031800BD2700A0023C5404448CC6
:103D1000E8FFBD271400BFAF9A47400F0000000026
:103D200002004010400003240C0043AC1400BF8F7D
:103D30000800E0031800BD27E8FFBD271000B0AF62
:103D40001400BFAF1800A4AF424F400F1C00A5AF36
:103D50001C00A58F1800A48F2538000025304000D6
:103D6000BA49400F25804000050040141400BF8F61
:103D7000234A400F25200002258000001400BF8F39
:103D8000251000021000B08F0800E0031800BD27C6
:103D9000D8FFBD272400BFAF2000B4AF1C00B3AFD5
:103DA0001800B2AF1400B1AF0B00A1041000B0AF07
:103DB000258000002400BF8F251000022000B48F52
:103DC0001C00B38F1800B28F1400B18F1000B08F99
:103DD0000800E0032800BD27F5FF801025A0A00003
:103DE000204F400F2598800025804000259000003E
:103DF00025880000EEFF00122B103402060040144C
:103E0000801011000800028EEAFF4054040052ACFA
:103E1000E9FF00102400BF8F211062024360410FB0
:103E20000000448C25204000404E400F25286000B3
:103E30000500401400000000234A400F2520000226
:103E4000DCFF00102580000005002056000042AE77
:103E5000080002AE01003126E6FF00102590400068
:103E6000FCFF0010040052ACD8FFBD272400BFAFF8
:103E70002000B4AF1C00B3AF1800B2AF1400B1AF54
:103E80000B00A1041000B0AF258000002400BF8FFC
:103E9000251000022000B48F1C00B38F1800B28FD1
:103EA0001400B18F1000B08F0800E0032800BD2778
:103EB000F5FF801025A0A000204F400F259880001E
:103EC000258040002590000025880000EEFF0012AC
:103ED0002B10340206004014801011000800028EDE
:103EE000EAFF4054040052ACE9FF00102400BF8FE9
:103EF00021106202F75B410F0000448C2520400036
:103F0000404E400F252860000500401400000000CE
:103F1000234A400F25200002DCFF0010258000000E
:103F200005002056000042AE080002AE0100312616
:103F3000E6FF001025904000FCFF0010040052AC8A
:103F4000D8FFBD272400BFAF2000B4AF1C00B3AF23
:103F50001800B2AF1400B1AF0B00A1041000B0AF55
:103F6000258000002400BF8F251000022000B48FA0
:103F70001C00B38F1800B28F1400B18F1000B08FE7
:103F80000800E0032800BD27F5FF801025A0A00051
:103F9000204F400F2598800025804000259000008C
:103FA00025880000EEFF00122B103402060040149A
:103FB000C01011000800028EEAFF4054040052AC09
:103FC000E9FF00102400BF8F211062020000448C22
:103FD000404E400F0400458C0500401400000000D6
:103FE000234A400F25200002DEFF0010258000003C
:103FF00005002056000042AE080002AE0100312646
:10400000E8FF001025904000FCFF0010040052ACB7
:10401000D8FFBD272400BFAF2000B4AF1C00B3AF52
:104020001800B2AF1400B1AF0B00A1041000B0AF84
:10403000258000002400BF8F251000022000B48FCF
:104040001C00B38F1800B28F1400B18F1000B08F16
:104050000800E0032800BD27F5FF801025A0A00080
:10406000204F400F259880002580400025900000BB
:1040700025880000EEFF00122B10340206004014C9
:10408000801011000800028EEAFF4054040052AC78
:10409000E9FF00102400BF8F211062028A4E400FFA
:1040A0000000448C0500401400000000234A400F2B
:1040B00025200002DFFF00102580000005002056AB
:1040C000000042AE080002AE01003126E9FF0010F8
:1040D00025904000FCFF0010040052ACE0FFBD271B
:1040E0001C00BFAF1800B2AF1400B1AF03008014C2
:1040F0001000B0AF1F0000102580000000A0023C9F
:10410000258880005404448C9A47400F2590A000D5
:10411000F8FF4010258040000C00228E1C00238EEA
:104120001000248E0442027C0C0002AE1400228E89
:10413000140002AE1800228E1C0003AE140080147E
:10414000180002AE2000228E190040540C00238E6D
:10415000090040121C00BF8F0800328E2588000025
:104160001C004016010005240800028E0100405486
:10417000040051AC1C00BF8F251000021800B28F44
:104180001400B18F1000B08F0800E0032000BD279D
:104190009E49400F00000000EAFF4014100002AEEC
:1041A000234A400F25200002F2FF00102580000066
:1041B0000002633003006014000000009E49400FBD
:1041C00025204000F6FF4010200002AEE0FF001066
:1041D000000000003750400F25204002F0FF401043
:1041E0000000000003002052080002AE000022AED2
:1041F000040051AC0000528ED9FF00102588400009
:104200000C008010251080000D000A2422000624D6
:104210005C000B242F0008242A0009240A000C2427
:1042200020000D24000083800400601400000000C2
:10423000000040A00800E0030000000007006A1032
:104240000E0065280700A010F7FF6524FF00A530C9
:104250000200A52C0A00A050000043A0F1FF0010AE
:104260000100842420006650000046A0070068502A
:1042700001008380EBFF6D5001008424000043A007
:1042800001008424E7FF00100100422409006814A3
:10429000000000000200842400008380E2FF6050E0
:1042A00000008380DFFF6C1001008424FBFF0010FE
:1042B00000008380DBFF6954010084240200842411
:1042C00000008380D8FF601000000000FCFF6954EC
:1042D0000100842401008380F9FF685401008424D4
:1042E000D0FF001002008424010083240100452433
:1042F000000067800300E01425206000C9FF001063
:104300002510A0000000A7A001006424C5FFE6104E
:104310000100A2240800EB5401006324010067801F
:104320000500E654010063240100A6A025188000C2
:104330002528400001006324EDFF00100100A524A2
:1043400003008010251000000C0082900100422C18
:104350000800E003000000000400801025100000A9
:104360000C008290010042380100422C0800E0035A
:104370000000000004008010251000000C00829056
:10438000020042380100422C0800E0030000000057
:1043900004008010251000000C00828C03004230C5
:1043A0002B1002000800E003000000000400801051
:1043B000251000000C008290040042380100422CBD
:1043C0000800E00300000000040080102510000039
:1043D0000C008290080042380100422C0800E003E3
:1043E00000000000E8FFBD271400BFAFF250400FEF
:1043F0000000000006004010069D023C1800828C60
:104400001C00838C1400BF8F0800E0031800BD2738
:10441000949D438CFBFF0010909D428C0400801003
:10442000251000000C008290100042380100422C40
:104430000800E00300000000E8FFBD271400BFAF44
:104440000751400F25180000010040541000838CD4
:104450001400BF8F251060000800E0031800BD277E
:1044600004008010251000000C00829020004238CB
:104470000100422C0800E00300000000040080104E
:10448000251000000C008290400042380100422CB0
:104490000800E00300000000040080102510000068
:1044A0000C008290800042380100422C0800E0039A
:1044B00000000000D0FFBD271C00B3AF2C00BFAF31
:1044C0002800B6AF2400B5AF2000B4AF1800B2AFDB
:1044D0001400B1AF1000B0AF22008010259800008A
:1044E0002100A0502C00BF8F0C00828C0C00A38CEC
:1044F00026184300FF00733097006016FF0042301B
:10450000080003240900431009004328200060101C
:104510002000032413004018030043280300601404
:1045200004000324100043142C00BF8F700085107A
:10453000080003242590C0002580A000320043100D
:1045400025A08000090043281A00601020000324E1
:1045500004004018030043280100132423006010C6
:10456000040042382C00BF8F251060022800B68F4F
:104570002400B58F2000B48F1C00B38F1800B28FB9
:104580001400B18F1000B08F0800E0033000BD2789
:10459000E6FF431021004328E2FF601410000324CB
:1045A00040000324E1FF431080000324DDFF0010DE
:1045B000000000003A004310210043280D00601065
:1045C00010000324E8FF43142C00BF8F1000848EDA
:1045D000E6FF8010251060021000058EE4FFA01099
:1045E0002800B68FE165410F00000000DDFF0010DC
:1045F0000100532C400003243700431080000324A3
:10460000F0FF0010000000001C00968C1C00B48C11
:104610001800838C1800A48C00F0827E00F0D37EFA
:104620002588800025308000252860022520600034
:1046300025384000258060000C54410F2590400033
:104640002A100200253020022520000225A8200281
:10465000253880022528C0020BA802024B2A410FF0
:104660000A98420225884000069D023C789D468CAF
:104670007C9D478C252860022520A0023D36410FF5
:1046800000F0707C25304000253860002520200295
:104690005754410F25280002B2FF00100100532893
:1046A0000800918C0800B08CAEFF20520100132E40
:1046B000ACFF001225304002252800022D51400F8A
:1046C00025202002A7FF4050259800000000318ED1
:1046D000F5FF00100000108E0800918C0600205697
:1046E0002000258E0800108E0F0000562000058E39
:1046F0009CFF001001001324253040026147400F49
:104700002520000297FF4010252840002530400258
:104710002D51400F2520200292FF40502598000087
:10472000EEFF00100000318E253040026147400F3F
:10473000252080028BFF40102528400025304002B4
:104740002D51400F2520000286FF40502598000083
:10475000E5FF00100000108E82FF00102598000079
:1047600000A0023C5404598C080020030000000003
:1047700000A0023C5804598C0800200300000000EF
:104780000B0080540C00828C0800E0032510000010
:10479000251000002C00BF8F2800B38F2400B28F9B
:1047A0002000B18F1C00B08F0800E0033000BD274F
:1047B0001000032410014230F3FF431400000000F6
:1047C000D0FFBD272400B2AF1000928C2C00BFAFE9
:1047D0002800B3AF2000B1AFEDFF40121C00B0AF16
:1047E000258080002520A000CA65410F2588A000F3
:1047F00025204002CA65410F259840002B10530028
:1048000005004014252820028A66410F2520400219
:10481000E0FF00101000028E9E49400F252020026C
:10482000DCFF4050251000001000048ED9FF80509E
:10483000100002AEDC51400F1000A2AF1000A28F9A
:10484000D4FF0010100002AE3200C01000000000C3
:104850003000A010000000000C00C28CD8FFBD2763
:104860002000B3AF000242301C00B2AF1800B1AF5D
:104870001400B0AF2400BFAF2598E0002580C00031
:104880002588A00006004014259080002000C48CDC
:104890000300801000000000DC51400F0000000009
:1048A0009E49400F2520200212004010200002AE39
:1048B0000C00028E2530600225282002444A027C2A
:1048C000252040026147400F0C0002AE2530000257
:1048D000252040022400BF8F2000B38F1C00B28F20
:1048E0001800B18F1400B08F252840007B4D400B7D
:1048F0002800BD272400BF8F251000002000B38FA3
:104900001C00B28F1800B18F1400B08F0800E003B4
:104910002800BD270800E003251000001252400BBC
:10492000253800001252400B0100072408008004C3
:1049300025100000D880838F2A188300040060109F
:1049400080200400DC80828F212044000000828CC3
:104950000800E00300000000D880858FDC80868F8F
:10496000251000002A18450003006014801802007A
:104970000800E003010002242118C3000000638C3A
:10498000F8FF6050010042242A0063940300641081
:1049900000000000F3FF0010010042240800E003C3
:1049A00025100000E8FFBD271000B0AF1400BFAF16
:1049B00040009024BC73400F2520000206004010E8
:1049C00009000624EFFF05248323410F2520400022
:1049D000F8FF0010000000001400BF8F1000B08F1F
:1049E0000800E0031800BD27E8FFBD271400BFAF93
:1049F0002467410F00000000FFFF423000C0473431
:104A000001400824FFFF0934FFFF082505000015B9
:104A10001400BF8F253800002510E0000800E003D7
:104A20001800BD275652400F2520E000FAFF401421
:104A30001400BF8FF4FFE95000C007340100E724E1
:104A4000F1FF0010FFFFE730DC80828FC8FFBD2739
:104A50003400BFAF3000B7AF2C00B6AF2800B5AF01
:104A60002400B4AF2000B3AF1C00B2AF1800B1AF48
:104A70000D0040141400B0AFFFFF02243400BF8FBC
:104A80003000B78F2C00B68F2800B58F2400B48F6C
:104A90002000B38F1C00B28F1800B18F1400B08FAC
:104AA0000800E0033800BD270200A23025A88000DE
:104AB0002590A00025B8C00025B0E00003004014F8
:104AC000259800002598C00025B80000FFFF0524A8
:104AD0002038410FC480842706006016D880838F59
:104AE0007A52400F0000000010004010259840004E
:104AF000D880838FDC80848FFFFF102425880000FE
:104B00002A1023020300405480A01100230000104B
:104B100025A00000211094000000508C14000052C9
:104B2000D480848FF6FF00100100312625A00000FC
:104B30002580000019000010FFFF1124CC8082970F
:104B400028000010100002A601000224CBFFA2568C
:104B50002016117CC9FFC0522016117C0000C28EA5
:104B6000140002AE3C00028E2D0000100442A27E12
:104B7000600006240800828C09F84000010005242A
:104B8000E2FF401025804000DC80828F120011A6D9
:104B900021105400000050AC010014243038410FA3
:104BA000C4808427B4FF801203000224540002A6AC
:104BB000580002A63C00028E800043322A0013A651
:104BC000046BA27E280017A65C0015A2DBFF601014
:104BD0003C0002AE01000324444A627C100000A69F
:104BE0003C0002AE000142320400401001000324E8
:104BF0003C00028EC45A627C3C0002AE010052327C
:104C0000D1FF40127FFF033C3C00028EE3FF633480
:104C1000241043008000033C1C0063242510430043
:104C20003C0002AE95FF00102016117C4200A0103F
:104C3000010002245C0083903F0062140000000029
:104C4000D8FFBD271800B0AF258080002520A00028
:104C50001C00B1AF2400BFAF2000B2AFAAAA400F22
:104C60002588A0003C00038E0000448C1000023C0C
:104C70000001422424186200020062101C0004AEED
:104C8000140004AEA7AA400F252020020000528C79
:104C90003C00028E1000B2AF2000423014004014DD
:104CA000200012AE2800248E333E400F1000A527AE
:104CB0000F004014F0005232E00002240C004212B7
:104CC0001000A28F1800038E060062503C00028E76
:104CD0003C00038E180002AEC439037C3C0003AED6
:104CE0003C00028E010003248431627C3C0002AE51
:104CF0002800228E240002AE2800029606004050B2
:104D00001C00228E3C00028E4005427C05004014AF
:104D10002400BF8F1C00228E00004294280002A6AF
:104D20002400BF8F2000B28F1C00B18F1800B08FFD
:104D30000800E0032800BD270800E0030000000091
:104D4000E0FFBD271400B1AF2588800025200000BA
:104D50001800B2AF1000B0AF1C00BFAFCE37410F8C
:104D60002590A0000000308E090000122528400088
:104D70002000038E08006330050060100000000072
:104D80000300401225800000000020AE25284000CE
:104D9000E037410F252000001C00BF8F25100002C6
:104DA0001800B28F1400B18F1000B08F0800E0031C
:104DB0002000BD275C008590010003240900A31496
:104DC00025280000E8FFBD271400BFAF5053400F57
:104DD0000C0084241400BF8F2B1002000800E00395
:104DE0001800BD270800E00325100000E8FFBD27DC
:104DF0001000B0AF1400BFAF5C008390010002242C
:104E00000B00621425808000010005245053400FE0
:104E10000C008424070040101400BF8F3923410F79
:104E20000C00048E56000296FFFF4224560002A694
:104E30001400BF8F0C0000AE1000B08F0800E0031C
:104E40001800BD27E8FFBD271000B0AF1400BFAFAA
:104E50007B53400F258080003C00028E25200002FD
:104E6000448C027C6952400F3C0002AE2C00048E40
:104E700003008010090006248323410FEFFF05245F
:104E800012000286D480848F252800028018020038
:104E9000DC80828F1400BF8F1000B08F0C00998CC3
:104EA00021104300000040AC080020031800BD277B
:104EB000010002240800A250560082940800E0037A
:104EC00025100000251000001400BF8F1000B08FC7
:104ED0000800E0031800BD27540083942B10430002
:104EE000F6FF4010000000003C00828CE8FFBD2768
:104EF0001000B0AF000847301400BFAF0200E01050
:104F0000258080008000073C0002423003004010F2
:104F1000480004240400E7346000042410000696CE
:104F20000200E7341E23410F08000524E5FF40106E
:104F3000019D033CAC536324080043AC3C00038E4A
:104F400000026330130060100C0050AC1000438C62
:104F500048004424000064AC01000324580043A42A
:104F60002518000010000496000003AE080003AEF0
:104F700021206400010003245C0003A25600039674
:104F8000040004AE0C0002AE01006324CEFF00104A
:104F9000560003A61C00438CF2FF00100800632497
:104FA000A0FFBD270F000524090004245C00BFAF4B
:104FB0005800BEAF5400B7AF5000B6AF4C00B5AF0D
:104FC0004800B4AF4400B3AF4000B2AF3C00B1AF53
:104FD000EF3E400F3800B0AF01004230A500401452
:104FE000000000005C00BF8F5800BE8F5400B78FD8
:104FF0005000B68F4C00B58F4800B48F4400B38F7B
:105000004000B28F3C00B18F3800B08F0800E00341
:105010006000BD27B542410F04002496259840004A
:105020002C000296A1005314F2FF0524AAAA400FF7
:105030002520000225200002A7AA400F25A040003D
:1050400025B84000060022961D004050000024961E
:105050002000028E00044230180040142530000069
:105060000000828E0C0005241000A2AF0000E28E2A
:105070001000A4271400A2AF001102241800A2A758
:1050800004002296BD42410F1A00A2A72710020079
:10509000FFFF46302000028E04004230880040109E
:1050A0002538C0002528200225306002BE72400F3E
:1050B000252000027D004014F6FF05240000249600
:1050C000F8FF7326B542410F25A000000200249688
:1050D000000022A6B542410F25B00000020022A622
:1050E0002800028E040033A625A800002800A2AFE5
:1050F0002400A0AF2000A0AF25980000D880828FA8
:105100002A10620269004010F1FF0524CE37410FDA
:1051100025200000DC80848F801813002118830074
:1051200000007E8C1300C013253000003C00C78FA8
:105130004004E47C10008010252840005800C497EB
:105140004800C5972B20A4000B00801025284000A4
:105150002A00C3975C00D5932400D68F2000A3AF0C
:105160002800C3971C00D28F25A0E0002400A3AF25
:10517000010006242528400025200000E037410FCB
:105180003000A6AF3000A68F6C00C0102000A38FA7
:105190000200229669004314010002244D00A2126D
:1051A000010005246500A016252800000100062442
:1051B000000022962400A38F48004314040082328A
:1051C0000200A5342800A28F4800561400000000F9
:1051D0000400A53403004012100082324900401040
:1051E000252000020800C6342528A6000F0002244E
:1051F0005200A214010002245C00C2A33C00C28F32
:105200008005427C05004010E00004240000E2928A
:10521000F000423025004414F1FF0524CE37410F41
:10522000252000004000C427252800029B73400F62
:10523000259040005A00C49700018430040080107B
:10524000258800005000C28F4C00D18F2C00A2AFE7
:1052500025284002E037410F2520000005002012DC
:105260002C00A78F2800058E1200C48709F82002A1
:1052700000010624593F400F0900042459FF401043
:10528000258040002C0002960800422C07004014A4
:10529000F2FF05242000028E0200123C24904202FC
:1052A0005CFF40521C00118EF1FF0524090006240A
:1052B0008323410F25200002EEFF001000000000B4
:1052C00025286002BD42410F2520200279FF0010F1
:1052D00000000000B6FF001025300000B9FF405468
:1052E0000200C634B8FF00102800A28F0300C012CD
:1052F00008008232B7FF401000000000B5FF001028
:105300000400C6343400A6AFAAAA400F3000A5AFEF
:105310000000428C090042163000A58F0F000224C5
:105320000800A534B0FFA2143400A68FDFFFC053DD
:10533000F1FF0524B2FF00103C00C28F6FFF001088
:10534000010073260A00A010240085AC3C00828C6A
:1053500007004004000000005D00839002006330FD
:105360000300601400000000C418027C3C0082AC02
:105370000C00C010251000005C0085900100032483
:105380000800A314000000000000C28C180082ACCA
:105390003C0082901F004230600042343C0082A0FA
:1053A000010002240800E00300000000D0FFBD2738
:1053B0001800B2AF1000B0AF2C00BFAF2800B6AFDE
:1053C0002400B5AF2000B4AF1C00B3AF1400B1AFE0
:1053D000259080006600A0102580A000CE37410FE8
:1053E00025200000DC80918F2F00201212001686ED
:1053F0003200C006D880838F2A18C3022F006010A5
:1054000080181600218823020000238E2C0070547F
:105410002580000034004396080060102518000025
:10542000340040A6259800000100142425880000BF
:10543000258060002600001025A800005A00039671
:105440000100633013006010251800004C00138E1B
:105450005000038E2800518E0C00048E4800925498
:10546000560004961000448E0C0080A43C00048E6C
:10547000000284300A0080500000048E540040A6D0
:105480002000448E25A00000C418047CE8FF001012
:10549000200044AE25980000EFFF00102588000092
:1054A000F7FF0010080004AE2580000025980000DA
:1054B00025A0000006000010010015242580000032
:1054C0002598000025A00000010015242588000073
:1054D00025284000E037410F2520000010008012F1
:1054E000252840022000428E2800448E400042348D
:1054F000200042AE2C00BF8F2800B68F2400B58F4D
:105500002000B48F1C00B38F1800B28F1400B18F2D
:105510001000B08F010006243B44400B3000BD2733
:105520000300A012000000003923410F2520400293
:105530001700601225380002252820022520C0020D
:1055400025C860022C00BF8F2800B68F2400B58FBD
:105550002000B48F1C00B38F1800B28F1400B18FDD
:105560001000B08F01000624080020033000BD2782
:105570002588000025980000EBFF001025B00000F2
:10558000FFFF8424560004A6C9FF00102580600098
:105590002C00BF8F2800B68F2400B58F2000B48F59
:1055A0001C00B38F1800B28F1400B18F1000B08FA1
:1055B0000800E0033000BD27E0FFBD271400B0AFB6
:1055C000258080002C00848C1800B1AF1C00BFAF78
:1055D000040080102588A000090006248323410FC1
:1055E00002000524120020122C0011AE1000238EA0
:1055F0001C00228E300003AE0C006394080042248D
:10560000F8FF6324340003A6FCFF4394380002AE85
:10561000360003A625282002252000021C00BF8F8B
:105620001800B18F1400B08F0B53400B2000BD2722
:10563000300000AE340000AEF6FF0010380000AEBF
:10564000E0FFBD271000B0AF2580800025200000BE
:105650001C00BFAF1800B2AFCE37410F1400B1AF7E
:1056600040000426BC73400F259040002588400070
:1056700025284002E037410F252000002528200280
:10568000252000021C00BF8F1800B28F1400B18FBC
:105690001000B08F6E55400B2000BD27D8FFBD27EE
:1056A0001400B0AF2400BFAF2000B3AF1C00B2AFF6
:1056B0001800B1AF160083900300022405006210A9
:1056C00001001024D080828F0A0040100100422483
:1056D000D08082AF2400BF8F251000022000B38F3E
:1056E0001C00B28F1800B18F1400B08F0800E003C7
:1056F0002800BD270800828C2588A00010004014D7
:10570000259080008162410F0000000004004014D9
:105710000000000025800000EFFF00102400BF8F74
:105720007B62410F25800000069D053C848FA524E7
:10573000EF29410F25204000E7FF00102400BF8F14
:10574000F4FFA01001000724010006242528000012
:10575000EA37410FC4808427EEFF50142530000043
:10576000019D053CA04FA524B83E400F090004242C
:1057700005004014C88082AF1338410FC4808427CD
:10578000E5FF0010258000000800448E00002596EB
:105790000800828C09F8400004000624110040141F
:1057A000259840008162410F000000000700401072
:1057B000000000007B62410F00000000069D053CD8
:1057C000A88FA524EF29410F252040001338410F51
:1057D000C4808427E93E400FC880848FCEFF00102C
:1057E00025800000CE37410F252000000800438EA1
:1057F0002528400025200000D48083AF0000239698
:10580000DC8093AFD88083AF02002396CC8083A73F
:10581000D080838F01006324E037410FD08083AFB5
:105820003038410FC4808427ABFF00102400BF8FA5
:10583000020002240D008214FFFF08240800E00388
:1058400025100001FFFF08242400BF8F2510000150
:105850002000B48F1C00B38F1800B28F1400B18FDA
:105860001000B08F0800E0032800BD27D8FFBD2737
:10587000010002242000B4AF1C00B3AF1800B2AF87
:105880001000B0AF2400BFAF1400B1AF259080006E
:1058900025A0A0002580C000290082142598E000E2
:1058A0000800C050258800000000C28C260040106F
:1058B000252800008D3A400F2520C000E1FF401050
:1058C0002588400025380000253080022528600208
:1058D0009252400F2520400225404000FFFF022445
:1058E000D8FF0211DC80838F801008002530000271
:1058F000211062000000478C25282002D154400F5F
:105900002520E00004002012010003243C00E28C6A
:105910008473627C3C00E2AC0400001201000324AA
:105920003C00E28CC47B627C3C00E2AC3C00E28C3C
:1059300001000324448C627CC3FF00103C00E2ACF5
:10594000E0FF00102588000025880000DDFF001022
:10595000258000000C56400B0100072402000324A0
:1059600016008310FFFF02242510E000E8FFBD278A
:105970002538C000010004242530A0001400BFAF6A
:105980009252400F25284000FFFF032408004310D7
:10599000DC80848F80180200010005242118830018
:1059A0000000638C3C00648C448CA47C3C0064ACA0
:1059B0001400BF8F0800E0031800BD270800E003B3
:1059C000000000005756400B02000724E8FFBD27E7
:1059D0001400BFAF4B52400F1000B0AF0600405450
:1059E0005C004390251000001400BF8F1000B08FA2
:1059F0000800E0031800BD272580400001000224B4
:105A0000F9FF6214251000003C00028E03004230B2
:105A1000F5FF4054251000000800A310FFFF0224EA
:105A200002000224F0FFA214251000008A3C400F5F
:105A30002520C000ECFF405025100000140002AEED
:105A40003C00028E010003240442627C3C0002AE52
:105A5000E5FF001001000224E8FFBD271400BFAFDE
:105A60004B52400F1000B0AF06004014258040009C
:105A7000251000001400BF8F1000B08F0800E00355
:105A80001800BD273000428C040040545C00039293
:105A90009055400F252000025C0003920100022473
:105AA000F4FF6254251000001400028EF1FF001074
:105AB0002B100200E8FFBD271000B0AF1400BFAFED
:105AC0004B52400F000000002580400009000012EA
:105AD00025100000FFFF05242038410FC4808427D3
:105AE0009153400F252000023038410FC480842795
:105AF000010002241400BF8F1000B08F0800E003E3
:105B00001800BD27E0FFBD271400B0AF1C00BFAFD9
:105B10004B52400F1800B1AF258040002A00001200
:105B2000251000003C00028E00304230030040147B
:105B30002588A0007B53400F252000023C00028EE8
:105B4000448C027C000B437C5C0003A20040433089
:105B5000020060143C0002AE240000AE008042301F
:105B6000060040543C00038E3C000292180000AE38
:105B70003F0042303C0002A23C00038E8000023C09
:105B8000040042242418620001006250280000A68C
:105B9000120020522C00058E6952400F2520000271
:105BA000BC73400F40000426252840006E55400F6E
:105BB000252000023C00028E01000324448C627CFC
:105BC0003C0002AE010002241C00BF8F1800B18F00
:105BD0001400B08F0800E0032000BD270B53400FD6
:105BE00025200002F4FF00103C00028ED080828F3E
:105BF000C8FFBD273400BFAF3000B7AF2C00B6AF31
:105C00002800B5AF2400B4AF2000B3AF1C00B2AF82
:105C10001800B1AF660040101400B0AF25888000B6
:105C2000FFFF05242038410FC480842714002296EA
:105C3000010013242590000004985300D880828F1F
:105C40002A1042021300401402000224160023927C
:105C500004006214D080908FFFFF102638000012DD
:105C6000D08090AF3400BF8F3000B78F2C00B68F3C
:105C70002800B58F2400B48F2000B38F1C00B28F92
:105C80001800B18F1400B08FC48084273038410BC6
:105C90003800BD27DC80838F801012002110620045
:105CA0000000508CE5FF0052010052262400158EA2
:105CB000B03D400F2520A00218004004010003243D
:105CC0000418430024187300DCFF605001005226C2
:105CD00012000486C156400F01000524CE37410F43
:105CE000252000004C00168E2528400025200000AD
:105CF0005000178EE037410F5A0014960700C0126B
:105D000000209432050080122538E002120004863B
:105D10000020062409F8C0022528A002C7FF0010B1
:105D200001005226801010002128A2000000A48C3F
:105D300003008010010010269153400F0000000066
:105D4000D880828F2A100202F6FF4014DC80858FF3
:105D5000D480848F0C00828C09F840000000000081
:105D6000C880848F04008010DC8080AFE93E400F43
:105D700000000000C88080AF3400BF8F3000B78FB4
:105D80002C00B68F2800B58F2400B48F2000B38F6D
:105D90001C00B28F1800B18F1400B08FC48084270C
:105DA0003800BD27D48080AF1338410BD88080AF36
:105DB0003400BF8F3000B78F2C00B68F2800B58F0E
:105DC0002400B48F2000B38F1C00B28F1800B18F55
:105DD0001400B08F0800E0033800BD27E0FFBD27A6
:105DE0001800B1AF1C00BFAF4B52400F1400B0AF52
:105DF0002588400035002012251000003300A01037
:105E00002580A00054000624252800008066410F4C
:105E1000252000025C002292010003240A00435462
:105E2000000000AE1400238E040003AE1800238E81
:105E3000140003AE1C00238E240003AE2000238E2A
:105E4000000002AE340003AE280022960000238E2C
:105E50003C00248E440002A62A002296460002A698
:105E60002400228E480002AE4800228E4C0002A67A
:105E70000400228E231043004E0002A65D002392F0
:105E800004008238010065300200A0108000427CCE
:105E900002004234080085300100A0500400423462
:105EA000020065300100A054080042341000843024
:105EB000010080501000423404006330010060543F
:105EC00020004234500002AE010002241C00BF8FAB
:105ED0001800B18F1400B08F0800E0032000BD2728
:105EE000E0FFBD271C00BFAF1800B2AF1400B1AF78
:105EF0004B52400F1000B0AF080040142520400066
:105F0000251000001C00BF8F1800B28F1400B18F45
:105F10001000B08F0800E0032000BD272588A000F6
:105F20002590C0006D53400F25804000F5FF405084
:105F3000251000000000038E02004012252860009A
:105F40000800058E2128B1002B18A300EDFF605436
:105F5000251000000400038E2B186500E9FF605433
:105F600025100000E7FF0010080005AEE8FFBD2780
:105F70001400BFAF4B52400F1000B0AF06004014EA
:105F800025204000251000001400BF8F1000B08FA6
:105F90000800E0031800BD276D53400F2580400026
:105FA000F9FF405025100000F7FF00100800028E96
:105FB000E8FFBD271400BFAF4B52400F1000B0AF39
:105FC000060040545C004390251000001400BF8F71
:105FD0001000B08F0800E0031800BD2725804000A6
:105FE00001000224F8FF6214010005245053400F01
:105FF0000C00042607004010010005243C00028E1E
:1060000000024230090040500400028EEFFF0010F1
:10601000C0050224AC53400F25200002EBFF405086
:1060200025100000F6FF00103C00028E0800038ED1
:1060300023104300E5FF0010FFFF4230EC57400BF8
:1060400000000000D8FFBD272400BFAF2000B3AF81
:106050001C00B2AF1800B1AF0A00A0141400B0AF1A
:10606000258000002400BF8F251000022000B38F80
:106070001C00B28F1800B18F1400B08F0800E0032D
:106080002800BD27F6FFC0102590C0004B52400FDE
:106090002598A000F2FF4010258840006D53400F66
:1060A00025204000EFFF4010258000000800248ECE
:1060B0000400308E23800402FFFF10322B101202E6
:1060C0000300405025804002E6FF0052258000007A
:1060D00025300002D665410F252860020800228E77
:1060E00021105000DFFF0010080022AEE8FFBD279E
:1060F0001C00A5A3010006241400BFAF1158400FD7
:106100001C00A5271400BF8F0800E0031800BD275E
:106110001600A01025100000E0FFBD271800B1AF49
:106120001400B0AF1C00BFAF258880004B52400F59
:106130002580A000090040101C00BF8FCA65410FD8
:106140002520A000FFFF4630252800021158400FEF
:1061500025202002211002021C00BF8F1800B18FE1
:106160001400B08F0800E0032000BD270800E00302
:1061700000000000C0FFBD273C00BFAF3800B6AF35
:106180003400B5AF3000B4AF2C00B3AF2800B2AFCD
:106190002400B1AF4B52400F2000B0AF0D004014AF
:1061A00025204000259000003C00BF8F25104002B4
:1061B0003800B68F3400B58F3000B48F2C00B38F09
:1061C0002800B28F2400B18F2000B08F0800E003B8
:1061D0004000BD276D53400F25804000F2FF401066
:1061E000259000003C00078E0002E2308C004054F5
:1061F0000C00028E0800028E0000038E2310430064
:10620000FFFF4230E7FF4010010002245C001592BE
:10621000E5FFA216259000001400028EE2FF401058
:106220008000E230030040102400048E0D008054F2
:106230003C00028E8001E77C18000626C1A8400FB2
:1062400014000526D7FF4010240002AE3C00029245
:10625000C0FF03243F004230251043003C0002A24F
:106260003C00028E02000324030042300500435428
:106270001800028E8A3C400F2400048E140002AEE7
:106280001800028E0C00118E380022AE1400028E0F
:106290003C0022AE2400028E400022AE3C00028E62
:1062A00000024230600040500000028E54003296DE
:1062B00048003626080002241000238E1C00338E6E
:1062C000080054260C006494FFFF9432211044000F
:1062D0002A000496B542410F0C0062A428000496DF
:1062E000B542410F000062A6020062A6B542410F0E
:1062F000252080022400038E040062A6060060A60A
:1063000068006390020063301E00601425300000B6
:106310003800238E0C0005241000A3AF3C00238E10
:106320001000A4271A00A2A71400A3AF0011032491
:10633000BD42410F1800A3A727100200FFFF4630FF
:106340003C00028E000242303E00401025288002B0
:1063500008000524BD42410F252060020800C48EBC
:1063600027100200FFFF463025284002BD42410FA2
:106370000000000027100200FFFF4230271002003B
:10638000060062A63C003392E0000324F000733262
:106390002E0063165E0002920BA842001D00B5A3FA
:1063A0003C00028E1C00A72725308002002E437C73
:1063B000110005248007427C252020021C00A3A395
:1063C000C8A9400F1E00A2A3E0000324000020AED5
:1063D00003006316251000003C00028E8004427CFE
:1063E000340022A6C5A9400F252020026FFF4014CB
:1063F0003C00BF8F1000228E0C0040A43C00028E97
:1064000000024230130040500000028E540020A6CB
:106410002000228EC418027C62FF0010200022AEF1
:1064200078FF0010540042940800128E25B000003E
:1064300023904202FFFF5232080042269EFF0010C6
:10644000FFFF4230C9FF001025206002D4FF00107A
:106450001D00A2A3EEFF0010080002AEE8FFBD275A
:106460001400BFAF4B52400F1000B0AF06004014F5
:1064700025204000251000001400BF8F1000B08FB1
:106480000800E0031800BD276D53400F2580400031
:10649000F9FF4050251000000800028E0000038E16
:1064A00023104300F4FF0010FFFF4230E8FFBD2738
:1064B0001400BFAF4B52400F1000B0AF06004014A5
:1064C00025804000251000001400BF8F1000B08F01
:1064D0000800E0031800BD273000428C0400401083
:1064E0000000000036000296F8FF40141400BF8F31
:1064F0009055400F252000023000028EF2FF4054DC
:1065000036000296F0FF001025100000D0FFBD27D6
:106510001C00B2AF2C00BFAF2800B5AF2400B4AF51
:106520002000B3AF1800B1AF1400B0AF4800C010E6
:106530002590C0004B52400F000000005100401059
:10654000258040003000428C0700401425A0A000A8
:106550003C00028E0004427C04004010259840025A
:106560009055400F252000022598400225900000FC
:10657000360011962E002052360002963000158EFD
:106580002B00A05236000296340002962B186202AD
:106590000100605425106002FFFF42302B182202D8
:1065A0000300601400000000140040102588400023
:1065B00005008012252080023800058ED665410F27
:1065C0002530200221A09102360002962398710204
:1065D0002190320223105100360002A634000296A8
:1065E000FFFF7332FFFF523223105100340002A626
:1065F0003800028E21885100380011AE3400029616
:1066000008004014000000000000A28E1A00401094
:10661000300002AE0C0043940800428C340003A604
:10662000380002AED3FF605636001196360002964F
:10663000080040142C00BF8F3C00028E0004427CF6
:1066400005004010251040029055400F2520000203
:106650002C00BF8F251040022800B58F2400B48F76
:106660002000B38F1C00B28F1800B18F1400B08FC0
:106670000800E0033000BD27340000A6E9FF001049
:10668000380000AEF2FF001025900000E8FFBD27A3
:106690001400BFAF4B52400F25388000120040104D
:1066A0001400BF8F2C00448C0F0080102530A000F8
:1066B0001C00838C1000848C08006324300044ACE0
:1066C0000C0084941800BD27F8FF8424340044A4EF
:1066D000FCFF649425280000380043AC360044A435
:1066E0004359400B2520E0000800E0031800BD27B7
:1066F0004359400B01000624E8FFBD271000B0AF4E
:106700001400BFAF4B52400F258000000600401020
:10671000252040003000428C010040543600909407
:106720009055400F000000001400BF8F251000029C
:106730001000B08F0800E0031800BD27E8FFBD2758
:106740001400BFAF4B52400F000000001700401074
:10675000251800000500A0503C00438C4200A39483
:10676000400063300A2803003C00438C240045AC01
:10677000448C037C0800A0103C0043AC070062047A
:106780003C00438C5D004490020084300200801481
:10679000C418037C3C0043AC3C00438C010004243F
:1067A000448C837C3C0043AC010003241400BF8F65
:1067B000251060000800E0031800BD27E8FFBD2792
:1067C0001400BFAF4B52400F0000000001004054C6
:1067D0002400428C1400BF8F0800E0031800BD277E
:1067E000E8FFBD271400BFAF4B52400F0000000070
:1067F0000F004010251800000D00C010FF00A4304D
:106800005C0047900A00E414010004240900A41469
:106810001400BF8F0000C38C180043AC3C004390B1
:106820001F006330600063343C0043A00100032478
:106830001400BF8F251060000800E0031800BD277A
:10684000D0FFBD272C00BFAF2800B6AF2400B5AFE6
:106850002000B4AF1C00B3AF1800B2AF1400B1AF4A
:106860004B52400F1000B0AF0C00401425A8A00000
:10687000251000002C00BF8F2800B68F2400B58F94
:106880002000B48F1C00B38F1800B28F1400B18F9A
:106890001000B08F0800E0033000BD272588C0003D
:1068A000258040000500A0145C005690F0FFC01643
:1068B000259000001400001025980000FFFFA2247E
:1068C0000200422CEBFF4050251000000300C012D4
:1068D0002590E000E7FFC51625100000F5FF4012E7
:1068E000010002240800A216259800000000428E34
:1068F000F0FF4010252800008D3A400F252040026F
:10690000DBFF401025984000FFFF05242038410F91
:10691000C48084271F0020162A0002962588400084
:106920000500401425A000007A52400F000000002E
:10693000258840000100542C3038410FC480842742
:10694000CCFF8016251000003C00028E5C0015A2D2
:1069500025304002448C027C3C0002AE25286002B7
:10696000D154400F25200002040040522A0011A6F5
:10697000030040505C0016A22A0011A60100022468
:106980003C00038E01000424448C837CB9FF00107A
:106990003C0003AEE8FF511025A000005652400F06
:1069A0002520200201004238E3FF0010FF00543090
:1069B000E0FFBD271400B0AF1C00BFAF4B52400F2B
:1069C0001800B1AF258040003100001225100000F2
:1069D0000080A2302588C000030040140100032479
:1069E0008003A37C40180300847B057C1100A42C49
:1069F0002700801025100000019D023C146A4224EB
:106A000080280500212845000000A28C08004000D5
:106A100000000000586A019DAC6A019DE86A019D72
:106A2000246B019D5C6B019D906B019DA06B019D92
:106A3000A86B019DB06B019DC06B019DC86B019D52
:106A4000746C019D806C019D886C019D986C019D0A
:106A5000A86C019DB86C019D3C00028E0100312E96
:106A60008410227E3C0002AE010002240500621464
:106A7000020002245D000292010042340300001073
:106A80005D0002A2070062505D0002920100022434
:106A90001C00BF8F1800B18F1400B08F0800E003F6
:106AA0002000BD27F5FF0010FE0042303C00028EA2
:106AB0000100312EC418227E3C0002AE01000224E7
:106AC00004006254020002245D000292EBFF0010F9
:106AD00002004234EEFF6254010002245D00029283
:106AE000E6FF0010FD0042303C00028E0100312E16
:106AF0000421227E3C0002AE010002240400625404
:106B0000020002245D000292DCFF00100400423407
:106B1000DFFF6254010002245D000292D7FF0010E3
:106B2000FB0042303C00028E0408227E030043300A
:106B3000070060103C0002AEFFFF0324140003AE08
:106B4000010003240442627CD0FF00103C0002AE2E
:106B5000140000AEFCFF00100442027C3C00038ED7
:106B600000026430CAFF8014251000002B88110039
:106B70008002637CC6FF7150010002247B53400FEA
:106B8000252000023C00028EEFFF00108452227E7E
:106B90007B53400F25200002BCFF0010100011A6FF
:106BA000BAFF0010540011A6B8FF0010580011A63B
:106BB0003C00028E2B881100E3FF00100484227E2B
:106BC000B2FF00105E0011A2B1FF201225100000DC
:106BD0000000238E01006430070080100400228E24
:106BE0003C00048E01004530C418A47C0421A47C20
:106BF0008410A47C3C0004AE0200643004008010C9
:106C00004070447C3C00058E04A5857C3C0005AEAC
:106C100004006430040080108068447C3C00058ED1
:106C200044AD857C3C0005AE080064300400801053
:106C3000C060447C3C00058E84B5857C3C0005AE7C
:106C400010006430040080100059447C3C00058E24
:106C50008494857C3C0005AE200063308BFF60107F
:106C60004051427C3C00038EC49C437C87FF001053
:106C70003C0003AE3C00028EB3FF001004EE227E07
:106C800082FF00105F0011A23C00028E2B881100D1
:106C9000ADFF001084F7227E3C00028E2B8811008D
:106CA000A9FF001004A5227E3C00028E2B88110053
:106CB000A5FF001044AD227E3C00028E0100312E63
:106CC000A1FF0010C4FF227EE8FFBD271400BFAF64
:106CD0004B52400F000000002518400034006010A7
:106CE000251000003200C0101100A42C31008010CB
:106CF0001400BF8F80100500019D053C106DA52478
:106D00002128A2000000A28C080040000000000022
:106D1000546D019D686D019D786D019D886D019D8B
:106D2000986D019DA46D019DBC6D019DC46D019D7B
:106D3000CC6D019DD86D019DE06D019D346E019D6E
:106D4000406E019D486E019D546E019D606E019DD7
:106D50006C6E019D3C00628C040042388000427CD5
:106D6000120000100000C2A03C00628C08004238F3
:106D7000FBFF0010C000427C3C00628C10004238D7
:106D8000F7FF00100001427C3C00628C030042309F
:106D9000060000100000C2AC3C00628CF0FF001046
:106DA0008002427C100062940000C2A40100022410
:106DB0001400BF8F0800E0031800BD27FAFF001081
:106DC00054006294F8FF0010580062943E006294F0
:106DD000E3FF001001004230E1FF00105E0062900E
:106DE0003C00638C1C0062301C0042380005647C4F
:106DF000020080100100422C020042344005647CF5
:106E000001008054040042348005647C01008054F9
:106E1000080042348004647C010080541000423435
:106E2000C004637CDAFF605420004234DFFF0010AE
:106E30000000C2AC3C00628CC9FF0010002E427CF6
:106E4000C7FF00105F0062903C00628CC4FF00101E
:106E50008007427C3C00628CC1FF00100005427C30
:106E60003C00628CBEFF00104005427C3C00628CFE
:106E700027100200BAFF0010C21702001900C0104C
:106E800025380000E8FFBD271400BFAF4B52400F6C
:106E900000000000050040545C0044901400BF8FC7
:106EA0002510E0000800E0031800BD27FF00A53012
:106EB000FAFF851401000324F9FF83141400BF8F27
:106EC0003C00438C03006530F5FFA0140442837C32
:106ED0000000C58C3C0043AC140045ACEFFF001033
:106EE000010007240800E0032510E000E8FFBD27AB
:106EF0001400BFAF4B52400F256880002540400072
:106F000008000011251000002548A0002560C000E1
:106F10000700A0145C000B912510A0000C0060116C
:106F2000255000001400BF8F0800E0031800BD27A3
:106F3000FFFFA3240200632CFBFF60101400BF8F2F
:106F4000030060112550E000F7FF65150000000008
:106F50003C00028D5C0009A1448C027C18004011A9
:106F60003C0002AD25304001252820019F5B400FE9
:106F70002520A00106004014010004243C00038DDC
:106F80005C000BA1448C837CE6FF00103C0003AD49
:106F900001000224040022555D0002910000428D90
:106FA0001C0002AD5D000291040042300500405417
:106FB0005D0002913C00028D0421027C3C0002AD88
:106FC0005D000291010042300400401428000CA52D
:106FD0003C00028D8410027C3C0002AD3C00028D1E
:106FE00001000324448C627C3C0002ADCDFF001004
:106FF00001000224E8FFBD271400BFAF4B52400F31
:107000000000000007004010251800003C00438CE1
:1070100001000424280045A4448C837C3C0043AC3C
:10702000010003241400BF8F251060000800E00356
:107030001800BD27E0FFBD271C00BFAF1800B2AF8E
:107040001400B1AF4B52400F1000B0AF0800401415
:1070500025804000251000001C00BF8F1800B28F53
:107060001400B18F1000B08F0800E0032000BD278E
:107070003C00428C00024230F6FF40100100022426
:107080005C000392F3FF62142590A0000C0004261C
:10709000010005245053400F2588C00005004054CE
:1070A0000C00028E5C000592AC53400F25200002BC
:1070B0000C00028EE8FF405025100000560051A43D
:1070C000540051A4500052ACE3FF00100100022410
:1070D000D8FFBD272000B3AF2598800025200000F1
:1070E0001C00B2AF1800B1AF1400B0AF2588A000EB
:1070F0002400BFAF2580C000CE37410F2590E000AF
:107100000B000012252840004B52400F2520600242
:1071100007004050258000004C00438C0400605460
:10712000258000004C0050AC500052AC5A0051A4D5
:10713000E037410F252000002400BF8F25100002FA
:107140002000B38F1C00B28F1800B18F1400B08FD5
:107150000800E0032800BD27E0FFBD271400B0AF02
:1071600025808000252000001C00BFAF1800B1AFB3
:10717000CE37410F2588A000252000024B52400F3A
:107180002528400007004010258000004C00438C5B
:1071900004007114000000004C0040AC5A0040A4F0
:1071A00001001024E037410F252000001C00BF8F94
:1071B000251000021800B18F1400B08F0800E00302
:1071C0002000BD270800E003D880828F0800E0037C
:1071D000251000000800E003251000000400A28C28
:1071E00003004228030040500000A28C0800E00386
:1071F000FFFF02240100032401004690FBFFC3149B
:1072000000000000020043900800A3AC0200052427
:1072100005006514030002245800839004006330C5
:10722000F2FF6014000000000800E003000000000E
:107230000400A38C0600632808006014FFFF0224EA
:107240000000A38C010063900300643003008014ED
:107250000400642C01008050020062240800E00356
:10726000000000000400A38C060063280F006014D7
:10727000FFFF02240000A38C040004240100669098
:107280000A00C41400000000020062901300A2A0D3
:10729000030062901200A2A0040062901100A2A05C
:1072A000050062901000A2A0060002240800E0037E
:1072B000000000000400A38C060063280F00601487
:1072C000FFFF02240000A38C040004240100669048
:1072D0000A00C41400000000020062901700A2A07F
:1072E000030062901600A2A0040062901500A2A004
:1072F000050062901400A2A0060002240800E0032A
:10730000000000000400A38C060063280F00601436
:10731000FFFF02240000A38C0400042401006690F7
:107320000A00C41400000000020062901B00A2A02A
:10733000030062901A00A2A0040062901900A2A0AB
:10734000050062901800A2A0060002240800E003D5
:10735000000000000800E003251000000400A38CDA
:10736000030063280C006014FFFF02240000A28CBD
:107370003500032409000424000043A00100032475
:10738000010043A00C00A38C0100645003000324FF
:10739000020043A0030002240800E00300000000F4
:1073A0000400A38C050063280F006014FFFF022473
:1073B0000000A28C37000324000043A00300032434
:1073C000010043A0059D033C34646490346463244D
:1073D000020044A00100649002006390030044A0F6
:1073E000040043A0050002240800E00300000000A0
:1073F0000400A38C04006018FFFF02240000A38C8B
:10740000000062A0010002240800E0030000000068
:10741000000102240400C214010006240100052416
:107420000F3F400B0C0004240800E00300000000A4
:1074300080808487E0FFBD271400B0AFFFFF1024D9
:107440001C00BFAF040090101800B1AFAD56400F44
:1074500000000000808090A78C80908F170000169D
:10746000258800007480858F01A0043C6946410F87
:10747000E03284247880848F050080101C00BF8F48
:10748000E93E400F00000000788080AF1C00BF8FF5
:107490001800B18F1400B08F888080AF0800E0031F
:1074A0002000BD274800048E0300801060001026D5
:1074B00078AA400F00000000010031268880828FEA
:1074C0002B102202F7FF40147480848F0C00828CF2
:1074D00009F840008C80858FE2FF00108C8080AF1F
:1074E000059D023CD0FFBD27C863438CC86342247E
:1074F0002000B1AF1C00B0AF25888000040042948A
:107500001400908C2800848C2800B3AF2C00BFAFEF
:107510002400B2AF2598A0001000A3AFAD3E400FED
:107520001400A2A70900401406000624251000003C
:107530002C00BF8F2800B38F2400B28F2000B18FA2
:107540001C00B08F0800E0033000BD272528000292
:10755000252040002F65410F259040000600401077
:10756000060006241000A5272F65410F25204002A4
:10757000EFFF4014251000001800308E1100022487
:1075800009000392E9FF621421801302B542410F02
:107590000200049600000496B542410F2588400081
:1075A0007E808397E1FF71147C80839726106200B0
:1075B000DFFF00100100422CD8FFBD272400BFAF21
:1075C0002000B3AF1C00B2AF1800B1AF2590A000EF
:1075D000258880001400B0AF8C80938FB03D400FA1
:1075E000600010240218507025202002473E400FF2
:1075F00021807300560002A6580002920100032465
:10760000540012A60400627C580002A24200229696
:107610000400627C420022A64800028E1100401441
:1076200001000524019D043C50AA400FE07484240D
:107630000C004014480002AE8162410F00000000BF
:107640000200422C08004014030002247B62410F18
:1076500000000000069D053C6C89A524EF29410F20
:1076600025204000030002240800421201000324E8
:107670004E0002964C0002A6580002924429627CF9
:107680003245400F580002A2200002AE2400BF8FF6
:107690002000B38F1C00B28F1800B18F1400B08F80
:1076A0000800E0032800BD270400A38C090063281C
:1076B000130060143D0003240000A28CE8FFBD27E6
:1076C0001400BFAF000043A007000324010043A043
:1076D0000100032402008010020043A03C00842427
:1076E0002528800006000624D665410F03004424A7
:1076F0001400BF8F090002240800E0031800BD2712
:107700000800E003FFFF0224E0FFBD271800B2AF2E
:107710001400B1AF1000B0AF0C00B18C8C80928F10
:107720001C00BFAFB03D400F2580A00060000324C7
:1077300002204370FDFF22260200422C0700401465
:107740002118920001000424130024161C00BF8F8E
:107750003400648C110080101800B28F0400048E75
:10776000060084280B008014FFFF02240000048E12
:107770003200022404000624000082A00400022437
:10778000010082A034006524D665410F02008424E4
:10779000060002241C00BF8F1800B28F1400B18FA6
:1077A0001000B08F0800E0032000BD27E0FFBD27D8
:1077B0001800B2AF1400B1AF1000B0AF8C80928F40
:1077C0001C00BFAF2580A000B03D400F0C00B18C65
:1077D0006000032402204370040002240A002212E5
:1077E000211892000700022407002212030004243B
:1077F0001300241625100000540065940200042490
:107800001000A4101C00BF8F0400048E0600842802
:107810000B008014FFFF02240000048E36000224B7
:1078200004000624000082A004000224010082A0BB
:1078300024006524D665410F02008424060002243A
:107840001C00BF8F1800B28F1400B18F1000B08FD2
:107850000800E0032000BD270400A38C0600632875
:1078600010006014FFFF02240000A38C0400042415
:10787000010066900B00C4142520A000E8FFBD277E
:1078800004000624020065241400BFAFD665410F32
:107890000C0084241400BF8F060002240800E003BB
:1078A0001800BD270800E003000000000400A38CBE
:1078B000060063281D006014FFFF0224E0FFBD27BF
:1078C0001800B1AF0000B18C1C00BFAF1400B0AF06
:1078D000010023920400632C100060141C00BF8F71
:1078E0005800829004004230090040142580800036
:1078F0000400062402002526D665410F38008424A2
:107900005C000292010003244408627C5C0002A235
:1079100001002292020042241C00BF8F1800B18F88
:107920001400B08F0800E0032000BD270800E0032A
:10793000000000000400A28CE0FFBD271800B1AFDA
:10794000060042281C00BFAF1400B0AF1300401463
:10795000FFFF11240000A58C040002240100A39065
:107960000F0062141C00BF8F580082900400423048
:107970000B0040140600112425808000040006241A
:107980000200A524D665410F3C0084245C000292CD
:10799000010003248410627C5C0002A21C00BF8FE3
:1079A000251020021400B08F1800B18F0800E003EA
:1079B0002000BD27D8FFBD272000B4AF2400BFAFF3
:1079C0001C00B3AF1800B2AF1400B1AF1000B0AFDD
:1079D0000D00A01025A080001000A28C0500401012
:1079E000780011241400512C140003240A185100AB
:1079F000258860001400B28C0400401200000000D2
:107A0000050000101800B08C780011240400A010AC
:107A1000429011001800B08C080000160000000011
:107A20009224023C244942242B1022021B004014C1
:107A3000C2101100C0800200238002022467410F9F
:107A4000140013241B005300F4016002F6FF5226B9
:107A5000F6FF102610100000219052002467410FFD
:107A6000100092AE1B005300F40160022400BF8F8F
:107A7000180091AE1C00B38F1800B28F1400B18FA4
:107A80001010000021805000140090AE2000B48F30
:107A90001000B08F0800E0032800BD27C08011004F
:107AA00023801102E5FF0010C2801000B8FFBD273F
:107AB0003800B5AF01A0153C2C00B2AF2590800076
:107AC000E032A4263C00B6AF3400B4AF3000B3AF10
:107AD0002800B1AF2400B0AF2588A0004400BFAF9C
:107AE0004000B7AF2598C00025A0E0001000A0AF6F
:107AF0001400A0AF1800A0AF2D75400F1C00A0AF60
:107B00002A04022406102202271002000B00362E3F
:107B10000100423001000324E032B08E0B18560001
:107B200025B060000E0000561000028E3B75400F1D
:107B3000E032A4264400BF8F4000B78F3C00B68FD0
:107B40003800B58F3400B48F3000B38F2C00B28F63
:107B50002800B18F2400B08F0800E0034800BD2743
:107B6000040040500400028EEEFF52540000108EBC
:107B70000400028E06004010252820020C00068E0C
:107B800009F8400025204002E6FF00100000108E9A
:107B90000800028E350040101000A28F2B00401408
:107BA00025204002B03D400F8C80978F6000032459
:107BB000022043703445400F21B897001000A2AF57
:107BC000FFFF2226FF0042300E00432C10006014FD
:107BD000059D063C069D053C9B0807240C64C624B5
:107BE0009889A5247F39400F252000003400E28EBB
:107BF0000400C0121400A2AF3000E28E1300405403
:107C00001800A2AFFFFF0224100000101800A2AF5E
:107C1000059D033CFC636324211043000000439056
:107C2000FFFF62240200422C0400401001000224E5
:107C30004000E28E1C00A2AF01000224ECFF62545F
:107C40003400E28E1400B3AF1800B4AF0800028E07
:107C50000C00078E1000A6272528200209F84000F6
:107C600025204002AFFF00100000108E059D063C4D
:107C7000069D053CA20B07242064C6249889A524F0
:107C80007F39400F25200000A6FF00100000108E55
:107C9000C8FFBD273000B4AF8C80948F3400BFAFD5
:107CA0002C00B3AF2800B2AF2400B1AF0A00801699
:107CB0002000B0AF251000003400BF8F3000B48F1B
:107CC0002C00B38F2800B28F2400B18F2000B08F1A
:107CD0000800E0033800BD27F6FF80106000112483
:107CE000259080002580A000B03D400F2598C00061
:107CF0000218517021887400010003240E00031241
:107D00000200022417000212000000005800239213
:107D100001006330E8FF6014010002240100052423
:107D2000AC3C400F25204002E2FF4010010010242F
:107D300007000010340033AE5800308E03000224D8
:107D400003001032DCFF025625100000340033AE71
:107D5000252800026E5D400F25204002D6FF00104E
:107D600001000224D4FF6012251000005800229266
:107D700001004230100040100500042456002296F5
:107D8000F7FF4530CCFFA450251000000B00042461
:107D9000C8FF4410253800001800A6271000A3AF24
:107DA0002528C00025204002C83D400F1800A0AF84
:107DB000E7FF0010340033AE01000524AC3C400F57
:107DC00025204002BCFF405025100000E0FF0010BD
:107DD000340033AE58FEBD279C01B2AF808092873D
:107DE000A001B3AF9401B0AF2598A000258080001A
:107DF0002C0006244801A52725204002A401BFAF7E
:107E00009801B1AF4359400F4801A0A34801A39383
:107E1000020002240C006210C00006242588000025
:107E2000BE59400F25204002A401BF8F251020021B
:107E3000A001B38F9C01B28F9801B18F9401B08FD4
:107E40000800E003A801BD27252800004359400F82
:107E500025204002C0000324F0FF4314380106240B
:107E60001000A5274359400F2520400225884000D7
:107E700004004228E9FF4014059D053C0400062447
:107E80009C64A5242F65410F1000A427E4FF4054F3
:107E90002588000056000296F7FF4230FDFF42247D
:107EA000FDFF4230590040144C01A38F4000028E68
:107EB0005700621425280000010060563C0073261C
:107EC00006000624252860022F65410F6401A427BF
:107ED0004F00401425280000580002920400423050
:107EE000060040145801A28F01000324340002AEA2
:107EF0005C0002920400627C5C0002A2FCFF31265E
:107F00001400A2277801B1AF059D113C7C01A0AF00
:107F10008001A0AF8401A0AF8801A0AF8C01A0AF09
:107F20007401A2AF059D133C9C6431267801A48F97
:107F3000BAFF80187401A28F546463260000459034
:107F40000000668C2400A654080063240400628CA0
:107F50007401A52709F840002520000207004018F9
:107F60007401A38F211862007401A3AF7801A38F5D
:107F700023106200EDFF00107801A2AFA7FF4014AC
:107F80007C01B18F02000324070023128001A28F1D
:107F900005000424190024562400038E540004967E
:107FA000160083542400038E240002AE580002926F
:107FB000010003248410627C580002A20500022400
:107FC00097FF22167401A5276D5E400F2520000241
:107FD00093FF001000000000DAFF71540000668C6F
:107FE00001004390020063242110430023208300FA
:107FF0007401A2AFCDFF00107801A4AF87FF621417
:1080000005000224EEFF00100000000025280000FB
:10801000A359400F2520400283FF0010258800004F
:10802000E0FFBD271800B2AF259080001C00BFAF55
:108030001400B1AFCF57410F1000B0AF4C005196B4
:108040002580400040801000FFFF31262467410F4B
:10805000028822721B005000F40100021080000010
:1080600021801102AD57410F000050AE1C00BF8FA0
:10807000040042AE1400B18F1800B28F1000B08F10
:108080000800E0032000BD27D0FFBD272400B1AFCA
:108090002000B0AF2588A000258080002520A0000A
:1080A0002C00BFAFB53D400F2800B2AF3400122600
:1080B00025202002F13D400F1C00A2AF1000A0AF10
:1080C000253800003C0006262528400225202002F5
:1080D000C83D400F1800A2AF5C000292020042307F
:1080E000050040100400062438000526033E400F1A
:1080F000252020020400062401000524873D400FAE
:10810000252020022520200202500724253040028D
:10811000FA91400F252840023C00028E3400038E65
:108120001800A48F241862001C00A28F24104400A1
:1081300005006210040007241800A6271C00A527CC
:108140000A93400F252020022C00028E25202002B9
:1081500025380000300002AE09000224560002A6B5
:108160005800029225300000080005244D004230DE
:1081700032004234AB5E400F580002A22C00BF8F89
:108180002800B28F2400B18F2000B08F0800E003D8
:108190003000BD2700FEBD27F001B2AF808092877E
:1081A000FC01BFAFF801B4AF25204002F401B3AF2A
:1081B000EC01B1AF2B59400FE801B0AF4F004010B8
:1081C0004801A527252040026C01A0AF7C01A0AF8B
:1081D0007757400F9001A0AF9001B38F8C80908FA4
:1081E00060001124B03D400F25206002021851703C
:1081F0006C01A28F2C0006249C01A5279C01A0A342
:108200002188700080809087280022AE4359400F5B
:10821000252000029C01B49302000224280082164B
:10822000C0000624252800004359400F25200002E5
:10823000C000032422004314252000023801062434
:108240004359400F1000A527258040000400422814
:108250001B004014059D053C040006249C64A524D5
:108260002F65410F1000A42715004014FCFF1026B5
:108270001400A227CC01B0AF0300102AD001A0AF98
:10828000D401A0AFD801A0AFDC01A0AFE001A0AF46
:108290000B000016C801A2AF1500A3930100022431
:1082A000070062141600A5930D00B4100500022407
:1082B0001A00A210060002240A00A2502800278EED
:1082C000059D063C069D053C9889A5247908072450
:1082D000D063C6247F39400F252000000B00052401
:1082E0002800278E7C01A68FAB5E400F2520600200
:1082F00025280000A359400F25204002FC01BF8F14
:10830000F801B48FF401B38FF001B28FEC01B18F9B
:10831000E801B08F0800E0030002BD27F0FF001065
:1083200004000524B0FFBD273C00B4AF3800B3AF54
:108330003000B1AF2C00B0AF8C80918F6000102462
:108340004C00BFAF4800B7AF4400B6AF4000B5AF78
:108350003400B2AF25988000B03D400F25A0A000AA
:1083600002185070218071004400028E620040505B
:108370002588000009F84000252060025D004010BB
:1083800025884000CA65410F252040000200432C8B
:108390005900605425880000580003924000633063
:1083A0000200601025900000010052241000A32755
:1083B0001000A0AF1400A0AF1800A0AF1C00A0AF29
:1083C0002000A0AF2400A0A3251000002598600085
:1083D000200007241400062421202202000084909B
:1083E00006008710F7FF85240500A52C0400A05483
:1083F00001004224000064A0010063240100422423
:10840000F6FF461421202202CA65410F2520600292
:108410003D0040102580400021B0620225A8600286
:10842000780017240000A492D3FF82240200422C7B
:10843000060040540100B5260967410F0000000006
:10844000010040500000B7A20100B526F5FFD51687
:108450001000A293200042349FFF42241A00422CB5
:1084600002004014780002241000A2A3FFFF15268A
:1084700021A875020967410F0000A4920200401470
:10848000780002240000A2A2210040160000000093
:108490000400828E030003262A1862001F00601069
:1084A000FFFF02240000848E0C000224253000020D
:1084B000000082A0010090A025286002D665410F2F
:1084C0000200842409004012010003262B104302FD
:1084D0000A906200253040022528600225202002F3
:1084E000D665410F21903202FFFF40A20B00001021
:1084F0000200022625880000ACFF601225900000D3
:10850000AAFF00102C007126040040122510000064
:10851000DFFF0016000020A2251000004C00BF8FD6
:108520004800B78F4400B68F4000B58F3C00B48F31
:108530003800B38F3400B28F3000B18F2C00B08F71
:108540000800E0035000BD2788FEBD276001B0AFE2
:10855000808090876401B1AF2588800025200002CB
:108560007001B4AF6C01B3AF6801B2AF7401BFAFBB
:108570002590A0002598C000EC57400F25A0E000F2
:108580002C01422C05004010252840025D58400F68
:10859000252000027E00001025100000CF59400F5A
:1085A0002520000225300000010005246C5A400FF0
:1085B00025200002010082320400401425304002D0
:1085C0003000228E7A004054300026260100052417
:1085D0007356400F252000020200943202008016DC
:1085E000251000000400428E5801A6270100052432
:1085F00025200002F859400F5801A2AF251860024B
:10860000C418037C01000224060062100300022447
:108610000D00621602000224540023960B0062141F
:108620002A000624580022820500420458002292A3
:108630002467410F00000000400022AE5800229243
:108640008410027C580022A22A000624252800005B
:108650008066410F1200A427010102241000A2A786
:10866000060002241200A2A34000228E1400A2AF32
:10867000F9FF62264408027C030040140000000059
:108680003400228E1C00A2AF0200401225280000F8
:108690003C00452606000624D665410F2C00A42781
:1086A0002C0006241000A5271158400F2520000299
:1086B000C0000624252800008066410F1000A42772
:1086C000C00006241000A5271158400F25200002E5
:1086D00038010624252800008066410F1000A427D9
:1086E000059D023C9C64428C25200002059D113CA6
:1086F0001000A2AF1400A227EC57400F4801A2AF10
:10870000FCFF42244C01A2AF5401B3AF0400022489
:10871000059D133C5001A2AF386431265464732682
:108720000000228E4801A52709F8400025204002BC
:10873000240040044C01A38F4801A48F040031267B
:10874000231862004C01A3AF5001A38F21184300EE
:10875000211082005001A3AFF1FF33164801A2AFF0
:10876000EC0063242C01632C020060104000022402
:108770005001A2AF5001A6971000A5271158400F35
:10878000252000025D58400F252000020100022430
:108790007401BF8F7001B48F6C01B38F6801B28F09
:1087A0006401B18F6001B08F0800E0037801BD273C
:1087B000010005249F5B400F2520000287FF001069
:1087C000020094322530000025280000B857400FE1
:1087D00025200002EEFF001025100000D8FFBD2765
:1087E0002000B4AF1C00B3AF1800B2AF1400B1AF9B
:1087F0001000B0AF8C80948F600010242400BFAFB5
:10880000258880002590A000B03D400F2598C0002D
:10881000021850702180740058000292010042300A
:108820001F0040102400BF8F0A00605258000292BF
:10883000560002960900422C05004014253800001D
:1088400007000624252820025261400F252000023F
:10885000580002924800048E200000AED50042303D
:1088600020004234580002A24E00029603008010FD
:108870004C0002A682AA400F2528000007004052A3
:10888000560000A658000292EE004230580002A2A4
:10889000420022960400027C420022A62400BF8FE0
:1088A0002000B48F1C00B38F1800B28F1400B18F5A
:1088B0001000B08F0800E0032800BD270200023C32
:1088C000E8FFBD27010042241000B0AF1400BFAF85
:1088D000258080000800A010540082AC4C008294D7
:1088E00040100200FFFF42304100432C0100605065
:1088F000400002244C0082A4580002922000433021
:108900000A006010010003244429627C580002A27E
:108910002000028E05004054580002923245400F5C
:1089200000000000200002AE580002921400BF8F29
:1089300001000324C439627C580002A21000B08FE9
:108940000800E0031800BD27D0FFBD271C00B0AF12
:1089500025808000808084872800B3AF2000B1AFDD
:108960002C00BFAF2400B2AF2B59400F2598A000B8
:108970000A0040100A00112425286002755F400F8C
:108980002520000225884000050002240B00221249
:108990000600022437002212252800002C00BF8F79
:1089A000251020022800B38F2400B28F2000B18F41
:1089B0001C00B08F0800E0033000BD27560002966F
:1089C00019005154F5FF42245C00128E050052320A
:1089D00028004216252800002800028E5200039627
:1089E0002C0002AE0D006010080002243400028E3C
:1089F000013007241000A6271400A52725206002B7
:108A00001000A0AFFA91400F1400A2AF3445400F00
:108A100000000000040002AE06000224560002A678
:108A2000DEFF001025884002FDFF4230DBFF4014CE
:108A3000253800000C00028E25300000080002AE30
:108A40002C00028E0800052425206002300002AEB2
:108A500009000224560002A6580002924D0042303E
:108A600032004234AB5E400F580002A2CCFF00102F
:108A70002C00BF8F2F62400F25200002C8FF00107E
:108A80002C00BF8FC8FFBD270F0005240C00042455
:108A90003400BFAF3000B6AF2C00B5AF2800B4AF84
:108AA0002400B3AF2000B2AF1C00B1AFEF3E400FC7
:108AB0001800B0AF030042300C0040103400BF8FEC
:108AC0006560400F25900000163A400F059D143C4C
:108AD00025984000069D153C0D0072160000000010
:108AE000BE59400F808084873400BF8F3000B68F1E
:108AF0002C00B58F2800B48F2400B38F2000B28FD4
:108B00001C00B18F1800B08F0800E0033800BD27AB
:108B1000193A400F252040024B00401025884000A4
:108B2000420042944000423047004010252020027D
:108B3000B03D400F8C80908F600003240220437072
:108B4000218090005800039201006230E2FF405003
:108B50000100522656000296FEFF42240700422CD6
:108B6000140040102000633013006050560002963D
:108B70002000028E10004050560002963245400FF1
:108B8000000000002000038E2310430050000396D5
:108B90002B104300070040140100062401000524A7
:108BA000873D400F25202002580002924429027C74
:108BB000580002A2560002960E00432C32016010AB
:108BC00080180200029D023CDC8B422421104300ED
:108BD0000000428C0800400000000000488C019D0D
:108BE000148C019D608C019DC08C019D388D019D70
:108BF000948D019DB48D019D4C8E019D788E019DBB
:108C00008C8E019DB48E019D3C8F019DA08F019D96
:108C10002890019D473E400F252020020A00401069
:108C20000200022454000396090062140300042485
:108C3000040002244800048E03008010560002A69F
:108C400082AA400F01000524A3FF00100100522654
:108C5000F8FF64500A000224F7FF00104800048E59
:108C6000252800006D5E400F25200002580002926A
:108C70005C0000A2300000AEF9004230580002A2B1
:108C80000300072401000624252820025261400F1A
:108C900025200002ECFF40102538000025300000A0
:108CA00001000524AB5E400F252020020860400F24
:108CB0002520000203000224E3FF0010560002A654
:108CC000252820025262400F252000020A000324BA
:108CD0000F00431400000000AD57410F00000000DA
:108CE0000400038E231043000000038E2B1043006A
:108CF000D5FF4014010005242F62400F25200002FB
:108D000025380000253000004C0000100700052425
:108D1000CDFF40100100042458000392C418837C46
:108D2000580003A202000324C7FF431404000224D6
:108D3000C5FF0010560002A6540002960100072449
:108D400003000324020042380B38620003000624AB
:108D5000252820025261400F252000025EFF40506E
:108D6000010052263245400F00000000080002AE0C
:108D7000253800002530000003000524AB5E400FBD
:108D8000252020020860400F25200002CAFF0010A5
:108D900005000224252820025262400F25200002EF
:108DA0000A0003244CFF435401005226CAFF00105E
:108DB000000000003400028E253000001000A527BE
:108DC000252020022092400F1000A2AF0B0040147B
:108DD00025B040003445400F000000000400038E21
:108DE00023104300520003962B10430096FF4014BB
:108DF000252820022260400F252000021000A52710
:108E0000D992400F252020028FFFC01203000724B3
:108E100004000624252820025261400F252000026C
:108E2000070002243245400F560002A6040002AE9D
:108E3000253800002530000005000524AB5E400FFA
:108E40002520200224FF0010010052263245400F49
:108E5000000000000400038E231043000A00422C8F
:108E600079FF4014252800002F62400F25200002C2
:108E700019FF001001005226252820022260400F11
:108E80002520000214FF0010010052263245400F39
:108E9000000000000800038E231043001000038E22
:108EA0002B10430068FF40140A00022466FF0010E4
:108EB000560002A6253800000900062425282002B5
:108EC0005261400F2520000203FF4050010052264E
:108ED0003245400F000000000C0002AE25380000B3
:108EE0002530000009000524AB5E400F252020023C
:108EF000580002920800038E3C0004248410027C77
:108F0000580002A21400028E211043001000038EAC
:108F1000231043000C00038E231043004210020074
:108F20003C00432C0B1083003245400F1C0002AE66
:108F3000040002AE60FF00100B000224252820026E
:108F40005262400F25200002258840000A000224BA
:108F5000E1FE2256010052263245400F000000007B
:108F60000800038E231043001400038E2B104300CF
:108F700051FF40100C0002243245400F0000000059
:108F80000400038E231043001C00038E2B104300AB
:108F90002DFF4050560011A6CFFE001001005226B2
:108FA0000100072409000624252820025261400FF1
:108FB00025200002C8FE4050010052263245400FD5
:108FC000000000000C0002AE253800002530000033
:108FD0000A000524AB5E400F2520200258000292B3
:108FE0000800038E3C0004248410027C580002A276
:108FF0001800028E211043001400038E231043003A
:109000000C00038E23104300421002003C00432C4E
:109010000B1083003245400F1C0002AE040002AE6C
:1090200025FF00100D000224252820025262400F67
:10903000252000020A000324A7FE43540100522603
:109040003245400F000000000800038E231043004B
:109050001800038E2B10430027FF40102528000026
:109060003245400F000000000400038E231043002F
:109070001C00038E2B104300F3FE40140C0002244E
:10908000F1FE0010560002A6B9050724E863862603
:109090009889A5267F39400F252000008EFE0010FC
:1090A00001005226D0FFBD272C00BFAF2800B3AF70
:1090B0002400B2AF2000B1AF1C00B0AF1600839007
:1090C00003000224100062148480828F1000848CBC
:1090D000420082940100423003004010010010243D
:1090E0006E5D400F010005242C00BF8F251000028B
:1090F0002800B38F2400B28F2000B18F1C00B08FE6
:109100000800E0033000BD27258880005700401488
:109110002590A0000400A0540800848C2580000045
:10912000F2FF00102C00BF8FFFFF0224808082A777
:10913000000025960800828C6000062409F8400093
:10914000748084AFF5FF40108C8082AF029D053C97
:1091500005000624848AA524B83E400F0C00042490
:1091600001A0043CE0328424F145410F788082AFB5
:109170002598400006004596040042960201072407
:1091800025300000010004247E8082A75756400F3E
:109190007C8085A725804000FFFF02242700021263
:1091A0001000A62705000524325B400F2520000291
:1091B0001000A2970002422C0C004014000202246E
:1091C0007E8086972538000001000524105A400F44
:1091D000252000020E00401425300000AD56400F3F
:1091E0002520000215000010FFFF102400020624B5
:1091F00005000524252000026C5A400F1000A2A78C
:10920000F0FF40147E808697F4FF001000000000FD
:10921000020005246C5A400F25200002019D063CE7
:10922000253800001074C62400010524345C400F6A
:1092300025200002E9FF4010000000007880828FA6
:1092400005004010808090A703006012FFFF0224F9
:1092500005000256000022960C5D400F258000009C
:10926000A2FF00102C00BF8F888082AF14002296CE
:10927000600004248C80838F022844702110A30096
:109280000200439602006014580040A00A00032424
:109290001000248E500043A4020003244E0043A477
:1092A000E8030324520043A44200829401004230A8
:1092B000040040108480828F6E5D400F0100052401
:1092C0008480828F010010240100422486FF001058
:1092D000848082AF8480828FE8FFBD271400BFAFF7
:1092E000100040101000B0AF258080001000848C6A
:1092F00001000624F761400F0100052416000392C7
:1093000002000224070062148480828FFFFF42243F
:1093100004004014848082AF0C5D400F0000000008
:10932000748080AF1400BF8F1000B08F0800E0037E
:109330001800BD27E0FFBD271000B0AF1C00BFAF75
:109340001800B2AF1400B1AF040080102580800077
:1093500042008294400042300A8002008C80928F4A
:109360001900401225880000180000121C00BF8F51
:10937000B03D400F2520000260000324022043700E
:109380002110920058004390010063300E006010DD
:10939000010011240100062401000524F761400F9B
:1093A000252000020300062401000524873D400F0C
:1093B0002520000225380000253000000E0005247D
:1093C000AB5E400F252000021C00BF8F251020023D
:1093D0001800B28F1400B18F1000B08F0800E003A6
:1093E0002000BD2704008010253000004200829438
:1093F000400042300A200200245F400B2528000074
:109400000400801025300000420082944000423069
:109410000A200200245F400B010005240400801094
:109420002530A00042008294400042300A20020011
:10943000245F400B02000524E8FFBD271400BFAFE6
:10944000040080101000B0AF42008294400042300F
:109450000A2002008C80908F0A0000122510000064
:10946000090080101400BF8FB03D400F00000000C5
:1094700060000324022043702110900058004290A5
:10948000010042301400BF8F1000B08F0800E003CD
:109490001800BD27040080108C80838F42008294C6
:1094A000400042300A200200050060102510000034
:1094B0000300801000000000420082900100423052
:1094C0000800E00300000000E8FFBD271400BFAF64
:1094D000040080101000B0AF42008294400042307F
:1094E0000A2002008C80908F0A00001225100000D4
:1094F000090080101400BF8FB03D400F0000000035
:109500006000032402204370211090005800429014
:109510004000427C1400BF8F1000B08F0800E003B1
:109520001800BD27E8FFBD271400BFAF040080105E
:109530001000B0AF42008294400042300A20020086
:109540008C80908F0A000012251000000900801006
:109550001400BF8FB03D400F0000000060000324E6
:10956000022043702110900058004290C000427CBD
:109570001400BF8F1000B08F0800E0031800BD2753
:10958000E0FFBD271400B1AF1000B0AF1C00BFAFAB
:109590001800B2AF2588A000040080102580C0000C
:1095A00042008294400042300A2002008C80928F58
:1095B0001100401225100000100080101C00BF8F09
:1095C0000F0020521800B28FB03D400F0000000085
:1095D0006000032402204370251800020200102EB0
:1095E0002110920002000012500051A40200032436
:1095F0004E0043A4010002241C00BF8F1800B28F4C
:109600001400B18F1000B08F0800E0032000BD27C8
:10961000D8FFBD272000B2AF1C00B1AF1800B0AF1B
:109620008C80928F258080002400BFAFB03D400F1A
:109630002588A000600003240220437021109200BE
:109640005800429001004330250060100010233282
:10965000190060102530000025280000F761400F38
:109660002520000201000224253800001000A2AFCE
:109670002530000025280000C83D400F25200002AD
:109680000200062401000524873D400F252000022A
:1096900025380000253000000C000524252000029C
:1096A0002400BF8F2000B28F1C00B18F1800B08F34
:1096B000AB5E400B2800BD270008313208002012A5
:1096C0000001457C0100A5246E5D400F25200002AD
:1096D0002538000025300000F0FF00100D000524A3
:1096E0002400BF8F2000B28F1C00B18F1800B08FF4
:1096F0000800E0032800BD271300A010251000007B
:109700007480828FD0FFBD270C0040102C00BFAFAB
:109710002000A4AF01A0043C1400A5AF1C00A6AF1C
:10972000140007241000A62725284000E0328424D6
:109730001000A0AFF345410F1800A0AF2C00BF8F61
:109740000800E0033000BD270800E003000000002F
:109750001300A010251000007480828FD0FFBD2759
:109760000C0040102C00BFAF2000A4AF01A0043CAF
:109770001800A5AF1C00A6AF140007241000A627F0
:1097800025284000E03284241000A0AFF345410FAB
:109790001400A0AF2C00BF8F0800E0033000BD27ED
:1097A0000800E00300000000050080107480868F30
:1097B0000300C01001A0053C1246410BE032A52475
:1097C0000800E00325100000D8FFBD271C00B2AF41
:1097D0001400B0AF2400BFAF2000B3AF1800B1AF8A
:1097E000259080000500A0102580A00034000624EC
:1097F000252800008066410F252000020400401249
:109800008C80938F42004296400042300A900200C2
:109810000A00601600000000259000002400BF8FA1
:10982000251040022000B38F1C00B28F1800B18FAA
:109830001400B08F0800E0032800BD27F7FF405256
:1098400025900000B03D400F25204002600011240B
:109850000218517021887300580022920100423092
:10986000EEFF405025900000560022960900432C40
:10987000EAFF605425900000E8FF00120100122466
:109880003245400F000002AE040002AE1800228EE6
:109890000800238E0C0002AE1000228E080003AEDA
:1098A00021104300100002AE1400228E211043004C
:1098B000140002AE3400228E180002AE3C00228E4C
:1098C0001C0002AE3000228E240000AED3FF001038
:1098D000200002AE8C80878FE0FFBD271C00BFAF49
:1098E0001800B1AF1400B0AF0D00E010251000005B
:1098F0002588C0000F0080142580A0008880848FF8
:1099000060000324023043708C80858F2118C500CD
:109910002B2844000B00A05458006590010002243D
:109920001C00BF8F1800B18F1400B08F0800E00337
:109930002000BD27B03D400F00000000F0FF0010E8
:1099400001004424440070AC010042248431257E8F
:10995000580065A0EEFF0010600063240300801033
:1099600001A0033C0800E003FFFF0224783066906A
:10997000010004241900C410783062241800A68C59
:10998000F8FFC0101C0046AC783064A0020003242D
:10999000040043A40400A38C059D043C404284249D
:1099A0000C0043AC1000A38C180044AC2400A48C21
:1099B0002000A694240040A0200044AC140064942D
:1099C000060046A4080040A406008010140043AC22
:1099D000160063945C0044A45E0043A40800E00306
:1099E00000000000FAFF00100041042401A0023C26
:1099F000783042240700821402000224040082A46A
:109A00000400A28C0C0082AC1000A28C240080A068
:109A1000140082AC0800E0030000000001A0023C3A
:109A2000783043240400831400000000040080A464
:109A3000783040A0140080AC0800E0030000000073
:109A400001A0033C7830632402008314FFFF02244A
:109A5000040082840800E0030000000001A0023C32
:109A6000783042240C008214000000002400829010
:109A700009004010059D033C3C008294144363247C
:109A800080100200211043000000598C01A0043C0A
:109A9000080020039C3084240800E003000000003C
:109AA0001400801001A0023C0800838C783042240E
:109AB00010006214000000000C00828CE8FFBD273B
:109AC0001000B0AF1C00428C258080001000848CF8
:109AD0001400BFAF09F8400000000000000000A221
:109AE0001400BF8F020000A61000B08F0800E00332
:109AF0001800BD270800E003000000003E008010B1
:109B0000F2FF0224D8FFBD270800838C1800B1AFF4
:109B100001A0113C783031262400BFAF2000B3AF44
:109B20001C00B2AF2D0071141400B0AF0200878486
:109B3000020003242900E314F3FF02242700A010ED
:109B4000F4FF02242600C0502400BF8F1400238E8F
:109B5000230060502400BF8F0000678C2000E0507D
:109B60002400BF8F0400678C1D00E0502400BF8FCD
:109B70000800638C190060102598C0001000A28CAA
:109B80002590A00005004010258080002528800039
:109B9000059D043C09F84000404284240000428EA8
:109BA000020022A60400428E100022AE0800428E5F
:109BB0000A0022A60C00428E280013AE010022A249
:109BC00001000224020002A601000224180002AED5
:109BD0000100023C1C0002AE010002242400BF8FE1
:109BE0002000B38F1C00B28F1800B18F1400B08F0B
:109BF0000800E0032800BD270800E0030000000083
:109C00000800E00300000000D0FFBD274800828C60
:109C10002400B0AF2580A0002800B1AF2C00BFAF5A
:109C2000258880001800A0A71000A0AF1400A52769
:109C300009F8400025200002230040041000A62758
:109C40002800228E2520000209F840002528000067
:109C50001400A3970800642C1B008010F4FF02245A
:109C6000029D023C801803007C9C4224211043008A
:109C70000000428C08004000000000009C9C019DF8
:109C8000F49C019D3C9D019D709D019DA09D019DA9
:109C9000E49D019D209E019D509E019D5000228EBD
:109CA0001000A68F2528000009F84000252000029A
:109CB000060040042C00BF8F01000324070043541A
:109CC0001400A3A7010002242C00BF8F2800B18F2D
:109CD0002400B08F0800E0033000BD274C00228E26
:109CE0001400A58F09F8400025200002F6FF00109F
:109CF000010002245400228E1800A52709F8400014
:109D000025200002F1FF40042C00BF8F0100032436
:109D1000EEFF4350010002241800A38704006004F2
:109D20004C00228E02000324EDFF00101400A3A7B4
:109D30001400A0AFEBFF0010252800005800228E71
:109D40001000A78F380006962528000009F840006B
:109D500025200002DDFF40042C00BF8F01000324FA
:109D6000D8FF431003000224DCFF00101400A2A758
:109D70005000228E1000A68F2528000009F8400010
:109D800025200002D1FF40042C00BF8F01000324D6
:109D9000CCFF431004000224D0FF00101400A2A73F
:109DA0005400228E1800A52709F840002520000243
:109DB000C6FF40042C00BF8F01000324C3FF4350A3
:109DC000010002241800A397380004962428640098
:109DD000BEFFA414FFFF02241600A3A7E2FF001099
:109DE000050002241600A697380003965800228E1C
:109DF0001000A78F2630C3002528000009F8400076
:109E000025200002B1FF40042C00BF8F0100032475
:109E1000ACFF431006000224B0FF00101400A2A7FC
:109E20005000228E1000A68F2528000009F840005F
:109E300025200002A5FF40042C00BF8F0100032451
:109E4000A0FF431007000224A4FF00101400A2A7E3
:109E50005400228E1800A52709F840002520000292
:109E60009AFF40042C00BF8F0100032495FF43108C
:109E70001800A2973800039624104300FEFF032425
:109E80000A18020091FF0010251060002000839442
:109E90000800878C080065300200A0141000E28CD6
:109EA0000400027C220085940030A6300100C050DE
:109EB000C418027C006066300100C0500421027C9E
:109EC000001866300100C0504429027C0050663002
:109ED0000001A8302530C8000100C0504408027CB1
:109EE000002863308000A53025186500010060500F
:109EF0008410027C2800838C1000E2AC000062AC6D
:109F000002000224020082A4180080AC0800E003D2
:109F10001C0080AC06008010FFFF02240800858C26
:109F200001A0033C783063240100A3500200828426
:109F30000800E0030000000006008010F2FF022489
:109F40000800858C01A0033C783063240100A350F5
:109F50001E0082840800E003000000000A00801058
:109F6000F2FF02240800848C01A0033C78306324B3
:109F700005008314000000000300C010251000003D
:109F8000020083940000C3AC0800E003000000005E
:109F900010008010F2FF02240800858C01A0033C11
:109FA000783063240B00A31402000324020085848C
:109FB0000800A314F3FF022401000224020082A47B
:109FC00005000224180082AC0100023C1C0082AC97
:109FD000010002240800E003000000000200022447
:109FE000020082A4180080AC0800E0031C0080ACD2
:109FF00012008010F2FF02240800848C01A0033CB0
:10A00000783063240D00831400000000C0BF023CC0
:10A01000F02F438C0006647CF02F438C01008424D5
:10A02000251000004006637C0100632C0300A01093
:10A0300000190300251864000000A3AC0800E00329
:10A040000000000011008010F2FF02240800858C3F
:10A0500001A0033C783063240C00A3140200032405
:10A06000020085840900A314F3FF022401000224E6
:10A07000020082A403000224180082AC0100023C0A
:10A080001C0082AC280086AC010002240800E0031A
:10A090000000000013008010F2FF02240800858CED
:10A0A00001A0033C783063240E00A31402000324B3
:10A0B000020085840B00A314F3FF02240900C010E2
:10A0C000F4FF022401000224020082A404000224FE
:10A0D000180082AC0100023C1C0082AC280086AC57
:10A0E000010002240800E0030000000013008010BB
:10A0F000F2FF02240800858C01A0033C7830632421
:10A100000E00A31402000524020083840B006514D2
:10A11000F3FF02240900C010F4FF0224010002240E
:10A12000020082A40100023C1C0082AC280086AC24
:10A13000200087A4180083AC010002240800E0037B
:10A140000000000011008010F2FF02240800868C3D
:10A1500001A0033C783063240C00C31402000324E4
:10A16000020086840900C314F3FF022401000224C4
:10A17000020082A406000224180082AC0100023C06
:10A180001C0082AC280085AC010002240800E0031A
:10A19000000000000A008010F2FF02240800868CF4
:10A1A00001A0033C783063240500C31400000000C4
:10A1B0000300A010251000003C00838C0000A3AC1D
:10A1C0000800E0030000000008008010F2FF0224F5
:10A1D0000800868C01A0033C783063240300C3147C
:10A1E000000000003C0085AC251000000800E003E2
:10A1F00000000000E0FFBD271800B2AF0800928CFD
:10A2000001A0023C783042241C00BFAF1400B1AF63
:10A21000020042121000B0AF259000002800828C8E
:10A220000A00401402000224020082A4180080AC3C
:10A230001C0080AC1C00BF8F1800B28F1400B18FBF
:10A240001000B08F0800E0032000BD27CF57410F5A
:10A2500025808000AD57410F258840002000438EA7
:10A26000E80304240000638C1C0000A6021823727B
:10A27000E70363241B006400F4018000121800004F
:10A28000211062002C0002AE02000224E9FF00103F
:10A290001A0002A62538A000069D053CE8FFBD2750
:10A2A00025308000EC87A5241400BFAFEF29410FB3
:10A2B000252000005480828FFEFF40141400BF8FC1
:10A2C0000800E0031800BD27D0FFBD272400B1AF70
:10A2D0002C00BFAF2800B2AF2000B0AF1400801434
:10A2E000FFFF112401A0103C7830029210004010B2
:10A2F00078301026240002920E0040142C00BF8FEC
:10A300001C00028E060004961400428C09F84000DE
:10A310002528000025884000FFFF02240B0022169C
:10A3200054030524059D043CA568400FC4418424C2
:10A330002C00BF8F251020022800B28F2400B18F7F
:10A340002000B08F0800E0033000BD27C404023CA9
:10A3500000B442341000A2AF1400028E01A0123CDF
:10A360009C3052260800428C059D043C2528400262
:10A3700009F84000404284241400A2AF1C00028E61
:10A380001800A0AF1000A5271800428C09F8400063
:10A39000252020020B0041041C00038E1C00628C4F
:10A3A0002520200209F84000FFFF1224059D043CEF
:10A3B0006B030524A568400FC4418424DCFF001012
:10A3C0002588400201000224240002A20C00028E13
:10A3D000300003AE340011AE280002AE02000224A9
:10A3E0002C0010AE540000A2380000AE3C0000AEBD
:10A3F000400000A6F1FF0010260002A60C00801409
:10A400002538C0002530A000069D053CE8FFBD278B
:10A410001400BFAFEF29410F0C88A5245880828F0C
:10A42000FEFF40141400BF8F0800E0031800BD2792
:10A430000800E003000000001400828C0A004010B5
:10A44000030003240800E003251060000300032438
:10A450002C00BF8F251060002800B18F2400B08F22
:10A460000800E0033000BD27D0FFBD272400B0AFB7
:10A470002C00BFAF2800B1AF310082901000431410
:10A48000258080000C00828C1800A3271000A3AF49
:10A4900036008694320085942C00428C1000848C07
:10A4A00009F8400025380000240040501800A38F10
:10A4B000140002AE02001124180000100100032451
:10A4C000FFFF43240200632C16006010059D053C2D
:10A4D000010003240300431025880000251000001C
:10A4E000020011240C00038E1800A4271400A4AF4E
:10A4F0001000A2AF3000628C34000796360006963A
:10A500003200059609F840001000048E0B00405000
:10A510001800A38FE6FF201625180000CCFF0010BE
:10A52000300011A25C010624F841A524FF68400F09
:10A5300025200000C6FF0010FFFF032402000224B4
:10A54000C2FF6210059D043C68010524A568400F08
:10A55000F8418424BEFF0010FEFF03241500801084
:10A56000F2FF02240800888C01A0033C78306324A9
:10A57000100003150000000002008384010008247D
:10A580000C006814F3FF02241800889409000315D6
:10A59000000000001A0083940300681004000824DF
:10A5A0000400681400000000300082900700401092
:10A5B000F4FF02240800E00300000000F4FF02247E
:10A5C0001400BF8F0800E0031800BD27E8FFBD2777
:10A5D000010002241400BFAF300082A02800A29323
:10A5E000320085A4340086A42B100200010042240E
:10A5F000310082A00E69400F360087A4EFFF4004AF
:10A6000003004238EEFF00100100422CE0FFBD279E
:10A610001000A0AF1C00BFAF5769400F0000000042
:10A620001C00BF8F0800E0032000BD27E0FFBD270E
:10A63000010002241000A2AF1C00BFAF5769400FF9
:10A64000000000001C00BF8F0800E0032000BD27B1
:10A6500015008010F2FF02240800878C01A0033C43
:10A66000783063241000E3140000000002008384AB
:10A67000010007240C006714F3FF022418008794DC
:10A680000900E314000000001A008394030067101F
:10A6900004000724040067140000000030008290CA
:10A6A00008004010F4FF02240800E003000000004E
:10A6B000F4FF02241400BF8F1000B08F0800E003E5
:10A6C0001800BD27E8FFBD27010302241000B0AF2A
:10A6D0001400BFAF320085A4300082A4360086A4E7
:10A6E0000E69400F25808000F1FF400425184000CE
:10A6F00003000424EFFF641425100000300000A2C2
:10A70000ECFF001001000224E0FFBD271C00BFAFDA
:10A710001800B0AF300083900200022409006210DC
:10A720008D010524059D043CA568400FD441842477
:10A73000251000001C00BF8F1800B08F0800E00338
:10A740002000BD27258080001000848C0600801426
:10A75000059D053C93010624FF68400FD441A524C4
:10A76000F4FF0010FFFF02240C00028E1400058E7F
:10A770003800428C09F840001000A6272518400038
:10A7800001000424EBFF64100200022408006104AD
:10A79000059D043C9F010524A568400FD4418424F5
:10A7A000FEFF0224140000AEE2FF0010300000A201
:10A7B0003100049203000324FAFF831425100000E3
:10A7C0001000A38FF7FF0010340003A6E8FFBD2799
:10A7D0001400BFAFC269400F000000000300400436
:10A7E000F4FF0324020042380100432C1400BF8F01
:10A7F000251060000800E0031800BD272D00801020
:10A80000F2FF02240800868C01A0033C7830632408
:10A810002800C31400000000020083840100062405
:10A8200024006614F3FF0224180086942100C31448
:10A83000000000001A008394030066100400062440
:10A840001C00661400000000E0FFBD271C00BFAF25
:10A850001800B2AF1400B1AF1000B0AF300092904A
:10A8600002000224080042122588A000F4FF0224FE
:10A870001C00BF8F1800B28F1400B18F1000B08F72
:10A880000800E0032000BD27C269400F258080003A
:10A89000F6FF400425184000F5FF72100100022465
:10A8A000F3FF20122510000034000396F0FF001083
:10A8B000000023A60800E0030000000001A0033C04
:10A8C00078306324020083102510800025100000DA
:10A8D0000800E0030000000002000224180080AC21
:10A8E0001C0080A4020082A40600A1041E0085A40E
:10A8F0002530A000069D053C2C88A524EF29410B9E
:10A90000252000000800E003000000001A008294E7
:10A910000300432C07006010059D033C80100200DB
:10A92000A4426324211043000000598C0800200336
:10A9300000000000366A400BF4FF0524E8FFBD2745
:10A94000010302241000B0AF1400BFAF300082A496
:10A950000800828C320085A4258080000200429489
:10A960000E69400F360082A408004104F4FF05245C
:10A97000366A400F25200002251000001400BF8F0A
:10A980001000B08F0800E0031800BD270300423814
:10A99000FAFF00102B100200E8FFBD272528000059
:10A9A0001000B0AF1400BFAF4F6A400F2580800089
:10A9B00003004010010002241A0002A61C0000A699
:10A9C0001400BF8F1000B08F0800E0031800BD27EF
:10A9D000E8FFBD27010005241000B0AF1400BFAF91
:10A9E0004F6A400F258080000300401001000224C0
:10A9F0001A0002A61C0000A61400BF8F1000B08F22
:10AA00000800E0031800BD27746A400B0000000036
:10AA1000746A400B00000000E8FFBD270100052418
:10AA20001000B0AF1400BFAF4F6A400F2580800008
:10AA300004004010040002241A0002A609000224A7
:10AA40001C0002A61400BF8F1000B08F0800E003A6
:10AA50001800BD27E8FFBD27090005241000B0AF8E
:10AA60001400BFAF4F6A400F2580800004004010E3
:10AA7000040002241A0002A6070002241C0002A6F9
:10AA80001400BF8F1000B08F0800E0031800BD272E
:10AA90000800838CE8FFBD271000B0AF1000628C67
:10AAA0002580800006004430020080141400BFAFEF
:10AAB0000400423438004430010080502000423409
:10AAC000100062AC010005244F6A400F25200002EF
:10AAD00004004010040002241A0002A6010002240F
:10AAE0001C0002A61400BF8F1000B08F0800E00306
:10AAF0001800BD27E8FFBD271000B0AF1400BFAF9E
:10AB0000C269400F2580800008004104F4FF05243D
:10AB1000366A400F25200002251000001400BF8F68
:10AB20001000B08F0800E0031800BD270200423873
:10AB3000FAFF00102B100200E8FFBD271000B0AF95
:10AB40001400BFAFBD6A400F25808000090040108F
:10AB50000400052434000296252000024F6A400FAD
:10AB6000220002A603004010070002241A0002A6D9
:10AB70001C0000A61400BF8F1000B08F0800E00377
:10AB80001800BD27E8FFBD271000B0AF1400BFAF0D
:10AB9000BD6A400F25808000090040100500052493
:10ABA00034000296252000024F6A400F200002A6C2
:10ABB00003004010060002241A0002A61C0000A692
:10ABC0001400BF8F1000B08F0800E0031800BD27ED
:10ABD000E8FFBD271000B0AF1400BFAFBD6A400F43
:10ABE00025808000090040100600052434000296EC
:10ABF000252000024F6A400F260002A603004010E5
:10AC0000050002241A0002A61C0000A61400BF8F33
:10AC10001000B08F0800E0031800BD27E8FFBD2733
:10AC20001000B0AF1400BFAFBD6A400F2580800098
:10AC3000090040100A000524340002962520000275
:10AC40004F6A400F240002A60300401004000224B3
:10AC50001A0002A61C0000A61400BF8F1000B08FBF
:10AC60000800E0031800BD27E8FFBD271000B0AFC3
:10AC70001400BFAFBD6A400F258080000C0040105B
:10AC80001400BF8F3400029600F042300B004010D9
:10AC9000090005244F6A400F2520000203004010E0
:10ACA000030002241A0002A61C0000A61400BF8F95
:10ACB0001000B08F0800E0031800BD27060005242F
:10ACC0004F6A400F25200002F8FF401005000224C3
:10ACD000F5FF00101A0002A6E0FFBD271800B2AF72
:10ACE0000800928C01A0023C783042241000B0AFE2
:10ACF0001C00BFAF1400B1AF0200421225808000DB
:10AD000025900000BD6A400F252000020D00401074
:10AD10001C00BF8F34000296220002A62800028E7B
:10AD20000D004014010005244F6A400F2520000249
:10AD300003004010030002241A0002A61C0000A613
:10AD40001C00BF8F1800B28F1400B18F1000B08F9D
:10AD50000800E0032000BD27CF57410F000000008E
:10AD6000AD57410F258840002000438EE80304249E
:10AD7000252800000800638C02182372E70363246F
:10AD80001B006400F401800025200002121800005E
:10AD9000211062004F6A400F2C0002AEE8FF401005
:10ADA00004000224E5FF00101A0002A6E8FFBD27F8
:10ADB0001000B0AF1400BFAFBD6A400F2580800007
:10ADC000160040101400BF8F0800028E1000438C44
:10ADD000010062301400401008006430060080104A
:10ADE000251000004000627C040063300200601007
:10ADF0004013020000104234340003963C0000AEC1
:10AE000024104300220002A6040002241A0002A615
:10AE1000030002241C0002A61400BF8F1000B08F94
:10AE20000800E0031800BD27F3FF80102510000084
:10AE3000020063300020022400100424EEFF001002
:10AE40000A108300E8FFBD271000B0AF1400BFAFA9
:10AE5000BD6A400F25808000490040101400BF8F5C
:10AE6000200003960100623048004010220007963F
:10AE70000020E330050004240B1083000004E330BD
:10AE80000300601025280000100042340100052452
:10AE90000008E33003006010253000002000423439
:10AEA0000100062426000996340003960008243188
:10AEB000040080102400089600020A311600401594
:10AEC0000A00042400042931030020110001083184
:10AED000110000150C0004242418670000016730DD
:10AEE0000D00E01412000424800067300A00E01412
:10AEF00014000424400067300700E01422000424FA
:10AF0000200063300400601424000424FEFF42305B
:10AF100000204234252000000800038E0200883003
:10AF2000010067900B00001125180000421807006F
:10AF30002430C3002518E6002418A3000100605443
:10AF4000040003242528A6002428E5000100A054BD
:10AF5000080063342800058E0500A050020002247A
:10AF60000000A2AC0400A4AC0800A3AC02000224C0
:10AF7000020002A6180000AE1C0000AE1400BF8F35
:10AF80001000B08F0800E0031800BD2710006330E8
:10AF9000030004240B0002240A1083002530000063
:10AFA000C0FF001025280000E8FFBD271000B0AF4B
:10AFB0001400BFAFBD6A400F258080000F00401015
:10AFC0001400BF8F2800048E0800801002000224A5
:10AFD000340002968000437C10004230010040544F
:10AFE00004006334000083AC02000224020002A6C5
:10AFF000180000AE1C0000AE1400BF8F1000B08F10
:10B000000800E0031800BD27E8FFBD271000B0AF1F
:10B010001400BFAFBD6A400F2580800014004010AF
:10B020001400BF8F340002960400433005006054C2
:10B030002800048E200003961000601401000524EF
:10B040002800048E050080108000437C10004230F0
:10B050000100405404006334000083AC0200022469
:10B06000020002A6180000AE1C0000AE1400BF8F44
:10B070001000B08F0800E0031800BD274F6A400F92
:10B0800025200002F9FF4010020002241A0002A647
:10B09000F6FF00101C0000A61C008294E8FFBD27EC
:10B0A0001000B0AF1400BFAF060040102580800034
:10B0B000010003240E004310F4FF05241F000010BC
:10B0C0001400BF8F4F6A400F252800000400401075
:10B0D000020002241A0002A6010002241C0002A69B
:10B0E0001400BF8F1000B08F0800E0031800BD27C8
:10B0F000BD6A400F00000000FAFF40101400BF8F2F
:10B10000340002861000410402000224AD57410FB2
:10B11000000000002C00038E2B104300050040505F
:10B12000FCFF0524020002241A0002A6ECFF001016
:10B130001C0000A6252000021400BF8F1000B08F55
:10B14000366A400B1800BD27020002A6180000AEA8
:10B15000E3FF00101C0000AEE8FFBD270101022440
:10B160001000B0AF1400BFAF300082A40800828C82
:10B17000320085A4340086A4020042942580800019
:10B180000E69400F360082A408004104F4FF052434
:10B19000366A400F25200002251000001400BF8FE2
:10B1A0001000B08F0800E0031800BD2703004238EC
:10B1B000FAFF00102B100200E8FFBD2700800634C4
:10B1C000252800001000B0AF1400BFAF566C400F30
:10B1D0002580800003004010010002241A0002A60E
:10B1E0001C0000A61400BF8F1000B08F0800E00301
:10B1F0001800BD27E8FFBD271000B0AF1400BFAF97
:10B20000BD6A400F25808000140040101400BF8FDD
:10B210002200029634000496002045300200A0105F
:10B22000FFFD8330000283340010423002004010E2
:10B23000FFFE66300001663409000524566C400F9D
:10B240002520000204004010040002241A0002A677
:10B25000080002241C0002A61400BF8F1000B08F4B
:10B260000800E0031800BD27E0FFBD271800B1AFBC
:10B27000200091940800838C1400B0AF25808000DA
:10B28000080024321C00BFAF280080101000628C20
:10B290000100443025008010C2321100010062908C
:10B2A0004031060001004330020060100100C63446
:10B2B0000004C634440004962200032405008314CD
:10B2C00020160424460003962016633005006410FF
:10B2D0000400052402004230010040540008C63436
:10B2E00004000524566C400F252000020700401082
:10B2F0000101313201010224090022160400022456
:10B300001A0002A6060002241C0002A61C00BF8F21
:10B310001800B18F1400B08F0800E0032000BD2793
:10B320001A0002A6F8FF001008000224006026326E
:10B330000300C010005031320001467C403306004B
:10B34000010020560001C634000142300100405483
:10B350000040C63425280000566C400F252000020E
:10B36000EAFF4010040002241A0002A6E6FF0010C3
:10B370000A0002241A0082940300432C0700601084
:10B38000059D033C80100200B0426324211043005D
:10B390000000598C0800200300000000366A400BB2
:10B3A000F4FF0524E8FFBD271000B0AF1400BFAFC5
:10B3B000BD6A400F25808000130040101400BF8F2D
:10B3C0003400029608004230060040142520000296
:10B3D0001400BF8F1000B08FF7FF0524366A400BB2
:10B3E0001800BD270012062425280000566C400FC7
:10B3F0002520000203004010020002241A0002A6C9
:10B400001C0000A61400BF8F1000B08F0800E003DE
:10B410001800BD271A0082940800432C0700601012
:10B42000059D033C80100200BC42632421104300B0
:10B430000000598C0800200300000000366A400B11
:10B44000F4FF05241A0082940600432C07006010C4
:10B45000059D033C80100200DC4263242110430060
:10B460000000598C0800200300000000366A400BE1
:10B47000F4FF05240010A33007006010F8FF022439
:10B480000002A5300400A014F6FF02242000C630FC
:10B49000F5FF02240B100600366A400B25284000F9
:10B4A000E8FFBD271000B0AF1400BFAFBD6A400F6A
:10B4B00025808000070040102520000234000696F9
:10B4C000220005961400BF8F1000B08F1D6D400B39
:10B4D0001800BD271400BF8F1000B08F0800E003D4
:10B4E0001800BD27E8FFBD271000B0AF1400BFAFA4
:10B4F000BD6A400F258080001A0040101400BF8FE5
:10B50000340006962000C2301100405422000596F7
:10B51000AD57410F000000002C00038E2B1043009C
:10B5200006004010252000021400BF8F1000B08FCD
:10B53000010005244F6A400B1800BD271400BF8F7F
:10B540001000B08FF5FF0524366A400B1800BD27A8
:10B55000252000021400BF8F1000B08F1D6D400B1E
:10B560001800BD271000B08F0800E0031800BD27A9
:10B57000E0FFBD271800B2AF0800928C01A0023C8A
:10B58000783042241000B0AF1C00BFAF1400B1AF40
:10B59000020042122580800025900000BD6A400F05
:10B5A000252000021C0040101C00BF8F34000296B2
:10B5B000220002A6000242301C00401400000000DD
:10B5C000CF57410F00000000AD57410F25884000C4
:10B5D0002000438EE8030424010005240400638C4A
:10B5E00002182372E70363241B006400F401800047
:10B5F0002520000212180000211062004F6A400F3F
:10B600002C0002AE03004010050002241A0002A61E
:10B610001C0000A61C00BF8F1800B28F1400B18F51
:10B620001000B08F0800E0032000BD27AD57410F88
:10B63000000000002C00038E2B1043000800401077
:10B64000252000021C00BF8F1800B28F1400B18F9C
:10B650001000B08F252800004F6A400B2000BD2746
:10B660001C00BF8F1800B28F1400B18F1000B08F74
:10B67000F6FF0524366A400B2000BD27E8FFBD27F2
:10B680001000B0AF1400BFAFBD6A400F258080002E
:10B69000120040101400BF8F340002960010423098
:10B6A00006004014252000021400BF8F1000B08F48
:10B6B000F8FF0524366A400B1800BD272528000036
:10B6C0004F6A400F252000020300401002000224B0
:10B6D0001A0002A61C0000A61400BF8F1000B08F35
:10B6E0000800E0031800BD271A0082940300432CD1
:10B6F00007006010059D033C80100200F4426324A3
:10B70000211043000000598C0800200300000000B5
:10B71000366A400BF4FF05241A0082940500432C7E
:10B7200003006014059D033C366A400BF4FF0524BA
:10B730008010020000436324211043000000598C54
:10B7400008002003000000001C0082940B00432C22
:10B7500007006010059D033C801002001442632422
:10B76000211043000000598C080020030000000055
:10B77000366A400BF4FF0524E8FFBD271000B0AF88
:10B780001400BFAFBD6A400F258080000E0040103E
:10B790001400BF8F34000296080042300D004010A4
:10B7A0000012062425280000566C400F25200002B8
:10B7B00004004010040002241A0002A60A00022419
:10B7C0001C0002A61400BF8F1000B08F0800E00319
:10B7D0001800BD27252000021400BF8F1000B08F75
:10B7E000F7FF0524366A400B1800BD270800828C3D
:10B7F000E8FFBD271000B0AF1400438C1000468C4A
:10B80000258080000400638C25288000059D043C71
:10B810001400BFAF09F860004042842406004104D0
:10B82000252000021400BF8F1000B08F2528400093
:10B83000366A400B1800BD2704004014040002249F
:10B840001A0002A6050002241C0002A61400BF8FE5
:10B850001000B08F0800E0031800BD270800828C9C
:10B86000E8FFBD271000B0AF1400438C0A004694D7
:10B87000258080000000638C25288000059D043C05
:10B880001400BFAF09F8600040428424090040144E
:10B8900001000324040002243C0000AE1A0002A6AA
:10B8A0001C0002A61400BF8F1000B08F0800E00338
:10B8B0001800BD27FBFF43101400BF8F2520000296
:10B8C0001000B08F25284000366A400B1800BD27B5
:10B8D000E8FFBD271000B0AF1400BFAFBD6A400F36
:10B8E00025808000430040101400BF8F0800068EA2
:10B8F0001000C38C06006230010040500400633425
:10B900003800623001004050200063340100623092
:10B910001F0040101000643007008010080002244F
:10B9200002006430084005240B10A40004006430B9
:10B930000100805400204234200064300600801052
:10B94000020064300100805400104234040064306E
:10B9500001008054000842343A00059634000496F1
:10B960000101423425208500241044000001853067
:10B97000252845001000A0141400BF8F25200002C8
:10B980001000B08FFAFF0524366A400B1800BD275F
:10B9900006008010020062300040052400200424CC
:10B9A0000B20A200ECFF00102510800000100524E1
:10B9B000FBFF0010000804241000C3AC0101843018
:10B9C000200002A6010102240D0082143C0000AEFA
:10B9D0000F0005244F6A400F25200002040040108C
:10B9E000040002241A0002A6020002241C0002A67F
:10B9F0001400BF8F1000B08F0800E0031800BD27AF
:10BA0000040002241A0002A6F8FF0010030002241A
:10BA1000E0FFBD271800B2AF0800928C01A0023CE5
:10BA2000783042241000B0AF1C00BFAF1400B1AF9B
:10BA30000200421225808000259000001C00029622
:10BA4000010011242200511025280000050040109B
:10BA50000200032426004310F4FF052436000010E2
:10BA6000252000020080063425280000566C400F77
:10BA70002520000210004010030002241C0011A623
:10BA8000CF57410F1A0002A6AD57410F258840003D
:10BA90002000438EE80304240000638C0218237204
:10BAA000E70363241B006400F40180001218000007
:10BAB000211062002C0002AE1C00BF8F1800B28F54
:10BAC0001400B18F1000B08F0800E0032000BD27E4
:10BAD0004F6A400F25200002F7FF401003000224A8
:10BAE0001A0002A602000224F3FF00101C0002A6A6
:10BAF000BD6A400F25200002F0FF40101C00BF8FE0
:10BB0000340002861200410404000224AD57410FA4
:10BB1000000000002C00038E2B1043000500401095
:10BB2000FDFF0524030002241A0002A6E2FF001014
:10BB30001C0011A6252000021C00BF8F1800B28F28
:10BB40001400B18F1000B08F366A400B2000BD2763
:10BB50001A0002A6D8FF00101C0000A61C00829448
:10BB6000E0FFBD271800B1AF010011241400B0AFF1
:10BB70001C00BFAF15005110258080000800401048
:10BB8000020003241E0043101C00BF8F1800B18F59
:10BB90001400B08FF4FF0524366A400B2000BD2747
:10BBA0004F6A400F020005240300401002000224E7
:10BBB0001A0002A61C0011A61C00BF8F1800B18F2E
:10BBC0001400B08F0800E0032000BD27BD6A400FBD
:10BBD00000000000F8FF401025200002340002960B
:10BBE000030005244F6A400F440002A6F2FF4010F4
:10BBF000020002241A0002A6EFFF00101C0002A699
:10BC0000BD6A400F00000000ECFF40101C00BF8F19
:10BC1000340002961C0000A6460002A6030002247F
:10BC2000E5FF00101A0002A61C008294E0FFBD2769
:10BC30001000B0AF1C00BFAF1800B2AF1400B1AF1E
:10BC400006004010258080000100032422004310DC
:10BC5000F4FF0524350000101C00BF8F0800928CF3
:10BC60001400428E1000428C04004054400002AE8A
:10BC7000029D023C089C4224400002AECF57410F77
:10BC80003C0000AEAD57410F258840002000438E98
:10BC9000E80304240000638C02182372E703632482
:10BCA0001B006400F40180001218000021106200E3
:10BCB0002C0002AE010002241A0002A61C0002A6FB
:10BCC0001C00BF8F1800B28F1400B18F1000B08F0E
:10BCD0000800E0032000BD274000828C252880005A
:10BCE000059D043C09F840004042842405004014AE
:10BCF00000000000020002241A0002A6F0FF00105B
:10BD00001C0000A60700400425284000AD57410F45
:10BD1000000000002C00038E2B104300E8FF4014AD
:10BD2000FBFF0524252000021C00BF8F1800B28FE6
:10BD30001400B18F1000B08F366A400B2000BD2771
:10BD4000D8FFBD272000B2AF0800928C1800B0AF1A
:10BD50001000A5270A0050961C00B1AF2400BFAF09
:10BD600025888000FC67400F1000A0AF4000033220
:10BD70000A0060101000A2970A0042A62580400029
:10BD80001000428E800143300B00601001004330F0
:10BD90000400027C0A000010444A027C11000332B5
:10BDA000F7FF4310F9FF0524366A400F25202002D3
:10BDB000F4FF00101000428E01006050444A027CE3
:10BDC000080003320C0060100400033200204234EB
:10BDD0002400BF8F100042AE010002241A0022A6E8
:10BDE0001C0020A62000B28F1C00B18F1800B08F5D
:10BDF0000800E0032800BD270300601002000332A2
:10BE0000F3FF0010001042340300601001001032F4
:10BE1000EFFF001000804234EDFF00560040423436
:10BE2000ECFF00102400BF8F0E008010F2FF0224F0
:10BE30000800858C01A0033C783063240900A3141A
:10BE400000000000E8FFBD271400BFAF366A400FB6
:10BE5000F1FF05241400BF8F251000000800E00347
:10BE60001800BD270800E00300000000E8FFBD2720
:10BE70001000B0AF1400BFAFBD6A400F2580800036
:10BE8000220040101400BF8F34000296200043307F
:10BE90000E006014040043302800028E070040109A
:10BEA0002520000200100324000043AC040040AC35
:10BEB000080040AC252000021400BF8F1000B08F96
:10BEC000F5FF0524366A400B1800BD2706006014F4
:10BED000000142302800028EF7FF401025200002AA
:10BEE000F2FF0010000040AC0B0040100F000524D2
:10BEF0004F6A400F25200002030040100200022478
:10BF00001A0002A61C0000A61400BF8F1000B08FFC
:10BF10000800E0031800BD27060005244F6A400F03
:10BF200025200002F8FF401005000224F5FF001054
:10BF30001A0002A601000224180085A41C0080A497
:10BF40001A0080A4020082A40800E0031E0086A458
:10BF500000A0023C00A0063C251800000804422472
:10BF60003004C624000047940900E01400000000DB
:10BF70000A18430004004224FBFF46540000479483
:10BF80000500A010251000000800E0030000A3AC8D
:10BF9000F9FFE454040042240800E003000000001C
:10BFA0000100A0540000A0AC060080540000828074
:10BFB0000800E00325100000251000000800E00341
:10BFC0000800BD27FAFF4010000000000200093CF5
:10BFD00025100000251800002530000003000D2466
:10BFE0002E000A240605292564000B240A000C24CF
:10BFF000F8FFBD2700008890150000150400672C8D
:10C0000003000424ECFF64140200033C06056324CF
:10C010002B184300E8FF6010003A447C0A00062415
:10C0200018008600003C437C640004240000647017
:10C0300012180000211062000300A2A3DFFFA0106D
:10C04000010002240000A38FDCFF00100000A3AC5D
:10C05000D9FFE010D0FF07250800C014FF00E7302B
:10C060000A00E82CD4FF00110100C62400120200CF
:10C07000FF00C630120000100438E27C1200CD141C
:10C0800000000000CCFF0A152B304900CAFFC01089
:10C09000003A477C1800EC00003C467C2140A3039A
:10C0A00001006324FF0063300000CB7012300000F9
:10C0B0002110C200000002A1253000002510000060
:10C0C000CCFF001001008424E6FF0A150A00E82CCA
:10C0D000EEFF00102B30490060FFBD278400B3AF96
:10C0E0007800B0AF9C00BFAF9800BEAF9400B7AF70
:10C0F0009000B6AF8C00B5AF8800B4AF8000B2AF8F
:10C100007C00B1AF258080000500A0102598A0001C
:10C1100010000624252800008066410F25206002BB
:10C120000E00001600000000251000009C00BF8FCC
:10C130009800BE8F9400B78F9000B68F8C00B58F9B
:10C140008800B48F8400B38F8000B28F7C00B18FE1
:10C150007800B08F0800E003A000BD27CA65410F3A
:10C1600025200002F0FF4010252800025400A0AF57
:10C170005800A0AF5C00A0AF6000A0AF2110020289
:10C18000200004240000A3805A006410238045008E
:10C19000F7FF63240500632C56006014200003247D
:10C1A0002110B000FFFF428054004310FFFF112612
:10C1B000F7FF42240500422C500040144100022E9B
:10C1C000D9FF4010253000029466410F1000A427CB
:10C1D0001000A22721105000000040A01000A383EF
:10C1E0005B000224470062141000A227218851003E
:10C1F000000023825D000224CBFF6214FEFF1026A4
:10C20000000020A21100B127218030022000042468
:10C21000000022823D00441023181102F7FF42243F
:10C220000500422C39004014211023026C00A2AFFB
:10C23000200004246C00A38FFFFF628035004410AF
:10C24000F7FF42240500422C33004054FFFF6324D3
:10C25000000060A0000022823A000324050043147D
:10C26000FF00142401002382AFFF62140200312674
:10C2700025A00000000030821267410F2520000237
:10C28000A9FF4010FF001032010031262590000068
:10C2900010001E243A0002246D000212DF00023258
:10C2A0006B004010D2FF02260200422C68004014AE
:10C2B0000D00022466000212F7FF02260200422C43
:10C2C000630040146400A22725A8000025B84000A0
:10C2D0003A000A242E0009242F0008240D00072408
:10C2E0000A00062420000524090004240E00001082
:10C2F00004000324A3FF00100100A524A8FF0010E0
:10C3000025802002C0FF00101000B127C0FF0010E0
:10C3100001003126FFFF6324C6FF00106C00A3AFAD
:10C3200081FFA3122588C002000050A000003092B7
:10C330000100B526FF00B5320F000A1201003626B3
:10C340000E0000521000A2270C0009521000A22774
:10C350000A0008521000A227080007521000A22766
:10C36000060006521000A227040005521000A22762
:10C37000EBFF0416010042241000A22721105500F3
:10C38000540040A02E0002242B0002123A00022486
:10C39000030002160A00022464FFC21325100000E5
:10C3A00001A0033C2530C0036C00A5272520E00236
:10C3B0004CB060AC0D66410F7000A3AF7000A38F4E
:10C3C0004CB0638C59FF605425100000FFFF4430CF
:10C3D000040080146C00A28F21A8F50253FF5514AD
:10C3E00025100000B542410F000000004018120067
:10C3F0001000A4272118830001005226440062A4E3
:10C4000013000012FF0052323A0002240C00021600
:10C410002C0002240000C28204005014FF000224F9
:10C4200041FF82160200362625A040020000D0926D
:10C4300098FF00100100D126D9FF00100A001E2429
:10C440003AFF021225100000F9FF00100000D09200
:10C450000900422E34FF4010080002241900421245
:10C46000FF00022431FF821225100000FFFF422648
:10C4700008000524FF0042302328B2002034147C39
:10C480002024027C211845002A20860013008010F9
:10C49000FF0063302390920225108002070052268D
:10C4A0002B18420209006014401802001000A42753
:10C4B0002118830001004224440060A4F8FF00100A
:10C4C000FF004230EAFF8216FFFF42260D00601691
:10C4D0001000062415FF0010010002244020020075
:10C4E0001000A7272120E400440084944018030092
:10C4F0002118E300FFFF4224440064A4E0FF001081
:10C50000FF0042305400A527D665410F2520600268
:10C5100006FF0010010002244500801025100000D5
:10C520004300A0102900C62C4100C01400000000E8
:10C53000D8FFBD272000B4AF1800B2AF1400B1AFD0
:10C540001000B0AF2400BFAF1C00B3AF2580A00027
:10C5500025888000259000003000142400002492DB
:10C560000E41410F259800002014027C0400541055
:10C5700000000000000002A20100132401001026A8
:10C580001541410F000024922014027C04005454F1
:10C59000000002A20400601200000000000002A2DD
:10C5A00001001324010010260E41410F01002492C6
:10C5B0002014027C04005454000002A20300601204
:10C5C00000000000000002A2010010261541410FEA
:10C5D00001002492000002A207000224110042166A
:10C5E0003A0002240100102601005226FF005232B8
:10C5F00008000224D9FF421602003126000000A2E2
:10C600002400BF8F010002242000B48F1C00B38FD0
:10C610001800B28F1400B18F1000B08F0800E00333
:10C620002800BD27010002A2EFFF00100200102623
:10C630000800E00300000000069D023C069D033C4C
:10C64000188B4224308B63240000458C0400468CF8
:10C65000242885000600A6100000000008004224DF
:10C66000FAFF43540000458C0800E0032510000049
:10C670000800E00301000224C8FFBD272400B2AF78
:10C680002000B1AF3400BFAF3000B5AF2C00B4AF65
:10C690002800B3AF1C00B0AF259080000700A010A9
:10C6A0002588A0000000A0A00100A0A00200A0A07A
:10C6B0000300A0A00400A0A00500A0A00A00401252
:10C6C0000100022400004382070060102580000062
:10C6D000000054821267410F252080020B00405455
:10C6E00001005582251000003400BF8F3000B58F47
:10C6F0002C00B48F2800B38F2400B28F2000B18F9C
:10C700001C00B08F0800E0033800BD271267410FFE
:10C710002520A002F3FF40100438B37E047A937EF4
:10C72000EC40410FFFFF64321000A3272118700076
:10C73000000062A002004282090040103A00032477
:10C74000030043102D000324E7FF431425100000CD
:10C750000100102606000224DDFF02160300522607
:10C7600004002012060006241000A527D665410FFC
:10C77000252020020500023ADBFF00100100422CB8
:10C780001D00801025100000E0FFBD271800B2AF8B
:10C790001000B0AF069D123C069D103C1400B1AFD6
:10C7A0001C00BFAF25888000F88A1026188B5226FF
:10C7B0000400058E0C00A05008001026E165410F12
:10C7C0002520200208004054080010260000028E98
:10C7D0001C00BF8F1800B28F1400B18F1000B08FF3
:10C7E0000800E0032000BD27F2FF12560400058E6A
:10C7F000F7FF0010251000000800E0030000000013
:10C800000400832C0600601025100000C0100400F6
:10C81000069D043CF88A8424212082000400828C36
:10C820000800E003000000000B008010251000004D
:10C830000900C0102548000001000A2402000B2452
:10C8400003000C24FDFF0D242F000E245F000F2495
:10C850000300A054000088900800E00300000000DE
:10C86000BFFF0325FF0063301A00782C0600001775
:10C87000000000009FFF03251A00632C0E006010CB
:10C88000B9FF0325FF0063301A0020152B40470035
:10C89000F1FF00118018030001004224FFFF423025
:10C8A0000000C3A001000924FFFFA5240100842487
:10C8B000E7FF0010FFFFA530D0FF03250A00632C1F
:10C8C000F0FF601404000325D5FF032524186D0034
:10C8D000FF006330ECFF60503E000324EAFF0E11BE
:10C8E0003F000324F1FF0F55FFFFA524E6FF0010D2
:10C8F000000000000D002A15024103000000C9904D
:10C90000254009010000C8A02B404700D2FF0011BC
:10C9100000190300010042240100C3A0FFFF4230C0
:10C920000100C624E0FF0010020009240D002B15B1
:10C93000824003000000C990254009010000C8A002
:10C940002B404700C4FF001180190300010042245E
:10C950000100C3A0FFFF42300100C624D2FF001037
:10C9600003000924D1FF2C55FFFFA5240000C89027
:10C97000254800000100C62425186800CAFF0010E1
:10C98000FFFFC3A010008010251000000E00C01093
:10C99000254000002318E800FFFF63300400632CEB
:10C9A000FFFF0A2401000B2402000C243E000D248A
:10C9B0002F000E243D000F24040018242148C80035
:10C9C00025006010FFFF02310800E00300000000B6
:10C9D0000100829002C9020080100200251879002F
:10C9E0003C0042300100A3A30300AC140200A2A348
:10C9F000240000100200842402008390FDFFA5247F
:10CA00000300842482C90300251059003F006330CD
:10CA1000FFFFA5300200A2A31B0000100300A3A388
:10CA2000030020133E00592C1E0000104700422432
:10CA300003002013000000001A000010FCFF422435
:10CA400019004D102B0019243F00423825C8E00181
:10CA5000150000100AC8C201F8FFBD271D00A01074
:10CA60000000AAAF000083908210030000190300A9
:10CA7000300063300000A2A3D5FFAB140100A3A3D4
:10CA80000100842425280000251800002110A3039C
:10CA9000000042901A00592CE1FF20133400592C59
:10CAA00041004224FF00593021102301010063247A
:10CAB000F6FF7814000059A0040008252318E800A8
:10CAC000FFFF63300400632C2148C800E3FF6010BF
:10CAD000FFFF02310800E0030800BD27FFFF82309E
:10CAE0000224040021104400007C447C21104400F6
:10CAF0000800E003FFFF42304600C01000000000C5
:10CB0000D0FFBD271C00B2AF2590C0000100062455
:10CB10002800B5AF2400B4AF2000B3AF1800B1AF08
:10CB20002C00BFAF1400B0AF25A8A000B122410F68
:10CB30002588E0002598400025A000000E00601622
:10CB400000000000B772400F252020022C00BF8F8C
:10CB500027100200FFFF42302800B58F2400B48F59
:10CB60002000B38F1C00B28F1800B18F1400B08F5B
:10CB70000800E0033000BD27F2FF40120000000073
:10CB80000E0062960800708E218002020C006296F0
:10CB90002380150206004010FFFF103225184000C8
:10CBA0002B1002020100405425180002FFFF7030D4
:10CBB0002B10500203004054258040021100005207
:10CBC0000000738E2530000025280002BD42410F71
:10CBD0002520A0022710020001008332030060100C
:10CBE000FFFF4230B542410F252040002390500204
:10CBF00021A09002FFFF5232FFFF943221882202CF
:10CC00000000738ECFFF601200000000CBFF001009
:10CC10000800758E0800E0032510E000C8FFBD275E
:10CC20002C00B7AF0000D78C2400B5AF25A8C000FA
:10CC30004800A6932000B4AF25A0A0002528E0025C
:10CC40003000BEAF2800B6AF1800B2AF1400B1AFCD
:10CC50003400BFAF1C00B3AF1000B0AFB122410F22
:10CC60002590E0002588400025F0E00225B0000076
:10CC7000040020123400BF8F0F0040560E00229691
:10CC80003400BF8F0000B7AE2510C0023000BE8F49
:10CC90002C00B78F2800B68F2400B58F2000B48FEA
:10CCA0001C00B38F1800B28F1400B18F1000B08F2A
:10CCB0000800E0033800BD270800338E069D063CBF
:10CCC000059D053C2198620223987E0227201300CF
:10CCD0005B010724E48AC6245C6CA5247F39400FDD
:10CCE000C22704000C003096FFFF62322B10500068
:10CCF0000100405425806002FFFF10322B105002CB
:10CD000003004054258040020C0000520000318E88
:10CD100025208002253000022528C00323905002E0
:10CD2000D665410F21B0D00221A09002FFFF523200
:10CD300021B8D003FFFFD6320000318ED1FF201280
:10CD40003400BF8FCAFF001008003E8ED8FFBD27F9
:10CD50002000B3AF1800B1AF1400B0AF2400BFAFD4
:10CD60001C00B2AF258880000F0080A02580000045
:10CD70000F00132421903002B967410F0000449244
:10CD8000FF0042300F004014000042A220000324A4
:10CD90002110300201001026000043A0FF000232E3
:10CDA0000F00422CFAFF40142400BF8F2000B38FE5
:10CDB0001C00B28F1800B18F1400B08F0800E00380
:10CDC0002800BD2701001026EAFF13162400BF8F9C
:10CDD000F7FF00102000B38F25380000FF00E3307C
:10CDE000C01003002B1866000D006010FF004230D9
:10CDF000211887000100E7242140A700000063906C
:10CE0000FFFF0891F5FF68102618680080000424D1
:10CE100027180300242864000300A05401004224C2
:10CE20000800E00300000000FF004230F9FF00109E
:10CE300042200400000080AC040080AC0800E00345
:10CE4000080080AC0000828C0000A2AC0400828C40
:10CE500002004014000085AC040085AC0800828C00
:10CE6000010042240800E003080082AC0400828C28
:10CE7000070040140000A0AC000085AC0800828CC4
:10CE8000040085AC010042240800E003080082ACE5
:10CE9000FAFF0010000045AC0000C28C0000A2ACFC
:10CEA0000800828C0000C5AC010042240800E003A9
:10CEB000080082AC0300C014251080009173400B61
:10CEC000000000000400878C0300E6540800438C37
:10CED0009B73400B000000000000C48C0100632421
:10CEE0000000A4AC0000C5AC0800E003080043AC9F
:10CEF0000000828C09004010000000000400838CB8
:10CF0000080062540000438C000080AC040080AC38
:10CF10000800838CFFFF6324080083AC0800E00353
:10CF200000000000FAFF0010000083AC0300A01412
:10CF300025188000BC73400B000000000000A28C8C
:10CF400009004010000000000000448C0000A4AC68
:10CF50000400648C01008250040065AC0800648CFD
:10CF6000FFFF8424080064AC0800E0030000000018
:10CF70000000868C0900C51425108000E8FFBD273D
:10CF80001400BFAFBC73400F000000001400BF8F3F
:10CF90002510C0000800E0031800BD270D00C010D8
:10CFA000000000000000C38CFCFF655425306000C9
:10CFB0000000A38C0000C3AC0400438C010065504A
:10CFC000040046AC0800438C2530A000FFFF63241A
:10CFD000080043AC0800E0032510C0000000828C6C
:10CFE00003004014000000000800E00300000000FF
:10CFF0000300451000000000F9FF00100000428C03
:10D000000800E00301000224E8FFBD271400BFAFC1
:10D01000253080002538A000BC73400F2520E0009B
:10D0200005004010252840009B73400F2520C000BC
:10D03000F9FF0010000000001400BF8F0800E0039B
:10D040001800BD27E8FFBD271000B0AF1400BFAF28
:10D0500025808000000080AC040080AC080080AC1B
:10D06000010007240100062425280000EA37410FAB
:10D070000C0084241400BF8F010042380100422CB0
:10D08000100002A21000B08F0800E0031800BD27B6
:10D090001000829015004010FFFF0524E0FFBD271F
:10D0A0001800B1AF0C0091241400B0AF25808000AF
:10D0B0001C00BFAF2038410F25202002BC73400F59
:10D0C00025200002FDFF4014000000001338410F2E
:10D0D000252020021C00BF8F100000A21800B18F75
:10D0E0001400B08F0800E0032000BD270800E00313
:10D0F00000000000100082901600401000000000A8
:10D10000E0FFBD271800B2AF0C0092241400B1AFAD
:10D110001000B0AF2588A00025808000FFFF052407
:10D120001C00BFAF2038410F2520400225200002FF
:10D130009173400F25282002252040021C00BF8F3C
:10D140001800B28F1400B18F1000B08F3038410B2F
:10D150002000BD270800E0030000000010008290BE
:10D160001600401000000000E0FFBD271800B2AF1D
:10D170000C0092241400B1AF1000B0AF2588A000BD
:10D1800025808000FFFF05241C00BFAF2038410F21
:10D1900025204002252000029B73400F25282002F5
:10D1A000252040021C00BF8F1800B28F1400B18FE1
:10D1B0001000B08F3038410B2000BD270800E0037D
:10D1C00000000000100082901C00401000000000D1
:10D1D000D8FFBD272000B3AF0C0093241C00B2AFD2
:10D1E0001800B1AF1400B0AF2588C0002590A00092
:10D1F00025808000FFFF05242400BFAF2038410FA9
:10D20000252060020000228E252060022400BF8FAE
:10D21000000042AE0800028E000032AE2000B38F44
:10D2200001004224080002AE1C00B28F1800B18F2A
:10D230001400B08F3038410B2800BD270800E003F0
:10D2400000000000100082901A0040100000000052
:10D25000D8FFBD272000B3AF0C0093241C00B2AF51
:10D260001800B1AF1400B0AF2590C0002588A00011
:10D2700025808000FFFF05242400BFAF2038410F28
:10D28000252060022520000225304002AD73400FAA
:10D2900025282002252060022400BF8F2000B38FA4
:10D2A0001C00B28F1800B18F1400B08F3038410BC2
:10D2B0002800BD270800E003000000001000829055
:10D2C000E0FFBD271400B0AF1C00BFAF1800B1AF26
:10D2D0000B004010258000000C0091242580800068
:10D2E000FFFF05242038410F25202002BC73400F8A
:10D2F00025200002252020023038410F25804000E3
:10D300001C00BF8F251000021800B18F1400B08FD1
:10D310000800E0032000BD2710008290E0FFBD2739
:10D320001000B0AF1C00BFAF1800B2AF1400B1AF17
:10D330000D004010258000000C0092242580800004
:10D340002588A000252040022038410FFFFF05243A
:10D3500025200002CB73400F252820022520400203
:10D360003038410F258040001C00BF8F251000027F
:10D370001800B28F1400B18F1000B08F0800E003C6
:10D380002000BD2710008290E0FFBD271000B0AF45
:10D390001C00BFAF1800B2AF1400B1AF0D004010B9
:10D3A000258000000C009224258080002588A000A4
:10D3B000252040022038410FFFFF052425200002D0
:10D3C000DC73400F25282002252040023038410F11
:10D3D000258040001C00BF8F251000021800B28F6E
:10D3E0001400B18F1000B08F0800E0032000BD27AB
:10D3F000100082901600401000000000E0FFBD27E2
:10D400001800B2AF0C0092241400B1AF1000B0AFFE
:10D410002588A00025808000FFFF05241C00BFAFE9
:10D420002038410F25204002252000020274400FC1
:10D4300025282002252040021C00BF8F1800B28F33
:10D440001400B18F1000B08F3038410B2000BD2781
:10D450000800E0030000000010008290130040105C
:10D4600000000000E0FFBD271800B1AF0C009124C0
:10D470001400B0AFFFFF0524258080001C00BFAF63
:10D480002038410F25202002BC73400F25200002C8
:10D49000FDFF40141C00BF8F252020021800B18F13
:10D4A0001400B08F3038410B2000BD270800E00386
:10D4B00000000000100082900A004010FFFF0524C9
:10D4C000E8FFBD271400BFAF2038410F0C008424B3
:10D4D0001400BF8F010042380100422C0800E00315
:10D4E0001800BD270800E003000000001000829033
:10D4F0000A00401000000000E8FFBD271400BFAF85
:10D500003038410F0C0084241400BF8F01004238D2
:10D510000100422C0800E0031800BD270800E003CA
:10D5200000000000000080AC040080AC0800E003B4
:10D53000080080AC0000828C090040540000A2ACBE
:10D54000000085AC040085AC0000A0AC0400A0ACD9
:10D550000800828C010042240800E003080082AC2D
:10D560000400A0AC040045ACF9FF0010000085AC3D
:10D570000000828C090040540400828C000085ACBD
:10D58000040085AC0000A0AC0400A0AC0800828CB4
:10D59000010042240800E003080082AC0000A0ACB7
:10D5A0000400A2AC000045ACF8FF0010040085ACFC
:10D5B0000000C28C0400A6AC0000A2AC040045AC84
:10D5C0000800828C0000C5AC010042240800E00382
:10D5D000080082AC0300C0540400838C4D75400BDE
:10D5E0000000000003006614000000005C75400BA2
:10D5F000000000006C75400B000000000000828CF1
:10D6000009004010000000000400838C08006254F0
:10D610000000438C000080AC040080AC0800838CC8
:10D62000FFFF6324080083AC0800E0030000000053
:10D63000000083ACF9FF0010040060AC0400828C91
:10D6400009004010000000000000838C08006254B4
:10D650000400438C000080AC040080AC0800838C84
:10D66000FFFF6324080083AC0800E0030000000013
:10D67000040083ACF9FF0010000060AC0000A28C35
:10D680000400A38C000062AC040043AC0800828C50
:10D69000FFFF42240800E003080082AC0000868CF3
:10D6A0000300C5540400838C7F75400B000000000C
:10D6B00003006514000000008F75400B000000009F
:10D6C0009F75400B000000000000828C0300401496
:10D6D000000000000800E003000000000300451007
:10D6E00000000000F9FF00100000428C0800E00379
:10D6F00001000224E8FFBD271000B0AF1400BFAF47
:10D7000025808000000080AC040080AC080080AC64
:10D71000010007240100062425280000EA37410FF4
:10D720000C0084241400BF8F010042380100422CF9
:10D73000100002A21000B08F0800E0031800BD27FF
:10D740001000829015004010FFFF0524E0FFBD2768
:10D750001800B1AF0C0091241400B0AF25808000F8
:10D760001C00BFAF2038410F252020027F75400FDD
:10D7700025200002FDFF4014000000001338410F77
:10D78000252020021C00BF8F100000A21800B18FBE
:10D790001400B08F0800E0032000BD270800E0035C
:10D7A00000000000100082901600401000000000F1
:10D7B000E0FFBD271800B2AF0C0092241400B1AFF7
:10D7C0001000B0AF2588A00025808000FFFF052451
:10D7D0001C00BFAF2038410F252040022520000249
:10D7E0004D75400F25282002252040021C00BF8FC8
:10D7F0001800B28F1400B18F1000B08F3038410B79
:10D800002000BD270800E003000000001000829007
:10D810001600401000000000E0FFBD271800B2AF66
:10D820000C0092241400B1AF1000B0AF2588A00006
:10D8300025808000FFFF05241C00BFAF2038410F6A
:10D8400025204002252000025C75400F252820027B
:10D85000252040021C00BF8F1800B28F1400B18F2A
:10D860001000B08F3038410B2000BD270800E003C6
:10D8700000000000100082901A004010000000001C
:10D88000D8FFBD272000B3AF0C0093241C00B2AF1B
:10D890001800B1AF1400B0AF2590C0002588A000DB
:10D8A00025808000FFFF05242400BFAF2038410FF2
:10D8B0002520600225200002253040026C75400FB3
:10D8C00025282002252060022400BF8F2000B38F6E
:10D8D0001C00B28F1800B18F1400B08F3038410B8C
:10D8E0002800BD270800E00300000000100082901F
:10D8F0001A00401000000000D8FFBD272000B3AF81
:10D900000C0093241C00B2AF1800B1AF1400B0AFEC
:10D910002590C0002588A00025808000FFFF0524F9
:10D920002400BFAF2038410F2520600225200002CF
:10D93000253040027575400F252820022520600201
:10D940002400BF8F2000B38F1C00B28F1800B18F4E
:10D950001400B08F3038410B2800BD270800E003C9
:10D960000000000010008290E0FFBD271400B0AF5F
:10D970001C00BFAF1800B1AF0B00401025800000A5
:10D980000C00912425808000FFFF05242038410FE2
:10D99000252020027F75400F25200002252020022F
:10D9A0003038410F258040001C00BF8F2510000239
:10D9B0001800B18F1400B08F0800E0032000BD27CD
:10D9C00010008290E0FFBD271400B0AF1C00BFAF75
:10D9D0001800B1AF0B004010258000000C0091240E
:10D9E00025808000FFFF05242038410F25202002DC
:10D9F0008F75400F25200002252020023038410F6E
:10DA0000258040001C00BF8F251000021800B18F38
:10DA10001400B08F0800E0032000BD2710008290A2
:10DA20001600401000000000E0FFBD271800B2AF54
:10DA30000C0092241400B1AF1000B0AF2588A000F4
:10DA400025808000FFFF05241C00BFAF2038410F58
:10DA500025204002252000029F75400F2528200226
:10DA6000252040021C00BF8F1800B28F1400B18F18
:10DA70001000B08F3038410B2000BD270800E003B4
:10DA8000000000001000829016004010000000000E
:10DA9000E0FFBD271800B2AF0C0092241400B1AF14
:10DAA0001000B0AF2588A00025808000FFFF05246E
:10DAB0001C00BFAF2038410F252040022520000266
:10DAC000A775400F25282002252040021C00BF8F8B
:10DAD0001800B28F1400B18F1000B08F3038410B96
:10DAE0002000BD270800E003000000001000829025
:10DAF0001300401000000000E0FFBD271800B1AF88
:10DB00000C0091241400B0AFFFFF05242580800095
:10DB10001C00BFAF2038410F252020027F75400F29
:10DB200025200002FDFF40141C00BF8F252020028D
:10DB30001800B18F1400B08F3038410B2000BD2782
:10DB40000800E00300000000100082900300401075
:10DB5000FFFF05242038410B0C0084240800E0035B
:10DB60000000000010008290030040100000000040
:10DB70003038410B0C0084240800E0030000000052
:10DB8000E8FFBD271400BFAFD46F400F2528000069
:10DB9000251840000300601025100000020062906C
:10DBA000010042301400BF8F0800E0031800BD27B9
:10DBB000E8FFBD271400BFAFD46F400F2528000039
:10DBC0002518400003006010251000000200629438
:10DBD0004000427C1400BF8F0800E0031800BD27FE
:10DBE0000100A52C0300C0100100A5240A00022496
:10DBF0000000C2AC0A00832C0C006010251000004D
:10DC00008010040000A0043C080484242120820029
:10DC10000000829405004010000000000200839480
:10DC200027180300241865000B1003000800E00308
:10DC300000000000E0FFBD271C00BFAF06008014FD
:10DC40001000A0AF254800001C00BF8F2510200148
:10DC50000800E0032000BD270100A82C1000A52724
:10DC60002548C000D46F400F010008250B0020118B
:10DC70000000000007004054020045941000A28FED
:10DC8000F1FF405025480000000044A4EEFF0010C2
:10DC9000020048A4FDFF0010254005010300405488
:10DCA00002004594E8FF0010010009242740080005
:10DCB00024400501FBFF0015020048A4F9FF0010F5
:10DCC000000040A4D0FFBD273C00A7AF3C00A72721
:10DCD0002C00BFAF2800B3AF2400B2AF2000B1AF1B
:10DCE0001C00B0AF2588A000595A410F1000A7AF03
:10DCF00027200200069D133C059D123C2580400014
:10DD0000D88A66269C6C4526160907247F39400F61
:10DD1000C22704002B203002D88A66269C6C452638
:10DD20001A0907247F39400F010084382C00BF8F67
:10DD3000251000022800B38F2400B28F2000B18F7D
:10DD40001C00B08F0800E0033000BD27B8FFBD27DE
:10DD50004000B2AF4400BFAF3C00B1AF3800B0AF3D
:10DD600019008010259000001700A0102588C00021
:10DD700003008290059D063C1800A2AF020082902D
:10DD8000D46CC6242580A0001400A2AF01008290AC
:10DD9000140005241000A2AF000087903177400FD7
:10DDA0002000A427CA65410F2000A42701004224B7
:10DDB0002B3022020400C0142000A5278A66410FE0
:10DDC00025200002010012244400BF8F25104002CC
:10DDD0003C00B18F4000B28F3800B08F0800E003E4
:10DDE0004800BD27251880001B008010251000006A
:10DDF0001900A0102520A0001200C52C1600A014A8
:10DE00002528C000D0FFBD272C00BFAF2510600023
:10DE100005006390059D063C2000A3AF04004390DD
:10DE2000E06CC6241C00A3AF030043901800A3AF0E
:10DE3000020043901400A3AF010043901000A3AF71
:10DE40003177400F000047902C00BF8F0100022463
:10DE50000800E0033000BD270800E00300000000D8
:10DE60007341410B00000000C8FFBD272400B3AF81
:10DE70002000B2AF1800B0AF3400BFAF3000B6AF73
:10DE80002C00B5AF2800B4AF1C00B1AF2590C00086
:10DE90002598000015008010FFFF102425888000C1
:10DEA000CA65410F25B0A0001000401025A0400019
:10DEB00001A0153C2530C0021000A5272520200216
:10DEC0000266410F4CB0A0AE259840004CB0A28E27
:10DED00006004014000000001000B08F23801102E3
:10DEE000268014022B801000238010000100405671
:10DEF000000053AE3400BF8F251000023000B68FF3
:10DF00002C00B58F2800B48F2400B38F2000B28F6F
:10DF10001C00B18F1800B08F0800E0033800BD2747
:10DF2000C8FFBD272400B3AF2000B2AF1800B0AFC8
:10DF30003400BFAF3000B6AF2C00B5AF2800B4AF8F
:10DF40001C00B1AF2590C00025980000150080107E
:10DF5000FFFF102425888000CA65410F25B0A0006E
:10DF60001000401025A0400001A0153C2530C00243
:10DF70001000A527252020020D66410F4CB0A0AE51
:10DF8000259840004CB0A28E06004014000000000E
:10DF90001000B08F23801102268014022B80100005
:10DFA0002380100001004056000053AE3400BF8FA4
:10DFB000251000023000B68F2C00B58F2800B48FDA
:10DFC0002400B38F2000B28F1C00B18F1800B08FD7
:10DFD0000800E0033800BD27E881828F0000428CF2
:10DFE0000500401400000000FFFF0224BC8182AF46
:10DFF0000800E00300000000E881828F0C00428CE2
:10E00000FAFF00100000428CE0FFBD271400B1AF02
:10E010001000B0AFD881918F25808000EC81848F73
:10E020001800B2AF1C00BFAF04008424A256410FF9
:10E030002590A0000A004014FFFF0224EC81828F8B
:10E04000D481838F2C00448C0100022404108200B0
:10E050002710020024104300D48182AFFFFF022466
:10E060001C000216000000001A00401201A0033C30
:10E07000882E6524EC81848F0400A28C080082AC79
:10E080000800468CEC81848F0C0086ACEC81848F78
:10E090000800468C040084240400C4ACEC81848F06
:10E0A00004008424080044ACEC81828F140045AC49
:10E0B000882E628C01004224882E62AC1C00BF8F27
:10E0C0001800B28F1400B18F1000B08F0800E00369
:10E0D0002000BD27EC81828F218030022B88110225
:10E0E0000A002012040050ACE481848FEC81858FFB
:10E0F0001C00BF8F1800B28F1400B18F1000B08FBA
:10E100000400A5248B56410B2000BD27E881848F95
:10E11000EC81858F8B56410F0400A524BC81828F32
:10E120002B100202E5FF4054BC8190AFE4FF0010C9
:10E130001C00BF8FE8FFBD271000B0AF1400BFAFB9
:10E14000B148410F2580800001000052EC81908F82
:10E1500025204000D548410F2C00108E1400BF8FA1
:10E16000251000021000B08F0800E0031800BD2742
:10E17000F8FFBD270400BFAF00600240847A027C34
:10E18000000C423400608240C00000000400BF8FD9
:10E190000800BD27D08180AF9C48410B00000000E3
:10E1A000B481828F01004224B48182AF0800E00371
:10E1B00000000000D881828F0800E003000000000A
:10E1C000D881828F0800E00300000000DC81828F8C
:10E1D0000800E0030000000001008050EC81848F03
:10E1E0000800E00334008224B481828FE8FFBD2759
:10E1F0006A0040141400BFAFD881848F01008424CA
:10E20000D88184AF0A00801400000000E881828F6A
:10E21000E481838FE88183AFE48182AFC481828F00
:10E2200001004224C48182AFF677400F0000000055
:10E23000BC81828F01A0063C2B1082001000401090
:10E24000EC2EC62425100000EC81838F14000424DA
:10E250002C00638C02286470010004242130A60085
:10E260000000C38C0200632C0A108300C881838FD6
:10E270000B1083001400BF8F0800E0031800BD27B7
:10E280002510000001000A2414000B24E881838F6C
:10E290000000638C04006014FFFF0324BC8183AF83
:10E2A000E9FF001000000000E881838F0C00638C00
:10E2B0000C00638C0400658C2B3885000400E05052
:10E2C0001400658CBC8185AFDFFF001000000000EA
:10E2D0000800688C0C00678C04006924080007ADF6
:10E2E0000400E8AC0400A88C010009510400A7ACAC
:10E2F0000000A78C140060ACFFFFE7240000A7AC6F
:10E300002800658C0F00A0502C00658C1C00678CC9
:10E310002000688C0400AC8C0800E8AC2000688CFD
:10E32000040007AD18006724010087510400A8AC61
:10E330000000A78C280060ACFFFFE7240000A7AC1A
:10E340002C00658CD481888F0438AA002538E80019
:10E350000240AB70D48187AF213806010400E88CFD
:10E3600008000C8D080068AC0C006CAC08000C8D2B
:10E37000040089AD080009AD140067AC0000E38C0F
:10E38000010063240000E3ACEC81838F2C00638CDC
:10E390002B286500BDFF00100B104501CC81828F3A
:10E3A00001004224CC8182AFB2FF00102510000092
:10E3B000B481828FE8FFBD27060040101400BFAF74
:10E3C00001000224C88182AF1400BF8F0800E0035F
:10E3D0001800BD27C88180AFEC81828FA5A5033CC2
:10E3E000A5A563343000428C0000458C0A00A314BC
:10E3F000000000000400448C0700851400000000A9
:10E400000800438C04006414000000000C00428CDF
:10E410000500431000000000EC81848FEC81858FA3
:10E420006A5F410F3400A524D481838F01A0043C8E
:10E43000EC2E8424201062701F0003242318620035
:10E440001400022402106270212882000400A68CAD
:10E4500008004224211082000400C68C0300C2146C
:10E460000400A6AC0400C28C0400A2AC1400022478
:10E47000022862702118A4000400628C0C00428CF7
:10E48000EC8182AFD1FF00101400BF8FE8FFBD27E1
:10E490001000B0AF2580A000EC81858F1400BFAFC5
:10E4A0008B56410F1800A524252000021400BF8FB1
:10E4B0001000B08F010005240278400B1800BD2722
:10E4C000EC81838F0080023C2528A200180065ACF7
:10E4D0000400828CEC81838F0800458C1C0062ACA8
:10E4E000EC81838F200065ACEC81838F0800458C24
:10E4F000180063240400A3ACEC81838F0100052481
:10E5000018006324080043ACEC81828F280044ACDF
:10E510000000828C01004224000082AC0278400B93
:10E520002520C0000C00828C0C00428C2800438CFB
:10E530001C00458C2000448C180046240800A4AC24
:10E54000040085AC0400658C0100A650040064AC96
:10E550000000648C280040ACFFFF8424000064AC01
:10E56000B481838F2C0060142C00448C0800468CEE
:10E570000C00458C1400438C0800C5AC0C00458C85
:10E580000400678C0400A6AC040046240100E65099
:10E59000040065AC0000658CFFFFA524000065AC9D
:10E5A000D481858F01000324041883002518650099
:10E5B000D48183AF01A0033CEC2E65241400032416
:10E5C000023883702118E5000400658C0800A78CD0
:10E5D000080045AC0C0047AC0800A78C0400E6AC72
:10E5E0000800A6AC140043AC0000628C0100422479
:10E5F000000062ACEC81828F2C00428C2B20440006
:10E60000030080102510000001000224C88182AFA1
:10E610000800E0030000000001A0053CB02EA72484
:10E620000400E38C0800688C1C0043AC200048AC5C
:10E630000800688C040006AD080066AC280047ACF2
:10E64000B02EA28C01004224B02EA2ACE9FF001033
:10E65000000000000080023C2528A200000085ACDC
:10E660000400868C0800858C1000838C0C00828C42
:10E670000800C5AC0800858C0400A6AC0400668CBC
:10E680000100C450040065AC100080AC0000648C34
:10E690000800458C04004624FFFF8424000064AC7D
:10E6A0000C00448C1400438C0800A4AC0C00448C77
:10E6B000040085AC0400658C0100A650040064AC25
:10E6C0000000648C01000724FFFF8424000064AC78
:10E6D0002C00448CD481858F041887002518650090
:10E6E000D48183AF01A0033CEC2E652414000324E5
:10E6F00002408370211805010400658C0800A88C75
:10E70000080045AC0C0048AC0800A88C040006AD1D
:10E710000800A6AC140043AC0000628C0100422447
:10E72000000062ACEC81828F2C00428C2B204400D4
:10E7300001008054C88187AF0800E003000000009A
:10E74000C481828F000082ACD881828F0800E003F0
:10E75000040082AC01000224C88182AF0800E003FB
:10E7600000000000EC81828F0800E0030000000040
:10E770004D00801025100000EC81828F2C00838CCE
:10E78000E0FFBD272C00428C1C00BFAF1800B2AFC9
:10E790002B1062001400B1AF3E0040101000B0AF6B
:10E7A0001800828C0700400401A0023CEC81828F9B
:10E7B0002C00458C0500022423104500180082AC73
:10E7C00001A0023CEC2E51241400022402286270A5
:10E7D0001400828C2118B1002A00431404009224F2
:10E7E00025808000A256410F2520400208004014D9
:10E7F000000000002C00048ED481838F01000224CD
:10E80000041082002710020024104300D48182AF3C
:10E81000EC81828FD481848F010003242C00428CF0
:10E820000418430025186400D48183AF1400032426
:10E83000022043702C0002AE211091000400438C92
:10E840000800648C080003AE0C0004AE0800648C61
:10E85000040092AC080072AC0000438C140002AEBD
:10E8600001006324000043AC010002241C00BF8FA0
:10E870001800B28F1400B18F1000B08F0800E003B1
:10E880002000BD27EC81828F2C00428CF6FF001007
:10E890002C0082ACEC81838F4800828C2C00638C2E
:10E8A000F2FF00102B1043000800E00300000000FE
:10E8B000030080544C00828C0800E0032510000007
:10E8C0002C00858C4800838CFFFF4224FAFFA310A4
:10E8D0004C0082ACF8FF401400000000E0FFBD27B0
:10E8E0001800B1AF040091241400B0AF258080005F
:10E8F0001C00BFAFA256410F252020020900405442
:10E900004800028E2C00048ED481838F01000224E3
:10E91000041082002710020024104300D48182AF2B
:10E920004800028E05000324D481848F23186200DE
:10E93000180003AE010003240418430025186400E6
:10E940001400042402284470D48183AF01A0033C46
:10E95000EC2E63242C0002AE1C00BF8F2110A300FC
:10E960000400438C0800648C080003AE0C0004AE65
:10E970000800648C040091AC080071AC0000438C6A
:10E98000140002AE1800B18F01006324000043ACF4
:10E990001400B08F010002240800E0032000BD270E
:10E9A00042008010000000004800838C2B1065009E
:10E9B0000A2862002C00838C3C00651000000000D7
:10E9C0004C00868C010002243800C21400000000B4
:10E9D0001800828CE0FFBD271C00BFAF1800B2AF4B
:10E9E0001400B1AF1000B0AF040040042C0085AC9F
:10E9F0000500022423284500180085AC01A0023C34
:10EA0000EC2E512414000224022862701400828C1F
:10EA10002118B1001F0043140400922425808000B7
:10EA2000A256410F25204002070040142C00038EFF
:10EA3000D481848F01000224041062002710020098
:10EA400024104400D48182AFD481848F0100022439
:10EA50000410620025104400D48182AF1400022407
:10EA600002206270211091000400438C0800648C25
:10EA7000080003AE0C0004AE0800648C040092ACE5
:10EA8000080072AC0000438C140002AE0100632445
:10EA9000000043AC1C00BF8F1800B28F1400B18F70
:10EAA0001000B08F0800E0032000BD270800E0033D
:10EAB00000000000F8FFBD270400BFAF0060024067
:10EAC000847A027C000C423400608240C000000066
:10EAD000D081828F070040100400BF8FEC81838FAC
:10EAE0004400628C01004224440062ACEC81828FBD
:10EAF0000400BF8F0800E0030800BD27D081828F8B
:10EB0000F8FFBD27110040100400BFAFEC81828FD9
:10EB10004400428C0E0040100400BF8FEC81838FB4
:10EB20004400628CFFFF4224440062ACEC81828F7F
:10EB30004400428C060040140400BF8F0060024075
:10EB4000847A027C00608240C00000000400BF8F15
:10EB50000800E0030800BD27C8FFBD271400B1AFBF
:10EB6000808806002400B5AF25A88000252020025B
:10EB70003000BEAF2C00B7AF2800B6AF2000B4AF56
:10EB80001C00B3AF3400BFAF1800B2AF1000B0AF7D
:10EB90002598A00025B0E0004800B78F3131410F23
:10EBA0004C00B48F86004010FFFF1E245800042440
:10EBB0003131410F259040007F00401025804000FA
:10EBC00058000624252800008066410F25204000BB
:10EBD000300012AE25302002A50005248066410FCA
:10EBE000252040028300601630001E8E0500F32EA3
:10EBF000040002240B10F302040012262C0002AEC3
:10EC0000480002AE25204002259840007C56410F66
:10EC1000FCFF31267C56410F180004262188D103C1
:10EC2000050002242398530025202002100010AE76
:10EC3000180013AE240010AE2530C0022528A00213
:10EC40007048410F0410047C02008012000002AEE4
:10EC5000000090AEAD7A400F00000000DC81828F92
:10EC600001A0113C01004224DC8182AFEC81828F43
:10EC70006C00401400000000EC8190AFDC81838FB9
:10EC80000100022423006214C081828F7356410F59
:10EC9000EC2E242601A0043C7356410F002F84243F
:10ECA00001A0043C7356410F142F842401A0043C9E
:10ECB0007356410F282F842401A0043C3C2F842448
:10ECC0007356410F01A0143C01A0133C7356410F31
:10ECD000D82E84267356410FC42E642601A0043C0E
:10ECE0007356410FB02E842401A0043C7356410F8B
:10ECF0009C2E842401A0043C882E8424D82E9426A3
:10ED00007356410FC42E7326E88194AFE48193AF0C
:10ED1000C081828FD481848F0100032401004224AA
:10ED2000C08182AF2C00028EEC2E312601001E2401
:10ED30000418430025186400D48183AF1400032411
:10ED400002204370211091000400438C0800648C61
:10ED5000080003AE0C0004AE0800648C040092AC02
:10ED6000080072AC0000438C140002AE0100632462
:10ED7000000043ACBF7A400F00000000D081828FBA
:10ED8000100040103400BF8FEC81828F2C00038E66
:10ED90002C00428C2B1043000B0040102510C003A8
:10EDA000006802400001423400688240C000000058
:10EDB000040000103400BF8F8D31410F2520400228
:10EDC0003400BF8F2510C0032C00B78F3000BE8FDA
:10EDD0002800B68F2400B58F2000B48F1C00B38F9D
:10EDE0001800B28F1400B18F1000B08F0800E0033C
:10EDF0003800BD27251000001000042421186202ED
:10EE00000000638021280202040060103400A3A0E7
:10EE100001004224FAFF44142118620273FF00101B
:10EE2000430000A2D081828FBAFF4014C081828F3C
:10EE3000EC81838F2C00028E2C00638C2B104300FE
:10EE4000B3FF4050EC8190AFB2FF0010C081828FC1
:10EE5000E0FFBD27B8818227019D053C029D043C4F
:10EE60001400A2AF1000A0AF2538000080000624D7
:10EE70007893A5241C00BFAFD67A400FC8F3842432
:10EE8000010003240D0043141C00BF8F00600340E9
:10EE9000847A037C000C633400608340C00000006F
:10EEA000FFFF0324BC8183AFD08182AFD88180AFC4
:10EEB0009E48410F000000001C00BF8F00A0023CD4
:10EEC0006004428C0800E0032000BD27E0FFBD275E
:10EED0001400B0AF1C00BFAFAD7A400F1800B1AF47
:10EEE0000200801425808000EC81908F04001126A0
:10EEF000A256410F252020020F00401414000324C5
:10EF00002C00058E01A0043C0210A370EC2E84247A
:10EF1000211844000000628C080040542800028E32
:10EF2000D481838F010002240410A2002710020064
:10EF300024104300D48182AF2800028E04004010C8
:10EF4000C081828FA256410F18000426C081828F93
:10EF500001004224C08182AFEC81828F1F005014D7
:10EF60002528200201A0043C7E56410F9C2E8424BB
:10EF7000E081828F01004224E08182AFBF7A400F9E
:10EF800000000000EC81828F05005010000000009E
:10EF90008D31410F3000048E8D31410F252000024C
:10EFA000D081828F090040101C00BF8FEC81828FBE
:10EFB000070050141800B18F00680240000142346D
:10EFC00000688240C00000001C00BF8F1800B18F95
:10EFD0001400B08F0800E0032000BD27DC81828F81
:10EFE000FFFF4224DC8182AFF677400F0000000073
:10EFF000E2FF001000000000E8FFBD271400BFAFD3
:10F00000AD7A400F0000000001008050EC81848F39
:10F01000BF7A400F2C00848C1400BF8F2510800015
:10F020000800E0031800BD27D8FFBD271000B0AFCF
:10F030002400BFAF2000B4AF1C00B3AF1800B2AFC4
:10F04000AD7A400F1400B1AF02008014258080001B
:10F05000EC81908F0500A22C040003240A28620092
:10F060004800028E3F0045102B18450045006010F7
:10F0700000000000EC81838F0500701025880000DF
:10F08000EC81838F2C00718C2B88B1000100313A08
:10F090002C00148E010054502C0005AE1800028E76
:10F0A00004004004480005AE050002242328450062
:10F0B000180005AE01A0023CEC2E522414000224DC
:10F0C00002188272211072001400038E1F00621455
:10F0D00004001326A256410F252060020800405468
:10F0E0002C00028ED481838F01000224041082023E
:10F0F0002710020024104300D48182AF2C00028E1E
:10F10000D481848F0100032404184300251864006F
:10F11000D48183AF14000324022043702110920095
:10F120000400438C0800648C080003AE0C0004AE9D
:10F130000800648C040093AC080073AC0000438C9E
:10F14000140002AE01006324000043AC060020124C
:10F150002400BF8F006802400001423400688240F2
:10F16000C00000002400BF8F2000B48F1C00B38FAC
:10F170001800B28F1400B18F1000B08FBF7A400B0F
:10F180002800BD27EC81918F26883002C0FF001037
:10F190000100312EE0FFBD271400B0AF1C00BFAF4F
:10F1A000AD7A400F1800B1AF0200801425808000B6
:10F1B000EC81908F04001126A256410F25202002D9
:10F1C0000F004014140003242C00058E01A0043C01
:10F1D0000210A370EC2E8424211844000000628CDD
:10F1E000080040542800028ED481838F010002243D
:10F1F0000410A2002710020024104300D48182AF23
:10F200002800028E0400401025282002A256410F3B
:10F21000180004262528200201A0113C7E56410F2B
:10F22000882E24265400029201000324010062501B
:10F23000540000A2BF7A400F00000000D081828FEE
:10F240000700401000000000AD7A400F00000000F1
:10F25000F677400F00000000BF7A400F000000006A
:10F26000EC81828F090050141C00BF8FD081828FE7
:10F270000A00401000000000006802400001423413
:10F2800000688240C00000001C00BF8F1800B18FD2
:10F290001400B08F0800E0032000BD27882E238EC5
:10F2A000DC81828F040062541C00BF8FEC8180AF30
:10F2B000F6FF00101C00BF8F1800B18F1400B08F34
:10F2C000EC78400B2000BD27EC81828FE0FFBD274A
:10F2D0001C00BFAF1800B1AF360044101400B0AF2F
:10F2E000350080101C00BF8FAD7A400F2580800054
:10F2F0001400838C01A0023C882E42242800621452
:10F3000001A0023C2800838CB02E4224250062100C
:10F310001C00BF8F2300601404009124A256410FEB
:10F32000252020022C00038ED481848F010002242A
:10F330000410620025104400D48182AF01A0023C79
:10F34000EC2E442414000224022862702110A40030
:10F350000400448C0800858C080004AE0C0005AE47
:10F360000800858C0400B1AC080091AC0000448C0E
:10F37000140002AE01008424000044ACEC81828FB2
:10F380002C00428C2B186200060060141C00BF8FFA
:10F39000006802400001423400688240C000000062
:10F3A0001C00BF8F1800B18F1400B08FBF7A400BC4
:10F3B0002000BD271C00BF8F1800B18F1400B08F34
:10F3C0000800E0032000BD27E0FFBD271000B0AF1C
:10F3D00001A0103C1800B2AF1C00BFAF1400B1AFC9
:10F3E0009C2E102601A0123CE081828F0B0040145D
:10F3F00000000000EC2E428E0200422CFAFF401466
:10F4000000000000006802400001423400688240B1
:10F41000C0000000F4FF001000000000AD7A400FB3
:10F42000000000000C00028E0C00518CA256410F0F
:10F4300004002426DC81828FFFFF4224DC8182AF1E
:10F44000E081828FFFFF4224E08182AFBF7A400FCC
:10F45000000000008D31410F3000248E8D31410FAE
:10F4600025202002E0FF001000000000E8FFBD277B
:10F470001400BFAFAD7A400F00000000B481828F4E
:10F48000FFFF4224B48182AFB481828F0800401014
:10F490000000000025200000BF7A400F000000009F
:10F4A0001400BF8F251080000800E0031800BD275E
:10F4B000DC81828FF7FF401001A0033CB02E622454
:10F4C00001A0063C0C004A8C25406000251000007D
:10F4D00001000924EC2EC62414000B24B02E038D49
:10F4E0001A0060540C00428D030040100000000020
:10F4F000F677400F00000000CC818D8F0A00A0112C
:10F500000000000001000E247A78400F0000000087
:10F5100001004054C8818EAFFFFFAD25FAFFA01552
:10F5200000000000CC8180AFC881828FDAFF40509C
:10F53000252000000068024000014234006882403B
:10F54000C0000000D4FF0010010004241C00458C02
:10F550002000448C2800438C0800A4AC2000478C79
:10F560000400E5AC0400678C180045240100E55058
:10F57000040064AC0000648C280040AC0800458C9A
:10F58000FFFF8424000064AC0C00448C1400438C06
:10F59000040047240800A4AC0C00448C040085AC93
:10F5A0000400658C0100A750040064AC0000648C6A
:10F5B000FFFF8424000064AC2C00438CD481858F31
:10F5C000042069002520850002286B70D48184AF57
:10F5D0002120A6000400858C0800AC8C080045ACF6
:10F5E0000C004CAC0800AC8C040087AD0800A7AC44
:10F5F0000000858C140044AC0100A524000085ACFB
:10F60000EC81848F2C00848C2B186400B3FF605035
:10F61000C88189AFB1FF001000000000E8FFBD27DE
:10F620001400BFAF6878400F000000000000838C1A
:10F63000D881868F211065002B28C300000082AC82
:10F640001000A0102B184300100060142B18C200EB
:10F65000257800001B7D400F0000000006004014CC
:10F660001400BF8F006802400001423400688240ED
:10F67000C00000001400BF8F2510E0010800E00367
:10F680001800BD27030060142B18C200F1FF605062
:10F6900025780000252800000278400F232046002E
:10F6A000ECFF001001000F24E8FFBD2708008014C4
:10F6B0001400BFAF0068024000014234006882407D
:10F6C000C00000001400BF8F0800E0031800BD2731
:10F6D0006878400F252800000278400F00000000E5
:10F6E0001B7D400F00000000F2FF40101400BF8F90
:10F6F000F5FF001000000000E8FFBD271400BFAFB9
:10F700006878400F00000000AD7A400F0000000054
:10F71000CC81828F21104400CC8182AFBF7A400F10
:10F72000000000001400BF8F1B7D400B1800BD2798
:10F73000E8FFBD271400BFAFAD7A400F0000000006
:10F74000C481828F1400BF8F1800BD27000082ACD7
:10F75000D881828FBF7A400B040082ACE8FFBD27BE
:10F760001400BFAFAD7A400F000000000000A38C72
:10F77000FFFF0224D881878F0A0062102530000025
:10F78000C481868F0000888C0C0006110400828CD6
:10F790002B30E2000A00C0142330E2000000A0ACCD
:10F7A00001000624BF7A400F000000001400BF8F44
:10F7B0002510C0000800E0031800BD272330E20038
:10F7C0002B30C300F5FFC01023186700211862001A
:10F7D000D079400F0000A3ACF2FF001025300000EC
:10F7E000EC81828FEC81838FEC81848F1800428CB6
:10F7F0002C00658C05000324231865000800E00335
:10F80000180083ACEC81828F0500401000000000DE
:10F81000EC81838F4C00628C010042244C0062AC6E
:10F82000EC81828F0800E00300000000E0FFBD27AC
:10F830001800B2AF1400B1AF1000B0AF1C00BFAFE2
:10F8400025888000AD7A400F2590A000EC81828F42
:10F850001400902480181000211043000000428CF6
:10F860000D00401400000000EC81828F0100032491
:10F8700021104400540043A00700C0102520C00000
:10F880000278400F01000524006802400001423464
:10F8900000688240C0000000BF7A400F00000000F6
:10F8A000AD7A400F00000000EC81828F80181000BC
:10F8B000211043000000458C0600A010000000004D
:10F8C000EC81828F0F004012FFFFA4242118430017
:10F8D000000060ACEC81848F21209100540080A056
:10F8E000BF7A400F000000001C00BF8F2510A00051
:10F8F0001800B28F1400B18F1000B08F0800E00321
:10F900002000BD2721184300000064ACF1FF001067
:10F9100000000000E0FFBD271800B2AF1400B1AF37
:10F920001000B0AF1C00BFAF258080002588C0004C
:10F930002590E000AD7A400F3000A48FEC81828FDB
:10F940000200032421105000540042901400621061
:10F9500000000000EC81828F80181000272805002D
:10F96000211043005000438C2428A300500045ACD4
:10F97000EC81828F0100032421105000540043A029
:10F9800007008010000000000278400F01000524ED
:10F99000006802400001423400688240C00000005C
:10F9A000BF7A400F00000000AD7A400F0000000059
:10F9B0000700401200000000EC81828F1400032633
:10F9C00080180300211043000000428C000042AE6A
:10F9D000EC81828F020003242520000021105000BA
:10F9E000540042900900621400000000EC81828FF4
:10F9F0008018100027881100211043005000438C0C
:10FA00000100042424882302500051ACEC81838F30
:10FA100021807000540000A2BF7A400F0000000057
:10FA20001C00BF8F251080001800B28F1400B18F0A
:10FA30001000B08F0800E0032000BD27E8FFBD27BD
:10FA40002800A88F1400BFAFAD7A400F000000005F
:10FA5000050000111400A224801002002110820071
:10FA60000000428C000002AD21108500540043903C
:10FA700002000824540048A0020002242300E210DF
:10FA8000FF0063300300E82C0E000051030008243F
:10FA9000010002241700E250802805000100022422
:10FAA000210062500800858C01000724BF7A400FB6
:10FAB000000000001400BF8F2510E0000800E003E4
:10FAC0001800BD270500E81004000824F4FFE854DE
:10FAD00001000224F5FF6210253800001400A5245F
:10FAE00080280500212885000000A6ACECFF00104E
:10FAF00001000224212885005000A28C25304600F8
:10FB00005000A6ACE6FF001001000224802805008A
:10FB1000212885005000A28C010042245000A2AC94
:10FB2000DFFF0010010002240C00838C1400828C83
:10FB3000040086240800A3AC0C00838C040065AC90
:10FB40000400458C0100A650040043AC0000438C27
:10FB5000FFFF6324000043AC2C00838CD481858F8D
:10FB6000010002240410620025104500D48182AFF8
:10FB700001A0023CEC2E45241400022402386270DD
:10FB80002110E5000400458C0800A78C080085AC16
:10FB90000C0087AC0800A78C0400E6AC0800A6ACFB
:10FBA000140082AC0000448C01008424000044ACAA
:10FBB000EC81828F2C00428C2B184300BBFF6050DD
:10FBC00001000724006802400001423400688240BE
:10FBD000C0000000B5FF001001000724D0FFBD27C2
:10FBE0002400B4AF4000B48F2800B5AF2000B3AFFD
:10FBF0001C00B2AF1800B1AF1400B0AF2590800068
:10FC00002C00BFAF2580A00025A8C0002598E000EB
:10FC1000B148410F4400B18F0600801225204000FA
:10FC20001400032680180300211843020000628C90
:10FC3000000082AE211050025400439002000524BF
:10FC4000540045A00200022428006212FF00633025
:10FC50000300652E1300A0500300052401000224B8
:10FC60001C006252808010000100022426006210F5
:10FC700001001324D548410F000000002C00BF8F65
:10FC8000251060022800B58F2400B48F2000B38FA8
:10FC90001C00B28F1800B18F1400B08F0800E00371
:10FCA0003000BD270500651204000524EFFF6556EE
:10FCB00001000224EFFF62102598000014001026B6
:10FCC0008080100021805002000015AEE7FF001078
:10FCD00001000224218050025000068E2530D500FC
:10FCE000500006AEE1FF00100100022480801000E9
:10FCF000218050025000028E01004224500002AECA
:10FD0000DAFF001001000224B481828F2F0040141A
:10FD10002C00458E0800468E0C00438E1400428E47
:10FD20000800C3AC0C00438E0400478C040066AC92
:10FD3000040046260100E650040043AC0000438C5A
:10FD4000FFFF6324000043ACD481828F01000324B1
:10FD50000418A30025186200D48183AF01A0033CDE
:10FD6000EC2E6224140003240238A3702118E20050
:10FD70000400628C0800478C080042AE0C0047AEBD
:10FD80000800478C0400E6AC080046AC0000628C1A
:10FD9000140043AE01004224000062ACEC81828F6B
:10FDA0002C00428C2B284500B2FFA0100100132428
:10FDB0000200201201000224000022AE01000224F1
:10FDC000C88182AFABFF00100100132401A0023CE8
:10FDD000B02E46240400C38C0800678C1C0043AE80
:10FDE000200047AE0800688C18004726040007ADC5
:10FDF000080067ACB02E438C280046AE0100632497
:10FE0000B02E43ACE5FF001000000000E0FFBD276E
:10FE10001400B1AF1000B0AF2588A000258080008D
:10FE20001800B2AF1C00BFAFB148410F2590C00011
:10FE300021181102020005248088110054006490EA
:10FE400021881102540065A05000238E0100632414
:10FE5000500023AE01000324310064141C00BF8F46
:10FE6000B481838F340060142C00058E0800068E48
:10FE70000C00048E1400038E040008260800C4AC95
:10FE80000C00048E040086AC0400668C0100C8508F
:10FE9000040064AC0000678CFFFFE724000067AC3F
:10FEA000D481848F010003240418A3002518640062
:10FEB000D48183AF01A0033CEC2E672414000324FB
:10FEC0000220A370211887000400678C0800E48CCE
:10FED000080007AE0C0004AE0800E48C040088ACF7
:10FEE0000800E8AC0000678C140003AE0100E724B2
:10FEF000000067ACEC81838F2C00638C2B2865009D
:10FF00000700A0101C00BF8F020040120100032454
:10FF1000000043AE01000324C88183AF1C00BF8FE3
:10FF20001800B28F1400B18F1000B08F2520400050
:10FF3000D548410B2000BD2701A0073CB02EE4248A
:10FF40000400838C0800668C1C0003AE200006AE03
:10FF50000800688C18000626040006AD080066AC90
:10FF6000B02EE38C280004AE01006324B02EE3AC75
:10FF7000E0FF001000000000E8FFBD270200801431
:10FF80001400BFAFEC81848FAD7A400F2120850033
:10FF9000540082900200032403006214252800000C
:10FFA000540080A001000524BF7A400F000000002B
:10FFB0001400BF8F2510A0000800E0031800BD2723
:10FFC000E8FFBD27020080141400BFAFEC81848FCE
:10FFD000AD7A400F80280500212085005000858CD7
:10FFE0005000828C273006002430C200500086ACBE
:10FFF000BF7A400F000000001400BF8F2510A00042
:020000041D02DB
:100000000800E0031800BD270800E003000000001E
:1000100000A0033C8802632405008314FFFF022430
:100020001400839001006330010060541000828C42
:100030000800E0030000000000A0023C8802422407
:1000400003004410000000000800E0032510000039
:100050000200E010200003240000E3ACFAFFA0102F
:100060002000C62CF8FFC0142520A000E8FFBD2703
:10007000200006241400BFAFD665410F240045249C
:100080001400BF8F200002240800E0031800BD27E1
:10009000401003240D008314FFFF022400A0043C41
:1000A0008802842414008390010065300700A010AA
:1000B000020065300500A0140000000001000224C9
:1000C0004408437C140083A0251080000800E0034E
:1000D0000000000000A0023C8802422406008214B6
:1000E0000000000014008290010043300200601004
:1000F0004408027C140082A00800E0030000000015
:1001000000A0033C880263241C0083142510000017
:100110001400839004006330180060100000000099
:100120003C00828CE8FFBD271000B0AF1000428C6D
:10013000258080000800848C1400BFAF09F84000BF
:10014000000000008800028E059D033CB05363242C
:1001500080100200211043000000428C09F840008A
:1001600025200002140002921400BF8F1000B08FEF
:100170000001427C0800E0031800BD270800E003EE
:10018000000000000800E003010002242000A28C0F
:10019000E8FFBD271000B0AF242082001A00A2841F
:1001A0001400BFAF2580A000212082000000848CB5
:1001B0006800A28C4010062409F8400001000524C4
:1001C0000801028E1400BF8F01004224080102AE14
:1001D0001000B08F0800E0031800BD272510C000F4
:1001E0005800D98C2530A000252880000800200365
:1001F0005400448C0011040000404330C21104003C
:100200000400423025104300421904000800633006
:100210002510620080190400402063302518620018
:10022000C0100400800342302518430080100400F1
:1002300020004230251043004008847C0800E00381
:100240002510820000A0033C88026324020083146E
:10025000251000009400828C0800E00300000000DC
:10026000D8FFBD271C00B2AF1400B2901800B1AF88
:100270001000918C1400B0AF2400BFAF2000B3AFCA
:100280002580A00001005232070020162400BF8FF5
:100290002000B38F1C00B28F1800B18F1400B08FF4
:1002A0000800E0032800BD270000338E0E00401236
:1002B000000020AE6C00028E0300401005000524F3
:1002C00009F84000E80004260800258E0ACE400FF9
:1002D000252000026C00028E030040100600052459
:1002E00009F84000E80004261A0003860400228E64
:1002F00021104300050040120000448C100022969B
:1003000004004230060040542000828C6400028EBB
:1003100009F8400000000000DBFF001025886002A3
:10032000C418027CFCFF0010200082ACE0FFBD2757
:100330001400B0AF2580A0001800B1AF25288000C0
:10034000258880001C00BFAF0ACD400F2520000289
:100350000C0040505C00198E2000038E24104300D6
:100360001A000386211043000000448C1000828C88
:10037000000040AC6400028E09F84000000000005C
:100380005C00198E252820025400048E1C00BF8FAB
:100390001800B18F1400B08F080020032000BD2783
:1003A000E0FFBD271400B0AF2580A0001800B1AF5A
:1003B00025288000258880001C00BFAF0ACD400F93
:1003C0002520000209004010401006242000038E62
:1003D000FEFF0524241043001A0003862110430069
:1003E0006800038E09F860000000448C5C00198EE0
:1003F000252820025400048E1C00BF8F1800B18FE6
:100400001400B08F080020032000BD271400829044
:10041000E8FFBD271000B0AFCF004230140082A02B
:100420001400BFAFAD57410F258080001400BF8F6F
:10043000740002AE880000AE1000B08F0800E00328
:100440001800BD27D8FFBD271C00B1AF3C00918C20
:100450001800B0AF258080001C00228E0C00848C18
:100460002000B2AF2400BFAF09F840001000A0AFD9
:1004700001001224090052102400BF8F2000228E98
:1004800009F840000C00048E090040507C00028EE8
:100490000381400F252000022400BF8F2000B28F6F
:1004A0001C00B18F1800B08F0800E0032800BD27A2
:1004B00001004230F6FF4010000000000C00048EE6
:1004C0003400228E09F840001000A5271000A58FE7
:1004D00000400324008002340100A5300B106500A9
:1004E000252840008000028E8400068E2520000210
:1004F0002528A20031CC400F800005AE14000292E6
:10050000880000AE0421427EE3FF0010140002A226
:10051000E0FFBD271800B1AF3C00918C1400B0AFD4
:10052000258080001C00228E0C00848C1C00BFAF34
:1005300009F84000000000000100032414004310EB
:100540001C00BF8F2000228E09F840000C00048E92
:10055000070040503C00228E252000021C00BF8F67
:100560001800B18F1400B08F0381400B2000BD270D
:100570000C00048E7C00062609F8400025280000A7
:10058000F5FF400404000224880002AE1C00BF8F67
:100590001800B18F1400B08F0800E0032000BD27C1
:1005A000E0FFBD271800B2AF3C00928C1000B0AF46
:1005B000258080001C00428E0C00848C1400B1AF9A
:1005C0001C00BFAF09F840000100112416005110B3
:1005D0001C00BF8F2000428E09F840000C00048EE2
:1005E000080040507C00028E252000021C00BF8FB6
:1005F0001800B28F1400B18F1000B08F0381400B30
:100600002000BD2701004230F8FF401025200002E5
:100610001400028E0001427C0800511402000224E2
:10062000880000AE1C00BF8F1800B28F1400B18F7D
:100630001000B08F0800E0032000BD27F9FF001074
:10064000880002AE3C00828CE8FFBD271000B0AFEE
:100650007C008624258080004000428C0C00848C25
:100660001400BFAF2538000009F84000252800001D
:1006700005004104252000021400BF8F1000B08F38
:100680000381400B1800BD271400BF8F0100022416
:10069000880002AE1000B08F0800E0031800BD27EC
:1006A00014008290E8FFBD271000B0AF2000423058
:1006B0001400BFAF0C00401425808000AD57410FDF
:1006C000000000007400038E231043007800038EA6
:1006D0002B1043000B00401401000324140002926D
:1006E0004429627C140002A21400029208004330E4
:1006F00008006014010003240421627C140002A29B
:10070000880000AE1400BF8F1000B08F0800E00317
:100710001800BD273C00028E0C00048E253000001E
:100720003800428C09F840002528000005004104EB
:10073000252000021400BF8F1000B08F0381400BF2
:100740001800BD2703000224EEFF0010880002AE4F
:10075000D0FFBD2700A0023C1C00B0AF880250248F
:100760002C00BFAF2800B3AF2400B2AF03000412C7
:100770002000B1AF6B0000102588000025984000D4
:100780006C00028E2590C0002588A0001400A0AF48
:10079000050040101000A0AF00A0043C0500052497
:1007A00009F840007003842400A0053C88026426F8
:1007B0001400A7271000A627BBCE400F3003A524A6
:1007C000259840006C00028E0400401006000524AD
:1007D00000A0043C09F8400070038424FFFF622657
:1007E0000200422C110040540100022455006056C2
:1007F0000001028E1400A28F060043902024037C87
:100800000600810410006330030042900100423072
:10081000251043001D004050F000028EFC00028EA7
:1008200001004224FC0002AEF5FF02240400205225
:10083000B000028E18004010000022AEB000028E00
:1008400038004050258800006C00028E04004010E3
:1008500000A0043C0500052409F84000700384242E
:10086000B000058E0ACE400F252000026C00028EDB
:10087000C0FF401000A0043C0600052409F8400019
:100880007003842427000010258800000100422402
:1008900030002016F00002AE2000038EB000028E61
:1008A000241043001A000386211043000000518CDD
:1008B000B40002961000238EFCFF4424EEFF422475
:1008C000000060ACB40004A60C0062A40800628CB6
:1008D000140022AE0E004224AD57410F180022AE84
:1008E000240022AE2000228E1400A48F0431027C4A
:1008F00008004334200023AE03008390400065309D
:100900001600A050201C037C280042340500401231
:10091000200022AE0000828C000042AE0400828CD7
:10092000040042AE2C00BF8F251020022800B38F98
:100930002400B28F2000B18F1C00B08F0800E003AC
:100940003000BD2701004224000102AEB7FF0010B5
:10095000F6FF0224D0FF0010000020AEEBFF63047E
:1009600018004234E9FF00104800423400A0033C64
:10097000D0FFBD27880263242C00BFAF2800B2AF90
:100980002400B1AF2000B0AF1000A0AF1400A0A7AA
:1009900013008314FAFF02242588A0004400928CDF
:1009A0000700A010FFFF1024060006241000A52752
:1009B0002F65410F252020020F004014252820021A
:1009C000252040028D28410F00800534253000008D
:1009D00025380000A928410F2520400225100000DD
:1009E0002C00BF8F2800B28F2400B18F2000B08F61
:1009F0000800E0033000BD2706000624D665410F3D
:100A00001800A427C104053C1800A2271E00A8272F
:100A1000B71DA524000043900800042440381000AE
:100A200001006630C24F10002630C9002680E50064
:100A3000FFFF84240A80E600F8FF801442180300B8
:100A4000000043A001004224F2FF021589BF043CCC
:100A50000007027E020040145890832448908324AB
:100A600001000224C025107E04800202000070AC48
:100A7000008005349128410F25204002D8FF001046
:100A800025100000D8FFBD271800B1AF00A0113C11
:100A90001400B0AF880230262400BFAF2000B3AFEF
:100AA0001C00B2AF37000416FAFF02242590C000E4
:100AB0001900A0102598A0006C00028E04004010C0
:100AC00000A0043C0500052409F8400070038424BC
:100AD00000A0053C7C03A5241DCF400F88022426DE
:100AE00000A0053C8003A5242DCF400F88022426BA
:100AF0006C00028E0400401000A0043C0600052497
:100B000009F840007003842418000624F00005262C
:100B1000D665410F252060021A0040122510000002
:100B20006C00028E0400401000A0043C0500052467
:100B300009F840007403842400A0053C9403A52414
:100B40003DCF400F880224260C01028E5000038EF8
:100B5000211043000C0102AE6C00028E0400401014
:100B600000A0043C0600052409F840007403842416
:100B70001000062408010526D665410F25204002F5
:100B8000251000002400BF8F2000B38F1C00B28FFF
:100B90001800B18F1400B08F0800E0032800BD27B3
:100BA000D8FFBD272000B3AF00A0133C88027326F6
:100BB0002400BFAF1C00B2AF1800B1AF1400B0AF3B
:100BC00008006416FAFF02240300E0102580A0004C
:100BD000080002240000E2AC090000160900D22C33
:100BE000251000002400BF8F2000B38F1C00B28F9F
:100BF0001800B18F1400B08F0800E0032800BD2753
:100C0000080002240B10D2002800062402104670AF
:100C1000059D113CE453312621905000F0FF121243
:100C200025200002252820029466410F2400062476
:100C30000C00228E4400648E2800102609F8400023
:100C400010003126F5FF0010FCFF02AEDF28410B3B
:100C500000000000DD28410B00000000DB28410BF4
:100C600000000000D928410B00000000D728410BEC
:100C700000000000E8FFBD271400BFAF5028410F5F
:100C8000000000001400BF8F0800E0031800BD271B
:100C9000D528410B00000000D328410B00000000C4
:100CA00000A0023CE0FFBD27880242241800B1AF3B
:100CB0001C00BFAF1400B0AF10008214FAFF112463
:100CC0001000838C020002240C006214FEFF112429
:100CD0000A00A010258800004400848CC628410F1B
:100CE0002580A00003000224080002AE01000224B7
:100CF0000C0002AEDC050224100002AE1C00BF8F07
:100D0000251020021400B08F1800B18F0800E003F6
:100D10002000BD27D8FFBD271000B0AF00A0103CB9
:100D2000880210261800B2AF2400BFAF2000B4AF75
:100D30001C00B3AF1400B1AF2000041625900000D2
:100D40002588A0002590C0004400138E2400C01008
:100D50009000148E0300801200000000505F410FCD
:100D60008C00048E7D80400F252020029000038E91
:100D7000258823029800038E900011AE251862008A
:100D800003002016980003AE0C000010010012248E
:100D90009C00118E252060022788110024882202E1
:100DA000E128410F2528200225206002E428410F78
:100DB00025282002674F410F8C00048E2400BF8F2E
:100DC000251040022000B48F1C00B38F1800B28F92
:100DD0001400B18F1000B08F0800E0032800BD2779
:100DE0000500805224883402505F410F8C00048E2D
:100DF00025904000248834027D80400F2520200269
:100E000025A040009000028E2788110027181400AA
:100E100024105100900002AE9800028E2528800216
:100E20002520600224104300980002AE9400028E38
:100E300024882202940011AE9C00028E24186200C5
:100E40009C0003AEE728410F000000002528800227
:100E5000E128410F252060029000028ED7FF40500C
:100E6000010012248C00048E645F410F252840028B
:100E7000D2FF00100100122400A0033C880263246A
:100E80002F008314251000009000838C2C0060102C
:100E900000000000D8FFBD271C00B3AF1000B0AFAA
:100EA0004400938C258080002520A0002400BFAF43
:100EB0002000B4AF1800B2AF1400B1AF7D80400F76
:100EC0002588A0008C00048E25904000505F410FC3
:100ED000278811009400058E25A0400027181200D5
:100EE00024882502940011AE9C00028E2528400221
:100EF00025206002241862009C0003AEE128410F07
:100F00000000000025284002E428410F252060024F
:100F10008C00048E645F410F252880022400BF8F5F
:100F2000010002242000B48F1C00B38F1800B28F80
:100F30001400B18F1000B08F0800E0032800BD2717
:100F40000800E00300000000C8FFBD273000B7AF75
:100F50002C00B6AF2800B5AF2000B3AF1C00B2AF75
:100F60003400BFAF2400B4AF1800B1AF1400B0AF6D
:100F700025B080000100B5304000B77C0400B230DD
:100F8000259800003500761200A0143C88029026B7
:100F9000260005966000028E25300000F2FFA52491
:100FA000FFFFA53009F84000380004242B00401052
:100FB000258840000400A0121000428C10004394C9
:100FC00004006334100043A4029D033C60026324C8
:100FD000080023AE0600E0120C0030AE0E0045946F
:100FE0004400048EF0FFA530AD28410F260005A671
:100FF00007004012000020AE6C00028E040040107A
:1010000000A0043C0500052409F840007003842476
:101010001000258E880284262538A00201000624AF
:1010200015CD400F0800A5240700401225A0400060
:101030006C00028E040040100600052400A0043C51
:1010400009F84000700384241000805201007326C8
:101050006400028E09F84000252020023400BF8F72
:10106000251060023000B78F2C00B68F2800B58F96
:101070002400B48F2000B38F1C00B28F1800B18FF2
:101080001400B08F0800E0033800BD27BDFF00103A
:1010900025B80000D0FFBD272800B2AF2400B1AFB3
:1010A0002C00BFAF2000B0AF259080002588A000A5
:1010B0001000A0AF1400A0AF0800A0101800A0AF4F
:1010C00000A0023CF402428C0400401000A0043C4A
:1010D0000500052409F840007403842400A0103C96
:1010E000D00210264DCF400F2520000214004014DE
:1010F000252840000700201200A0023CF402428C88
:101100000400401000A0043C0600052409F840003B
:101110007403842400A0103C880210264DCF400F99
:101120001000A4270A0040142C00BF8F2800B28FA3
:101130002400B18F2000B08F0800E0033000BD27ED
:101140005CCF400F1000A427E6FF00100000000055
:101150006800038E401006242528400209F860002C
:1011600025204000EDFF001000000000D8FFBD2743
:101170001800B1AF00A0113C1400B0AF88023026B7
:101180008C00048E2400BFAF2000B3AF505F410F2E
:101190001C00B2AF252800000ECC400F2520000215
:1011A000974F410F8C00048E5080828F0C000256A6
:1011B0000C00048E505F410F8C00048E974F410F3E
:1011C0008C00048E940000AEA00000AE900000AE33
:1011D000980000AE9C0000AE508080AF0C00048EE2
:1011E000FFFF1224050092103C00138E1800628E3F
:1011F00009F84000000000000C0012AE0800048E48
:10120000FFFF122406009210880227260800628E33
:1012100009F8400000000000080012AE88022726EE
:10122000029D063C2520E000A003C624DFCC400F31
:1012300002000524252800002584400FFEFF042419
:1012400088022726029D063C2C03C62401000524A3
:10125000DFCC400F2520E0002400BF8F100000AE3F
:10126000140000A62000B38F1C00B28F1800B18FAD
:101270001400B08F0800E0032800BD27D8FFBD2769
:101280001000B0AF00A0103C880210262400BFAFB1
:101290002000B4AF1C00B3AF1800B2AF44009014EC
:1012A0001400B1AF140082900100423040004010A1
:1012B000258880003C00938C1000628E09F8400065
:1012C0000800848C1000328E01000224390042167E
:1012D0002400BF8F0C00348E1C00628E09F8400081
:1012E00025208002330052102400BF8F2000628E20
:1012F00009F8400025208002160040102598400083
:101300005B84400F00000000FFFF02248162410F58
:10131000100022AE270040102400BF8F7B62410FD7
:1013200000000000253060022400BF8F2000B48F31
:101330001C00B38F1800B28F1400B18F1000B08F53
:10134000069D053C8899A52425204000EF29410BE6
:101350002800BD27140002923400068E8410427EBD
:101360000100C3301A006010140002A2C418427EAB
:10137000140002A2AD57410F00000000CF57410FEB
:10138000740002AE32000396880000AE0210627054
:10139000E8030324E70342241B004300F401600038
:1013A00012100000780002AE02000224100002AE0B
:1013B0002400BF8F2000B48F1C00B38F1800B28FA1
:1013C0001400B18F1000B08F0800E0032800BD2783
:1013D0000200C6300100C0540F0006247000058EC4
:1013E00031CC400F25200002E2FF00100000000079
:1013F00000A0023C88024224070082140000000082
:1014000014008290010042300300401000000000F0
:101410005B84400B000000000800E00300000000B7
:10142000059D023CA853438CA853422404004294D7
:10143000A0FFBD275000B2AF4400A2A74010022475
:101440005C00BFAF5800B4AF5400B3AF4C00B1AFB5
:101450004800B0AF4000A3AF3800A0AF3C00A0A749
:1014600008008214FFFF122400A0103C88021026FE
:1014700014000292010043300B0060100200423061
:10148000259000025C00BF8F251040025800B48FE9
:101490005400B38F5000B28F4C00B18F4800B08F12
:1014A0000800E0036000BD27F7FF40145C00BF8F19
:1014B0000400B18C0C00228EF4FF40102510400275
:1014C0000800B38CF2FF60125800B48F1800628ECF
:1014D000EFFF4010251040021C00628EEAFF401012
:1014E00000A0043C14010624252800008066410F5A
:1014F0008C0284243C0002248C0002AE0C00228E5C
:1015000036002396FCFF0424540002AE0400228E11
:101510000C0012AE080012AE580002AE0800228E77
:1015200020000624252860025C0002AE30002296CE
:101530001A0002A6320022961C0002A61000228E7B
:10154000600002AE1400228E640002AE1800228EEB
:10155000180003A6680002AE1C00228E6C0002AECA
:10156000010062300B90820024000426D665410FF2
:10157000200012AE240002960400422C020040100B
:1015800004000224240002A6260002968000442CB7
:1015900003008014800003240F004224F0FF433036
:1015A00088BF123C009052363C000424260003A65B
:1015B000505F410F440012AED1CB400F25200002F6
:1015C0008C00048E974F410FFFFF14240006052462
:1015D0003328410F252040023C00138E4000058E29
:1015E0000000628E09F840002520000080005410A1
:1015F00000000000080002AE1400628E0300052403
:1016000009F84000252000007900541000A0063C95
:101610004000038EF802C624080064941800A52731
:101620000C0002AE1800A4AF3400048E1C00A4AF5E
:101630000C00648C1400638C2000A4AF2800A3AFBE
:101640002C00638E0F0004242400A4AF09F860006E
:1016500025204000FFC005348D28410F2520400281
:10166000059D023CC4534224252800002518000093
:101670000100072408000624042067005700843076
:1016800003008010010063240000448C2528A4007E
:10169000F9FF66140400422488BF123C9128410FD0
:1016A00000904436300005249528410F00904436C0
:1016B000020005249928410F009044362528000097
:1016C0009B28410F009044369D28410F00904436DE
:1016D000A128410F00904436A528410F00904436C0
:1016E0000600062438002526D665410F3000A427C1
:1016F000060006244000A5272F65410F3000A427CF
:1017000008004010060006243800A5272F65410F69
:101710003000A427030040103000A527B928410F4E
:101720000090443624000596029D123C1000B0AF94
:10173000DC0147260200062471CC400F2520000260
:10174000240003962A004314DC014726280005964E
:101750001000B0AF0100062471CC400F252000021C
:101760002800039622004314000000002A0012966D
:101770001B004016030005242C0013962000601661
:101780005080828F10000212259000021800401431
:10179000000000008C00048E2000338E505F410F4B
:1017A0002400318E974F410F8C00048E940000AEC0
:1017B000900000AE980000AE9C0000AEA00013AEFA
:1017C000A40011AE508090AF1400039201000224D7
:1017D000100002AE0400437C2AFF0010140003A294
:1017E000D283400F25204002E4FF42522C00139682
:1017F0005B84400FFFFF122423FF00105C00BF8FAB
:101800000100452E40280500D283400F25206002AC
:10181000F7FF62165080828FDAFF00100000000090
:10182000C8FFBD272800B2AF00A0123C2000B0AF17
:101830003400BFAF3000B4AF2C00B3AF2400B1AF61
:1018400019008010880250266C00028E050040109E
:101850002588800000A0043C0500052409F840000C
:101860007403842400A0133CD00273262000228E2F
:101870000000348E2528200208004234200022AEC9
:101880005CCF400F25206002F8FF8016258880027B
:101890006C00028E040040100600052400A0043CE9
:1018A00009F84000740384241800029604004230B2
:1018B000100040546C00028E14000292100042305E
:1018C0000B004014010005242584400FFFFF042471
:1018D0003400BF8F3000B48F2C00B38F2800B28F3C
:1018E0002400B18F2000B08F0800E0033800BD272E
:1018F0006C00028E1000A0AF1400A0AF05004010D5
:101900001800A0AF00A0043C0500052409F8400021
:101910007403842400A0113CD00233264DCF400F25
:101920002520600225004014252840006C00028E0E
:10193000040040100600052400A0043C09F8400003
:10194000740384241000A28F0C0040506C00028E9F
:101950001000458CB3CD400F880244261D00401076
:1019600003000324190043541001028E1401028E57
:1019700001004224140102AE6C00028E04004010EB
:1019800000A0043C0500052409F8400074038424E9
:101990001000A52767CF400FD00224266C00028ECE
:1019A000CBFF40100600052400A0043C09F84000CD
:1019B00074038424C7FF00103400BF8F5CCF400F36
:1019C0001000A427D5FF00100000000001004224F1
:1019D000100102AE4DCF400F1000A427DAFF001017
:1019E0001000A28F00A0033C880263241800831417
:1019F000FAFF0224E8FFBD27029D063C1000B0AFAD
:101A0000253880002580A0008C01C6241400BFAFBB
:101A100061CE400F25280000251000020800405428
:101A20001000438C0886400F25200002010002248C
:101A30001400BF8F1000B08F0800E0031800BD270E
:101A4000FBFF6050F5FF0224F4FF00100000428C01
:101A50000800E00300000000D8FFBD2700A0023C02
:101A60001800B0AF880250241C00B1AF2400BFAFF3
:101A7000258840002000B2AF28000416FAFF022497
:101A8000029D063C253800028C01C62461CE400F21
:101A9000252800000886400F252000002E00129601
:101AA0001E004012251000006C00028E0500401040
:101AB0001000A0AF00A0043C0500052409F8400078
:101AC000700384241000A5272DCF400F8802242600
:101AD0006C00028E040040100600052400A0043CA7
:101AE00009F84000700384241000A28F2B184202D2
:101AF0000A00605425100000300004960400801491
:101B00000000000023204202040080102510000085
:101B1000D283400F04000524251000002400BF8F4D
:101B20002000B28F1C00B18F1800B08F0800E003B6
:101B30002800BD27D8FFBD271C00B3AF1801132410
:101B4000021093701400B1AF00A0113C880231263E
:101B50002000B4AF1000B0AF258080001800B2AFF5
:101B60002400BFAF219851004400748EEA28410F31
:101B7000252080029800728E249052002800401286
:101B8000180102249C00628E0219120025284002CE
:101B9000251052009C0062AE9400648E00046230F6
:101BA000C0191200000263302518620040111200B3
:101BB00025186400000142302518620082111200CD
:101BC0008100423025186200C210120070004230BD
:101BD00025186200821012000800423025186200A9
:101BE000401012000600423025186200940063AED7
:101BF000E728410F2520800225284002E128410FD7
:101C000025208002A000628E0500405018010224A9
:101C10009400648E09F84000A400658E1801022427
:101C2000021802722400BF8F2000B48F1C00B38FF3
:101C30001800B28F218071008C00048E1400B18FC7
:101C40001000B08F974F410B2800BD27CD86400B69
:101C500025200000D0FFBD272C00BFAF2800B4AF67
:101C60002400B3AF2000B2AF1C00B1AF0B00801452
:101C70001800B0AF25A000002C00BF8F25108002F7
:101C80002400B38F2800B48F2000B28F1C00B18FC6
:101C90001800B08F0800E0033000BD270000A0ACA2
:101CA0002580E0000000C0AC2588C0000000E0AC4A
:101CB0002590A0001000A7AF2538C0002530A00057
:101CC000029D053CB050A524BC66410F25988000BC
:101CD00003000324E8FF431001001424029D053C87
:101CE0002538200225304002BC50A524BC66410F97
:101CF000252060020200032403004354029D053C9A
:101D0000DDFF0010000000AE25304002C450A524C5
:101D1000BC66410F25206002D7FF545425A0000067
:101D2000F7FF0010000020AE251800002000052459
:101D300021108300000042800800401000000000D5
:101D4000E0FF4224FF0042305F00422C05004010BB
:101D500001006324F7FF6554211083000800E003AD
:101D6000010002240800E00325100000D0FFBD2779
:101D70001800B0AF7482908F1C00B1AF2C00BFAFC1
:101D80002800B4AF2400B3AF2000B2AF0F000012A0
:101D9000010011240438107C0C000012252880005A
:101DA000259080002480848FFFFF14321EFE400F98
:101DB000253080020E00401425884000029D053C1D
:101DC000C850A524EF29410F252000002C00BF8F0B
:101DD000251020022800B48F2400B38F2000B28F7A
:101DE0001C00B18F1800B08F0800E0033000BD2741
:101DF0002880828F2B18500006006010029D053C41
:101E00000451A524EF29410F25200000EFFF001009
:101E10002588000001A0133CD0CD73262480848F38
:101E20002198620225308002DBFD400F25286002E8
:101E30000400401425884000029D053CE1FF00108D
:101E40004851A5242530000021104602000047908B
:101E500021106602000042900800E210029D053C3D
:101E60009051A5241000A2AFEF29410F25200000BA
:101E7000029D053CE3FF0010F051A5240100C6249B
:101E8000F2FF0616211046027482938F2398700287
:101E9000040060122530600221285002E161410FE8
:101EA000252040022480828F748293AF21805000CD
:101EB000C6FF0010248090AF029D053CD8FFBD27CF
:101EC0002852A524252000002400BFAF2000B1AF78
:101ED000EF29410F1C00B0AF019D023CB893438C29
:101EE000B893422404004290050005241000A42762
:101EF0001000A3AF2D5D410F1400A2A3029D053C6D
:101F0000253040005C52A52425200000EF29410F18
:101F1000258840001C81033C1000A2271500A5273E
:101F2000C59D7034000043900100422426187000C3
:101F3000003103004020030021208600212083007F
:101F4000C03103000086030021208600001A030030
:101F500021188300F3FFA21421800302029D053C97
:101F6000253000028C52A524EF29410F25200000C6
:101F70000A003016029D053C029D053CC052A52476
:101F8000EF29410F252000002400BF8F2000B18FD2
:101F90001C00B08F0800E0032800BD27F8FF0010E8
:101FA000EC52A524029D053C28FFBD272853A524FB
:101FB00025200000D400BFAFD000BEAFCC00B7AF2B
:101FC000C800B6AFC400B5AFC000B4AFBC00B3AF7B
:101FD000B800B2AFB400B1AFEF29410FB000B0AF5D
:101FE000D3FD400F0000000012004014029D053C8C
:101FF0006453A52425200000EF29410F25F040005F
:10200000D400BF8F2510C003CC00B78FD000BE8F87
:10201000C800B68FC400B58FC000B48FBC00B38FAA
:10202000B800B28FB400B18FB000B08F0800E003E9
:10203000D800BD270700063C029D053C0100022494
:102040000080C6349853A52425200000EF29410FB5
:10205000788282A3A05B410F000404241400401482
:1020600025804000029D053CC453A524EF29410F63
:1020700025200000A05B410F00020424080040144A
:1020800025804000029D053CF853A524EF29410F0F
:1020900025200000788280A3D9FF001025F00000E1
:1020A000029D053C2C54A524EF29410F252000005A
:1020B000009D123C20904636200005248B49410F9C
:1020C0008400A4270900401425F04000029D053C2F
:1020D0005454A524EF29410F25200000B760410F7B
:1020E00025200002C6FF0010788280A3409046366B
:1020F000200005248B49410F6400A42704004014EC
:1021000025F04000029D053CF2FF00108054A524FC
:10211000029D053C8400A627B054A524EF29410F59
:1021200025200000029D053C6400A627D054A5246C
:10213000EF29410F252000000700143C1C81023CC0
:102140000080943600805236C59D51340104932E90
:10215000000402240B109302253040022528400081
:10216000252000028B49410F2598400005004014AE
:1021700025F0400025304002029D053C6A00001019
:10218000F454A524252000002110040200004290F0
:10219000010084242610510000290200401802008A
:1021A0002118650021186200C0290200008E02007B
:1021B000211865000012020021106200F2FF64166F
:1021C0002188220223A09302E0FF8016219053026F
:1021D000029D053C01A0123CFC285226253020021D
:1021E0003055A524EF29410F252000004C0006247E
:1021F000252800008066410F252040021F0006248C
:102200008400A5279466410F2520400201A0043CCC
:102210001F0006246400A5279466410F1C2984240E
:102220000700023C0080423400200424400042AEFB
:102230006CFE400F440051AE0400401425F04000F5
:10224000029D053CA3FF00106055A5244C00062408
:10225000252840021EFE400F0020042404004014E4
:1022600025F04000029D053C9AFF00109055A524E2
:10227000029D053CC455A524EF29410F25200000EF
:102280004C0006241800A527DBFD400F0020042485
:102290000400401425F04000029D053C8DFF001015
:1022A000FC55A5246000A29323004014029D063C27
:1022B000029D063C2053C624029D053C4456A5249D
:1022C000EF29410F25200000029D053C78000624DF
:1022D0008056A524EF29410F25200000029D143CC3
:1022E00088BF023C25880000B8569426AC00A2AFF7
:1022F000009B110000307326253860022530200233
:1023000025288002EF29410F252000006CFE400F98
:10231000252060020A00401425F04000029D053C83
:1023200025302002EC56A524EF29410F252000007E
:102330006AFF001000000000DFFF00101853C624E1
:10234000AC00A38F02000224010004246C6162AC83
:10235000AA7D400F0100312678000224E4FF2216F6
:10236000029D053C1C57A524252000000700133CB6
:10237000EF29410F009D153C00301624A800A0AFA6
:10238000008073360080B5360104712E00040224EB
:102390000B10710225884000010014242530A00292
:1023A000252820028B49410F2520000203004014FC
:1023B00025F0400070FF00102530A002FFFF3E32E4
:1023C0002530C003252800021EFE400F2520C00234
:1023D0000F004014029D053C253080025057A52473
:1023E000EF29410F2520000001009426040002245B
:1023F000EAFF8216029D053C03000624E85AA52444
:10240000EF29410F25200000090000100000000006
:10241000A05B410F252020020900401425B8400090
:10242000029D053CA057A524EF29410F252000005F
:10243000B760410F2520000217FF0010788280A3AB
:102440002530C00325284000DBFD400F2520C002B9
:102450000A00401425F04000029D053C2530800212
:10246000D457A524EF29410F25200000B760410F64
:102470002520E002DDFF0010010094262530000039
:1024800021100602000047902110E6020000429051
:102490003600E210029D053C1000A2AFA800A28FFA
:1024A0001400B4AF213046002058A524EF29410F75
:1024B0002520000025F00000B760410F2520E00234
:1024C0002F00C013029D053C8058A524EF29410F21
:1024D00025200000A800A28F23987102029D053CD0
:1024E00021105100252000002538600225302002EF
:1024F000B058A524EF29410FA800A2AFAC00A38FCC
:10250000020002240100042421A8B10221B0D1025A
:102510006C6162ACAA7D400F000000009BFF60165A
:102520000104712EB760410F25200002029D053C79
:10253000010002242C59A52425200000EF29410F79
:10254000480042A26CFE400F0020042412004014F8
:1025500025F04000029D053C6C59A524EF29410F50
:1025600025200000A6FE0010788280A30100C6246A
:10257000C4FF261621100602CFFF00100000000045
:10258000029D053CF058A524EF29410F25200000AD
:1025900096FF0010010094264C00062425284002D6
:1025A0001EFE400F002004240400401425F04000CB
:1025B000029D053CE9FF0010B459A52401A0103C80
:1025C0004C000624B0280526DBFD400F0020042423
:1025D0000400401425F04000029D053CDFFF001080
:1025E000F059A524B0281026480002920D0040148E
:1025F000029D063C029D063C2053C624029D053CDC
:102600002C5AA524EF29410F2520000048001E92D6
:102610000600C057029D053C029D053CCFFF0010FF
:10262000645AA524F5FF00101853C624CBFF0010F0
:10263000A45AA524029D053CE8FFBD27305BA524D4
:102640001400BFAFEF29410F252000001400BF8FF9
:10265000010002240800E0031800BD27029D053C8C
:1026600020FFBD276C5BA52425200000DC00BFAF48
:10267000D800BEAFD400B7AFD000B6AFCC00B5AF76
:10268000C800B4AFC400B3AFC000B2AFBC00B1AFBC
:10269000EF29410FB800B0AFD3FD400F000000009C
:1026A00012004014029D053C6453A524252000001F
:1026B000EF29410F25B84000DC00BF8F2510E00254
:1026C000D800BE8FD400B78FD000B68FCC00B58FA6
:1026D000C800B48FC400B38FC000B28FBC00B18FEC
:1026E000B800B08F0800E003E000BD27010002241D
:1026F0004C0006241800A52700200424DBFD400F11
:10270000788282A30700401425B84000029D053C52
:10271000A85BA524EF29410F25200000E6FF00104B
:10272000788280A3029D053C1800A627E45BA524BF
:10273000EF29410F25200000029D053C3800A62707
:10274000105CA524EF29410F252000005800A68F1A
:10275000029D053C3C5CA524EF29410F252000008B
:102760005C00A68F029D103C705C0526EF29410F8E
:10277000252000006000A2930C004014AC00B0AF14
:10278000029D063C2053C624029D053CA05CA52466
:10279000EF29410F252000006000B7930600E016E6
:1027A000029D053CDBFF0010CC5CA524029D063C8D
:1027B000F5FF00101853C624009D143C2090863667
:1027C000200005248B49410F8400A42704004014F5
:1027D00025B84000029D053CCEFF0010185DA524E1
:1027E00040908636200005248B49410F6400A427C1
:1027F0000400401425B84000029D053CC5FF0010B0
:102800004C5DA524029D053C8400A627845DA5247B
:10281000EF29410F25200000029D053C6400A627FA
:10282000B05DA524EF29410F2520000020000624DB
:102830001800A527CF63410F8400A427070040108C
:10284000029D053CDC5DA524EF29410F25200000F9
:10285000788280A398FF001025B80000200006248D
:102860003800A527CF63410F6400A4270300401060
:10287000029D053CF4FF0010045EA5245800B38FB0
:102880000700063C0080C63407006612029D053C26
:10289000253860022C5EA524EF29410F2520000079
:1028A000ECFF0010788280A3A05B410F000204249B
:1028B00000020424A05B410F2580400003000012A9
:1028C000258840000F004014029D053C029D053CF8
:1028D0006C5EA524EF29410F2520000003000012A3
:1028E00000000000B760410F25200002D9FF2052F0
:1028F000788280A3B760410F25202002D5FF001009
:10290000788280A3A85EA524EF29410F252000002E
:102910000030022425B0600225A80000A800A2AF64
:10292000008094360102D22E000202240B10D20243
:102930002530800225284000252000028B49410FC8
:10294000259040000C00401425B84000029D053C35
:1029500025308002DC5EA524EF29410F25200000F0
:10296000B760410F25200002B760410F25202002EB
:1029700051FF0010788280A3A800A48FFFFF463289
:10298000DBFD400F252820020500401425B840003B
:10299000029D053CA800A68FEFFF0010205FA52434
:1029A0002E00A016029D053C645FA524EF29410F6F
:1029B00025200000029D053C945FA524EF29410FCE
:1029C00025200000029D1E3C251800002120030246
:1029D00000008690B05FC52725200000EF29410F39
:1029E000B000A3AFB000A38F100004240100632443
:1029F00044006414029D073CB85FE52425200000D4
:102A0000EF29410FB000A7AF029D053CBC5FA52494
:102A1000EF29410F25200000B000A78F25180000E6
:102A20002120230200008690B05FC52725200000EA
:102A3000B400A7AFEF29410FB000A3AFB000A38F40
:102A4000100004240100632432006414B400A78F32
:102A5000B85FE524EF29410F25200000253800004C
:102A60002118070221402702000065900000049110
:102A70002C00A45421F0A7020100E724F8FF471618
:102A8000A800A28F25B8000021A8B20221A09202BE
:102A900021105200A800A2AFFF3FA232070040144D
:102AA00023B0D202029D053C2538C0022530A00289
:102AB0007060A524EF29410F2520000088BF023C4B
:102AC00002000324010004246C6143ACAA7D400F82
:102AD000000000002600C0120000000092FFE0127B
:102AE0000102D22E029D053CA860A524EF29410FCA
:102AF00025200000B760410F252000027DFF001057
:102B000000000000B1FF4316B85FE524BBFF0010D2
:102B100000000000C2FF4316B85FE524CDFF00109F
:102B200000000000029D053C2530C003D85FA524AD
:102B300025200000B400A3AFEF29410FB000A8AFDB
:102B4000B000A88FB400A38F029D053C0000049143
:102B50002530C0032460A5241000A4AF00006790B6
:102B6000EF29410F25200000C7FF0010A800A28F09
:102B7000DCFFE016029D053CDC60A524EF29410F37
:102B800025200000029D053C2461A524EF29410F6A
:102B900025200000009D153C1C81033CC59D72341E
:102BA0000080B5360102742E000202240B1074025C
:102BB0002530A00225284000252000028B49410F26
:102BC00025A040000700401425B84000029D053CA8
:102BD0005461A524EF29410F2520000060FF00105B
:102BE0000000000025280000211805020000639065
:102BF0000100A524261872000031030040200300C4
:102C00002120860021208300C031030000960300AC
:102C100021208600001A030021188300F2FF851688
:102C20002190430223987402DEFF601621A8B402AB
:102C3000029D053C253040029C61A524EF29410FEF
:102C400025200000AC00A28F5C00A68F252000008C
:102C5000EF29410F705C45245C00A38F0D007210BA
:102C6000029D053C029D053CCC61A524EF29410F46
:102C7000252000005C00A78F029D053C2530400206
:102C8000FC61A524EF29410F2520000099FF0010C9
:102C9000000000004862A524EF29410F2520000014
:102CA000B760410F25200002B760410F25202002A8
:102CB000029D053C97FE00107862A52480FFBD2789
:102CC000029D053C6000B1AF253080002588800062
:102CD000CC62A524252000007C00BFAF7800B7AFF0
:102CE0007400B6AF7000B5AF6C00B4AF6800B3AF9E
:102CF0006400B2AFEF29410F5C00B0AFD3FD400FCD
:102D00000000000011004014029D053C2580400099
:102D10006453A524EF29410F252000007C00BF8FBC
:102D2000251000027800B78F7400B68F7000B58F41
:102D30006C00B48F6800B38F6400B28F6000B18FF5
:102D40005C00B08F0800E0038000BD27BBF0400F9F
:102D5000000000000400401425804000029D053C56
:102D6000ECFF00100C63A52401A0133C25202002D9
:102D70004EA5400FC0276526258040000400401462
:102D800025886002029D053CE2FF00103463A52403
:102D900001A0153CFC28B226029D103C0100022433
:102DA0004C0006242528000025204002788282A3BA
:102DB0008066410F01A0143C646305261F000624B1
:102DC0009466410F25204002C027732664630526C0
:102DD0001F0006249466410F1C298426E000628EA1
:102DE000029D053C002006247063A52425200000D8
:102DF000EF29410F400042AE6CFE400F002004243A
:102E00000A00401425804000029D053C6055A52421
:102E1000EF29410F252000002520600231A6400F38
:102E200000000000BDFF0010788280A34C00062443
:102E3000252840021EFE400F0020042404004014F8
:102E400025804000029D053CF1FF00109055A5240F
:102E50000700073C029D053C0080E734780006240B
:102E6000A463A52425200000EF29410F029D173CF3
:102E700025980000B856F72688BF163C008313003B
:102E80000030102625380002253060022528E00297
:102E9000EF29410F252000006CFE400F2520000285
:102EA0000800401425804000029D053C253060024A
:102EB000EC56A524EF29410F25200000D7FF001074
:102EC000C027242602000224010004246C61C2AE43
:102ED000AA7D400F0100732678000224E7FF6216E6
:102EE000029D053C1C57A524EF29410F2520000019
:102EF000029D053C00300224F463A5242520000037
:102F0000248082AFEF29410F748280AF2880868FA2
:102F1000029D053C1C64A524EF29410F25200000DB
:102F20001C81033CC59D773425980000029D103C10
:102F30002880838F7482828F100062142520000005
:102F4000EF29410F586405265B87400F2C80848F42
:102F50000B0040142C80858F029D053C8C64A524B9
:102F6000EF29410F2520000031A6400FC02724265D
:102F70002580000069FF0010788280A32C80858F57
:102F80007482828F01020624C0272426CCA5400F1C
:102F90002128A20003004104029D053CF0FF00101F
:102FA000C064A52428004014029D053CF464A524B7
:102FB000EF29410F252000007482868F6800C01021
:102FC000029D053C8065A524EF29410F25200000C6
:102FD0007482828F00010324FF0050302380700030
:102FE0000D0003122C80848F25300002FF00052481
:102FF0008066410F212082007482828F029D053CF1
:103000002530000221105000B865A52425200000BD
:10301000EF29410F748282AF748286972C80858F4E
:103020001EFE400F2480848F350040142580400010
:10303000029D053CF465A524EF29410F25200000E1
:1030400076FF0010C02724267482858F2C80888FFD
:103050002520000021184500748283AF21188500C7
:1030600021180301000063900100842426187700D2
:103070000039030040B8030021B8E70221B8E30299
:10308000C03903000036030021B8E702001A03002C
:103090002118E30221B8C3002A188200EFFF601450
:1030A0002530400021986202029D053C2520000049
:1030B00025386002EF29410F1C65A5245B87400F6E
:1030C0002C80848FA4FF40100700023C0080423413
:1030D0002B10620203004014029D053CB4FF001057
:1030E0005065A52402000224010004246C61C2AED4
:1030F000AA7D400F000000008EFF00102880838F03
:103100002880828F7482868F2B18460003006010FF
:10311000029D053C92FF00103466A52401A0163CD8
:10312000D0CDD6262480848F21B0C202FFFFC630C6
:10313000DBFD400F2528C002210040102580400003
:103140007482838F2C80848F253000001F006614CA
:10315000029D053C4C67A524EF29410F2520000066
:1031600031A6400FC0272426029D053C2530600271
:103170008067A524EF29410F25200000029D053C12
:103180002530E0023055A524EF29410F252000000D
:10319000200006243800A527DBFD400F2040042432
:1031A0001800401425804000029D053CC067A524FE
:1031B000EF29410F25200000D8FE0010788280A35F
:1031C000029D053C9CFF00107466A524211086001A
:1031D000000047902110C60200004290DBFFE25041
:1031E0000100C624029D053CB866A5241000A2AFCC
:1031F000EF29410F25200000029D053C58FF0010DB
:103200001867A524200006241800A52740400424A0
:10321000DBFD400F5700A0A30400401425804000B0
:10322000029D053CE2FF00100068A524029D053CBC
:103230001800A7273800A6274468A52425200000E9
:10324000EF29410F3700A0A31F0006243800A5274F
:103250009466410FFC28A4261F0006241800A52709
:103260009466410F1C298426029D053C010002241E
:103270002C59A52425200000480042A2400053AE4E
:10328000EF29410F440057AE6CFE400F002004248C
:103290000400401425804000029D053CC4FF00103E
:1032A0006C59A5244C000624252840021EFE400F20
:1032B000002004240400401425804000029D053CA9
:1032C000BBFF0010B459A52401A0113C4C000624FA
:1032D000B0282526DBFD400F002004240400401404
:1032E00025804000029D053CB1FF0010F059A52447
:1032F000B0283126480022920D004014029D063C61
:10330000029D063C2053C624029D053C2C5AA52450
:10331000EF29410F2520000048003092060000569A
:10332000029D053C029D053CA1FF0010645AA524A6
:10333000F5FF00101853C6249DFF00107C68A524DB
:10334000E8FFBD271000B0AF009D063C01A0103C77
:103350002090C634200005241400BFAF8B49410FD4
:10336000A027042609004014029D053C185DA524F1
:10337000EF29410F25200000251000001400BF8F09
:103380001000B08F0800E0031800BD27A027022618
:10339000FAFF00101F0040A0E8FFBD271000B0AFEB
:1033A000009D063C01A0103C4090C634200005243E
:1033B0001400BFAF8B49410F802704260900401439
:1033C000029D053C4C5DA524EF29410F25200000FE
:1033D000251000001400BF8F1000B08F0800E0031C
:1033E0001800BD2780270226FAFF00101F0040A00A
:1033F00098FFBD276400BFAFD3FD400F6000B0AFA2
:103400000700401478828293029D023CC0684224E7
:103410006400BF8F6000B08F0800E0036800BD2724
:10342000130040144C0006241000A527DBFD400FBC
:1034300000200424F4FF40105800A293F3FF401032
:10344000029D023C4A87400F1000A427EEFF401067
:1034500001A0103C1F0006241000A5279466410F10
:103460006027042660270226E9FF00101F0040A005
:1034700001A0023CE6FF00106027422498FFBD2710
:103480006400BFAFD3FD400F6000B0AF0700401431
:1034900078828293029D023CC06842246400BF8F00
:1034A0006000B08F0800E0036800BD2713004014DF
:1034B0004C0006241000A527DBFD400F002004244B
:1034C000F4FF40105800A293F3FF4010029D023C0D
:1034D0004A87400F3000A427EEFF401001A0103CA7
:1034E0001F0006243000A5279466410F40270426BC
:1034F00040270226E9FF00101F0040A001A0023C67
:10350000E6FF00104027422498FFBD276400BFAFAC
:10351000D3FD400F00000000050040147882829324
:10352000251000006400BF8F0800E0036800BD277D
:10353000FBFF40144C0006241000A527DBFD400FC4
:1035400000200424F6FF40105800A293F5FF40101D
:10355000251000004A87400F1000A427F1FF4010FB
:10356000251000004A87400F3000A427EDFF4010CF
:1035700025100000D08C400F00000000E8FF401034
:10358000200006241000A527CF63410F252040000E
:10359000E4FF00100100422CC8FFBD273400BFAF7C
:1035A0003000B1AFE68C400F2C00B0AF0A004014E1
:1035B000029D053CC868A524EF29410F2520000085
:1035C000251000003400BF8F3000B18F2C00B08F69
:1035D0000800E0033800BD271F8D400F25884000FC
:1035E0000300401425804000F6FF00100100022473
:1035F000029D053CC068A524E165410F25204000DF
:10360000F0FF401001000224428D400F0000000036
:10361000F5FF40101C00A7272000A6272400A5279F
:103620001587400F25202002050040141000A72711
:10363000FFFF032427100300E2FF0010C21702005F
:103640001400A6271800A5271587400F2520000283
:10365000F8FF4010010003242400A28F1800A48F5B
:103660002A288200F4FFA054271003002A104400E7
:10367000F0FF4054FFFF03242000A28F1400A48F0A
:103680002A288200ECFFA054271003002A104400CF
:10369000E8FF4054FFFF03241C00A28F1000A48FFA
:1036A0002A288200E4FFA054271003002A184400AF
:1036B000E0FF001023180300D8FFBD272400BFAF90
:1036C0002000B1AFD08C400F1C00B0AFE68C400F93
:1036D00025804000668D400F258840002000401462
:1036E000029D023C029D023C08694224029D053C69
:1036F00025382002253000023069A524252000004D
:10370000EF29410F1000A2AFFC8C400F0000000019
:103710001F8D400F25804000428D400F25884000BE
:1037200011004014029D023C029D023C2469422487
:10373000029D053C1000A2AF253820022530000272
:103740005869A524EF29410F252000002400BF8FD0
:103750002000B18F1C00B08F0800E0032800BD27B7
:10376000E2FF0010FC684224F1FF001018694224B7
:10377000029D053CE8FFBD278069A5241400BFAF6A
:10378000EF29410F252000001400BF8FAE8D400BA4
:103790001800BD270800E003788282930300C288E6
:1037A0000000C298251840000800A28C2610430093
:1037B0000800E0032B1002000300C2880000C2983A
:1037C0000800E0030800A2AC0100063CE8FFBD27AA
:1037D0000200C6241C0005241400BFAFE022410FE4
:1037E0003800042404004010029D033C0438632484
:1037F000080043AC0C0040AC1400BF8F0800E0038D
:103800001800BD2701A0023C8C31428C03004450BB
:103810002000438C3923410B00000000C418037CB6
:103820000800E003200043ACD8FFBD2701A0023C04
:103830001400B0AF443150241800B1AF0400118E11
:103840002400BFAF2000B3AF0D0020121C00B2AFA8
:10385000259040002C003126259800004431428EEE
:103860002B10620221004054D4FF248E0800048EE5
:103870000C00828C09F840000400058E040000AEA4
:103880000800058E01A0043C6946410F6431842480
:103890001C00048E04008010080000AEE93E400FBA
:1038A000000000001C0000AE4800048E09008010DB
:1038B0002400BF8F2000828C080042300400405456
:1038C000480000AE3923410F00000000480000AE60
:1038D0002400BF8F2000B38F1C00B28F1800B18F5F
:1038E0001400B08F0800E0032800BD270F008050AF
:1038F00001007326E230410F000000002474400FE5
:10390000252020022474400FECFF24262474400F4D
:10391000D8FF24260800048E0C00828C09F8400091
:10392000D4FF258ED4FF20AE01007326CBFF0010FC
:1039300048003126E8FFBD271000B0AF2580800089
:103940000000848C0C0080101400BFAFE230410FE7
:10395000000000001675400F2C0004261675400F5D
:1039600018000426040004261400BF8F1000B08F36
:103970001675400B1800BD271400BF8F1000B08FC4
:103980000800E0031800BD27E8FFBD271000B0AF16
:1039900025808000000084941400BFAFB542410F21
:1039A0000000000002000496B542410F000002A68C
:1039B00006000496B542410F020002A61400BF8F14
:1039C000060002A61000B08F0800E0031800BD2713
:1039D00000008294E0FFBD271800B1AF3FFF4230E6
:1039E000252845001400B0AF1C00BFAF2580800023
:1039F0002588E0000600C010000085A42518C0003E
:103A00002528600006000624D665410F1000842496
:103A100001A0023C5831428C0C0002AE010002248D
:103A200008002012160002A6040005262520200208
:103A30001C00BF8F1800B18F1400B08F5774400B5B
:103A40002000BD271C00BF8F1800B18F1400B08F5D
:103A50000800E0032000BD27C8FFBD272000B1AF4C
:103A600001A0113C2400B2AF2590800064312426CF
:103A70003000B5AF2C00B4AF2800B3AF1C00B0AF1E
:103A80003400BFAF2598A00025A0C0002D75400FC1
:103A900025A8E0006431308E0A0000166431242627
:103AA0003400BF8F3000B58F2C00B48F2800B38F47
:103AB0002400B28F2000B18F1C00B08F3B75400BEB
:103AC0003800BD270C00028E040040500800028E12
:103AD000F1FF52540000108E0800028E2538A0021B
:103AE000253080021000A2AF0400028E252860025B
:103AF00009F8400025204002E7FF00100000108E6A
:103B0000D8FFBD271000B0AF01A0023C2580A00067
:103B10002000B4AF1C00B3AF1800B2AF1400B1AFB7
:103B2000259880002400BFAF25A0C000B03D400F05
:103B30004831528C0000039640006430100080141D
:103B400003001124480004240228447080006330DC
:103B50002120B200180092241500601404000526EC
:103B6000E174400F2C008424010011242538400208
:103B70002530800280000524748E400F252000022D
:103B800025382002100006260800052625206002A0
:103B90002400BF8F2000B48F1C00B38F1800B28F99
:103BA0001400B18F1000B08F968E400B2800BD27F7
:103BB000E174400F25204002ECFF001002001124A8
:103BC000D0FFBD271000B0AF01A0103C443110263B
:103BD0001400B1AF4800118E2800B6AF2400B5AF75
:103BE0002000B4AF1C00B3AF1800B2AF2C00BFAFC1
:103BF0002590800025B0A00025A0C0002598E000F9
:103C0000050020124400B58F2000228E08004230AB
:103C1000120040501800308EF28D400F000000005E
:103C20000C00401425884000251000002C00BF8F98
:103C30002800B68F2400B58F2000B48F1C00B38FEE
:103C40001800B28F1400B18F1000B08F0800E0038D
:103C50003000BD27480002AE1800308E010002245B
:103C6000000002A600080224020002A606040224A4
:103C7000040002A62400A016060016A63C004296E8
:103C8000080002A63E0042960A0002A640004296A4
:103C90000C0002A64000A58F110014AA06000624FD
:103CA00012000426D665410F0E0014BA1B0013AA99
:103CB00025200002628E400F180013BA1000228ED9
:103CC0001C00032425204002AD3E400F0C0043A4FD
:103CD0004000A58F06080724253040008C22410FA4
:103CE00025202002D0FF401025282002000020AE11
:103CF000280032AE6A44400F2520400227100200FF
:103D0000CAFF0010C2170200060006242528A002E0
:103D1000D665410F08000426DFFF00104000A58F84
:103D20000000A294E0FFBD271800B1AF400043306F
:103D30001400B0AF1C00BFAF258080000B006010E6
:103D40002588A00004008424E174400F0400252687
:103D5000252820020000048E1C00BF8F1800B18FA0
:103D60001400B08FD830410B2000BD2780004230B6
:103D7000F5FF40102C008424F3FF001018000426E7
:103D8000C0FFBD270F000524020004242800B2AFA5
:103D90003C00BFAF3800B6AF3400B5AF3000B4AFB1
:103DA0002C00B3AF2400B1AFEF3E400F2000B0AF06
:103DB00025904000010042300600401001A0143C54
:103DC00044319426593F400F020004241E00401441
:103DD00025984000020052321100401201A0113C0F
:103DE000443131261800228EE803032425A0000068
:103DF000D00742241B004300F4016000180022AEEB
:103E000012100000163A400F140022AE0400308E4B
:103E100025A84000180010266000B416000000001D
:103E20003C00BF8F3800B68F3400B58F3000B48FA0
:103E30002C00B38F2800B28F2400B18F2000B08FE8
:103E40000800E0034000BD271800708E628E400F0E
:103E50002520000200000396010002241F006214C6
:103E6000F2FF052404000396060402241C006214D9
:103E7000020006241B00158A2800718E0400968E0D
:103E80001800159A25202002B03D400F1C00B5AF48
:103E90001100038A1800A5270E00039A1800A3AF8B
:103EA0004800032402204370211096006F30410F18
:103EB0000000448C0500401025B040000800062694
:103EC00025284000C08E400F252020020400228EAD
:103ED0000C00A25242002396020005240200062490
:103EE0008323410F25206002B6FF00100000000070
:103EF00025284000C08E400F252020021900001008
:103F00000600039600106330F4FF601402000524DD
:103F10001300C016252020020400968EB03D400FED
:103F200048001524021855701800A52721A876000E
:103F3000A430410F0000A48E0A00405006000396F2
:103F40000000439402006330E9FF60100800062679
:103F50001800A72680000524748E400F25204000FD
:103F60000600039601000224DBFF62143C002226B7
:103F70001100078A0400268E0E00079A08001026FA
:103F80001400A2AF1000B0AF02000524F08E400F65
:103F900025202002D1FF001002000524193A400F0D
:103FA0002520800225984000140016261400128E49
:103FB000100040560800438E420076960010D6321C
:103FC0001E004056FCFF43960000128E3C00401637
:103FD000E8FF048E2400828C2800038E2B104300FF
:103FE0005600401025900000010094268AFF001022
:103FF000480010261400228E231043003800238E20
:104000002B104300EDFF405442007696E8FF048EEB
:10401000D830410FFCFF4526AF74400F2520C00269
:10402000FFFF07242530000004004526968E400F30
:1040300025206002DEFF00101400128E00026230A4
:1040400002004050440022964600229612004496F8
:104050002B108200DAFF40500000528E0800458E7F
:104060001400228E231045003C00258E022085700E
:104070002B104400D2FF40540000528E0300C012A7
:1040800000016330CEFF60500000528E0400478E66
:104090000400668E048082271400A0AF1000A2AF37
:1040A00001000524F08E400F252060021200429688
:1040B00001004224120042A6C1FF00100000528EEF
:1040C0000800438E1400228E231043003400238EF8
:1040D0002B104300C0FF40542400828CD830410F85
:1040E000FCFF4526AF74400F25200002FDFF07248A
:1040F0002530000004004526968E400F25206002E2
:10410000B2FF00100000128EAF74400F2520000295
:10411000B5FF401025B04000E8FF048EFCFF4524A9
:10412000D830410F01005226FCFF07242530000043
:104130000400C526968E400F252060022C00028EBA
:104140002B104202F0FF401400000000A7FF0010F7
:10415000010094260400848CE8FFBD271400BFAF43
:104160002C00858C1100A01001A0033C4431632475
:104170001400628C0800A58C3800638C2310450065
:104180002B10430002004054180084242C00842487
:10419000AF74400F0000000001004054FCFF4224B7
:1041A0001400BF8F0800E0031800BD27F8FF0010BF
:1041B00018008424E8FFBD271000B0AF25808000E0
:1041C0002520A0001400BFAF195D410F0400052495
:1041D0000C00038E1400BF8F1000B08F1B00430033
:1041E000F40160001800BD270800E0031010000073
:1041F000C0FFBD270040E2303800BEAF2C00B5AF95
:104200003C00BFAF3400B7AF3000B6AF2800B4AF4A
:104210002400B3AF2000B2AF1C00B1AF1800B0AFA4
:1042200025F0E000180040105000B58F0480822770
:104230001400A0AF1000A2AF0000A78C0000C68C35
:104240000F00C533F08E400F06001124F7FF032442
:104250000A8862003C00BF8F251020023800BE8F04
:104260003400B78F3000B68F2C00B58F2800B48F84
:104270002400B38F2000B28F1C00B18F1800B08FC4
:104280000800E0034000BD2701A0143C44319426FF
:104290000400918E25B8800025B0C0004400A5AF71
:1042A000B03D400F48001024021850704400A58F04
:1042B000218071000000048EA430410FFEFF112404
:1042C000E4FF401025904000000053940200623249
:1042D0001300401002291E000020C23302004010CB
:1042E0000001A5300002A5342C000726253000006F
:1042F000748E400F25204002048082270800478EDC
:104300001400A0AF1000A2AF0000C68E0F00C5338E
:10431000F08E400F2520E002CEFF00100100112496
:10432000C0006232CBFF4010030011240400A01231
:104330000600062410004526D665410F2520A00260
:1043400080007332C3FF601202001124180010268F
:104350000400532625286002E174400F2520000246
:104360001400828E25286002252000025774400F19
:104370000C0042AEB8FF00103C00BF8F0800E00305
:10438000FFFF02240800E00325100000C8FFBD273E
:104390002C00B6AF1400B0AF3400BFAF3000B7AFE1
:1043A0002800B5AF2400B4AF2000B3AF1C00B2AFFB
:1043B0001800B1AF1600839001A0163C0300022440
:1043C000170062144431D0261000119208002052C8
:1043D000010011241000848CB03D400F0400108EA9
:1043E00048000424021844704D8E400F21207000B4
:1043F0003400BF8F251020023000B78F2C00B68FFD
:104400002800B58F2400B48F2000B38F1C00B28F1A
:104410001800B18F1400B08F0800E0033800BD27EA
:104420000C00028E4800401425A080000400A05417
:104430000400A29025880000EEFF00103400BF8F1A
:104440000400038E2598A000100002A2070060104F
:1044500000009194030040144431C28E0400515076
:104460000800628E0A8E400F000000000800628E75
:104470000800848E4431D1AE340002AE0C00628E4E
:10448000080004AE380002AE1000628E3C0002AE9E
:104490001400628E400002AE2000628E440002A62C
:1044A0002400628E460002A60400028E26004014FC
:1044B000480006240800828C09F8400025282002C4
:1044C00025904000DBFF4010040002AE0000628E29
:1044D0001800152425B8000002A8A2722800B526ED
:1044E0004431C28E2B10E202260040540800048E94
:1044F000F28D400F00000000029D053CD00706240D
:10450000803DA52402000424B83E400F480002AEBE
:1045100001A0043C64318424F145410F1C0002AE2B
:104520004800038E1C006010000000001C00038E79
:10453000190060100000000017004010000000008B
:10454000180000AE140000AE1000848EB03D400F85
:104550000400118E10000392060060500C00028EC1
:1045600048000424021844704D8E400F2120710031
:104570000C00028E010042240C0002AE9CFF0010D1
:10458000010011240400828C09F840002528A002B3
:1045900005004014258840000A8E400F2588000041
:1045A00094FF00103400BF8F28004224000022AE88
:1045B00018000224080022AE0000628E252020028E
:1045C000040032AE0C0022AE01000224100022AE24
:1045D000029D023CB4414224140022AE029D023CE2
:1045E00054414224180022AE029D023C9C374224D2
:1045F0001C0022AE029D023CB83742246330410FBA
:10460000200022AE000051AE1174400F0400442679
:10461000E1FF4010000000001174400F1800442614
:10462000DDFF4010000000001174400F2C004426F4
:10463000D9FF40100100F7260000428E1800638E5B
:10464000480052260C00428C021043706400032480
:10465000630042241B004300F401600012100000BC
:10466000F8FF42AE1C00628E9DFF0010FCFF42AEC0
:1046700001A0023C443142240C00438C1C00601811
:1046800004000524160086901200C514FFFF632461
:104690001000439016006010000000001000848C91
:1046A000E8FFBD271000B0AF1400BFAFB03D400F12
:1046B0000400508C4800042402184470212070002B
:1046C000080080101400BF8F1000B08F4D8E400B7B
:1046D0001800BD27060060140C0043AC0A8E400B86
:1046E000000000001000B08F0800E0031800BD2794
:1046F0000800E003000000001300A01025100000D7
:1047000001A0023C4C31428C0F00401010000724E5
:10471000D8FFBD271C00A4AF01A0043C1400A5AF26
:104720001800A6AF1000A627252840006431842475
:104730002400BFAFF345410F1000A0AF2400BF8F8E
:104740000800E0032800BD270800E0030000000087
:10475000070080100000000001A0023C4C31468C94
:104760000300C01001A0053C1246410B6431A52492
:104770000800E003251000001900A010FBFF022430
:104780000000A38C1600601000000000E0FFBD27B1
:104790001800B0AF1C00BFAF5B3E400F2580A000EB
:1047A000252040000A008010FAFF02244200839472
:1047B0000010633006006014F8FF02241000A0AF60
:1047C00001000724040086247C90400F2528000265
:1047D0001C00BF8F1800B08F0800E0032000BD2729
:1047E0000800E003000000002300A010FBFF0224EB
:1047F0000000A38C20006010000000001E00C0100C
:1048000000000000D8FFBD272000B2AF1C00B1AFF0
:104810001800B0AF2400BFAF2590E0002588C0008D
:104820005B3E400F2580A000252040000C0080103A
:10483000FAFF02244200829400104230030040102C
:104840000010433206006010F8FF02241000A0AFF1
:1048500025384002253020027C90400F2528000298
:104860002400BF8F2000B28F1C00B18F1800B08FC2
:104870000800E0032800BD270800E0030000000056
:10488000D8FFBD272400BFAF2000B4AF1C00B3AFDA
:104890001800B2AF1400B1AF0B00A0141000B0AFFD
:1048A00025A000002400BF8F251080021C00B38FBC
:1048B0002000B48F1800B28F1400B18F1000B08F99
:1048C0000800E0032800BD270000A38CF5FF60105E
:1048D00025A00000F4FF80102400BF8F42008294C6
:1048E00040004230EFFF401001A0123C44315226FC
:1048F0002588A00025A0C0000400538EB03D400FC5
:1049000048001024021850702528200221807300CE
:104910006F30410F0000048EE1FF401025884000F9
:1049200000005394C0006232DEFF405025A000001A
:10493000040080120600062410002526D665410FCB
:104940002520800280007332D6FF601201001424FB
:10495000180010260400332625286002E174400F59
:10496000252000021400428E252860022520000226
:104970005774400F0C0022AECBFF00102400BF8FF5
:10498000C8FFBD271800B1AF3400BFAF3000B7AFCC
:104990002C00B6AF2800B5AF2400B4AF2000B3AFF1
:1049A0001C00B2AF1400B0AF3F00A010FBFF1124F9
:1049B0000000A38C3D0060503400BF8F3A0080108F
:1049C000FAFF112442008294400042303600401029
:1049D00001A0123C443152262588A0002598E00011
:1049E00025A0C000B03D400F0400508E48000324B5
:1049F0000220437025282002FEFF11242180900010
:104A0000A430410F0000048E2700401025A840006C
:104A100018001626030060128000172404001626D2
:104A2000400017240000A296020043302A006014C0
:104A3000400043300500601404000426800042302A
:104A4000020040102C0004261800042616009610C0
:104A500004001124E174400F0400A5262538C0028B
:104A6000253080022528E002748E400F2520A00208
:104A70000E0060123400BF8F0000028E4000438E93
:104A80000C00428C02104370640003241B0043009E
:104A9000F40160000C00038E121000002B10620065
:104AA000050003240A8862003400BF8F251020020D
:104AB0003000B78F2C00B68F2800B58F2400B48F3C
:104AC0002000B38F1C00B28F1800B18F1400B08F7C
:104AD0000800E0033800BD27E0FF00102588000033
:104AE0001E00A010FBFF02240000A88C1B00001178
:104AF0000000000019008010FAFF02244200889490
:104B000040000A311500401100000000E0FFBD2701
:104B10000B00E0101C00BFAF0010083105000015AD
:104B2000F8FF02241000A6AF010007247C90400F7C
:104B3000040086241C00BF8F0800E0032000BD276E
:104B40002092400F0000000002000324FFFF042415
:104B50000B206200F7FF0010251080000800E00322
:104B6000000000002E00A010FBFF02240000A68C15
:104B70002B00C0100000000029008010FAFF022462
:104B8000420086944000C6302500C010000000009E
:104B9000D8FFBD2701A0023C2400BFAF2000B3AF67
:104BA0001C00B2AF1800B1AF1400B0AF2588A00050
:104BB000258080004831538CB03D400F48001224BE
:104BC0000218527025282002219073006F30410F87
:104BD0000000448E258840000A002012FFFF0224B6
:104BE00025282002488F400F25204002FEFF072481
:104BF0002530000008002526968E400F2520000253
:104C0000251000002400BF8F2000B38F1C00B28F3E
:104C10001800B18F1400B08F0800E0032800BD27F2
:104C20000800E003000000005600A010FBFF022473
:104C30000000A38C530060100000000051008010A1
:104C4000FAFF022442008394400063304D0060105C
:104C500000000000FFFFE7240400E32C490060107F
:104C6000F9FF0224019D023C5C934224C8FFBD274A
:104C70002110E2002000B4AF00005490019D023CDE
:104C8000589342242138E20001A0023C3000BEAF1C
:104C90002C00B7AF2800B6AF2400B5AF1C00B3AFEF
:104CA0001800B2AF1400B1AF2590A0001000B0AF53
:104CB0002598C0004831558C480010243400BFAFFF
:104CC00025888000B03D400F0000F690021850701B
:104CD00000005E8E0000628E2590000024F0C2036A
:104CE000218075000000178E0C00E28E2B1042020E
:104CF0000C0040143400BF8F3000BE8F2C00B78FE3
:104D00002800B68F2400B58F2000B48F1C00B38F0D
:104D10001800B28F1400B18F1000B08F0800E003AC
:104D20003800BD270000048EF430410F25284002D2
:104D300025A8400000004294010043300F0060109D
:104D400024105400E8FF5654010052260800A28E99
:104D50000000638E2410430008005E142528A00282
:104D6000488F400F25200002FEFF07242530000059
:104D70000800A526968E400F25202002DAFF00109D
:104D8000010052260800E0030000000031008010FE
:104D9000FAFF0224420085944000A5302D00A010A7
:104DA00000000000D8FFBD2701A0023C2000B4AFE6
:104DB0001C00B3AF1400B1AF1000B0AF4831518C3C
:104DC000480010242400BFAF1800B2AFB03D400F20
:104DD0002598800002185070218071000000148E08
:104DE000258800000C00828E2B102202080040143F
:104DF0002400BF8F2000B48F1C00B38F1800B28F27
:104E00001400B18F1000B08F0800E0032800BD2708
:104E10000000048EF430410F252820022590400028
:104E20000000429401004230080040102528400252
:104E3000488F400F25200002FEFF07242530000088
:104E400008004526968E400F25206002E5FF0010E1
:104E5000010031260800E003000000003800801047
:104E6000FAFF072442008294400042303400401090
:104E700000000000E0FFBD2701A0023C1C00BFAF06
:104E80001800B2AF1400B1AF1000B0AF2588A00079
:104E90002580C000B03D400F4831528C48000324AB
:104EA000022043702528200221109200F430410F87
:104EB0000000448C0A004010FCFF07240800001288
:104EC0002538000000004394040000AE080000AE46
:104ED00001006430090080140C0000A6000000AE40
:104EE0001C00BF8F2510E0001800B28F1400B18F96
:104EF0001000B08F0800E0032000BD27C00065301F
:104F00000B00A0100800448C400063300100632CAB
:104F100001006324000003AE1000438C140042948F
:104F2000040004AE080003AEEDFF00100C0002A662
:104F300003000224000002AEE9FF0010040004AEEA
:104F40000800E0032510E00031008010251000006B
:104F500042008394400063302D0060100000000088
:104F6000E0FFBD2701A0023C1800B1AF1400B0AFB4
:104F70004831518C1C00BFAFB03D400F2580A000D0
:104F80004800032402204370211091000500042EE4
:104F90001D0080100000438C029D053C80801000A5
:104FA000B44FA5242180B0000000048E08008000CA
:104FB00000000000C84F029DE84F029DF04F029D87
:104FC000F84F029D0050029D0C00628C2400638CFF
:104FD000231043001C00BF8F1800B18F1400B08F46
:104FE0000800E0032000BD27FAFF00100C00428CEF
:104FF000F8FF00102000428CF6FF00103400428CB5
:10500000F4FF00102400628CF2FF00100C00628C90
:105010000800E0030000000023008010FAFF0224D3
:1050200042008394400063301F00601000000000C5
:10503000E0FFBD2701A0023C1800B2AF1400B1AFE1
:105040001000B0AF1C00BFAF2580A0002588C000B5
:10505000B03D400F4831528C480003240220437079
:105060001C00BF8F211092000000438C1800B28FEB
:105070000C00658C64000324440051AC02280572C6
:105080001400B18F1000B08F2000BD276300A5244D
:105090001B00A300F401600012280000400045AC92
:1050A0000800E003251000000800E00300000000F5
:1050B00025642E25642E25640000000C25642E2511
:1050C0006400000C256400006669726D776172658A
:1050D0005F7570646174653A206661696C6564200F
:1050E000746F207772697465206275666665726593
:1050F00064206461746120746F20666C6173680D54
:105100000A0000006669726D776172655F75706490
:105110006174653A206275666665726564206461D3
:10512000746120746F6F206C6172676520666F72A6
:1051300020766572696669636174696F6E20627555
:10514000666665720D0A00006669726D7761726548
:105150005F7570646174653A206661696C6564208E
:10516000746F2072656164206261636B2062756692
:105170006665726564206461746120666F72207672
:105180006572696669636174696F6E0D0A0000007B
:105190006669726D776172655F7570646174653A96
:1051A000206275666665726564206461746120764C
:1051B0006572696669636174696F6E206661696CA6
:1051C0006564206174206F666673657420256C7554
:1051D0003A2065787065637465643D3078253032B7
:1051E000782C20676F743D3078253032780D0A00B6
:1051F0006669726D776172655F7570646174653A36
:1052000020627566666572656420646174612076EB
:105210006572696669636174696F6E206661696C45
:1052200065640D0A000000006669726D7761726541
:105230005F7570646174653A20646562756767695B
:105240006E6720636865636B73756D2063616C6363
:10525000756C6174696F6E0D0A0000006669726D8D
:10526000776172655F7570646174653A20666E7609
:105270005F3332615F6861736820726573756C7447
:105280003A2030782530386C780D0A006669726DE6
:10529000776172655F7570646174653A206D616EE7
:1052A00075616C20464E562D3332612072657375E0
:1052B0006C743A2030782530386C780D0A00000084
:1052C0006669726D776172655F7570646174653A65
:1052D00020636865636B73756D206D6574686F64BA
:1052E00073206D617463680D0A0000006669726D59
:1052F000776172655F7570646174653A2063686593
:10530000636B73756D206D6574686F647320646979
:1053100066666572210D0A007472756500000000F2
:1053200066616C73650000006669726D7761726515
:105330005F7570646174653A20636F707920696E7F
:105340007465726E616C20666C61736820746F2086
:1053500065787465726E616C20666C6173680D0AA5
:10536000000000006669726D776172655F75706438
:105370006174653A2065787465726E616C20666C44
:10538000617368206E6F7420696E697469616C69FD
:105390007A65640D0A0000006669726D7761726556
:1053A0005F7570646174653A2062696E617279201C
:1053B00073697A653A20256C752062797465730D7E
:1053C0000A0000006669726D776172655F757064CE
:1053D0006174653A206661696C656420746F206150
:1053E0006C6C6F6361746520314B42206275666638
:1053F00065720D0A000000006669726D7761726562
:105400005F7570646174653A206661696C656420DB
:10541000746F20616C6C6F6361746520353132424A
:10542000206275666665720D0A0000006669726D1D
:10543000776172655F7570646174653A2075736930
:105440006E672035313242206275666665720D0ADC
:10545000000000006669726D776172655F75706447
:105460006174653A206661696C656420746F2072AE
:1054700065616420617070206E616D650D0A0000C9
:105480006669726D776172655F7570646174653AA3
:10549000206661696C656420746F207265616420A8
:1054A0006170702076657273696F6E0D0A0000007E
:1054B0006669726D776172655F7570646174653A73
:1054C00020617070206E616D653A2025730D0A00B1
:1054D0006669726D776172655F7570646174653A53
:1054E000206170702076657273696F6E3A20257343
:1054F0000D0A00006669726D776172655F75706490
:105500006174653A206661696C656420746F20720D
:105510006561642062696E617279206368756E6B83
:105520002061742030782530386C780D0A00000036
:105530006669726D776172655F7570646174653AF2
:105540002063616C63756C61746564206368656376
:105550006B73756D3A2030782530386C780D0A0001
:105560006669726D776172655F7570646174653AC2
:10557000206661696C656420746F20657261736573
:1055800020696E666F20736563746F720D0A000088
:105590006669726D776172655F7570646174653A92
:1055A000206661696C656420746F20777269746528
:1055B000206669726D7761726520696E666F0D0A8B
:1055C000000000006669726D776172655F757064D6
:1055D0006174653A206669726D7761726520696EE3
:1055E000666F207772697474656E20737563636586
:1055F000737366756C6C790D0A0000006669726DD4
:10560000776172655F7570646174653A206661697F
:105610006C656420746F2072656164206261636BE5
:10562000206669726D7761726520696E666F2066AB
:105630006F7220766572696669636174696F6E0D59
:105640000A0000006669726D776172655F7570644B
:105650006174653A20766572696679696E6720665D
:1056600069726D7761726520696E666F202D207694
:10567000616C696420666C61673A2025730D0A00CD
:105680006669726D776172655F7570646174653AA1
:105690002065726173696E6720256C752073656380
:1056A000746F727320666F722062696E6172792006
:1056B000646174610D0A00006669726D77617265DC
:1056C0005F7570646174653A2065726173696E67B5
:1056D00020736563746F7220256C752061742030AF
:1056E000782530386C780D0A000000006669726D0C
:1056F000776172655F7570646174653A206661698F
:105700006C656420746F20657261736520736563D6
:10571000746F7220256C750D0A0000006669726D49
:10572000776172655F7570646174653A20616C6C55
:1057300020736563746F7273206572617365642092
:105740007375636365737366756C6C790D0A00001D
:105750006669726D776172655F7570646174653AD0
:10576000206661696C656420746F20777269746566
:105770002062696E617279206368756E6B20746F48
:105780002065787465726E616C20666C6173682048
:1057900028726574727920256C75290D0A00000045
:1057A0006669726D776172655F7570646174653A80
:1057B000206661696C656420746F20616C6C6F6336
:1057C00061746520766572696679206275666665C2
:1057D000720D0A006669726D776172655F7570643B
:1057E0006174653A206661696C656420746F20722B
:1057F000656164206261636B206368756E6B20660F
:105800006F7220766572696669636174696F6E2074
:1058100028726574727920256C75290D0A000000C4
:105820006669726D776172655F7570646174653AFF
:1058300020766572696669636174696F6E2066615E
:10584000696C6564206174206F66667365742025D9
:105850006C753A2065787065637465643D307825B1
:105860003032782C20676F743D30782530327820C4
:1058700028726574727920256C75290D0A00000064
:105880006669726D776172655F7570646174653A9F
:10589000206368756E6B2076657269666965642041
:1058A0007375636365737366756C6C790D0A0000BC
:1058B0006669726D776172655F7570646174653A6F
:1058C00020636F7069656420616E6420766572691B
:1058D0006669656420256C752062797465732C2077
:1058E000256C752072656D61696E696E670D0A00C1
:1058F0006669726D776172655F7570646174653A2F
:10590000206368756E6B2076657269666963617481
:10591000696F6E206661696C65642C2072657472B3
:1059200079696E672E2E2E0D0A0000006669726D71
:10593000776172655F7570646174653A2075706433
:105940006174696E67206669726D7761726520693E
:105950006E666F2076616C696420666C6167207486
:105960006F20747275650D0A000000006669726D23
:10597000776172655F7570646174653A206661690C
:105980006C656420746F20657261736520696E6652
:105990006F20736563746F7220666F722076616C1E
:1059A000696420666C6167207570646174650D0AB6
:1059B000000000006669726D776172655F757064E2
:1059C0006174653A206661696C656420746F207546
:1059D0007064617465206669726D776172652069B3
:1059E0006E666F2061732076616C69640D0A000039
:1059F0006669726D776172655F7570646174653A2E
:105A0000206661696C656420746F20726561642032
:105A10006261636B2066696E616C206669726D7786
:105A200061726520696E666F0D0A00006669726DAD
:105A3000776172655F7570646174653A2066696E3E
:105A4000616C206669726D7761726520696E666F40
:105A5000202D2076616C696420666C61673A202590
:105A6000730D0A006669726D776172655F757064A7
:105A70006174653A205741524E494E47202D207699
:105A8000616C696420666C616720776173206E6F5A
:105A9000742073657420636F72726563746C79210E
:105AA0000D0A00006669726D776172655F757064DA
:105AB0006174653A20636F707920636F6D706C65F7
:105AC000746564207375636365737366756C6C7954
:105AD00020776974682076657269666963617469A4
:105AE0006F6E0D0A000000006669726D7761726565
:105AF0005F7570646174653A206661696C656420E5
:105B0000746F20777269746520616E6420766572A7
:105B1000696679206368756E6B20616674657220B2
:105B2000256C7520726574726965730D0A0000003A
:105B30006669726D776172655F7570646174653AEC
:105B400020636F70792065787465726E616C206671
:105B50006C61736820746F20696E7465726E616C1D
:105B600020666C6173680D0A000000006669726D42
:105B7000776172655F7570646174653A20636F6DFB
:105B80007061726520696E7465726E616C20666CFE
:105B900061736820746F2065787465726E616C2023
:105BA000666C6173680D0A006669726D7761726573
:105BB0005F7570646174653A206661696C65642024
:105BC000746F20726561642065787465726E616CB3
:105BD000206669726D7761726520696E666F0D0A65
:105BE000000000006669726D776172655F757064B0
:105BF0006174653A2065787465726E616C206170BD
:105C000070206E616D653A2025730D0A000000005A
:105C10006669726D776172655F7570646174653A0B
:105C20002065787465726E616C2061707020766595
:105C30007273696F6E3A2025730D0A006669726D82
:105C4000776172655F7570646174653A2065787418
:105C500065726E616C2066696C652073697A653A5D
:105C600020256C752062797465730D0A00000000B0
:105C70006669726D776172655F7570646174653AAB
:105C80002065787465726E616C20636865636B7300
:105C9000756D3A2030782530386C780D0A00000098
:105CA0006669726D776172655F7570646174653A7B
:105CB0002065787465726E616C2076616C69642011
:105CC000666C61673A2025730D0A00006669726D83
:105CD000776172655F7570646174653A2065787488
:105CE00065726E616C206669726D7761726520699C
:105CF0006E666F20696E6469636174657320696E96
:105D000076616C69642F636F72727570746564205C
:105D1000636F70790D0A00006669726D7761726554
:105D20005F7570646174653A206661696C656420B2
:105D3000746F207265616420696E7465726E616C47
:105D400020617070206E616D650D0A006669726D6C
:105D5000776172655F7570646174653A2066616928
:105D60006C656420746F207265616420696E74656F
:105D7000726E616C206170702076657273696F6EEF
:105D80000D0A00006669726D776172655F757064F7
:105D90006174653A20696E7465726E616C20617021
:105DA00070206E616D653A2025730D0A00000000B9
:105DB0006669726D776172655F7570646174653A6A
:105DC00020696E7465726E616C20617070207665FA
:105DD0007273696F6E3A2025730D0A006669726DE1
:105DE000776172655F7570646174653A2061707087
:105DF000206E616D65206D69736D617463680D0A55
:105E0000000000006669726D776172655F7570648D
:105E10006174653A206170702076657273696F6E87
:105E2000206D69736D617463680D0A006669726D37
:105E3000776172655F7570646174653A2066696C3C
:105E4000652073697A65206D69736D61746368207C
:105E50002D2065787065637465643A20256C752C17
:105E600020676F743A20256C750D0A006669726DA3
:105E7000776172655F7570646174653A2066616907
:105E80006C656420746F20616C6C6F636174652055
:105E9000636F6D70617269736F6E2062756666659F
:105EA00072730D0A000000006669726D7761726599
:105EB0005F7570646174653A207374617274696EA1
:105EC0006720627974652D62792D6279746520632B
:105ED0006F6D70617269736F6E0D0A006669726D25
:105EE000776172655F7570646174653A2066616997
:105EF0006C656420746F207265616420696E7465DE
:105F0000726E616C2062696E617279206368756E71
:105F10006B2061742030782530386C780D0A0000D1
:105F20006669726D776172655F7570646174653AF8
:105F3000206661696C656420746F207265616420FD
:105F400065787465726E616C2062696E6172792029
:105F50006368756E6B2061742030782530386C78FA
:105F60000D0A00006669726D776172655F75706415
:105F70006174653A206669727374203136206279E3
:105F800074657320636F6D70617269736F6E3A0D23
:105F90000A0000006669726D776172655F757064F2
:105FA0006174653A20696E7465726E616C3A2000A6
:105FB00030782530327820000D0A00006669726D55
:105FC000776172655F7570646174653A2065787495
:105FD00065726E616C3A20006669726D77617265F8
:105FE0005F7570646174653A2062696E61727920D0
:105FF00064617461206D69736D617463682061749C
:10600000206F666673657420256C7520286368753B
:106010006E6B206F666673657420256C75290D0A9A
:10602000000000006669726D776172655F7570646B
:106030006174653A206D69736D6174636820617481
:10604000206279746520256C753A20696E746572DA
:106050006E616C3D3078253032782C20657874651F
:10606000726E616C3D3078253032780D0A00000088
:106070006669726D776172655F7570646174653AA7
:1060800020636F6D706172656420256C7520627984
:106090007465732C20256C752072656D61696E695D
:1060A0006E670D0A000000006669726D77617265A7
:1060B0005F7570646174653A20627974652D6279E8
:1060C0002D6279746520636F6D70617269736F6E94
:1060D000204641494C45440D0A0000006669726D36
:1060E000776172655F7570646174653A2062797476
:1060F000652D62792D6279746520636F6D706172B0
:1061000069736F6E20504153534544202D20616CBC
:106110006C2064617461206D6174636865730D0A3D
:10612000000000006669726D776172655F7570646A
:106130006174653A207374617274696E6720636874
:1061400065636B73756D20636F6D70617269736FDA
:106150006E0D0A006669726D776172655F757064B5
:106160006174653A206661696C656420746F2072A1
:1061700065616420696E7465726E616C2062696E1F
:10618000617279206368756E6B20666F7220636838
:1061900065636B73756D0D0A000000006669726DB2
:1061A000776172655F7570646174653A20696E74B9
:1061B00065726E616C20636865636B73756D3A2000
:1061C00030782530386C780D0A0000006669726DF1
:1061D000776172655F7570646174653A20636865A4
:1061E000636B73756D20636F6D70617269736F6E31
:1061F000204641494C45440D0A0000006669726D15
:10620000776172655F7570646174653A2063686573
:10621000636B73756D206D69736D61746368202D98
:1062200020696E7465726E616C3A20307825303862
:106230006C782C2065787465726E616C3A203078C9
:106240002530386C780D0A006669726D7761726569
:106250005F7570646174653A20636865636B73751C
:106260006D20636F6D70617269736F6E2050415362
:106270005345440D0A0000006669726D77617265CE
:106280005F7570646174653A20636F6D70617269E7
:10629000736F6E20636F6D706C65746564207375C9
:1062A000636365737366756C6C79202D20616C6C0B
:1062B000206461746120616E6420636865636B7340
:1062C000756D73206D617463680D0A006669726D87
:1062D000776172655F7570646174653A20646F7789
:1062E0006E6C6F61642062696E61727920746F20D8
:1062F00065787465726E616C20666C617368206687
:10630000726F6D2025730D0A000000006669726DC2
:10631000776172655F7570646174653A206E65744B
:10632000776F726B206E6F742072656164790D0AED
:10633000000000006669726D776172655F75706458
:106340006174653A206661696C656420746F206FC2
:1063500070656E20485454502073747265616D0DE1
:106360000A000000756E61737369676E65640000F2
:106370006669726D776172655F7570646174653AA4
:106380002065726173696E6720696E666F20736540
:1063900063746F722061742030782530386C780D0A
:1063A0000A0000006669726D776172655F757064DE
:1063B0006174653A2065726173696E6720256C753A
:1063C00020736563746F727320666F722062696EEA
:1063D0006172792064617461202862696E617279EA
:1063E0002073697A653A20256C752062797465732B
:1063F000290D0A006669726D776172655F75706458
:106400006174653A207374617274696E6720646F99
:10641000776E6C6F61642E2E2E0D0A006669726DA8
:10642000776172655F7570646174653A2075736930
:106430006E6720646F776E6C6F616420627566664C
:1064400065722073697A653A20256C7520627974CB
:1064500065730D0A000000006669726D77617265F0
:106460005F7570646174653A206275666665722056
:1064700066756C6C2C20666C757368696E67207429
:106480006F20666C6173680D0A0000006669726DAA
:10649000776172655F7570646174653A20666169E1
:1064A0006C656420746F20666C7573682062756615
:1064B00066657220746F20666C6173680D0A000057
:1064C0006669726D776172655F7570646174653A53
:1064D000206572726F722072656164696E672066F2
:1064E000726F6D20485454502073747265616D0D45
:1064F0000A0000006669726D776172655F7570648D
:106500006174653A20646F776E6C6F616420636FAD
:106510006D706C6574650D0A000000006669726D2F
:10652000776172655F7570646174653A2072656346
:1065300065697665642025642062797465732C2012
:10654000746F74616C3A20256C750D0A00000000B0
:106550006669726D776172655F7570646174653AC2
:106560002072656163686564206578706563746531
:10657000642062696E6172792073697A650D0A0020
:106580006669726D776172655F7570646174653A92
:1065900020666C757368696E672066696E616C2031
:1065A000256C7520627974657320746F20666C6148
:1065B00073680D0A000000006669726D776172658C
:1065C0005F7570646174653A20706164646564200D
:1065D0007769746820256C752062797465732074FE
:1065E0006F20636F6D706C65746520706167650DF9
:1065F0000A0000006669726D776172655F7570648C
:106600006174653A206661696C656420746F2077F7
:10661000726974652066696E616C20627566666574
:10662000726564206461746120746F20666C6173AC
:10663000680D0A006669726D776172655F757064D6
:106640006174653A2066696E616C206461746120D2
:10665000746F6F206C6172676520666F722076655B
:1066600072696669636174696F6E206275666665DA
:10667000720D0A006669726D776172655F7570648C
:106680006174653A206661696C656420746F20727C
:10669000656164206261636B2066696E616C206471
:1066A00061746120666F72207665726966696361E4
:1066B00074696F6E0D0A00006669726D77617265AC
:1066C0005F7570646174653A2066696E616C206400
:1066D00061746120766572696669636174696F6E61
:1066E000206661696C6564206174206F66667365FD
:1066F0007420256C753A2065787065637465643D17
:106700003078253032782C20676F743D3078253012
:1067100032780D0A000000006669726D776172655B
:106720005F7570646174653A2066696E616C20649F
:1067300061746120766572696669636174696F6E00
:10674000206661696C65640D0A0000006669726DFF
:10675000776172655F7570646174653A2066696E11
:10676000616C206461746120766572696669656434
:10677000207375636365737366756C6C790D0A00BD
:106780006669726D776172655F7570646174653A90
:1067900020646F776E6C6F616420636F6D706C65E1
:1067A000746564207375636365737366756C6C7967
:1067B0003A20256C752062797465730D0A0000001B
:1067C0006669726D776172655F7570646174653A50
:1067D000206661696C656420746F20726561642055
:1067E0006E616D652066726F6D20646F776E6C6F81
:1067F000616465642062696E6172790D0A0000004F
:106800006669726D776172655F7570646174653A0F
:10681000206661696C656420746F20726561642014
:1068200076657273696F6E2066726F6D20646F7724
:106830006E6C6F616465642062696E6172790D0AC5
:10684000000000006669726D776172655F75706443
:106850006174653A20657874726163746564206E52
:10686000616D653A20272573272C20766572736940
:106870006F6E3A20272573270D0A00006669726D36
:10688000776172655F7570646174653A20646F77D3
:106890006E6C6F616420616E6420766572696669F2
:1068A000636174696F6E20636F6D706C657465648D
:1068B000207375636365737366756C6C790D0A007C
:1068C0006E6F6E65000000006669726D77617265BB
:1068D0005F7570646174653A206661696C656420F7
:1068E000746F2067657420696E7465726E616C20C8
:1068F00076657273696F6E0D0A0000006C617465D5
:10690000737420E29C9300006E6F74206C61746558
:10691000737420E29C97000076616C696420E29CAD
:1069200093000000696E76616C696420E29C9700B8
:106930006669726D776172655F7570646174653ADE
:1069400020696E7465726E616C3A20257320257320
:106950002025730D0A0000006669726D776172650B
:106960005F7570646174653A2065787465726E61F4
:106970006C3A2025732025732025730D0A00000032
:106980006669726D776172655F7570646174653A8E
:1069900020696E69740D0A0098F7BD270100022472
:1069A0004808B1AF4408B0AF6408BFAF6008B7AFE4
:1069B0005C08B6AF5808B5AF5408B4AF5008B3AFD1
:1069C0004C08B2AF258880001800A2100400908CFB
:1069D0000000828C039D053CB45EA5240000428C1F
:1069E00009F84000252000020000228E039D053C8E
:1069F000C85EA5240000428C09F840002520000252
:106A00006408BF8F6008B78F5C08B68F5808B58FD1
:106A10005408B48F5008B38F4C08B28F4808B18F18
:106A20004408B08F0800E0036808BD27163A400FFD
:106A30002598000025B04000039D153CF1FF76121B
:106A40006408BF8F193A400F2520600225204000BE
:106A5000F744400F2590400001000324F7FF435402
:106A6000010073264B3A400F2520400225A040002C
:106A70000000228E039D053C253080020400428CDC
:106A8000D85EA52409F84000252000022808A62782
:106A90001008A527293B400F252040024500401043
:106AA0000000238E0400628C039D053CFC5EA5243F
:106AB00009F84000252000021808A38F0000228E4C
:106AC0001408A78F1000A3AF0400428C1008A68FF3
:106AD000039D053C145FA52409F840002520000211
:106AE0002408A38F0000228E2008A78F1000A3AFD8
:106AF0001C08A68F0400428C039D053C585FA5240A
:106B000009F84000252000020000228E039D053C6C
:106B1000A45FA5240400428C09F84000252000024F
:106B20003408A38F0000228E2C08A78F1400A3AF77
:106B30003008A38F2808A68F039D053C1000A3AF43
:106B40000400428CC05FA52409F840002520000203
:106B50000000228E039D053C253080020400428CFB
:106B60002C60A52409F84000252000023808A7273A
:106B7000320006241800A5273C3B400F2520400288
:106B80001F00401025A000000C08A0A31800B22789
:106B9000039D173C3808A28F2B108202030040107F
:106BA000320002240900821625284002A3FF0010AB
:106BB000010073260000628C1860A52609F84000C9
:106BC00025200002E3FF00100000228E240006248E
:106BD0009466410FE807A4270000228E2400478E08
:106BE000E807A6270400428C5860E52609F8400013
:106BF0002520000228005226E6FF001001009426FE
:106C00000000228E1860A5260000428C09F8400082
:106C10002520000289FF001001007326C8FFBD2750
:106C20000200A5282000B2AF1C00B1AF3400BFAFF6
:106C30003000B6AF2C00B5AF2800B4AF2400B3AF1E
:106C40001800B0AF258880003600A0140400928C94
:106C50002510C0000400448C1000A6270A0005245B
:106C60009A77400F1000A0AF1000A28FFFFF4324BF
:106C70000300632C11006014039D053C0000228E6C
:106C8000030006240400428C6860A52409F8400033
:106C9000252040023400BF8F3000B68F2C00B58F06
:106CA0002800B48F2400B38F2000B28F1C00B18F56
:106CB0001800B08F0800E0033800BD2701005324FE
:106CC000010014241000A2AF1000A48F2B10930019
:106CD000F0FF4010059D033C80100400306F6324DA
:106CE0002110430025280000C944400F0000558CA6
:106CF000100040142580400007008012039D053CD1
:106D00000000228E2530A0020400428C8C60A52455
:106D100009F84000252040021000A28FE9FF001072
:106D20000100422425A0000004001324E5FF001008
:106D3000010002241000428C09F8400025200002C6
:106D40000000238E039D053C253840000400638C21
:106D50002530A002B060A52409F86000252040027B
:106D60000000228E0400558C1400028E09F84000A9
:106D700025200002039D053C25304000E860A52445
:106D800009F8A002252040020000228E0400558C44
:106D90001800028E09F840002520000225B04000AE
:106DA0001C00028E09F8400025200002039D053CCE
:106DB000253840002530C0021061A52409F8A00242
:106DC000252040020000228E0400558C2000028EF7
:106DD00009F8400025200002039D053C25304000B5
:106DE0002520400209F8A0024861A5240000228E57
:106DF000039D053C6061A5240000428C09F8400019
:106E000025204002C5FF00101000A28FC0FFBD2743
:106E10000200A5283000B1AF2C00B0AF3C00BFAFDE
:106E20003800B3AF3400B2AF258080001400A0104A
:106E30000400918C0000828C039D053CA461A52474
:106E40000000428C09F84000252020020000028E3C
:106E5000039D053CC861A5240000428C09F8400050
:106E6000252020023C00BF8F3800B38F3400B28F42
:106E70003000B18F2C00B08F0800E0034000BD2728
:106E80000400D28C039D053CE461A524E165410F1B
:106E9000252040022800401425280000EC41400F26
:106EA0002520000025904000FFFF0224050042122B
:106EB000039D053C0000028EE861A524E7FF001059
:106EC0000000428CB880858F0600A01418000624AC
:106ED0000000028E039D053CFC61A524DFFF00102D
:106EE0000000428CD665410F1000A4270000028EDE
:106EF0001800A68F039D053C0400428C1C62A5244B
:106F000009F84000252020021000A527EC41400F81
:106F10002520000006005250039D053C039D053CC2
:106F20008C61A5240000028ECCFF00100000428C72
:106F3000FCFF00107861A524039D053C4862A52450
:106F4000E165410F25204002C6FF401425280000BE
:106F5000EC41400F2520000025984000FFFF02244F
:106F60000600621601A0123C0000028E039D053C43
:106F70005062A524B9FF00100000428CC83245269B
:106F8000B739400F25206002C83252262520600202
:106F90001842400FB88092AF0000028E039D053C5E
:106FA0007862A524ADFF00100000428C80FFBD2751
:106FB000030002246C00B1AF6800B0AF7C00BFAF2B
:106FC0007800B4AF7400B3AF7000B2AF2588800012
:106FD0004C00A0AF5000A0AF5400A0AF5800A0AF2D
:106FE0005C00A0AF6000A0AF1500A2100400908C60
:106FF0000000828C039D053C8C62A5240000428C1D
:1070000009F84000252000020000228E039D053C67
:10701000B062A5240000428C09F84000252000023F
:107020007C00BF8F7800B48F7400B38F7000B28F74
:107030006C00B18F6800B08F0800E0038000BD27AE
:107040000400C48C513C400F25A0C0000600401431
:10705000259040000000228E039D053CC862A524B7
:10706000EDFF00100000428C243A400F2520400024
:107070000800948E039D053CE461A5242520800230
:10708000E165410F259840002C004014039D053C0C
:10709000963C400F25204002060040502528000065
:1070A0000000228E039D053CE862A524DAFF001053
:1070B0000000428CEC41400F2520000025204000BC
:1070C000B739400F4C00A5275000A28F060040544E
:1070D0003C0005240000228E039D053C0463A5248A
:1070E000CDFF00100000428CFFFF73320218657262
:1070F0001000A4273C000624D665410F2128620019
:10710000039D023C2C6342241000A5272520400249
:10711000FE3F400F3000A2AF0000238E1C00401045
:107120000000638C039D053C7463A52409F860008E
:1071300025200002BBFF00107C00BF8F4862A52401
:10714000E165410F252080020D0040540000228E91
:10715000963C400F2520400205004014039D053C4D
:107160000000228E3463A524ABFF00100000428C87
:10717000E83F400F25204002E8FF00100000238E6A
:10718000039D053C5463A524A3FF00100000428C1E
:10719000039D053CE5FF00108C63A524D0FFBD27AF
:1071A000030002242000B1AF1C00B0AF2C00BFAF21
:1071B0002800B3AF2400B2AF258880001400A210CD
:1071C0000400908C0000828C039D053CA063A524E4
:1071D0000000428C09F84000252000020000228EA9
:1071E000039D053CCC63A5240000428C09F84000B7
:1071F000252000022C00BF8F2800B38F2400B28FFF
:107200002000B18F1C00B08F0800E0033000BD27C4
:107210000400C48C513C400F2590C00025984000CC
:10722000050060160000228E039D053C0000428C84
:10723000EEFF0010C862A5240400428C0800468EB0
:10724000039D053CF863A52409F8400025200002B1
:107250000800448E9E71400F1000A52705004014C1
:10726000039D053C0000228E0864A524DFFF00106A
:107270000000428C1000A527F13A400F2520600243
:10728000DCFF4014039D053C0000228E2864A524E9
:10729000D6FF00100000428CE0FFBD27030002244F
:1072A0001400B1AF1000B0AF1C00BFAF1800B2AFF8
:1072B000258080001200A2100400918C0000828CB6
:1072C000039D053C7064A5240000428C09F8400031
:1072D000252020020000028E039D053C9864A52411
:1072E0000000598C252020021C00BF8F1800B28F8F
:1072F0001400B18F1000B08F080020032000BD27BC
:107300000400C48C513C400F2590C000050040147F
:10731000039D053C0000028EC862A524F1FF001009
:107320000000598C0800458E063B400F2520400088
:1073300006004054039D053C039D053C5864A5246C
:107340000000028EE7FF00100000598CFCFF0010C7
:107350004464A524C0FFBD270300A5283000B1AFB9
:107360002C00B0AF3C00BFAF3800B3AF3400B2AFB9
:10737000258080001400A0100400918C0000828CF5
:10738000039D053CFC64A5240000428C09F84000E4
:10739000252020020000028E039D053C3865A524AF
:1073A0000000428C09F84000252020023C00BF8FDD
:1073B0003800B38F3400B28F3000B18F2C00B08F03
:1073C0000800E0034000BD270400C48C513C400F7E
:1073D0002590C00006004014259840000000028E51
:1073E000039D053CC862A524EEFF00100000428CFE
:1073F0000800448EE86F400F2000A5270B00405086
:107400000800448E2000A527B53A400F25206002D1
:107410000D004054039D053C039D053CDC64A52400
:107420000000028EDFFF00100000428C3670400F1B
:107430001000A5270000028E039D053C5C65A52475
:10744000D8FF00100000428CF5FF0010C064A52496
:10745000C0FFBD270300A2282C00B1AF2800B0AFA9
:107460003C00BFAF3800B4AF3400B3AF3000B2AFB0
:1074700025808000150040100400918C0000828C53
:10748000039D053CA865A5240000428C09F8400036
:10749000252020020000028E039D053CF065A524F6
:1074A0000000428C09F84000252020023C00BF8FDC
:1074B0003800B48F3400B38F3000B28F2C00B18FFE
:1074C0002800B08F0800E0034000BD270400C48CF2
:1074D00025A0A000513C400F2598C0000600401494
:1074E000259040000000028E039D053CC862A52443
:1074F000ECFF00100000428C4200429440004230F9
:1075000005004014039D053C0000028E2066A52462
:10751000E4FF00100000428C0800648EE86F400F0A
:107520002000A52709004014000000000800648E18
:107530003670400F1000A5270000028E039D053C09
:107540005C65A524D7FF00100000428CEA3C400F88
:107550002520400205004010039D053C0000028EDE
:107560003C66A524CFFF00100000428C03000224DB
:107570000A008212253000000C00648EE86F400F74
:107580001000A52710004014039D053C0000028E4A
:107590008466A524C3FF00100000428C010007246C
:1075A0002000A527B33C400F25204002080040548E
:1075B000039D053C039D053C9065A5240000028EBB
:1075C000B8FF00100000428CF4FF00101000A62746
:1075D000FAFF00107C65A524C8FFBD270300A22880
:1075E0002000B1AF1C00B0AF3400BFAF3000B5AF6A
:1075F0002C00B4AF2800B3AF2400B2AF25808000C8
:10760000160040100400918C0000828C039D053C04
:10761000B066A5240000428C09F840002520200215
:107620000000028E039D053CD066A5240000428C1C
:1076300009F84000252020023400BF8F3000B58FAC
:107640002C00B48F2800B38F2400B28F2000B18F9C
:107650001C00B08F0800E0033800BD270400C48C74
:1076600025A8A000513C400F2598C00006004014FA
:10767000259040000000028E039D053CF066A52485
:10768000EBFF00100000428C0800648EE86F400F92
:107690001400A52705004014039D053C0000028E40
:1076A0001067A524E2FF00100000428C01001424A2
:1076B000030002241100A2161000B4AF1400A52785
:1076C000D83A400F252040021F004014039D073C7C
:1076D000039D073CA866E7240000028E1000A68FD9
:1076E000039D053C0400428C4467A52409F8400032
:1076F00025202002D1FF00103400BF8F0C00648EC3
:107700001000A6279A77400F0A0005241000A38FC7
:10771000FFFF62240200422C05004014039D053C3B
:107720000000028E3067A524C1FF00100000428CCB
:10773000E2FF74101400A527E23A400F2520400212
:10774000E1FF001000000000E3FF0010A066E72446
:1077500078FFBD270300A2287400B2AF7000B1AF5C
:107760006C00B0AF8400BFAF8000B5AF7C00B4AF99
:107770007800B3AF258880002590C0001800401025
:107780000400908C0000828C0000C68C039D053C98
:107790000400428C7867A52409F8400025200002E7
:1077A0000000228E0000468E039D053C0400428CA2
:1077B000B067A52409F84000252000028400BF8F8F
:1077C0008000B58F7C00B48F7800B38F7400B28FC7
:1077D0007000B18F6C00B08F0800E0038800BD27F7
:1077E0000400C48C25A8A000513C400F6000A0AF4D
:1077F00009004014259840000000228E039D053C9E
:10780000C867A5240000428C09F84000252000022A
:10781000EBFF00108400BF8F0800548E039D053CD1
:10782000DC67A524E165410F252080029700401008
:10783000039D053CE067A524E165410F25208002FA
:10784000AC004010039D053CE467A524E165410FB1
:1078500025208002A3004010039D053CEC67A52471
:10786000E165410F2520800210004014030002242E
:107870000500A216039D053C0000228EF467A52496
:10788000E1FF00100000428C0C00448EE86F400FB6
:107890006000A5278E004014039D053C0000228E49
:1078A0005C65A524D8FF00100000428C039D053CB8
:1078B0001468A524E165410F252080026F00405423
:1078C0000000228E1800A527F265400F25206002D7
:1078D000660040100000238E1C00A28F1800A68FA7
:1078E000039D053C1000A2AF0400628C0900072430
:1078F0001C68A52409F84000252000021800A28F6A
:107900000900422CADFF4014039D053C0000228E6F
:107910004C00A0A32400A78F0400428C2000A68F57
:107920004868A52409F84000252000020000228EA6
:107930002C00A78F2800A68F0400428C039D053CD5
:107940007068A52409F840002520000214000624D0
:107950004C00A5275377400F3000A4270000228E4B
:10796000039D053C4C00A6270400428C9868A52482
:1079700009F8400025200002140006244C00A52729
:107980005377400F3800A4270000228E039D053C4A
:107990004C00A6270400428CAC68A52409F84000DE
:1079A000252000023C00A68F2E00C050039D063CFF
:1079B0000000C2802B004050039D063C0000228E38
:1079C000039D053CC068A5240400428C09F84000D2
:1079D000252000024000A293040040104400A48F20
:1079E000140006245377400F4C00A5274000A693AF
:1079F0000300C0144C00A727039D073C6867E724D9
:107A00000000228E039D053CD868A5240400428C0A
:107A100009F84000252000024100A2930400401014
:107A20004800A48F140006245377400F4C00A5276C
:107A30004100A6930300C0144C00A727039D073CF8
:107A40006867E7240000228E039D053CF468A524A6
:107A50000400428C09F840002520000258FF001065
:107A60008400BF8FD5FF00105C67C624039D053CD2
:107A70000000628C64FF00101069A524039D053C82
:107A80002C69A52460FF00100000428CF964400FAF
:107A9000252060021B004014039D023C039D023C14
:107AA000706742240000238E1000A2AF0800478EAA
:107AB0000400628C0000468E039D053C4069A524AD
:107AC00009F84000252000023DFF00108400BF8F10
:107AD0006000A58F0765400F25206002EDFF0010B4
:107AE000000000000065400F25206002E9FF001043
:107AF00000000000CD64400F25206002E5FF00106B
:107B000000000000E7FF0010A0664224C0FFBD2770
:107B10000200A2282C00B1AF2800B0AF3C00BFAFDC
:107B20003800B4AF3400B3AF3000B2AF258080006E
:107B3000420040140400918C0400D28C25A0A000C7
:107B4000039D053C6069A52425204002E165410FA5
:107B50002598C0000E004014020002243800825212
:107B60000000028E513C400F0800648E1D0040143E
:107B7000039D053C0000028EC862A5240000428CD3
:107B800009F8400025202002230000103C00BF8F90
:107B9000039D053C6469A524E165410F2520400251
:107BA000270040540000028ECA39400F0000000038
:107BB0002520400014000624523A400F1000A5274B
:107BC000030040141000A627039D063C6867C624E6
:107BD0000000028E039D053C8469A5240B00001063
:107BE0000400428CCC39400F252040001100401485
:107BF000039D063C039D063C5869C6240000028E86
:107C0000039D053C6869A5240400428C09F84000E6
:107C1000252020023C00BF8F3800B48F3400B38F82
:107C20003000B28F2C00B18F2800B08F0800E00325
:107C30004000BD27F1FF00104C69C6240000028EF1
:107C4000039D053CA069A5240000428C09F8400072
:107C5000252020020000028E039D053CC469A52456
:107C6000C7FF00100000428CB8FFBD270300A52805
:107C70003000B1AF2C00B0AF4400BFAF4000B5AF93
:107C80003C00B4AF3800B3AF3400B2AF2580800001
:107C9000CE00A0140400918C0000828C039D053C52
:107CA0002C6AA5240000428C09F8400025202002FF
:107CB0000000028E039D053C406AA5240000428C12
:107CC00009F84000252020024400BF8F4000B58FF6
:107CD0003C00B48F3800B38F3400B28F3000B18FC6
:107CE0002C00B08F0800E0034800BD27193A400F70
:107CF0002520600225204000140006241000A5273E
:107D0000523A400F259040000000028E252040028C
:107D10004B3A400F0400558C039D053C2520200262
:107D2000253840001000A62709F8A002506AA524B3
:107D3000963C400F252040020E0040140000000039
:107D40000000028E039D053C7C6AA5240000428C45
:107D500009F840002520200201007326BC80828F94
:107D60002B106202E1FF40144400BF8FD8FF0010C7
:107D70004000B58F013B400F252040020000038EDC
:107D8000039D053C253040000400638C906AA524C7
:107D900009F8600025202002BD3D400F252040024B
:107DA000140006241000A5272400A4275377400FB1
:107DB0002400A2AF0000028E039D053C1000A62700
:107DC0000400428CB46AA52409F840002520200252
:107DD000F93D400F25204002140006241000A5277D
:107DE0002400A4275377400F2400A2AF0000028E86
:107DF000039D053C1000A6270400428CC86AA524F8
:107E000009F8400025202002C03A400F25204002FA
:107E1000140006241000A5272400A4275377400F40
:107E20002400A2AF0000028E039D053C1000A6278F
:107E30000400428CD46AA52409F8400025202002C1
:107E4000C83A400F25204002140006241000A52740
:107E50002400A4275377400F2400A2AF0000028E15
:107E6000039D053C1000A6270400428CE46AA5246B
:107E700009F8400025202002D03A400F252040027A
:107E8000140006241000A5272400A4275377400FD0
:107E90002400A2AF0000028E039D053C1000A6271F
:107EA0000400428CF06AA52409F840002520200235
:107EB000B63E400F25204002252040001400062435
:107EC0007977400F1000A5270000028E039D053C26
:107ED0001000A6270400428CFC6AA52409F8400083
:107EE000252020022565400F252040023000401447
:107EF00025A84000039D063CE469C6240000028ECC
:107F0000039D053C106BA5240400428C09F8400039
:107F1000252020020C00A016252040020000028E21
:107F20000E65400F0400558C24004014039D063C50
:107F3000039D063C006AC624039D053C1C6BA524DA
:107F400009F8A002252020020000028E2520400210
:107F5000513E400F0400558C1A004054039D063CCE
:107F6000039D063C106AC624039D053C2C6BA5248A
:107F700009F8A002252020020000028E25204002E0
:107F8000663E400F0400558C0300401425308002EB
:107F9000039D063C206AC624039D053C3C6BA5243A
:107FA00009F8A002252020026CFF001001007326B2
:107FB000039D063CD1FF0010DC69C624DEFF0010E3
:107FC000F869C624E8FF00100C6AC624039D143C1F
:107FD0002598000061FF0010186A9426D8FFBD277D
:107FE000030002241C00B2AF1800B1AF1400B0AF00
:107FF0002400BFAF2000B3AF259080002588C000CB
:108000001500A2100400908C0000828C0000C68C29
:10801000039D053C0400428C4C6BA52409F84000EC
:10802000252000020000428E0000268E039D053CA4
:108030000400598CB067A524252000022400BF8FBE
:108040002000B38F1C00B28F1800B18F1400B08FC6
:10805000080020032800BD27513C400F0400C48CB9
:108060000C0040140000528E0000598E039D053C08
:10807000C867A524252000022400BF8F2000B38FED
:108080001C00B28F1800B18F1400B08F08002003BD
:108090002800BD270800338E039D053CDC67A5241E
:1080A000E165410F252060020B004010039D053C57
:1080B000039D053CE067A524E165410F2520600292
:1080C00005004050039D053C039D053C0000598E72
:1080D000E8FF00102C69A5240400598E0000268EAC
:1080E000D5FF0010706BA524E8FFBD271000B0AFCE
:1080F0001400BFAF16008390030002241900621021
:1081000001001024B480828F1E004014039D073CA0
:1081100000008294039D063C059D043C886BE72487
:108120009C6BC6240D000524406F842454C3400F6B
:10813000BC8082AF10004014258040008162410F56
:1081400000000000080040101400BF8F7B62410F48
:1081500000000000039D053CA46BA524EF29410FFE
:10816000252040001400BF8F251000021000B08FA2
:108170000800E0031800BD27CF57410F00000000A2
:10818000B480828F0100102401004224F5FF00100A
:10819000B48082AFB480828F0500401802000324AF
:1081A0001600849002008314FFFF4224B48082AF43
:1081B0000800E003000000000F000524EF3E400B24
:1081C0001E000424D0FFBD272000B1AF2C00BFAF9C
:1081D0002800B3AF2400B2AF1C00B0AF2B0080105A
:1081E000258800002900A0102598A000049D053CCA
:1081F0004897A524285F410F259080000700401470
:1082000025804000049D053C5097A524285F410F20
:10821000252040021D004010258040002B105002F8
:1082200022004010049D053C5497A524285F410F6F
:10823000252040021D0040102B1850001B0060102C
:108240000F0044242000022400008380FEFF6250BF
:10825000010084240660410F0400102623801202CE
:108260002588400023807002049D053C25380002CB
:108270001000B3AF253040006497A52425200000EE
:10828000EF29410F2B8011020100113A2C00BF8F02
:10829000251020022800B38F2400B28F2000B18F58
:1082A0001C00B08F0800E0033000BD27049D053C92
:1082B000A897A524285F410F252040020800401000
:1082C0002B10500006004010049D053CC497A524C7
:1082D000285F410F25204002ECFF00102B88020090
:1082E000E903622EE9FF40100100112423801202ED
:1082F00026801302E5FF00102B881000D8FFBD2751
:108300001400B0AF25808000000084842000B3AF4B
:108310001C00B2AF2400BFAF1800B1AF2598A00079
:10832000C231400F2590C00017004014049D053C49
:10833000CC97A524EF29410F25200000FFFF022440
:108340002400BF8F2000B38F1C00B28F1800B18FA4
:108350001400B08F0800E0032800BD273F32400F13
:10836000000004860A0040142B304202AA7D400F10
:1083700001000424FFFF3126F8FF2016049D053C70
:10838000ECFF00102498A524FAFF0010E903112443
:10839000000004860A904600FFFF46324D32400F2F
:1083A00025286002E6FF4014049D053CE1FF001013
:1083B000F897A524D8FFBD271400B0AF2580800012
:1083C000000084842000B3AF1C00B2AF2400BFAF14
:1083D0001800B1AF2598A000C231400F2590C00011
:1083E00022004014049D053C5C98A524EF29410F10
:1083F0002520000015000010FFFF10247C33400FE3
:10840000000004861D0040142B304202AA7D400F5C
:1084100001000424FFFF3126F8FF2016049D053CCF
:10842000EC98A524EF29410F2520000000000486C8
:10843000C231400FFFFF102404004014049D053C8E
:108440008898A524EF29410F252000002400BF8F24
:10845000251000022000B38F1C00B28F1800B18FCE
:108460001400B08F0800E0032800BD27E9FF0010CA
:10847000B90B1124DDFF0010C098A524000004866C
:108480000A904600FFFF46328733400F25286002DE
:10849000F8FF4050049D053CECFF00102580400093
:1084A000C0FFBD273400B3AF2800B0AF3C00BFAF62
:1084B0003800B4AF3000B2AF2C00B1AF25808000DF
:1084C000400087242600A01001A0133C2500C050C6
:1084D000049D063C1400A6AF049D063C1800A5AF01
:1084E0001000A4AF1C99C624000205242D67410F7B
:1084F000D0D56426CA65410FD0D5642625904000AA
:10850000C80002926700401025880000CC0002924B
:108510006E00401025A0000032BA400FD000048E3B
:108520002B103202030040108813822E1400405496
:10853000D400048E32BA400FD000048E222E410F98
:10854000D400048E31004104049D053C309AA524DA
:10855000EF29410F25200000140000102510000015
:10856000049D063C1000B0AF9899C6240002052473
:108570002D67410FD0D56426DEFF001000000000FB
:10858000D0D5652623305102E22D410F2128B100BC
:108590000E00410425304000049D053CCC99A524E3
:1085A000EF29410F25200000251000003C00BF8F5F
:1085B0003800B48F3400B38F3000B28F2C00B18FED
:1085C0002800B08F0800E0034000BD27050040549C
:1085D00021882202AA7D400F0A000424D1FF001046
:1085E0002B103202049D053C25382002FC99A5245D
:1085F00025200000EF29410F1000B2AFAA7D400FE7
:108600000A000424C6FF00100A009426C231400F5D
:10861000CA00048604004054049D053C049D053CAA
:10862000CBFF00105C9AA524989AA524EF29410F4E
:1086300025200000D000048E23B9400F2000A5277C
:10864000AA7D400F01000424D8FF0010010002247D
:108650002B304300CA0004860A106600D0D5652678
:10866000FFFF46304D32400F2128B1000400401476
:1086700021882202049D053CB5FF0010089BA5241B
:10868000049D053C252000001000B2AF25382002D3
:1086900025304000EF29410F349BA524AA7D400FCF
:1086A000010004242B103202E5FF401000000000FE
:1086B0003F32400FCA000486E5FF401423185102E0
:1086C000049D053CA2FF0010DC9AA524F5FF0010D4
:1086D00025880000C8008290E8FFBD271000B0AFD9
:1086E0001400BFAF0600401025808000CC008290AF
:1086F00004004050CA0004862F2E410FD400848C01
:10870000CA0004861400BF8F1000B08F0332400BE4
:108710001800BD27C0FFBD272C00B4AF3C00BFAF81
:108720003800B7AF3400B6AF3000B5AF2800B3AFF4
:108730002400B2AF2000B1AF1C00B0AF7700A01092
:1087400025A000002580E00025B0C0002590A000F5
:10875000258880000000E0AC25A80000C800229217
:108760007A00401000000000CC00339277006012C5
:10877000E80302241B00A202F401400010100000D4
:1087800004004054D000248E32BA400FD000248E12
:10879000D000248E1000A52723B9400FFFFFD72655
:1087A0001000A68F2500C0100000048E23B8E4023C
:1087B0002B18D7000BB8C3002530E0022528400055
:1087C000D665410F21204402D000248E30B9400FDD
:1087D0002528E0020000078E049D053C2530E002BC
:1087E0002138E702000007AE649BA524EF29410F62
:1087F000252000000000028E21104202000040A04F
:108800000000058E71A0400F252040023800405422
:10881000C8003492C231400FCA002486660040145A
:10882000049D053C649CA524EF29410F25200000F0
:108830000000138E2D0000102B9813002330E4024B
:1088400021284402A12D410FD400248E0900401894
:1088500025A040000000068E21A046002BB89702FC
:108860004C00E012000014AE21A05402E4FF0010FE
:10887000000080A2E7FF401000000000C231400F5E
:10888000CA002486E3FF4014049D053C2530800285
:108890009C9BA524EF29410F25200000D000228EAB
:1088A0000000468C0400C010049D053CC09BA5241C
:1088B000EF29410F25200000C231400FCA00248655
:1088C00004004014049D053CE89BA524EF29410FBA
:1088D000252000000000068ECEFFC010049D053C40
:1088E000209CA524EF29410F25200000C8003492C8
:1088F0000A008052010014240000068E0800C010F7
:108900003C00BF8F0600605625A06002049D053C18
:10891000BC9CA524EF29410F252000003C00BF8FFF
:10892000251080023800B78F3400B68F3000B58F25
:108930002C00B48F2800B38F2400B28F2000B18F99
:108940001C00B08F0800E0034000BD277C33400FBF
:10895000CA002486AFFF4010000000000000058E12
:10896000FFFFD326CA002486231865022B3043005C
:108970000A106600FFFF46308733400F212845026A
:108980000000038E211043002B9853000300601653
:10899000000002AED5FF0010259800002110420211
:1089A000000040A00000058E71A0400F252040026D
:1089B00096FF001025984000AA7D400F0A0004246D
:1089C0000A00B526E80306241B00A602F401C00035
:1089D000101000000500401412300000049D053CFA
:1089E000909CA524EF29410F252000008813022424
:1089F0005AFFA21625980000BDFF0010C80034924F
:108A0000C6FF001025A060027C82828FE80342240A
:108A10000800E0037C8282AFD8FFBD271C00B2AF04
:108A20002400BFAF2000B3AF1800B1AF1400B0AF47
:108A300016008010259000001400A010049D133C27
:108A40002588A00007000624F89C6526CF63410F07
:108A5000258080001700401407000426200003240E
:108A60000000828006004010000000000F00431448
:108A70002000022400008380FEFF62500100842455
:108A80000660410F01001224000022AE2400BF8FB7
:108A9000251040022000B38F1C00B28F1800B18F48
:108AA0001400B08F0800E0032800BD27ECFF001081
:108AB00001008424F89C6526285F410F25200002D0
:108AC000F2FF4010070044242000032400008280AD
:108AD000EBFF4010000000000600431420000224B9
:108AE00000008380E6FF621400000000FCFF00101D
:108AF00001008424F5FF001001008424C8FFBD2775
:108B00002400B4AF3400BFAF3000B7AF2C00B6AF15
:108B10002800B5AF2000B3AF1C00B2AF1800B1AF52
:108B20001400B0AF0D0080144800B48F2510000071
:108B30003400BF8F3000B78F2C00B68F2800B58F60
:108B40002400B48F2000B38F1C00B28F1800B18FA7
:108B50001400B08F0800E0033800BD27F4FFA01018
:108B600025100000F3FFC0103400BF8FF2FFE010AB
:108B70003000B78FEEFF80122590A000049D053CC9
:108B800025B0C000009DA524080006242580800093
:108B9000CF63410F25A8E000280040140100022403
:108BA000000082A2080010263A0005248065410FCB
:108BB000252000022F000524252000028065410F9A
:108BC00025B840002B00E01225884000030040102B
:108BD0002B10E2022C004010251020022398F002F6
:108BE0004000622AD2FF40102510000025204002DC
:108BF00025306002252800029466410F219053021F
:108C0000000040A20660410F0100E426FFFF423051
:108C1000060040140000C2A600008292BB0104249A
:108C2000500003240B1882000000C3A60C00205241
:108C3000049D053C0B00001025282002049D053CE6
:108C4000070006240C9DA524CF63410F25200002B8
:108C5000D5FF4014000080A2D3FF001007001026AB
:108C6000149DA5248A66410F2520A002B0FF0010A4
:108C7000010002240500401423985000CA65410FEA
:108C80002520000221100202239850004000622A91
:108C9000A7FF40102510000025204002253060026B
:108CA000252800029466410F21905302DAFF00103C
:108CB000000040A275008010251800007300A0106D
:108CC00000000000D0FFBD272400B1AF2000B0AFEE
:108CD000258880002580A0002C00BFAF25288000BB
:108CE0002800B2AF252000002E0006240000A2803C
:108CF0001A00401400000000030002242400821423
:108D00001B00A2271400A2AF049D053C1A00A22755
:108D1000252020021000A2AF1900A7271800A627BF
:108D2000BC66410F189DA5240400042404004414CB
:108D3000251800001800A28F000002AE01000324D5
:108D40002C00BF8F251060002800B28F2400B18F47
:108D50002000B08F0800E0033000BD270500461456
:108D6000D0FF42240100842425180000DFFF0010FA
:108D70000100A524FF0042300A00422C04004010EC
:108D80000100632404006228D8FF40140100A524D8
:108D9000010005243C63410F25202002FAFF032433
:108DA00006004314049D053C2C9DA524EF29410F8A
:108DB00025200000E2FF0010251800000200432CCF
:108DC0000800601410271224049D053C2530400043
:108DD000589DA524EF29410F25200000D8FF001041
:108DE0002518000001000624252800003E63410FDD
:108DF000252020021500401025300000F3FF40041C
:108E0000049D053C1800A0AF1800A28F102742282F
:108E10000600401400000000FFFF5226F1FF40163C
:108E2000049D053CE1FF0010DC9DA5241800A28FE5
:108E3000010042241800A2AFF3FF00100000000060
:108E4000049D053CD9FF0010849DA524252800021F
:108E50004063410F25202002F9FF40142520000027
:108E600003000292049D053CB09DA5241400A2AF0E
:108E7000020002921000A2AF01000792EF29410FF9
:108E800000000692AEFF0010010003240800E0037A
:108E900025106000A0FFBD275C00BFAF5800B3AF36
:108EA0005400B2AF5000B1AF070080144C00B0AF17
:108EB000049D053C049EA524EF29410F00000000FD
:108EC0000D00001025880000C800A2241000A2AFE9
:108ED0004000A724C000A624BFA2400F2580A00008
:108EE0000D00401425884000049D053C289EA524C3
:108EF000EF29410F252000005C00BF8F25102002C4
:108F00005800B38F5400B28F5000B18F4C00B08F17
:108F10000800E0036000BD27BBF0400F0000000028
:108F20000400401425884000049D053CF0FF00101B
:108F30004C9EA524C40005262DA3400F2520000229
:108F40000400401425884000049D053CE8FF001003
:108F5000709EA524C0000596253000009D31400F6D
:108F600001000424FFFF032405004314CA0002A6E5
:108F7000049D053C9C9EA524CFFF001025200000E9
:108F8000C400038EC00006963800A7270100052400
:108F9000252040006137400F3800A3AF090040147E
:108FA00025884000049D053CD09EA524EF29410F53
:108FB000252000000332400FCA000486CFFF0010B6
:108FC0005C00BF8FED31400FCA0004861D004014C5
:108FD00025884000049D053CF4FF0010009FA52457
:108FE000AA7D400F0A0004240A003126E803062463
:108FF0001B002602F401C000101000000400401401
:10900000123000002C9F4526EF29410F252000003B
:10901000C231400FCA0004860300401488130224A2
:10902000EFFF221600000000C231400FCA00048684
:109030000700401425884000049D053CDBFF00101C
:109040005C9FA52425880000F1FF0010049D123CC0
:10905000C8001392A8FF601201A0123C1858410FDB
:1090600080B0442601A0053C01000724001006241E
:10907000D0BDA52486B8400F80B044260303023C2F
:1090800080B0512603034224069D033C589E63246E
:10909000440522AE01A0023C50B043AC069D053C05
:1090A00050B0422403000624F899A524980C22AE5F
:1090B000E9B8400F25202002059D023CF43B4224E4
:1090C0008C0C22AE069D023C98964224252020025C
:1090D0005866410F840C22AE4E66410F25202002B7
:1090E000059D023CF0624224B40C22AE059D023C78
:1090F000287E4224B80C22AE5965410F252020025B
:109100006665410F25202002069D053C20000624AF
:10911000D899A524D665410F1800A427200006245D
:109120001800A527CAB8400F2520200225300000CE
:10913000252800001B58410F25202002190040144B
:10914000049D053C849FA524EF29410F25200000A4
:1091500032BA400F25202002049D053C25304000F6
:10916000B49FA524EF29410F2520000080B0468E32
:109170000400C010049D053CC09BA524EF29410FAD
:1091800025200000049D053CF09FA524EF29410FF8
:10919000252000000332400FCA00048656FF00104D
:1091A00025880000039D023CFC824224CA00072659
:1091B00001A0123C039D063C1000A2AF252820020E
:1091C00068B044261400A7AF992D410FB483C6247C
:1091D00068B0522601000224D00011AED40012AEB5
:1091E000CC0002A244FF0010258860028482829392
:1091F0000700401400000000049D053C010002240B
:1092000018A0A52425200000EF29410B848282A309
:109210000800E003000000007BA4400B00000000F9
:10922000F0FEBD270401B4AF0C01BFAF0801B5AF1C
:109230000001B3AFFC00B2AFF800B1AFF400B0AFC3
:109240000F0080142001B48F049D053CEF29410FCD
:109250003CA0A524259000000C01BF8F25104002E2
:109260000801B58F0401B48F0001B38FFC00B28FE9
:10927000F800B18FF400B08F0800E0031001BD27A3
:10928000258080002588A00025A8C0000600E014E5
:109290002598E0000008022401A0133C348082AF2E
:1092A00034809427D0CD7326049D053C25300002E0
:1092B00058A0A524EF29410F25200000D80006243E
:1092C000252800008066410F1000A4271000A52764
:1092D000A5A3400F25200002070040142590400060
:1092E000049D053C74A0A524EF29410F2520000012
:1092F000DAFF00100C01BF8FD800A29315004014B4
:10930000049D063C049D063C34A0C624049D053CF7
:109310009CA0A524EF29410F252000002530A002A4
:109320002528200228A1400F1000A4270B0040147C
:1093300025904000049D053CC0A0A524EF29410FC5
:1093400025200000B5A1400F1000A427C3FF001086
:109350000C01BF8FEDFF00102CA0C62401A0113C12
:10936000EC00A72700080624D0CD25261000A4274E
:10937000EC00A0AFC5A1400FD0CD20A20400401446
:1093800025904000049D053CECFF0010E8A0A524BA
:10939000E800A527D0CD242686A2400FE800A0AF84
:1093A0002D004010E800A68F049D053C10A1A524C7
:1093B000EF29410F25200000049D053C4897A52476
:1093C000285F410FD0CD24263800401404005024DB
:1093D000049D053C5097A524285F410FD0CD24263D
:1093E00032004014020050247B0005248065410FA8
:1093F000D0CD242606004014258040005B000524C3
:109400008065410FD0CD24262100401025804000EA
:109410004000043CFFFF0326D0CD31260900842400
:109420002B10230212004010000000000000629088
:10943000F6FF4224FF0042301700452C0E00A0101A
:10944000061044000000427C0C0040500000628086
:10945000F3FF0010FFFF6324049D053C30A1A52409
:10946000EF29410F25200000D4FF0010049D053C8A
:1094700008007114EC00A68F000062800D00032428
:109480000C0043100A0003240A00431000000000EF
:10949000EC00A68F049D053C84A1A524EF29410F73
:1094A0002520000013000010000080AEF9FF0052DC
:1094B000EC00A68FCA65410F25200002049D053CE3
:1094C000253040005CA1A52425200000EF29410F94
:1094D00025A840000000828E252800022520600279
:1094E0002B88A2020AA85100D665410F2530A002A0
:1094F000000095AEB5A1400F1000A427049D053CC7
:1095000079FF0010B8A1A524E0FFBD271000A6AF89
:109510002538A000253000001C00BFAF88A4400FF4
:10952000252800001C00BF8F0800E0032000BD2795
:1095300088A4400B00000000D0FFBD272C00BFAF67
:109540002800B3AF2400B2AF2000B1AF03008010F9
:109550001C00B0AF0700A0142580A000049D053CAE
:10956000DCA1A524EF29410F252000000F000010E9
:109570002588000025888000F000062425280000AA
:109580008066410F2520000225202002A5A3400F60
:10959000252800020D00401425884000049D053C4C
:1095A00000A2A524EF29410F252000002C00BF8F29
:1095B000251020022800B38F2400B28F2000B18F25
:1095C0001C00B08F0800E0033000BD2725300000EC
:1095D0002528000028A1400F252000020900401482
:1095E00025884000049D053C28A2A524EF29410FB1
:1095F00025200000B5A1400F25200002ECFF00103F
:109600002C00BF8F01A0133C1000A72700080624E0
:10961000D0CD652625200002C5A1400F1000A0AFC7
:10962000258840000400401425906002049D053CFC
:10963000EEFF001050A2A524E400052686A2400FEC
:10964000D0CD64260400401425884000049D053CCC
:10965000E6FF001078A2A524E400068EC8000224CC
:109660000800C210049D053CA4A2A524EF29410FC7
:1096700025200000B5A1400F25200002CBFF0010DF
:1096800025880000049D053C5497A524285F410FC0
:10969000D0CD64260A004010049D053C0660410FB1
:1096A0000F004424049D053CE00002AE253040003C
:1096B000C8A2A524EF29410F25200000049D053CE8
:1096C0004897A524285F410FD0CD44260C004014B4
:1096D0001000A68FE80000AE01000224049D053CA6
:1096E000D80002A22CA3A524EF29410F25200000B9
:1096F0008082828F01004224ACFF0010808282AF02
:1097000004004224D0CD5226E80002AE23105200BD
:109710002330C200049D053CEC0006AEF4A2A52453
:10972000EF29410F25200000ECFF0010010002246A
:10973000D0FFBD272000B1AF2C00BFAF2800B3AFD2
:109740002400B2AF1C00B0AF0D008010FFFF112449
:109750000C00A0502C00BF8F0900C0102590C00045
:10976000D80082902598A0000D004014258080002C
:10977000049D053C58A3A524EF29410F2520000096
:109780002C00BF8F251020022800B38F2400B28F39
:109790002000B18F1C00B08F0800E0033000BD270F
:1097A000D9008290F6FF401425880000EC00918CCF
:1097B000220020122B10D100E800858C0B88C200FB
:1097C00025302002D665410F25206002E800028E78
:1097D000049D053C2530200221105100E80002AE16
:1097E000EC00028E7CA3A52425200000231051004C
:1097F000EC0002AEDC00028E21105100EF29410F77
:10980000DC0002AEE000028E0A0040502B10320253
:10981000DC00038E2B106200060040142B10320275
:1098200001000224049D053CD90002A2D2FF0010D1
:10983000ACA3A524D3FF40102C00BF8F23305102CE
:10984000CFFFC0101000A727212871022520000299
:10985000C5A1400F1000A0AF140040101000A38F4E
:109860000A00601000000000DC00028E2188230244
:1098700021106200E000038E04006010DC0002AEE4
:109880002B104300E7FF401001000224C231400FBB
:10989000CA000486BAFF401401000224049D053C5E
:1098A000D90002A2B4FF0010E8A3A524049D053C42
:1098B00020A4A524EF29410F25200000B0FF0010AF
:1098C000FFFF11240D008010000000008082828FB5
:1098D000E8FFBD271400BFAFFFFF4224B5A1400F32
:1098E000808282AF1400BF8F049D053C4CA4A52448
:1098F00025200000EF29410B1800BD270800E003D8
:10990000000000008082828F0800E0032B1002001C
:109910000800829004004010000000009880828FB0
:10992000FFFF4224988082AF0800E003000000009F
:109930000C0080142538C0002530A000059D053C92
:10994000E8FFBD271400BFAFEF29410FE076A52443
:109950009080828FFEFF40141400BF8F0800E00348
:109960001800BD270800E00300000000A080848FDD
:10997000E8FFBD27040080101400BFAFD491400F52
:1099800000000000A08080AFAC80858F01A0043C67
:109990006946410FD831842401A0043CF831842465
:1099A000988080AF2474400F00000000A880848F4E
:1099B00005008010A480858FE93E400F0000000064
:1099C000A88080AFA480858F0500A010AC80848F14
:1099D0000C00828C09F8400000000000A48080AFD9
:1099E0001400BF8FAC8080AF0800E0031800BD27D3
:1099F0000000A28C1500401400000000E8FFBD2705
:109A00001000B0AF1400BFAF5B3E400F2580A00038
:109A10000A004050251000004200439400106330BB
:109A2000070060101400BF8F2000038EC005637C08
:109A3000040060141000B08F251000001400BF8FC8
:109A40001000B08F0800E0031800BD270800E003F5
:109A500025100000B8FFBD272400B0AF1000A427D8
:109A600001A0103C4400BFAF4000B7AF3C00B6AF10
:109A70003400B4AF3000B3AF25A0E00025B0A000A3
:109A800025B8C0003800B5AF2C00B2AF8D73400FC1
:109A90002800B1AF2D75400FF83104260000932A3D
:109AA000FBFF0324FCFF02240A10730025984000EA
:109AB000BC73400FF83104260B0040142588400089
:109AC0001000A28FF8310426F83102AE1400A28FE4
:109AD000040082AC1800A28F3B75400F080082ACD6
:109AE0002B0000104400BF8F0400229201000324C9
:109AF000200043140200032405002492193A400F69
:109B00000800328E25A840000C00238E0000C28E73
:109B100029006214252820020B0080060600062476
:109B20001400448ED665410F2528E0020600A012DD
:109B3000000040AE252840026A44400F2520A002C4
:109B40000600430401A0043C03000624252860020B
:109B50008323410F2520400201A0043C2528200238
:109B6000EC3184249B73400F00000000D0FF0010F4
:109B700000000000E0FF4310059D053CB70A0624E5
:109B8000F07EA5244CA6400F252000004400BF8F86
:109B90004000B78F3C00B68F3800B58F3400B48FCB
:109BA0003000B38F2C00B28F2800B18F2400B08F0B
:109BB0000800E0034800BD27EAFF00101000A427BA
:109BC000B0FFBD270F000524030004244C00BFAFE5
:109BD0004800BEAF4400B7AF4000B6AF3C00B5AFE1
:109BE0003800B4AF3400B3AF3000B2AF2C00B1AF27
:109BF000EF3E400F2800B0AF010042300700401098
:109C0000059D143C01A0133CA47E9426593F400FAF
:109C1000030004240D004014258040004C00BF8F39
:109C20004800BE8F4400B78F4000B68F3C00B58F10
:109C30003800B48F3400B38F3000B28F2C00B18F56
:109C40002800B08F0800E0035000BD271800128ED6
:109C50004000032400004292F000423007004350CD
:109C60000000518EF2FF0524030006248323410FD8
:109C700025200002E5FF0010000000008088110090
:109C80003C0031321400222EF6FF4014FFFF373221
:109C90001000028E0C0042942B105700F2FF40146B
:109CA000F2FF0524B542410F0200449625F0400022
:109CB0002B105700ECFF4014F2FF0524D222410F75
:109CC000252000022B105E00E7FF4014F2FF052460
:109CD0002800168E0300C0564200C296E2FF001014
:109CE000ECFF052440004230FCFF4010FFFF02243F
:109CF0000C00438EDCFF6210F5FF05240800C28EC5
:109D00000400C48E2710020025104400D7FF621003
:109D1000030006241000558E7400A01214000624BF
:109D200025284002D665410F1000A4271600A497ED
:109D3000B542410F1200BEA71600A2A71400A38FC0
:109D4000FF3F023C24104300C7FF4014F2FF0524EC
:109D50002000028E0001423021004010253000001A
:109D60000400C38E0800C28E242062000F00A412DB
:109D7000FFFF04242F00A412271002002510430027
:109D80002C00A2122000A293E0000424F000423034
:109D9000280044100001023C7F0042242600A25209
:109DA0001800128E2400A3521800128E9880828F01
:109DB0009880838FFDFF431400000000AAFF40102D
:109DC000ECFF05242D75400FD8316426D831728EF2
:109DD0000A00401625A80000120000100000000034
:109DE0002528E002BD42410F25204002DCFF401043
:109DF000F6FF05249DFF0010030006240800429290
:109E0000030040540400428EF1FF00100000528E07
:109E10002528200209F8400025200002FAFF401002
:109E200025A840003B75400FD83164268EFFA01254
:109E3000ECFF05241800128E1000038E0000518ED6
:109E400002004496808811003C00313221105102FA
:109E50001C0002AE0C006294FFFF3132231051004F
:109E6000B542410F0C0062A406004496020042A6CF
:109E700023105100B542410F2C0002A6060042A655
:109E800009004292FFFF4224FF0042301100432CA0
:109E9000030060142110540073FF0010F1FF05242B
:109EA00000005590FCFFA012FF3F113C0400428EC1
:109EB000059D053C24882202DA0B0624B87EA524E1
:109EC0004CA6400F0100242E50FF2016010006244E
:109ED00025280002353F400F2520A0024BFF4014EB
:109EE000F1FF052461FF0010030006245EFF00104F
:109EF000F4FF05240800E003251000000800E0033B
:109F00002510000016008690030003246D00C31086
:109F1000010002249C80828FD8FFBD272400BFAFA0
:109F20002000B4AF1C00B3AF1800B2AF1400B1AF43
:109F30003E0040141000B0AF0800828C01A0113C1C
:109F400001A0133C01A0103CF83120AED83100AE86
:109F5000F8313126D8311026EC317426EC3160AE60
:109F60002590A000AC8082AFA08080AFA88080AF99
:109F7000040020AE080020AE0C0020AE100020AE81
:109F8000040080AE080080AEA48080AF040000AE64
:109F9000080000AE0C0000AE100000AE988080AF4C
:109FA0002C00A050FFFF10240000A28C28004010BD
:109FB000039D053C25300000C09BA524B83E400F02
:109FC0000300042439004010A88082AF1174400FB0
:109FD000252020021F004050FDFF1024F145410FB5
:109FE0002520000233004010AC80848F0000458E95
:109FF0000800828C09F84000100006242F00401051
:10A00000A48082AF8D73400F25208002A480918FA1
:10A01000258000000000428E002910002B10020253
:10A020000700401421282502948080AF9C80828FF5
:10A03000010042249C8082AF140000100100022421
:10A040009B73400FEC316426F2FF001001001026D4
:10A05000FFFF10248162410F000000000800401043
:10A06000000000007B62410F00000000059D053CE0
:10A07000253000020477A524EF29410F2520400058
:10A080005BA6400F00000000251000002400BF8FD9
:10A090002000B48F1C00B38F1800B28F1400B18F52
:10A0A0001000B08F0800E0032800BD27E9FF001072
:10A0B000FEFF1024E7FF0010FCFF1024E5FF001056
:10A0C000FBFF10240800E003000000009C80828F4A
:10A0D000C0FFBD273C00BFAF3800B5AF3400B4AF00
:10A0E0003000B3AF2C00B2AF2800B1AF3F00401832
:10A0F0002400B0AF1000938C2590800001A0103C8C
:10A100008D73400F1000A4272D75400FF8310426E1
:10A1100001A0153CBC73400FF83104260B0040141D
:10A12000258840001000A28FF8310426F83102AED5
:10A130001400A28F040082AC1800A28F3B75400F60
:10A14000080082AC21000010160043920400229205
:10A150000100032416004314020003240500249286
:10A16000193A400F0800348E040060520400229215
:10A17000270062162528200204002292FFFF4224B5
:10A180000200422C0400401003000624FBFF0524BB
:10A190008323410F2520800225282002EC31A426AC
:10A1A0009B73400F00000000DAFF00100000000069
:10A1B000EAFF4310059D053C2E040624087FA524D4
:10A1C0004CA6400F252000001600439202000224F6
:10A1D000060062149C80828FFFFF4224030040141B
:10A1E0009C8082AF5BA6400F000000003C00BF8F48
:10A1F0003800B58F3400B48F3000B38F2C00B28F8D
:10A200002800B18F2400B08F0800E0034000BD2774
:10A21000E3FF00101000A4270800E0032510000051
:10A220000800E003251000000800E003F4FF02240A
:10A230000800E003F4FF02240800E003F4FF022416
:10A240000800E003F4FF02240800E003F4FF022406
:10A2500025008010000000000000828C22004010C9
:10A2600000000000E0FFBD271800B2AF1400B1AF3E
:10A270001C00BFAF1000B0AF163A400F2588800019
:10A28000259040000200422C110040141C00BF8F9A
:10A2900025800000193A400F252000025B3E400F48
:10A2A0002520400008004010010010260400448CC6
:10A2B0000000238E261864000800448C24186400D3
:10A2C0000B0060101C00BF8FF2FF50161C00BF8FE8
:10A2D0001800B28F1400B18F1000B08F0100042459
:10A2E000733E400B2000BD270800E003251000004E
:10A2F0001800B28F1400B18F1000B08F0800E00377
:10A300002000BD27E0FFBD271800B2AF1400B1AF99
:10A310001C00BFAF1000B0AF2590A000050080105A
:10A320002588C00042008294400042301C00401446
:10A33000000000000F00E0142528200294A8400F20
:10A34000252040020400401025804000B53D400F0C
:10A3500025200002000022AE1C00BF8F2510000245
:10A360001800B28F1400B18F1000B08F0800E00306
:10A370002000BD27DA39400F25200000F6FF4014E9
:10A3800025804000252040021C00BF8F1800B28F9E
:10A390001400B18F1000B08F94A8400B2000BD278F
:10A3A000EAFFE01025808000ECFF00101C00BF8F4A
:10A3B000C0FFBD273400B5AF25A8A0002400B1AF71
:10A3C0000BA88600258880004000848C3000B4AF44
:10A3D00002000224010014243C00BFAF3800B6AFD5
:10A3E0002C00B3AF2800B2AF2000B0AF0C00801437
:10A3F0000AA04600251000003C00BF8F3800B68F31
:10A400003400B58F3000B48F2C00B38F2800B28F8A
:10A410002400B18F2000B08F0800E0034000BD276A
:10A420002580A0009E3A400F3C0025262C004010BD
:10A4300025904000060006243C004524D665410FC7
:10A440001000A42725980000400032AE1000B2276B
:10A450004000248E7CA6400F25280002E5FF401016
:10A4600025884000280002AE1800028E0000458CAE
:10A470009480828F570040104013A57C09F840005B
:10A48000252020022F0002A2000807243C002626D7
:10A49000252840028C22410F2520000295006052A1
:10A4A0002000028ED222410F252000026600239652
:10A4B000F2FF4224FFFF42302B186200CEFF6054AF
:10A4C000251000004E004012252800026A44400F6B
:10A4D0002520200227100200C7FF0010C21702002B
:10A4E0003C00338EFFFF0224050062564000368E8A
:10A4F000FFFF02241000A2AF0C0000101400A2A75E
:10A500008A3C400F2520C002FAFF6212FFFF02249E
:10A510000900C012030002246D00C39207006254B8
:10A520003C0022921000A0AF1400A0A71000B22798
:10A53000C7FF0010010013243C0022922000422497
:10A54000FF0042301000422C09004010010002249C
:10A550001000A2A75E0002241200A2A33D002292D6
:10A560007F0042301300A2A3E3FF00103E002296BA
:10A570003C00238E0400C28E0800C48E26106200A8
:10A580002410440003004010010013240C00C38E6B
:10A5900002001324010007241000A6271800A52795
:10A5A0002520C002B892400F1800A3AF0200032478
:10A5B000060043104408027C010003248EFF43146C
:10A5C00025100000A3FF00104000248EA0FF001003
:10A5D0001000B2276A002292022845700700022468
:10A5E0001A00A200F401400012280000A5FFA010EC
:10A5F00025100000FFFFA524A2FF0010FF00A230DD
:10A60000A080828F14004014039D053C253000007B
:10A61000549AA524BE91400F252000000E0040143E
:10A62000A08082AF8162410F000000000200422C36
:10A6300071FF4054251000007B62410F00000000B4
:10A64000059D053C2C77A524EF29410F25204000CE
:10A6500069FF0010251000006000329601A0113C37
:10A660002D75400FF831242601A0043CBC73400F27
:10A67000EC31842410004014259820028162410F9F
:10A68000000000000200422C0700401400000000FF
:10A690007B62410F00000000059D053C5C77A5240E
:10A6A000EF29410F252040003B75400FF83164260B
:10A6B00051FF0010251000001800A38F040054A0C3
:10A6C000050052A0080055AC0C0043AC2528400002
:10A6D0009B73400FF83124263B75400FF831242638
:10A6E0002000028E08004234200002AE42FF00101B
:10A6F0000100022401000624252800021000423433
:10A70000200002AE3B44400F252020023AFF0010FB
:10A710000100022401000624ECA8400B252880003B
:10A72000C8FFBD273000BEAF2C00B7AF2800B6AFC2
:10A730002000B4AF1400B1AF1000B0AF3400BFAF11
:10A740002400B5AF1C00B3AF1800B2AF4400929024
:10A750001800908C059D1E3C140052262588800010
:10A7600025A0A00025B0C000D47EC5270B0A062472
:10A770003D00442E4CA6400F25B8E0000000029298
:10A78000040003240439627C821812000418627CDD
:10A79000000002A246002296010042301100401043
:10A7A0001D0A062445002292140013268010020080
:10A7B0002198620294040224000062A60400752617
:10A7C0002110120223A8A20220AE157C020060A66E
:10A7D000D47EC5274CA6400F0100A42A0100A20682
:10A7E000040060A21A00E012010000A20000E29240
:10A7F00020004330040060102518000001000424EC
:10A800008410837C010003A2100043300400601018
:10A810000100042401000392C418837C010003A2F8
:10A82000080043300400601001000424010003927A
:10A830000421837C010003A207004330050060501F
:10A8400021205602010003924439437C010003A2F7
:10A8500021205602B542410FFFFF8430B08084971B
:10A86000020002A601008424FFFF8430B542410F9C
:10A87000B08084A7040002A6B542410F2520000045
:10A880000900E012060002A60200E3920300601035
:10A89000010003248473627C060002A60100E29298
:10A8A00003004054080002A264000224080002A22F
:10A8B000090014A23800228E0A0000A60C0002AE85
:10A8C0003C00228E100002AE4000228E68004290B2
:10A8D00004004230050040142530000025284002C5
:10A8E000BD42410F252000020A0002A61000238E5F
:10A8F0003400BF8F3000BE8F0C0062942C00B78FE5
:10A900002800B68F211042020C0062A41800228E8B
:10A910002400B58F2000B48F219052004000228E79
:10A920001C0032AE1C00B38F280022AE1800B28F7C
:10A930001400B18F1000B08F0800E0033800BD276D
:10A94000D0FFBD272000B0AFAC80908F2C00BFAFF0
:10A950002800B2AF190000122400B1AF1E00801011
:10A9600001A0123C1800A0AF1400A4AF1800A5A3CA
:10A970002588A0000C000724252800021000A62727
:10A98000D8314426F345410F1000A0AF0B00401012
:10A99000258040000A0020122C00BF8F2D75400F2B
:10A9A000D83144269880828FD83144260100422431
:10A9B000988082AF3B75400F000000002C00BF8FD5
:10A9C000251000022800B28F2400B18F2000B08F24
:10A9D0000800E0033000BD27F8FF001025800000CC
:10A9E00007008010AC80868F0500C010039D073CD7
:10A9F00001A0053C1099E7242846410BD831A52435
:10AA00000800E00325100000D8FFBD271400B0AFF8
:10AA100001A0103C1C00B2AF25908000D831042664
:10AA20002000B3AF2400BFAF1800B1AF2D75400FA9
:10AA30002598A000D831028E0E0040102588000015
:10AA4000FDFF52540000428C080042922B1002007D
:10AA500008005310000000009880828F02006052AE
:10AA6000FFFF422401004224988082AF080053A2D5
:10AA7000010011243B75400FD83104262400BF8FFC
:10AA8000251020022000B38F1C00B28F1800B18F58
:10AA90001400B08F0800E0032800BD271800828C46
:10AAA0000800E003100042241800828C0800E00334
:10AAB0000C004224E8FFBD271000B0AF25808000C5
:10AAC0001400BFAFCE37410F2520000025284000DD
:10AAD000E037410F252000001400BF8FFFFF023236
:10AAE0001000B08F0800E0031800BD27E8FFBD2765
:10AAF0001400BFAFCE37410F2520000025284000AD
:10AB0000E037410F252000001400BF8F2510000002
:10AB10000800E0031800BD27D8FFBD271000B0AF24
:10AB20001800908C1C00B3AF2800938C0C00028E90
:10AB30002400BFAF2000B4AF1800B2AF1400B1AF13
:10AB4000100002AE0400628E258880000200049688
:10AB50000C0002AE25A0A000B542410F2590C00018
:10AB600006000496B542410F020002A6060002A6A6
:10AB7000080002920200401464000224080002A2AD
:10AB80001000248E0000028E0C00839480100200BE
:10AB90003C0045302118A300090080120C0083A45A
:10ABA0000A0000A668006392040063300400601489
:10ABB00025300000BD42410F252000020A0002A6F8
:10ABC0000F004012060006241400248E0600902474
:10ABD000D665410F252800022800258E0100A054CB
:10ABE0003C00A52406000624D665410F252000025E
:10ABF0001000238E0C0062940E0042240C0062A40C
:10AC00002000228E2400BF8F2000B48F0200423427
:10AC1000200022AE1C00B38F1800B28F1400B18F39
:10AC20001000B08F0800E0032800BD270A00A01420
:10AC3000251000000800E0030000000025100000BF
:10AC40001C00BF8F1800B28F1400B18F1000B08F9E
:10AC50000800E0032000BD27E0FFBD271400B1AFCE
:10AC60002588A0001000B0AF2528C00025808000F6
:10AC70001800B2AF1C00BFAF9E3A400F2520200243
:10AC8000030040142590000025102002010012242A
:10AC9000252040007CA6400F25280002E7FF401039
:10ACA0002520400009004016280002AE2000028E38
:10ACB0000100062425280002100042343B44400FC6
:10ACC000200002AEDEFF0010010002246A44400FA3
:10ACD0002528000227100200D9FF0010C217020029
:10ACE000E0FFBD271800B1AF1400B0AF1C00BFAF2C
:10ACF000258800001600C010258000001400A01058
:10AD000025180000140009240000A88C1F00091158
:10AD10000400A2940A10080021805000010063245E
:10AD2000FFFF1032F8FFC3140800A52409000052E9
:10AD30001400842403001026FCFF0232258040000A
:10AD40002900422C0100405028001024FFFF10323F
:10AD500014008424212804020200E634FFFFA530F9
:10AD6000E022410F48000424040040101C00BF8F63
:10AD7000440050A0460051A41C00BF8F1800B18FA2
:10AD80001400B08F0800E0032000BD27010011244B
:10AD9000E1FF0010040002240200C0101800878C9C
:10ADA000450080A045008390440086902330C30076
:10ADB0002330C5000600C004251000004010030029
:10ADC0001400E724211865002110E200450083A04B
:10ADD0000800E003000000000100C0540A30050034
:10ADE0001800848C4000072400008390F00063303A
:10ADF00014006714251000000000838C80180300E5
:10AE00003C0063301500672C0E00E014ECFF632457
:10AE1000140084240700C01001008790000088906F
:10AE20000800A524FCFFA7A41F000831F8FFA8AC68
:10AE3000FFFFC6242318670001004224F5FF6014B9
:10AE4000212087000800E00300000000E8FFBD2784
:10AE50002540A0001400BFAF1000B0AF0200E0100A
:10AE60002528C0000A3806001800848C40000324FE
:10AE700000008290F000423013004314258000004F
:10AE80000000828C801002003C0042301500432CF0
:10AE90000D006014ECFF4224140084240000839011
:10AEA0001F0063300D006814010090902B38F000F3
:10AEB0000600E0141400BF8F0500001225100002E8
:10AEC000D665410F253000021400BF8F2510000207
:10AED0001000B08F0800E0031800BD2723105000B9
:10AEE000EEFF401421209000F7FF001025800000A5
:10AEF000080080102510000042008294400042307B
:10AF0000040040100000000066008294ECFF422420
:10AF1000FFFF42300800E003000000000800E003EB
:10AF2000251000000800E003251000000800E003E1
:10AF300025100000E0FFBD271800B1AF2588800074
:10AF40001400B0AF1C00BFAFCE37410F252000006A
:10AF50009480838F0300601425800000948091AF5B
:10AF60000100102425284000E037410F2520000073
:10AF70001C00BF8F251000021800B18F1400B08F85
:10AF80000800E0032000BD27E0FFBD271800B1AF97
:10AF9000258880001400B0AF1C00BFAFCE37410F32
:10AFA000252000009480838F030071142580000009
:10AFB000948080AF0100102425284000E037410F25
:10AFC000252000001C00BF8F251000021800B18F43
:10AFD0001400B08F0800E0032000BD27E8FFBD2764
:10AFE000450002241400BFAF1000B0AF0C00A2ACAB
:10AFF000170002242000A3242580A0002004A2A47E
:10B00000049D053C2520600017000624D665410FED
:10B01000C87FA524049D053C370000A225304000D0
:10B02000E07FA524EF29410F252000001400BF8FE9
:10B03000010002241000B08F0800E0031800BD27B3
:10B0400040FDBD27BC02BFAFB802B4AFB402B3AF7E
:10B05000B002B2AFAC02B1AFA802B0AF41F0400F46
:10B060002580A00041F0400F0000519041F0400FBA
:10B070000100529041F0400F02005390AFEF400F9B
:10B080000300549033004014049D023C059D023C93
:10B0900004804224059D063C1400B3AF1000B2AFFB
:10B0A000253820020C80C624800005242002A42715
:10B0B0001C00A2AF1800B4AF2D67410FA002B22749
:10B0C00025384002000106242001A5272002A427DC
:10B0D0007925410FA002A0AF2000401020001326C8
:10B0E000059D053C253040004080A524EF29410FF7
:10B0F00025200000450002240C0002AE320002248C
:10B100002002A427CA65410F1C0002AE200402A63B
:10B110002002A52725206002D665410F253040007A
:10B12000059D053C6880A524EF29410F25200000DE
:10B13000BC02BF8F01000224B802B48FB402B38FE7
:10B14000B002B28FAC02B18FA802B08F0800E0034A
:10B15000C002BD27CFFF0010FC7F4224A002B18FA8
:10B16000450002240C0002AE3C000224FFFF263200
:10B170002001A527252060021C0002AED665410FE4
:10B18000200411A62000A627252820022001A4279C
:10B190001400A0AF1000B2AF15F9400F0001072452
:10B1A000049D053C2000A627E07FA524EF29410F40
:10B1B00025200000DFFF0010BC02BF8F0400A22C7E
:10B1C0000E004010000000000800E0032510000001
:10B1D000251000002C00BF8F2800B68F2400B58FEB
:10B1E0002000B48F1C00B38F1800B28F1400B18FF1
:10B1F0001000B08F0800E0033000BD27F2FF801080
:10B2000000000000F0FFC01000000000D0FFBD27CC
:10B210002800B6AF1C00B3AF1800B2AF2C00BFAF10
:10B220002400B5AF2000B4AF1400B1AF1000B0AF30
:10B230000000829025B080002590C000821102009D
:10B240000000C2A0000082902598A0000009427C66
:10B250000400C2AC000082900F0042300800C2A07F
:10B260000100829002008494B542410F0C00C2ACF0
:10B27000080046921A00C010100042A60400D42410
:10B280002A107402D2FF40140400C526D665410F6F
:10B2900012004426FFFF9432220440A225A8000099
:10B2A0002B1093020C004050200440A6220442922E
:10B2B0001000422C0C0040542110D4022580800242
:10B2C00023307002FFFFC630200446A62128D0029A
:10B2D000D665410F20004426BEFF00100100022465
:10B2E000EDFF00100400142400005190010090268E
:10B2F000FF00022406002216FFFF10322B1013025B
:10B30000F0FF401423307002F3FF0010200440A629
:10B31000021111000D000324260043140E00032423
:10B320002B101302AAFF40102180D00200000292CD
:10B330000D00B52621A8A202FFFFB5320200822629
:10B34000FFFF50300F0022320D0003242800431469
:10B350000E0003242B1013029DFF40102110D00279
:10B3600000004290010010260D004224FF004230F0
:10B37000FFFF1032211802022A18630294FF6014A2
:10B38000FFFF4230220444922128D002C01804005A
:10B3900021184302260462A40100842421105000D5
:10B3A000240475A4280465ACFFFF5430BCFF0010D2
:10B3B000220444A20C00435421A8A2020100022648
:10B3C0002A10530082FF40102180D0020000049612
:10B3D000B542410F0D01B52621A8A202FFFFB532EB
:10B3E000D7FF001003008226D6FF0010FFFFB53202
:10B3F000E1FF431421180202010002262A10530023
:10B4000073FF40102110D00200004494B542410F58
:10B41000020010260D004224D5FF0010FF0042302C
:10B4200092008010251000009000A0100000000085
:10B430008E00C01000000000C8FFBD272400B4AF7C
:10B440001C00B2AF1800B1AF1400B0AF3400BFAFF2
:10B450003000B7AF2C00B6AF2800B5AF2000B3AFB7
:10B4600000008290080083902590800080110200E7
:10B47000251043000400838C25A0C0002588A0006F
:10B4800000190300251043000000A2A00C00828CCC
:10B49000040010240100A2A0B542410F10008494C2
:10B4A000020022A6080046920500C01012004526A0
:10B4B000D665410F0400242608005092040010268F
:10B4C0002404552625B8000025B00000220442922D
:10B4D0002A10E2021C0040540000A6962004429666
:10B4E0000C00401001001326FFFF022421803002CF
:10B4F000000002A220044696FFFF7332200045267A
:10B50000D665410F2120330220045096218070021D
:10B51000FFFF10323400BF8F000090A6010002240C
:10B520003000B78F2C00B68F2800B58F2400B48F61
:10B530002000B38F1C00B28F1800B18F1400B08FA1
:10B540000800E0033800BD272310D600FFFF42307B
:10B550000D00432C0D0060100200B3960D00632E09
:10B560001C0060100100032600110200251053008A
:10B5700021803002000002A2FFFF7030060060123E
:10B5800025B0C000220000100400A58E0D01432C40
:10B59000270060140D00632E0100F726CBFF00107A
:10B5A0000800B52601000326FFFF6330D0FF042406
:10B5B00021283002252064020200102621182302CF
:10B5C000F3FF42240000A4A0FFFF1032EBFF0010A5
:10B5D000000062A00D01632EEFFF60100011020059
:10B5E00001000326212030020D004234FFFF6330AA
:10B5F000000082A00200102621102302F3FF632620
:10B60000FFFF1032000043A00400A58E25B0C0004B
:10B61000E2FFA0500100F726212030022530600211
:10B62000D665410F21807002DBFF0010FFFF103252
:10B63000DCFF60140D01632ED7FF6010211830026B
:10B64000DDFF0424000064A001000426FFFF843015
:10B650000200032621202402F3FF4224FFFF63306F
:10B66000000082A0E4FF0010030010260800E003A1
:10B6700000000000A0FBBD274404B1AF7804B18FE7
:10B680005404B5AF4004B0AF5C04BFAF5804B6AFCC
:10B690005004B4AF4C04B3AF4804B2AF7004B58FDC
:10B6A0007404B0973C002012251000003A00A0124C
:10B6B0002598C00025A0A0002A0406242528000003
:10B6C00025B080001000A4278066410F2590E0007F
:10B6D000B542410F000804241C0004261C00A2A748
:10B6E000FFFF843045000224B542410F1E00A2A393
:10B6F0002000A2A74011023C00404224040006247E
:10B700002528C0022A00A427D665410F2400A2AF35
:10B710000400062425288002D665410F2E00A427A8
:10B72000B542410F2520600225204002B542410F5D
:10B730003200A2A708000426FFFF8430B542410F63
:10B740003400A2A70E0006241000A5272520200201
:10B75000D665410F3600A2A7140006241E00A527B7
:10B76000D665410F0E002426080006243200A527C6
:10B77000D665410F22002426253000022528A0028C
:10B78000D665410F2A0024267C04A28F2A001026A9
:10B79000000050A4010002245C04BF8F5804B68F3F
:10B7A0005404B58F5004B48F4C04B38F4804B28F47
:10B7B0004404B18F4004B08F0800E0036004BD274B
:10B7C00025180000251000002A3064000300C01472
:10B7D0002130A3000800E0030000000001006730F2
:10B7E0000400E0100000C69021104600F6FF001093
:10B7F00001006324FCFF0010003206000214040064
:10B8000004004054FFFF8430271004000800E003C8
:10B81000FFFF4230F9FF001021208200E8FFBD2722
:10B820002548A0002528E0001400BFAF2550800067
:10B83000F0AD400F2558C000252860010800042401
:10B84000F0AD400F254040001400BF8F21100201D1
:10B8500021202A0121208200FFAD400B1800BD27C6
:10B860000E00879040000224F000E33006006214CE
:10B8700006000224170085900500A2101100022482
:10B880000400A210060003240800E00300000000EA
:10B890001000032411008290100086900F00E73002
:10B8A0000012020025104600A010027C803807001C
:10B8B000FFFF423023104700010066242A30C200F7
:10B8C000F1FFC0100E00E7242118E3002168830077
:10B8D0000100632421608300E8FFBD271400BFAF8F
:10B8E000213887000000A0A11A008624000080A152
:10B8F00007AE400FFFFF4430021A02000000A3A170
:10B90000000082A11400BF8F0800E0031800BD27CB
:10B91000D0FFBD271C00B0AF2C00BFAF2800B3AFD5
:10B920002400B2AF2000B1AF1000A01025800000AD
:10B930000E00C0102510C00001A0123C2588A000F8
:10B94000259880001000A627F001452608AD400F7D
:10B95000252040000D00401425804000059D053C39
:10B960009480A524EF29410F252000002C00BF8FD3
:10B97000251000022800B38F2400B28F2000B18F61
:10B980001C00B08F0800E0033000BD2701A0103C70
:10B99000F00510262A040624252800008066410FA1
:10B9A000252000020600062425286002D665410FE6
:10B9B000252000023FF0400F0000000001A0043CE1
:10B9C0000600062425284000D665410FF60584248C
:10B9D000B542410F000804241000A4970C0002A6F1
:10B9E000450002241C008424FFFF8430B542410F2F
:10B9F0000E0002A6100002A601A0023C6C0A42241E
:10BA00000400449401008324B542410F040043A480
:10BA1000120002A601A0043C6411023C04000624AA
:10BA2000252820020A068424140002AED665410FA0
:10BA3000180000A601A0043C0400062404002526EA
:10BA4000D665410F0E068424B542410F08002496A6
:10BA50000A002496B542410F220002A61000A497C6
:10BA6000240002A608008424B542410FFFFF843061
:10BA70001000A69701A0043CF00145261A06842474
:10BA8000260002A6D665410F280000A62510000258
:10BA900014000526252000000E0043900F0046905C
:10BAA00002004224001A030025186600FAFFA214BF
:10BAB000212083000214040012004054FFFF843050
:10BAC00027200400B542410FFFFF84301000A597E6
:10BAD00025200002180002A618AE400F2A00A52457
:10BAE0001000A59725200002B1EF400F2A00A524E1
:10BAF0009EFF401425804000059D053C99FF0010E5
:10BB0000AC80A524EBFF001021208200E0FFBD27C0
:10BB10001800B1AF1400B0AF1C00BFAFADEF400FC5
:10BB2000258880000B00401425804000059D053CC1
:10BB3000CC80A524EF29410F252000001C00BF8FD9
:10BB4000251000021800B18F1400B08F0800E00328
:10BB50002000BD2701A0033C01000224059D053CF7
:10BB60006C0A62A0253020026C0A632401000224C2
:10BB7000F880A52425200000020071A4EF29410FC0
:10BB8000040062A4EEFF00101C00BF8FE8FFBD2779
:10BB90001000B0AF1400BFAFADEF400F00000000C9
:10BBA0000A00401425804000059D053C1C81A52409
:10BBB000EF29410F252000001400BF8F251000023F
:10BBC0001000B08F0800E0031800BD2701A0033C5F
:10BBD0006C0A60A0010002246C0A6324059D053CE8
:10BBE000040062A4F2FF00104881A52464828293BD
:10BBF000E8FFBD270A00432C090060141400BFAF02
:10BC0000059D053C6481A524EF29410F25200000F6
:10BC1000251000001400BF8F0800E0031800BD27A6
:10BC200001A0063CC01802001C0AC62421186600A8
:10BC300001004224648282A3000064AC040065AC6D
:10BC4000F4FF001001000224D8FFBD270104A22C3C
:10BC50002400BFAF2000B3AF1C00B2AF1800B1AFDB
:10BC60000D0040141400B0AF059D053C8C81A52447
:10BC7000EF29410F25200000251000002400BF8F70
:10BC80002000B38F1C00B28F1800B18F1400B08F4A
:10BC90000800E0032800BD2765828293FF00423040
:10BCA0000400401001A0103C059D053CF0FF001071
:10BCB000A481A524180F10262588A0002598C0006F
:10BCC0002530A0002528800025200002D665410FE0
:10BCD0002590E000040006242528600202040426C2
:10BCE000D665410F000411A6040006242528400251
:10BCF000D665410F060404263800A2974000A58FA0
:10BD0000060006240A0402A63C00A2970E0404269C
:10BD1000D665410F0C0402A601000224658282A3AD
:10BD2000D6FF001001000224059D053CE0FFBD2761
:10BD3000C481A5241C00BFAFEF29410F25200000BE
:10BD400001000224059D053C039D043C1400A0AFA6
:10BD50001000A2AF2538000000080624D481A524D5
:10BD60000CC18424658280A3D67A400F00000000B5
:10BD70001C00BF8F0800E0032000BD273E0080109C
:10BD8000251000003C00A010000000003A00C01088
:10BD9000000000000200C22C2F000324D0FFBD27AA
:10BDA0000B1802002800B5AF2000B3AF1C00B2AFE3
:10BDB0001800B1AF1400B0AF2C00BFAF2400B4AF77
:10BDC00025A8C0002580A000258880000100422C05
:10BDD0000000A3A0240492242598000022042392AA
:10BDE0002A1863020A0060142C00BF8F010002248D
:10BDF0002800B58F2400B48F2000B38F1C00B28FB1
:10BE00001800B18F1400B08F0800E0033000BD2788
:10BE1000000044960B000324140083140200432CFA
:10BE20000700601421180202010042242F0004249C
:10BE3000FFFF4230000064A021180202000060A051
:10BE40000200469621A046002A189502080060507C
:10BE5000010073260400458ED665410F21200202A1
:10BE6000FFFF823221180202000060A00100732649
:10BE7000DAFF0010080052260800E003000000006E
:10BE800020F6BD27CC09B5AFF409B59733160224C7
:10BE9000C809B4AFDC09BFAFD809BEAFD409B7AF8A
:10BEA000D009B6AFC409B3AFC009B2AFBC09B1AFD6
:10BEB000B809B0AF0300A212F009B497800082164F
:10BEC000258000002590C000B404A6276FAC400F69
:10BED0002598E0000700401425804000059D053CA2
:10BEE000E081A524EF29410F2520000075000010F6
:10BEF000DC09BF8F01A0023C6C0A51908000201227
:10BF0000B804A28F7E004014A40406242528000053
:10BF10008066410F1000A427010002241000A2A394
:10BF200002000224BC04A6931400A2AFC404A2978A
:10BF3000C604A5272200A4271800A6A3D665410F92
:10BF40002000A2A7400006245809A527B404A4276E
:10BF50002C00A0AF5FAF400F3204A0A30400401438
:10BF6000059D053CF881A5248A66410F5809A42740
:10BF700001A0163C648283931C0AD626258000000B
:10BF800025B8C0022A10030209004014059D053C93
:10BF90005809A6271C82A524EF29410F252000005F
:10BFA000840002241C00A2AF19000010251000001C
:10BFB0000000DE8E5809A527B009A3AFE165410F47
:10BFC0002520C0030800D62619004014B009A38F0D
:10BFD000059D053CC08010002530C003FC81A524D0
:10BFE00025200000EF29410F2180F0020400028E7D
:10BFF000B404A42709F840001000A527C004A48FAA
:10C00000010003240C008310000000002510200212
:10C01000C004A48F030003241800831480000324A9
:10C02000440004240B188200140000101C00A3AF6D
:10C03000D4FF0010010010262E0040103204A393FC
:10C040001000622C0D004010840062241000A42710
:10C05000C0100200211082000100043C0C00842466
:10C06000040044AC2C00A48F010063243204A3A379
:10C07000AC09A4A3AC09A427080044AC040006241E
:10C08000252860029809A427A409A0AFA809A0AF99
:10C09000A009B5A7D665410FA209B4A704000624DC
:10C0A00025284002D665410F9C09A427F809A48FD2
:10C0B0001000A62744AE400F9809A527258020022E
:10C0C000DC09BF8F25100002D809BE8FD409B78FB5
:10C0D000D009B68FCC09B58FC809B48FC409B38F06
:10C0E000C009B28FBC09B18FB809B08F0800E00356
:10C0F000E009BD2784000224E0FF00101C00A2AF6D
:10C10000059D053C77FF00105482A524D0FFBD2774
:10C11000059D053C2400B1AF2000B0AF8482A5246A
:10C120002520000001A0103C01A0113C2800B2AF66
:10C130002C00BFAFEF29410F180F10262613312610
:10C1400001A0123C65828293FF0042300C00401037
:10C1500001A0063C0C040296000405961400A2AF50
:10C160000A0402961800B1AF1E1347261000A2AFB2
:10C170001A13C624A0AF400F25200002658280A3B9
:10C18000AA7D400F0A000424EEFF0010000000000A
:10C190002000801025100000220483901000652CE0
:10C1A0001C00A01000000000240485240C000724BB
:10C1B000F8FFBD272A3043000B00C0540800A52417
:10C1C000C0100300211082000C000524240445A4A3
:10C1D0000100632402000524260445A428045DAC64
:10C1E00009000010220483A0F8FFA694F1FFC754B1
:10C1F00001004224C010020021208200020002241B
:10C20000260482A428049DAC010002240800E00357
:10C210000800BD270800E0030000000009008010AE
:10C220002510000022048690240483240C00072497
:10C23000020008242A2846000400A0540000659447
:10C24000251000000800E003000000000A00A754C9
:10C2500001004224020065940700A8540100422412
:10C2600084004224C0100200211082000800428C89
:10C270000800E00300004294EEFF00100800632471
:10C2800080FFBD275C00B1AF2588A000059D053C5F
:10C290005800B0AF9882A52425808000252000009A
:10C2A0007C00BFAF7800BEAF7400B7AF7000B6AF10
:10C2B0006C00B5AF6800B4AF6400B3AFEF29410FB5
:10C2C0006000B2AF0D0002920C00049207000392CE
:10C2D00008000592090006920A0007920B000892D6
:10C2E0000012020025204400000012920100139267
:10C2F0000200149203001592040016920500179292
:10C3000006001E925000A3AF4C00A5AF4800A6AF98
:10C310004400A7AFB542410F4000A8AF4C00A58F25
:10C320004000A88F5000A38F4400A78F4800A68F1D
:10C330002800A5AF059D053C3400A8AF2400A3AF9D
:10C34000B482A5243800A2AF3000A7AF2C00A6AF5E
:10C3500025386002253040021000B4AF25200000CF
:10C360002000BEAF1C00B7AF1800B6AFEF29410FD9
:10C370001400B5AF11000292100004920E00129248
:10C380000012020025204400B542410F0F00139215
:10C3900025A0400013000292120004920012020035
:10C3A000B542410F25204400059D053C253860021B
:10C3B000253040021400A2AF1000B4AF2083A524A2
:10C3C000EF29410F25200000190002921800049265
:10C3D000150003920012020025104400140006927A
:10C3E0001400A2AF1700029216000792001A030071
:10C3F000059D053C253066001000A2AF6483A5248E
:10C40000EF29410F25200000210002921B00079216
:10C410001A0006922400A2AF20000292059D053C5E
:10C42000A483A5242000A2AF1F00029225200000B3
:10C43000059D143C1C00A2AF1E0002921800A2AF82
:10C440001D0002921400A2AF1C000292EF29410FBE
:10C450001000A2AF230002922200049200120200F8
:10C46000B542410F2520440025904000250002924E
:10C470002400049200120200B542410F252044001E
:10C480002598400027000292260004920012020024
:10C49000B542410F25204400290003922800049250
:10C4A000059D053C001A030025186400253860022C
:10C4B0001400A3AF1000A2AF25304002D483A524FE
:10C4C000EF29410F25200000059D053C2530200265
:10C4D0001084A524EF29410F25200000059D053C6F
:10C4E0002884A524EF29410F252000002590000075
:10C4F0001100332E020060162510200210000224C5
:10C50000FFFF42302A10420219004054211012024B
:10C5100004006016059D053C4084A524EF29410FC9
:10C5200025200000059D053C4484A524EF29410FEA
:10C53000252000007C00BF8F7800BE8F7400B78F6D
:10C540007000B68F6C00B58F6800B48F6400B38F35
:10C550006000B28F5C00B18F5800B08F059D053C24
:10C560004884A52425200000EF29410B8000BD2729
:10C570002A00469038848526EF29410F25200000A7
:10C58000DCFF001001005226059D053CA8FFBD27D9
:10C590005C84A524252000005400BFAFEF29410F83
:10C5A0005000B0AF069D053C1000A4273A000624B9
:10C5B000D665410F1C93A5243800A697059D103C15
:10C5C0007C840526EF29410F252000001000A427B8
:10C5D0003A00052418AE400F3800A0A73800A697EF
:10C5E0007C840526EF29410F25200000059D053C90
:10C5F0009884A524EF29410F252000005400BF8F07
:10C600005000B08F0800E0035800BD27E8FFBD27A9
:10C61000331604241400BFAFC3AE400F1000B0AFF8
:10C620000F004010039D053C059D043CDCAFA52494
:10C63000FBAE400FF8818424039D053C059D043C1E
:10C6400040B0A524BC848424FBAE400F069D103C62
:10C65000F89610260000048E050080540800058E10
:10C660001400BF8F1000B08F0800E0031800BD2732
:10C67000F8FFA0100C001026FBAE400F00000000D9
:10C68000F5FF00100000048E251000000000838CD0
:10C69000C011020001006524000085AC0000639019
:10C6A0007F006530201C037CF8FF60042510A20089
:10C6B0000800E003000000000000828C00004290AF
:10C6C0008001427C231002000000838CC011020014
:10C6D00001006524000085AC000063907F00653098
:10C6E000201C037CF8FF60042510A2000800E00372
:10C6F00000000000039D073CE0FFBD27986EE72483
:10C70000039D023C253080001C00BFAF7C71422499
:10C71000080087AC1000A427A2B1400F1000A2AF00
:10C720000400C38C80200200001402002118640061
:10C730000800C48C1C00BF8F2338870021104700DD
:10C74000040064240400C4AC000062AC1000A28F9A
:10C750002000BD270800E0030800C2AC0800828C5E
:10C7600098FDBD274C02B3AF4802B2AF4002B0AF54
:10C77000039D133C0000908C0400928C3402A2AF05
:10C78000886D62264402B1AF6402BFAF6002BEAFE3
:10C790005C02B7AF5802B6AF5402B5AF5002B4AFA7
:10C7A000258880003802A2AF3402A28F0100432402
:10C7B0003402A3AF000042905800432CFB046010E9
:10C7C000039D033C80100200DCC76324211062003B
:10C7D0000000428C08004000000000006CC9029D6F
:10C7E000E0C9029DF4C9029D14CA029D38CA029D87
:10C7F00050CA029D74CA029D98CA029DB0CA029D89
:10C80000C8CA029DE0CA029DFCCA029D14CB029DCB
:10C8100030CB029D50CB029D70CB029D8CCB029DF4
:10C82000A8CB029DC0CB029DECCB029D10CC029DFB
:10C8300034CC029D5CCC029D80CC029D98CC029DA4
:10C84000E4CC029D08CD029D8CC9029D20CD029DA5
:10C85000D0CD029D18CE029D50CE029D6CCE029D81
:10C8600074CE029DFCCE029D7CD0029DA4D1029D7F
:10C870002CD2029D34D2029D44D2029D9CD2029DB4
:10C88000B4D2029DC4D2029D20D3029D54D3029DF6
:10C8900068D3029D7CD3029D90D3029DA8D3029DB4
:10C8A000E0D3029D0CD4029D30D4029D54D4029D4D
:10C8B00064D4029D74D4029D84D4029D9CD4029DB4
:10C8C000ACD4029D28D5029D90D5029DC0D5029D75
:10C8D000D8D5029DF0D5029D08D6029D20D6029D96
:10C8E0003CD6029D84D6029D9CD6029DB4D6029D64
:10C8F000C8D6029DF8D6029D28D7029D50D7029D2A
:10C9000078D7029DB4D7029DF0D7029D0CD8029D26
:10C9100028D8029D4CC9029DACD8029DC4D8029D66
:10C9200020DA029D9CDA029DFCDA029D24DB029D46
:10C9300040DB029D5CDB029D80DB029D9AFF0010C4
:10C940002580800298FF001025808002BC04258E7F
:10C950002518000025100000CD03A254B804248E31
:10C96000000003AE90FF001004001026FCFF428E72
:10C97000021C02008018030023904302FFFF433093
:10C9800012006014FCFF52263402A0AF3402A28FC2
:10C990006402BF8F000030AE040032AE080022AE49
:10C9A0006002BE8F5C02B78F5802B68F5402B58FFB
:10C9B0005002B48F4C02B38F4802B28F4402B18F41
:10C9C0004002B08F0800E0036802BD27039D023CCF
:10C9D000986E42242110430073FF00103402A2AF6E
:10C9E000AEB1400F3402A427000002AE6EFF00106B
:10C9F00004001026A2B1400F3402A42780100200C8
:10CA000023104202F8FF428C0400102666FF00103B
:10CA1000FCFF02AE3402A427A2B1400FFCFF0626A1
:10CA2000FCFF038E8010020023104202F8FF43AC8B
:10CA30005DFF00102580C000AEB1400F3402A42776
:10CA40003402A38F2110620057FF00103402A2AFFE
:10CA5000AEB1400F3402A427FCFF038E52FF6010DA
:10CA6000FCFF10263402A38F211862004EFF001035
:10CA70003402A3AFAEB1400F3402A427FCFF038EF3
:10CA800049FF6014FCFF10263402A38F21186200B6
:10CA900045FF00103402A3AFF8FF028EFCFF038EA7
:10CAA000FCFF1026021043703FFF0010FCFF02AE97
:10CAB000F8FF028EFCFF038EFCFF102621104300BE
:10CAC00039FF0010FCFF02AEF8FF028EFCFF038E60
:10CAD000FCFF10262310430033FF0010FCFF02AEC2
:10CAE000F8FF038EFCFF028EFCFF10262A10620066
:10CAF000231002002CFF0010FCFF02AEF8FF028E94
:10CB0000FCFF038EFCFF10260410620026FF0010BD
:10CB1000FCFF02AEF8FF038EFCFF028EFCFF102626
:10CB20002A104300FFFF42241FFF0010FCFF02AE4B
:10CB3000F8FF038EFCFF028EFCFF10262610430038
:10CB40002B1002002310020017FF0010FCFF02AEA2
:10CB5000F8FF038EFCFF028EFCFF10262610430018
:10CB60000100422C231002000FFF0010FCFF02AE58
:10CB7000F8FF038EFCFF028EFCFF10262A104300F4
:10CB80002310020008FF0010FCFF02AEF8FF038E26
:10CB9000FCFF028EFCFF10262A106200FFFF4224D9
:10CBA00001FF0010FCFF02AEF8FF028EFCFF038EB7
:10CBB000FCFF102607106200FBFE0010FCFF02AE17
:10CBC0003805248E5DFF8010FCFF14260000828C47
:10CBD000FCFF068E0C0125260C00428C09F8400053
:10CBE00025808002F1FE00103402A28F3805248EC9
:10CBF000EEFE80503402A28F0000828C1000428C26
:10CC000009F8400000000000E8FE00103402A28F86
:10CC10003805248EE5FE80503402A28F0000828CFD
:10CC20001400428C09F8400000000000DFFE0010F4
:10CC30003402A28F3805248E42FF8010FCFF142698
:10CC40000000828CFCFF058E0800428C09F8400031
:10CC500025808002D5FE00103402A28F3805248E74
:10CC6000D2FE80503402A28F0000828C0400428CDD
:10CC700009F8400000000000CCFE00103402A28F32
:10CC8000F8FF028EFCFF038EFCFF102624104300E9
:10CC9000C5FE0010FCFF02AEBC04238E050060142C
:10CCA00004000426FFFF0224000002AEBEFE0010B6
:10CCB00025808000B804228EFFFF63240000458C8D
:10CCC00008004224C00425AEFCFF458CB80422AE07
:10CCD000BC0423AEC40425AE000005AEB2FE0010B5
:10CCE00025808000F8FF048EFCFF068EF8FF1426D6
:10CCF0001CF88424252800008066410F212024028E
:10CD0000A9FE0010258080021C03228E040010263C
:10CD10002B10020023100200A3FE0010FCFF02AE45
:10CD2000FCFF178E1CF82426F8FF168E84BA400FDD
:10CD30002528E00225A8400028FF22962000A627EB
:10CD4000A801A6AF0303422C150040142C0334267F
:10CD50002528E002B43C410F252080021900C016AE
:10CD6000AC01A2AF069D023C908A4224A801A327F1
:10CD70001800A3AF010003241400A3AF1000A2AF5A
:10CD8000300007242CFF26260C0005240C01242645
:10CD900009F8A002F8FF102684FE00103402A28FCA
:10CDA00001000524B43C410F252080023000A62755
:10CDB00002000524B43C410F25208002E7FF00104B
:10CDC00024000224069D023CE8FF0010808A4224D1
:10CDD000C404228E00020324C004258E0102542CB8
:10CDE0000B185400253060000C012426D665410F35
:10CDF00025A06000C004228E0400102621105400DB
:10CE0000C00422AEC404228E23105400C40422AEF7
:10CE100065FE0010FCFF14AEFCFF038EC804228EDA
:10CE200080180300211043000000558CCA65410F93
:10CE30002520A00225A04000253040002528A00282
:10CE4000D665410F0C01242657FE0010FCFF14AEDE
:10CE5000FCFF028E039D033C407B632421104300B2
:10CE60000000429050FE0010FCFF02AE4EFE00108B
:10CE7000180320AE3D0525920C0134262C033526DF
:10CE80001200A01025308002B43C410F2520A002E2
:10CE90003805248E00020524253880020000838C8A
:10CEA0001000A5AF3D0525922000638C09F86000B5
:10CEB000253040000E0040141A00052417B8400F1A
:10CEC0001CF82426B2FE00103402A28F01000524B3
:10CED000B43C410F2520A0021C0126260200052497
:10CEE000B43C410F2520A002E9FF001024000224D9
:10CEF000000002AE2CFE001004001026F8FF028E87
:10CF00000E004010FCFF1E8E5CFF3492E2FF359253
:10CF10005DFF36262005238E0000628C06108202FB
:10CF2000010042300E0040540800628CE6FF0524E8
:10CF3000F8FF1026E1FF001023280500B404248E1A
:10CF40000000828C1800428C09F84000252800005F
:10CF50000400548C0800568CEEFF00100C00558C19
:10CF60002520800209F840002C02A52700004490EB
:10CF7000FF001324429813002B186402FDFF601079
:10CF80002C02A68FA801A5276833410FD0FC2426C8
:10CF9000A801A3933002A527252080022410630254
:10CFA000A801A2A32C02A28F2000A327FFFF4224E6
:10CFB000211062008801439001006334880143A07E
:10CFC0002005228E0400428C09F840001CF8372608
:10CFD0003002A28FD5FF55142530A0022528C002AB
:10CFE000D665410F2000A4272005228E1000B4AF83
:10CFF0002C02A78F1000428CA801A6272528A0028A
:10D0000009F840002000A427C8FF40102520800216
:10D010002005228E0C00428C09F84000EC01A52767
:10D02000EC01A78F2000A327213062002528C00330
:10D03000ADBA400F2520E0022005228E2C02A68FDB
:10D04000253880021400428CA801A52709F8400069
:10D050002000A4273002B48F2000A5270C0124262D
:10D06000D665410F25308002B1FF80062528800259
:10D07000F8FF14AECCFD0010FCFF1026B404248E83
:10D08000252800000000828C1800428C09F840001E
:10D09000FCFF1E8E0400438C0800548C2598400031
:10D0A0000B008012C4FF0524000064900A00801069
:10D0B000010063243B00832E9EFF6054FCFF10267A
:10D0C0000102832E0600605462FD2496E9FF0524C8
:10D0D00098FF0010FCFF1026F1FF0010FFFF9426C0
:10D0E0000C013726D0FF952621A8F502022A04005C
:10D0F000D0FC36261CF823260000A5A20100A4A21D
:10D100000200A5262E0006242520C0026833410F08
:10D110003C02A3AF3C02A38F2530A0022528C00308
:10D1200025206000ADBA400F300007240002032420
:10D130000C0123A60E01352621183402DB0060A065
:10D14000CDFF86262528A0022520C0026833410F86
:10D15000DB003E2621F0D4030000A3920C006010F7
:10D16000010006240100B526FBFFD5170400662642
:10D170006405238E2528800209F860002520E0023E
:10D18000D3FF4010E9FF052487FD0010FCFF14AE1B
:10D190002528A0026833410F2520C002EFFF0010B0
:10D1A0000000A392B404248E25280000FCFF158EF5
:10D1B0000000828CFCFF14261800428C09F8400005
:10D1C0001CF830260C00468C8600C32C1200601020
:10D1D000A801A6AF0800458CD665410F2000A42702
:10D1E0003805248EA801A6270000828C1C00428CE2
:10D1F00009F840002000A52707004010A801A78FCC
:10D20000252000022000A627ADBA400F2528A00245
:10D2100065FD0010258080022520000217B8400F10
:10D220001A000524D9FD0010258080025EFD001043
:10D23000FCFF1026FCFF028E040010265AFD001091
:10D24000FCFF02AECC0437960400E016040016265C
:10D25000000000AE54FD00102580C002C8043E8EC0
:10D260000600152425A00000801014002110C20320
:10D270000000448CCA65410F01009426010042243D
:10D2800021A8A2022B109702F8FF4014801014006E
:10D29000000015AE44FD00102580C002FCFF058E85
:10D2A000FCFF132617B8400F1CF82426B7FD00100A
:10D2B00025806002FEB8400F1CF824263BFD0010BC
:10D2C0003402A28F3805248E11008010FCFF142632
:10D2D0000000828CFCFF068E2000A7271800428CDD
:10D2E0001CF8252609F84000258080022000A28F26
:10D2F0003C0522A22400A28F3D0522A22800A28F75
:10D30000B80422AE2C00A28F27FD0010BC0422AE70
:10D310003D0520A2BC0420AE23FD00102580800224
:10D32000B404248E0000828C1800428C09F840005E
:10D330002000A5270400401025180000000043909D
:10D340002000A28F25186200000003AE16FD001019
:10D3500004001026FCFF028E211022021CF84294C9
:10D3600011FD0010FCFF02AEFCFF028E2110220214
:10D370001CF8428C0CFD0010FCFF02AEFCFF028E7C
:10D38000211022021CF8429007FD0010FCFF02AEA3
:10D390001803228E040010262B1002002310020016
:10D3A00001FD0010FCFF02AEF4FF048EF8FF058EB5
:10D3B000FCFF068E1CF884241CF8A52421282502D5
:10D3C0002F65410F212024020100422CF8FF142672
:10D3D00023100200F4FF02AEF3FC0010258080024F
:10D3E000F4FF048EF8FF058EFCFF068E1CF88424E3
:10D3F0001CF8A524F4FF142621282502D665410F28
:10D4000021202402E8FC001025808002F8FF058E10
:10D41000FCFF068EF8FF14261CF8A52421282502FF
:10D420006833410FD0FC2426DFFC001025808002E9
:10D430001803238E0400601401000224DCB8400F9E
:10D440001CF824260100422C000002AED6FC00107D
:10D4500004001026403C410F2C032426D3FC00106E
:10D460003402A28FFCFF028E23100200CEFC0010BB
:10D47000FCFF02AEFCFF028E27100200CAFC001067
:10D48000FCFF02AEF8FF028EFCFF038EFCFF1026AD
:10D4900025104300C4FC0010FCFF02AEF8FF028E12
:10D4A00004001026C0FC0010FCFF02AE1803228E00
:10D4B000BEFC40503402A28FFCFF158EF8FF168E82
:10D4C0000C03258E2BA0A2020B10B4021CF8C4265C
:10D4D0002530400021202402D665410F25A04000C0
:10D4E0004FF82392160002240400621425308002B3
:10D4F0000C03258E643C410F2C0324260C03228E42
:10D5000021B0960223A8B402F8FF16AEFCFF15AEB8
:10D51000211054000C0322AE1803228E23A05400C5
:10D52000A1FC0010180334AE1803228E1400401022
:10D53000040014260C03228E010043240C0323AEA6
:10D54000000042904FF823922000A2A3160002246C
:10D5500004006214010006242000A527643C410F4A
:10D560002C0324262000A293000002AE1803228E72
:10D5700025808002FFFF42248BFC0010180322AE9E
:10D58000FFFF0224000002AE87FC0010258080020D
:10D59000B404248E0000828C1800428C09F84000EC
:10D5A0002528000000004590020004240200A41475
:10D5B000251800000400438C7BFC0010340523AECA
:10D5C000FCFF028EF8FF038EF8FF102621102202C6
:10D5D00075FC00101CF843A4FCFF028EF8FF038EBC
:10D5E000F8FF1026211022026FFC00101CF843AC3B
:10D5F000FCFF028EF8FF038EF8FF10262110220296
:10D6000069FC00101CF843A0FCFF048E1CF8842465
:10D61000CA65410F2120240263FC0010FCFF02AE0A
:10D620002005238E02006010251000000000628C8F
:10D63000000002AE5CFC001004001026A0042526A9
:10D640002518000025200000020002240100072404
:10D65000070006240000A88C0300001104404700C6
:10D66000252088000100632401004224F9FF4614AC
:10D670000400A524000004AE040003AE4AFC001020
:10D68000080010262805228E040010262B10020008
:10D690002310020044FC0010FCFF02AE2405228E81
:10D6A000040010262B100200231002003EFC001084
:10D6B000FCFF02AEF8FF028EFCFF038EFCFF02AE01
:10D6C00039FC0010F8FF03AEFCFF028EF4FF068E5B
:10D6D000F0FF058E1400A2AFF8FF028EE804278E3B
:10D6E000F0FF14261000A2AFD7BB400F1CF8242671
:10D6F0002DFC001025808002FCFF028EF4FF068EB8
:10D70000F0FF058E1400A2AFF8FF028EE804278E0A
:10D71000F0FF14261000A2AF00BC400F1CF8242616
:10D7200021FC001025808002FCFF028EF8FF068E8F
:10D73000F4FF058EE404278EF4FF14261000A2AF38
:10D740004DBB400F1CF8242617FC001025808002DA
:10D75000FCFF028EF8FF068EF4FF058EE404278E90
:10D76000F4FF14261000A2AF76BB400F1CF824264D
:10D770000DFC001025808002F8FF028E0200405050
:10D78000F004228EE004228EFCFF038EF4FF078E4D
:10D79000F0FF068EECFF058EECFF14261400A3AFFD
:10D7A0001000A2AFC5BA400F1CF82426FEFB0010E3
:10D7B00025808002F8FF028E02004050EC04228E89
:10D7C000DC04228EFCFF038EF4FF078EF0FF068E32
:10D7D000ECFF058EECFF14261400A3AF1000A2AFDF
:10D7E0000ABB400F1CF82426EFFB001025808002A6
:10D7F000FCFF068EF8FF058EF8FF14269DBB400F38
:10D800001CF82426E8FB001025808002FCFF068E11
:10D81000F8FF058EF8FF1426BBBB400F1CF824262A
:10D82000E1FB001025808002FCFF158ECC043696AB
:10D8300025A000000C0137262B109602030040148F
:10D84000FFFF0224D8FB0010FCFF02AEC804228EAA
:10D85000801814002110430000005E8CCA65410F3F
:10D860002520C003080055142530A0022528C00338
:10D870002F65410F2520E002EFFF40540100942660
:10D88000C9FB0010FCFF14AEEBFF00100100942652
:10D89000C030020001004224212086000400848C54
:10D8A000030084242CFC001021186400F8FF028E71
:10D8B000FCFF038EFCFF102606106200BAFB00106E
:10D8C000FCFF02AEB404248E25280000FCFF168E57
:10D8D0000000828CF8FF1E8E1800428C09F8400070
:10D8E000F4FF148E2000A4273D3C410F25A84000E2
:10D8F000180006249C042526D665410F9001A42714
:10D90000403C410F2000A42720000624C5FE252608
:10D91000643C410F2000A42720000624E5FE2526B4
:10D92000643C410F2000A427030002242C02A2A77C
:10D930005CFF2292040006242C02A5272E02A2A33B
:10D94000E2FF22922000A427643C410F2F02A2A3F1
:10D95000E2FF26925DFF2526643C410F2000A427AC
:10D960000A008012EC01A62725288002B43C410F52
:10D970002000A427A300401425B840001A00022468
:10D98000F4FF02AE88FB0010F8FF1026010005240A
:10D99000B43C410F2000A427F8FF4010FC01A6274B
:10D9A00002000524B43C410F2000A427F4FF40509E
:10D9B0001A0002249500C01324001724060000104A
:10D9C00025300000039D023C80A01400F87B422417
:10D9D00021A082020000868E2405228EA801B42791
:10D9E0000400B5261400B4AF1000B5AF2538E0022E
:10D9F0002528C00209F840000C012426060040102A
:10DA00002530E002EC01A5272F65410F252080027B
:10DA1000DCFF4050F4FF02AED9FF00101B000224CF
:10DA20001C03228E61FB40503402A28FFCFF158E36
:10DA3000F8FF168E1003248E2BA0A2020B10B40246
:10DA40001CF8C5262530400021282502D665410F47
:10DA500025A0400050F8239216000224040062140E
:10DA6000253080021003258E643C410F2C032426B0
:10DA70001003228E21B0960223A8B402F8FF16AE3E
:10DA8000FCFF15AE21105400100322AE1C03228EA1
:10DA900023A0540044FB00101C0334AEFCFF028E94
:10DAA0002000A2A31C03228E1200401016000224A4
:10DAB00050F8239204006214010006242000A527D8
:10DAC000643C410F2C0324261003228E01004324C2
:10DAD000100323AE2000A393000043A01C03228E5A
:10DAE000FFFF42241C0322AEFFFF02242EFB001086
:10DAF000FCFF02AE2CFB0010FCFF00AEB404248E31
:10DB0000FCFF068EFCFF14260000828C0C012526EB
:10DB10000C00428C09F840002580800223FB001095
:10DB20003402A28FB404248E0000828C1000428C38
:10DB300009F84000000000001CFB00103402A28F16
:10DB4000B404248E0000828C1400428C09F840003A
:10DB50000400102614FB0010FCFF02AEB404248E57
:10DB6000FCFF058EFCFF14260000828C0800428C0E
:10DB700009F84000258080020CFB00103402A28FBF
:10DB8000FCFF028E0200401025280000C5FD25265E
:10DB9000B404248E0000828C0400428C09F84000FA
:10DBA000FCFF102601FB00103402A28F3802A38F65
:10DBB000A8FF4224401002002110430000004294BC
:10DBC000039D033C986E66242110C2002000A42708
:10DBD000A2B1400F2000A2AF3402A38F8020020028
:10DBE0000014020023186600211862002000A28F92
:10DBF00021204402000083AC04009224EAFA0010C1
:10DC00003402A2AF6FFFC057FEFF94260C012226FC
:10DC10001000A2AF2005248E2805228E1400B6AF76
:10DC20000400A7262530E00209F84000EC01A527F2
:10DC30001B0003240B18020051FF00102510600088
:10DC40003000839005000224200082AC01000224F1
:10DC50001C0080AC03006214180080AC0300022496
:10DC6000300082A00800E00300000000E0FFBD27B4
:10DC7000050002241400A2AF1000828C1800B0AF7F
:10DC80001C00BFAFFBFF42241000A2AF7802828CC1
:10DC9000258080001000A6270400428C780284248E
:10DCA00009F840001400A5271400A38F1000A28FCC
:10DCB00014000496231043002B1082000200401031
:10DCC000212064001000A4AF1000A28F240003AE36
:10DCD0002C0003AE30000392280002AE02000224A2
:10DCE0000200621403000224300002A21C00BF8F55
:10DCF0001800B08F0800E0032000BD27320082909A
:10DD000004004050300082900000A0AC0800E00306
:10DD10002510000001000324030043100300032426
:10DD2000FAFF43540000A0AC1800838C1C00828CC6
:10DD3000F6FF62540000A0AC0C00828C2000868CA0
:10DD4000231043002B18C2000B10C3000000A2AC2C
:10DD50001800838C0400828C0800E003211043002B
:10DD600030008290010003240300431003000324C9
:10DD70000B0043540000A0AC1800828C1C00838C64
:10DD8000231862000000A3AC0600601025100000FC
:10DD90000400828C1800838C0800E00321104300EB
:10DDA000251000000800E003000000001800838C2C
:10DDB0002128A3001C00838C0800A314180085AC44
:10DDC0002000838C030060140500032410B7400B6F
:10DDD000000000001C0083AC180083AC0800E003C6
:10DDE0000000000030008290FEFF42240200422C1E
:10DDF0000B0040500000A0AC2400828C2800838CD3
:10DE0000231862000000A3AC06006010251000007B
:10DE10000800828C2400838C0800E003211043005A
:10DE2000251000000800E003000000002400828CA0
:10DE30002800838C1F004310000000002C00838CFE
:10DE4000D8FFBD272400BFAF231043001800A2AFA6
:10DE50002510A200130040102000B0AF7802828C81
:10DE6000258080000800878C1800A4271000A4AF2C
:10DE70000800428C38000696340005922138E300F1
:10DE800009F84000780204260800038E231043009E
:10DE90001800A38F240002AE280002AE21106200F9
:10DEA0002C0002AE2400BF8F2000B08F0800E003DA
:10DEB0002800BD270800E003000000003000839028
:10DEC00003000224070062542400828C0400838C27
:10DED0000800828C0200621402000224300082A03A
:10DEE0002400828C2128A2002800828C2B10A20002
:10DEF00005004014240085AC0100A524280085AC51
:10DF00008BB7400B252800000800E003000000004C
:10DF10000000A38C0000C28C231043000140422C5F
:10DF200002004014004063240000C3AC0800E0037A
:10DF3000000000001000A28F021A0600FBFFE5A0FF
:10DF4000FCFFE3A0FDFFE6A00000438C02220300DB
:10DF5000FEFFE4A0FFFFE3A00000438C0500632464
:10DF6000000043AC0800E003FBFFE224D8FFBD271C
:10DF70002000B1AF1C00B0AF2400BFAF25808000EF
:10DF80002530A000E40791241400A52758B7400FBE
:10DF90002520000205004010F00A02AE3300039273
:10DFA00017000224010062501400A0AF1000A52742
:10DFB00079B7400F25200002F40A02AE0800401095
:10DFC000F80A02AE2400028E2800038E050043509A
:10DFD0001400A28F2C00038E010043541000A0AF48
:10DFE0001400A28F080B06A2FC0A02AE1000A28F3A
:10DFF000000B02AE040B028E09F84000252020021F
:10E0000030000292110040102400BF8FF40A058EE8
:10E01000F80A028E0300A2102328A200AFB7400F17
:10E0200025200002FC0A028E1400A58F0600451070
:10E030002328A2006BB7400F25200002FC0A028EA5
:10E04000D1FF4010253000002400BF8F2000B18F89
:10E050001C00B08F0800E0032800BD27300082902C
:10E060000300401000000000300080A0000085ACDC
:10E070000800E003000000003C05838C1C00605495
:10E08000010003248C0C858CE8FFBD271000B0AF85
:10E090001400BFAF0E00A01425808000900C858C6A
:10E0A0000C00A01425380000840C858C0A00A014F4
:10E0B0002530000017B8400F020005241400BF8F60
:10E0C000251060001000B08F0800E0031800BD2785
:10E0D00025380000253000004433410FB4040426E5
:10E0E000010002243C0502AEF4FF001001000324ED
:10E0F0000800E003251060002400828C2800838C37
:10E100002B3043000800C010140085A42C00868C1E
:10E110002128A6002B18A300030060102B10450037
:10E1200001004054280085AC0800E0030000000016
:10E13000E8FFBD27030002241400BFAF2540800084
:10E140002800A98F300082A4000080AC360080A493
:10E15000330080A0380080A40E00A014340080A0FA
:10E160000400828C04004014019D023C17B8400F4B
:10E1700001000524019D023C34944224780202AD42
:10E1800010B7400F252000011400BF8F1BB7400BB4
:10E190001800BD27040085AC0300E0140C0086AC19
:10E1A0002548C0002538A000080007AD100009ADC3
:10E1B0000E0002240100072408000524041847006B
:10E1C000550064242B20240104008014450163249D
:10E1D0002B18C300080060100D000324FFFF422429
:10E1E000F6FF45141400BF8F01000524252000010F
:10E1F00017B8400B1800BD27010043500C00022443
:10E200000100032404184300140003A5160002A112
:10E21000D8FF0010170000A1E0FFBD270800A014E0
:10E220001C00BFAF1000A0AF253800002530000053
:10E230004CB8400F00000000090000101C00BF8F08
:10E240001500E010251880009A05C42C06008010E7
:10E2500001000224300060A0000062AC1C00BF8FEF
:10E260000800E0032000BD279A43C42C2510C000FD
:10E270002540A0000200801455020624BBBE46249F
:10E280001000A6AF213806012528000123304600E2
:10E29000E7FF001025206000E5FF00101000A0AF90
:10E2A000E8FFBD271000B0AF1400BFAF1EB8400F8D
:10E2B00025808000190040101400BF8F4005028E99
:10E2C0000E0040543C05038E0124400F2520000021
:10E2D000080040500100022409F84000B40404265C
:10E2E0000400405001000224020002243C0502AE5A
:10E2F00001000224400502AE3C05038E02006328A3
:10E3000005006010010002240800052417B8400F22
:10E3100025200002251000001400BF8F1000B08FD0
:10E320000800E0031800BD27E8FFBD271000B0AFCC
:10E330001400BFAF258080001C00A5AF1EB8400FA1
:10E340002000A6AF060040102000A68F1C00A58F5D
:10E35000DC32410FB4040426020002243C0502AE64
:10E360001400BF8F1000B08F0800E0031800BD2715
:10E370003000839001000224030062100300052492
:10E3800006006514000000002000838C030060106C
:10E39000010002241800828C0500422C0800E003D2
:10E3A00000000000401006006100432C03006014D0
:10E3B0000000000017B8400B01000524E0FFBD2756
:10E3C0001800B1AF1400B0AF2588C00025808000D0
:10E3D000253040001C00BFAFD665410F480584249E
:10E3E000A80511A21C00BF8F1800B18F1400B08FB8
:10E3F0000800E0032000BD27F40A858CF80A828C0F
:10E40000E8FFBD271000B0AF1400BFAF0300A2109B
:10E4100025808000AFB7400F2328A2002400028E81
:10E420002800038E07004310000B05262C00038EE6
:10E4300003004310252800008BB7400F2520000261
:10E44000000B052679B7400F252000021400BF8F6E
:10E45000F40A02AEF80A02AE1000B08F0800E00322
:10E460001800BD27B00482900100423003004050E4
:10E470000000A0AC79B7400B000000000800E003EA
:10E4800025100000AFB7400B00000000B0048290E0
:10E4900001004230070040102530A0003300839077
:10E4A00017000224040062540000C0AC58B7400BAF
:10E4B000000000000000C0AC0800E00325100000D0
:10E4C0006BB7400B0000000030008290FEFF42243A
:10E4D0000200422C0C0040500000A0AC2C00828CAA
:10E4E0002400838C2B3062000700C0500000A0ACD9
:10E4F000231043000000A2AC2400838C0800828C0F
:10E500000800E003211043000800E003251000008C
:10E510002400828C2C00838CE0FFBD272110A200F8
:10E520001800B1AF1400B0AF1C00BFAF2580800051
:10E530002588A000240082AC03004314280082AC8C
:10E540001BB7400F00000000160020121C00BF8FF8
:10E550002400028E2800038E0500435434000392E9
:10E560002C00038E100043141800B18F3400039266
:10E57000170002240500621425200002B004029254
:10E5800001004230070040141C00BF8F1C00BF8FE9
:10E590001800B18F1400B08F25280000DBB7400BA6
:10E5A0002000BD271800B18F1400B08F0800E003D1
:10E5B0002000BD273FB7400B00000000D0FFBD2763
:10E5C0002400B0AF2C00BFAF2800B1AF3000839063
:10E5D0000300022425808000060062143400A5AFE9
:10E5E0000400838C0800828C020062140100022463
:10E5F000300082A01800028E2000038E2110A2009D
:10E60000232865000500432C180002AE1C0002AE52
:10E6100014006014200005AE050003244F0043548D
:10E62000310004920400038E00006290330002A2C5
:10E630000200629001006490001202002510440064
:10E64000A010027CFFFF45300232050003000424C5
:10E650001900C450360004960300052417B8400F73
:10E6600025200002300002925B0040102C00BF8F7A
:10E670003400A52758B7400F25200002560040104F
:10E680002C00BF8F330002921400432C050060144D
:10E690001700432C4D006014170003245200435010
:10E6A000B00402920A00052417B8400F252000028A
:10E6B000490000102C00BF8F04008050360002A6D5
:10E6C000E6FFA41404000524360002A6040071909D
:10E6D00003006290008A1100258822023100029214
:10E6E000A088117C10004010FFFF31324000028EE4
:10E6F000252820020400428C09F84000400004262E
:10E70000030040540C00028ED4FF001005000524C5
:10E71000FBFF42242B105100060040100600052488
:10E72000CEFF0010000000000140222ECBFF401061
:10E7300005000524050020560500022410B7400FEF
:10E7400025200002C8FF0010300002921C0002AE1B
:10E75000180002AEC3FF0010200011AE03008014A9
:10E7600000000000BFFF0010180003AEBDFFA014A2
:10E77000FBFF42241800A2AF4000028E1800A3271E
:10E780000400078E1000A3AF330005920800428CEE
:10E79000360006960500E72409F8400040000426EC
:10E7A000AEFF4010070005240400038E2310430031
:10E7B0001800A38F180002AE21184300DFFF43109A
:10E7C0001C0003AEA8FF001030000292DBB7400F20
:10E7D000252800002C00BF8F2800B18F2400B08FA7
:10E7E0000800E0033000BD2701000324F9FF4310B7
:10E7F00002000324ACFF43540A0005246BB7400F0A
:10E800003400A58FF4FF00102C00BF8F30008290E1
:10E810001200401000000000E0FFBD271000A527F7
:10E820001C00BFAF23B9400F253880000500401001
:10E830001000A58F0400A050010005246BB7400F05
:10E840000000000001000524DBB7400F2520E00098
:10E850001C00BF8F0800E0032000BD270800E00374
:10E86000000000003000839006006054C7078590C8
:10E870000800E003251000001C00BF8F0800E00323
:10E880002000BD2701000324F9FFA31000000000B1
:10E89000E007838C02006330F5FF60140000000085
:10E8A000E0FFBD271C00BFAF23B9400F1000A52714
:10E8B000F1FF405425100000DBB7400F0200052493
:10E8C000EDFF00100100022430008290260040106D
:10E8D00001000724FEFF4224E0FFBD270200422C76
:10E8E0001E0040101C00BFAF2C00828C2400838CC3
:10E8F0002B2862001900A010231043000800878C09
:10E900001000A2AF2138E3002B3807004038070081
:10E910001000A5273FB7400F25408000010040545C
:10E920000400E7341000A52719B9400F2520000185
:10E93000010040540800E7341000A52723B9400F18
:10E9400025200001010040541000E7341C00BF8F57
:10E950002510E0000800E0032000BD271000A0AF54
:10E96000EBFF0010253800000800E0032510E00050
:10E97000300083900700601000000000B004829017
:10E980000100423003004010000000008BB7400B34
:10E99000000000000800E00300000000E0FFBD27C9
:10E9A0001C00BFAF1800B2AF1400B1AF1000B0AF81
:10E9B0002590A0002580800010B7400F2588C0005A
:10E9C0001BB7400F00000000F0070226E40702AE6C
:10E9D00070080226E407042609F84002E80702AEA0
:10E9E000040B11AE320000A2B00400A2090B00A279
:10E9F000252000021C00BF8F1800B28F1400B18FB9
:10EA00001000B08F25280000DBB7400B2000BD2789
:10EA10000C0782940303422C0800401400000000FD
:10EA2000050002240300A214000000000800E00317
:10EA3000BC0C828C0800E003B80C828C0800E00358
:10EA4000B40C828CC8FFBD27C90682242548C000AB
:10EA50002000A2AFA9068624200002243400BFAF04
:10EA6000251880002540E0002800A6AF2400A2AFB2
:10EA700084BA400F2C00A2AF2000A4271800A4AF36
:10EA8000020004241400A4AF069D043C189D8424B5
:10EA90001000A4AF300007241007662440280900A6
:10EAA00009F84000252000013400BF8F0800E00372
:10EAB0003800BD27C8FFBD27A9068224C9068824BF
:10EAC0002000A2AF200002243400BFAF2518800030
:10EAD0002800A8AF2400A2AF84BA400F2C00A2AF38
:10EAE0002000A4271800A4AF020004241400A4AF3F
:10EAF000069D043C289D84241000A4AF300005240A
:10EB000009F84000100764243400BF8F0800E003B8
:10EB10003800BD270C078294F0FEBD270801B7AF6F
:10EB20000203422C0001B5AFFC00B4AFF800B3AF54
:10EB3000F400B2AF25B8A0000C01BFAF0401B6AF1E
:10EB4000F000B1AFEC00B0AF259880002528C000E0
:10EB50002001B28F2401B58F0200401025A00000D3
:10EB60000400548E5B00E7248038070021386702D8
:10EB7000100BF68C252060022800A7270400D18EF8
:10EB80000032317E2180350291BA400F21301402CB
:10EB900040301100401010002000E0122800A32790
:10EBA0002800A4272130A60221108202211871001A
:10EBB0002130860021108200E40C648E0A101400BB
:10EBC0001C00B1AF1800B1AF1000B6AF2000A2AF6B
:10EBD0001400A3AF0C00828C2538A0022528400227
:10EBE00009F84000400064260C01BF8F0100022498
:10EBF000310062A20801B78F0401B68F0001B58F02
:10EC0000FC00B48FF800B38FF400B28FF000B18F26
:10EC1000EC00B08F0800E0031001BD272130660032
:10EC2000E5FF0010211062000C078294F0FEBD2762
:10EC30000801B7AF0203422C0001B5AFFC00B4AF2E
:10EC4000F800B3AFF400B2AF25B8A0000C01BFAF1D
:10EC50000401B6AFF000B1AFEC00B0AF2598800072
:10EC60002528C0002001B28F2401B58F020040107A
:10EC700025A000000400548E5B00E72480380700C4
:10EC800021386702100BF68C252060022800A72788
:10EC90000400D18E0032317E2180350291BA400FBE
:10ECA0002130140240301100401010001A00E01210
:10ECB0002800A3272130660021106200E80C648E32
:10ECC0000A1014001C00B1AF1800B1AF1000B6AFAD
:10ECD0002000A2AF1400A3AF0C00828C2538A00244
:10ECE0002528400209F84000780264260C01BF8FF5
:10ECF0000801B78F0401B68F0001B58FFC00B48FF7
:10ED0000F800B38FF400B28FF000B18FEC00B08F39
:10ED10000800E0031001BD272800A4272130A60227
:10ED2000211082022118710021308600E3FF0010BB
:10ED30002110820088FFBD276800B1AF8800B18F25
:10ED40007000B3AF6C00B2AF2598A0002590E00032
:10ED50002528C0001800A727040026266400B0AFAD
:10ED60007400BFAF91BA400F2580800040101100A1
:10ED70001800A32721186200050060121800A627BA
:10ED8000040042241800A3272130D100211862007A
:10ED90001400A3AFD80C038EEC0C028E2538200291
:10EDA0001000A3AF0C00428C2528400209F8400057
:10EDB000400004267400BF8F01000224310002A22B
:10EDC0007000B38F6C00B28F6800B18F6400B08F99
:10EDD0000800E0037800BD2788FFBD276400B0AFBE
:10EDE0008800B08F7000B3AF6C00B2AF2598A00060
:10EDF0002590E0002528C0001800A727040006265B
:10EE00006800B1AF7400BFAF91BA400F2588800091
:10EE100040101000130060121800A3272110620098
:10EE2000253060001400A2AFD80C228EF00C238E87
:10EE3000253800021000A2AF0C00628C2528400289
:10EE400009F84000780224267400BF8F7000B38F49
:10EE50006C00B28F6800B18F6400B08F0800E003CF
:10EE60007800BD270400422421307000EDFF00101F
:10EE70002110620080FFBD277800B1AF1800A727DE
:10EE80002588A0002528C0002C0006247400B0AFFF
:10EE90007C00BFAF91BA400F258080001100201682
:10EEA0006400A2275800A2271800A727F40C038E9D
:10EEB0001000A2AFE00C068E0C00628CDC0C058EFC
:10EEC00009F84000400004267C00BF8F01000224A6
:10EED000310002A27800B18F7400B08F0800E00307
:10EEE0008000BD27F1FF00103800A72780FFBD2755
:10EEF0007800B1AF1800A7272588A0002528C000FA
:10EF00002C0006247400B0AF7C00BFAF91BA400F54
:10EF1000258080000F0020165800A2276400A22739
:10EF20003800A727F80C038E1000A2AFE00C068E65
:10EF3000DC0C058E0C00628C09F840007802042677
:10EF40007C00BF8F7800B18F7400B08F0800E003A1
:10EF50008000BD27F3FF00101800A72788FFBD27FA
:10EF60006400B0AF8800B08F7000B3AF6C00B2AF78
:10EF70002598A0002590E0002528C0001800A727AC
:10EF8000040006266800B1AF7400BFAF91BA400F0D
:10EF900025888000401010001800A3272118620067
:10EFA000050060121800A627040042241800A327B9
:10EFB0002130D000211862008C00A48FFC0C228E1E
:10EFC0001000A3AF1400A4AF0C00428C253800023F
:10EFD0002528400209F84000400024267400BF8F15
:10EFE00001000224310022A27000B38F6C00B28FA6
:10EFF0006800B18F6400B08F0800E0037800BD277F
:10F0000088FFBD276400B0AF8800B08F7000B3AF39
:10F010006C00B2AF2598A0002590E0002528C00024
:10F020001800A727040006266800B1AF7400BFAF20
:10F0300091BA400F25888000401010001300601224
:10F040001800A32721106200253060008C00A48FD7
:10F05000000D238E1000A2AF1400A4AF0C00628C30
:10F06000253800022528400209F8400078022426AD
:10F070007400BF8F7000B38F6C00B28F6800B18FC7
:10F080006400B08F0800E0037800BD27040042242C
:10F0900021307000EDFF0010211062000800E00335
:10F0A0000000000009008010FFFF02240800828C8D
:10F0B0000200032405004354FFFF0224040083944C
:10F0C000FFFF0424010063300A1083000800E003FE
:10F0D000000000000C0080142538C0002530A0007E
:10F0E000069D053CE8FFBD271400BFAFEF29410F87
:10F0F000B89BA5246080828FFEFF40141400BF8F50
:10F100000800E0031800BD270800E003000000002D
:10F11000E8FFBD271000B0AF1400BFAF0B00801098
:10F12000258000000800838C020002240C00621479
:10F13000258080000400829401004230030040508A
:10F14000258000002038410FFFFF05241400BF8FE9
:10F15000251000021000B08F0800E0031800BD2742
:10F16000FAFF001025800000E8FFBD271400BFAFA4
:10F170000E0080101000B0AF000082940B00401011
:10F18000258080000C00828C020003240800435478
:10F19000258000000B00A0100400848C44BC400FAC
:10F1A00000000000030040141400BF8F2580000001
:10F1B0001400BF8F251000021000B08F0800E0037C
:10F1C0001800BD27FAFF8050258000000800838CBE
:10F1D000F7FF62542580000004008294F1FF0010C4
:10F1E00001004230E8FFBD271400BFAF5ABC400FFA
:10F1F000252800002518400002006010FFFF0224AF
:10F200000C00628C1400BF8F0800E0031800BD27BB
:10F21000E0FFBD271800B1AF1C00BFAF1400B0AFB6
:10F220001600A0102588C0002580A0005ABC400F01
:10F230000100052412004050FFFF0324080050ACD9
:10F2400006002016251800003038410F0400448CB9
:10F25000050000101C00BF8F25100000FAFF4014AD
:10F26000000023AE1C00BF8F251000021800B18FD4
:10F270001400B08F0800E0032000BD27FDFF032429
:10F28000F5FF201625800000F7FF00101C00BF8F3F
:10F29000E0FFBD271800B1AF2588A0001400B0AF73
:10F2A0001C00BFAF5ABC400F0100052408004010ED
:10F2B000FFFF10240800438C03007114FDFF10248D
:10F2C000080040AC258000003038410F0400448C19
:10F2D0001C00BF8F251000021800B18F1400B08FE2
:10F2E0000800E0032000BD27E8FFBD271400BFAFE2
:10F2F0002A0080141000B0AF01A0043C502F8424D9
:10F3000044BC400F2580A0002400401008000532B6
:10F310000500A05014004394060043941B006014A1
:10F32000FFFF1024140043942200601014004324B3
:10F330002400439415006014FFFF1024240043248C
:10F340000100062401000424000064A40200042437
:10F35000080060A0090060A00A0060A00B0060A087
:10F36000020066A4040062AC0400A0100C0064ACAF
:10F370000400449404008434040044A4060044942B
:10F380002580600001008424060044A43038410F29
:10F3900025204000030000101400BF8FFFFF102441
:10F3A0001400BF8F251000021000B08F0800E0038A
:10F3B0001800BD27E3FF001025300000E0FFBD2747
:10F3C0001800B2AF1C00BFAF1400B1AF1000B0AF57
:10F3D0001000A010F9FF12242588A0005ABC400F8D
:10F3E000010005240B004010FFFF12240400508C84
:10F3F00025282002873D410F1000048E25904000F3
:10F400000400029625200002020042343038410FE9
:10F41000040002A61C00BF8F251040021400B18F0B
:10F420001800B28F1000B08F0800E0032000BD2745
:10F43000E0FFBD271400B0AF1C00BFAF1800B1AF94
:10F440000E00A290010003240A0043102580A000B2
:10F45000020003241C004310059D053C780406248B
:10F460008443A52435BC400F252000001A0000105D
:10F470000700022425888000D13D410F1000848CB4
:10F480000D0040141C00BF8F1000248E080007964A
:10F4900004000696D33D410F060005960D0002922A
:10F4A0000200042406000324010042300A188200EE
:10F4B0000E0003A21C00BF8F1800B18F1400B08F84
:10F4C0000800E0032000BD27D13D410F1000848CCF
:10F4D000F8FF401406000224F6FF00100E0002A2FE
:10F4E000E0FFBD271800B1AF1400B0AF1C00BFAFE4
:10F4F0000E00A29001000324258880000A0043101A
:10F500002580A000020003241A004310059D053C3D
:10F51000570406247043A52435BC400F2520000065
:10F520001C00001007000224D13D410F1000848C04
:10F530000C0040141C00BF8F1000248E040006969F
:10F54000E83D410F060005960D00029202000424DA
:10F5500006000324010042300A1882000E0003A2B4
:10F560001C00BF8F1800B18F1400B08F0800E0039B
:10F570002000BD27D13D410F1000848CF9FF4014BD
:10F580001C00BF8FF93D410F1000248E080002AE11
:10F5900006000224F2FF00100E0002A2E0FFBD27C9
:10F5A0001400B0AF1C00BFAF1800B1AF0E00A290A6
:10F5B000010003240E0043102580A0001B004050D2
:10F5C000059D053CFCFF42240200422C17004050E0
:10F5D000059D053C1000848C1A3E410F0800A524AF
:10F5E0000D004010050002240B0000100E0002A2C6
:10F5F00025888000D13D410F1000848C0700401405
:10F600001C00BF8F0400069606000596033E410FBE
:10F610001000248E0E0002A21C00BF8F1800B18FB4
:10F620001400B08F0800E0032000BD2795040624D5
:10F630009843A52435BC400F25200000F5FF00109D
:10F6400007000224E8FFBD271000B0AF1400BFAFD1
:10F650000F008010258080000F008490FEFF822420
:10F660000200422C0A004050258000000E00029249
:10F670000600422C0B004010059D053C020084381A
:10F680007B0506243043A52435BC400F0100842CA3
:10F690001400BF8F251000021000B08F0800E00397
:10F6A0001800BD2703008438F6FF00107F050624EC
:10F6B000D8FFBD271C00B2AF1800B1AF1400B0AF27
:10F6C0002400BFAF2000B3AF0E00A29002001224AE
:10F6D000258880002C0052102580A00003001324F0
:10F6E000150053100100032434004314059D053C0C
:10F6F000D13D410F1000848C090040142400BF8FBD
:10F70000040006961000248E8019C57C1000A534D4
:10F71000E83D410F4020C67C0E0013A22400BF8F9D
:10F720002000B38F1C00B28F1800B18F1400B08F6F
:10F730000800E0032800BD27D13D410F1000848C54
:10F74000F7FF40142400BF8FF93D410F1000248EB5
:10F7500004000596080002AE1000248E4020A67C0E
:10F760008019A57C0100C634E83D410F1000A53486
:10F770000D00029206000324010042300A184202E2
:10F78000E6FF00100E0003A2D13D410F1000848C53
:10F79000E3FF40142400BF8FF93D410F1000248E79
:10F7A0000800038E0014020025186200080003AE52
:10F7B00006000224D9FF00100E0002A2CB0406248A
:10F7C000AC43A52435BC400F25200000F9FF0010F4
:10F7D00007000224D8FFBD271C00B2AF1400B0AF51
:10F7E0002400BFAF2000B3AF1800B1AF0E00A2904D
:10F7F000020012242C0052102580A00003001324C4
:10F800001700531025888000010003242C004314A6
:10F81000059D053CD13D410F1000848C0A00401429
:10F820002400BF8F04000696080007961000248E5F
:10F830008019C57C1000A534D33D410F4020C67C03
:10F840000E0013A22400BF8F2000B38F1C00B28FC4
:10F850001800B18F1400B08F0800E0032800BD2706
:10F86000D13D410F1000848CF7FF40142400BF8F5E
:10F87000040005960A0007961000248E4020A67CFE
:10F880008019A57C0100C634D33D410F1000A5347A
:10F890000D00029206000324010042300A184202C1
:10F8A000E8FF00100E0003A2D13D410F1000848C30
:10F8B000E4FF401406000224E2FF00100E0002A242
:10F8C000F8040624C443A52435BC400F25200000BD
:10F8D000F9FF001007000224040080AC000080AC97
:10F8E0000800E003080080AC0400828C070040148C
:10F8F0000000A0AC040085AC000085AC0800828C40
:10F90000010042240800E003080082AC000045AC7E
:10F91000FAFF0010040085ACE0FFBD271C00BFAF5C
:10F920001800B1AF300080141400B0AF01A0103C3B
:10F93000502F10260800038E0200022405006214D6
:10F940002588A000040002960100423021004014E6
:10F950001C00BF8FA8000624252800008066410FE8
:10F9600025200002200020120100072401000624A7
:10F9700025280000EA37410F25200002010003245A
:10F9800013004354FFFF1024040002A602000224C7
:10F99000080002AE0400228E01A0033C0C0000A669
:10F9A000100002AE842F632401A0063C0100022453
:10F9B0000F0062A0252860003ABE400FD42FC42457
:10F9C00014006324D42FC224F9FF6214010002241E
:10F9D0001C00BF8F251000021800B18F1400B08FDB
:10F9E0000800E0032000BD27F9FF0010FFFF1024EE
:10F9F0000000828C09004010000000000400838C8D
:10FA0000080062540000438C040080AC000080AC0D
:10FA10000800838CFFFF6324080083AC0800E00328
:10FA200000000000FAFF0010000083ACC8FFBD27F3
:10FA30002800B6AF5000B68F3000BEAF3400BFAF65
:10FA4000FCFFC2260200422C2C00B7AF2400B5AF49
:10FA50002000B4AF1C00B3AF1800B2AF1400B1AFB8
:10FA60001000B0AF080040144C00BE8F2000A22C44
:10FA70002590000038004010FBFF11242000C22C0C
:10FA800035004010FAFF112425A8A000010005242C
:10FA900025B8E0005ABC400F25A0C00025904000CA
:10FAA0002D004010FFFF11240400538C258000001E
:10FAB000040062960200433024006010FCFF112411
:10FAC0000800423021004014F8FF11247CBE400F92
:10FAD00084006426258040001C0040100200112490
:10FAE0000F004490059D053C600106240100843808
:10FAF0002044A52435BC400F0100842C4800A28F6F
:10FB00000C0016A2040015A60D0002A2010002249A
:10FB10000E0002A203000224060014A6080017AE7D
:10FB20000400C216100012AE0400629608004234AF
:10FB3000040062A6252800023ABE400F9000642609
:10FB4000020002240F0002A2258800003038410F75
:10FB500025206002259000020100C0570000D1AFAF
:10FB60003400BF8F251040023000BE8F2C00B78FAD
:10FB70002800B68F2400B58F2000B48F1C00B38FEF
:10FB80001800B28F1400B18F1000B08F0800E0038E
:10FB90003800BD27D8FFBD27010002241800A2AFFE
:10FBA0003800A28F1000A7AF1400A2AF2400BFAF8F
:10FBB0008BBE400F253800002400BF8F0800E003F3
:10FBC0002800BD27D8FFBD27020002241800A2AFDD
:10FBD0003C00A28F2400BFAF1400A2AF3800A28F58
:10FBE0008BBE400F1000A2AF2400BF8F0800E003BF
:10FBF0002800BD27D8FFBD27030002241800A2AFAC
:10FC00003800A28F1000A7AF1400A2AF2400BFAF2E
:10FC10008BBE400F253800002400BF8F0800E00392
:10FC20002800BD27D8FFBD27040002241800A2AF7A
:10FC30003800A28F1000A7AF1400A2AF2400BFAFFE
:10FC40008BBE400F253800002400BF8F0800E00362
:10FC50002800BD27D8FFBD27050002241800A2AF49
:10FC60003C00A28F2400BFAF1400A2AF3800A28FC7
:10FC70008BBE400F1000A2AF2400BF8F0800E0032E
:10FC80002800BD270000828C030045142518800041
:10FC90007CBE400B000000000D0040100000000082
:10FCA0000000448CFCFF8554251080000000A48CCB
:10FCB000000044AC0400648C01008550040062AC78
:10FCC0000800628CFFFF4224080062AC2510A000EF
:10FCD0000800E00300000000D8FFBD272000B4AFFB
:10FCE0001C00B3AF1800B2AF1400B1AF1000B0AF3A
:10FCF0002400BFAF258080000F00A490FF00E230F9
:10FD0000059D143C262082002590A0002588C00077
:10FD1000044485260100842C9205062435BC400F3E
:10FD20002598E0002528400221BF400F2520200211
:10FD300019005214258840001400062425280000CC
:10FD4000252040008066410F0C005290252820029B
:10FD50003ABE400F84000426010002240F0022A2B4
:10FD600003000224120042120000000002000224DC
:10FD7000150062162400BF8F1000048E2000B48F7F
:10FD80001C00B38F1800B28F1400B18F1000B08F19
:10FD9000CF3D410B2800BD279E050624044485263F
:10FDA00035BC400F25200000F1FF001002000224A6
:10FDB000183E410F1000048E04000296F7FF4230F7
:10FDC000EAFF0010040002A62000B48F1C00B38FCD
:10FDD0001800B28F1400B18F1000B08F0800E0033C
:10FDE0002800BD27B0FFBD273800B0AF0400908CBD
:10FDF0004800B4AF4400B3AF3C00B1AF4C00BFAF5C
:10FE00004000B2AF258880002C00A0AF2800A0AF32
:10FE10003000A0AF2000A0AF1C00A0AF2400A0AF16
:10FE20001400A0AF1000A0AF1800A0AF90001326E0
:10FE3000059D143C7CBE400F252060024C00401004
:10FE4000259040000F004490600106242044852640
:10FE50000200843835BC400F0100842C1000428E13
:10FE60000300221225284002020000101C00A427D3
:10FE70002800A4273ABE400F00000000EDFF00104C
:10FE800000000000020007242800A62736BF400F0C
:10FE9000252000022800A58FFAFFA0149C0013263D
:10FEA000059D143C7CBE400F2520600229004010B7
:10FEB000259040000F0044906001062420448526D0
:10FEC0000300843835BC400F0100842C1000428EA2
:10FED0000300221225284002020000101000A4276F
:10FEE0002800A4273ABE400F00000000EDFF0010DC
:10FEF00000000000030007242800A62736BF400F9B
:10FF0000252000022800A58FFAFFA014FFFF02247D
:10FF10000C0022AE0400228E000020A64C00BF8FF1
:10FF2000060043944800B48F4400B38FFFFF63245E
:10FF3000060043A4040043944000B28F3C00B18FFC
:10FF4000FBFF63303800B08F040043A40800E003D7
:10FF50005000BD271000A28F9C0002AE1400A28F9B
:10FF6000A00002AE1800A28FE6FF0010A40002AEAF
:10FF70001C00A28F900002AE2000A28F940002AE5F
:10FF80002400A28FC3FF0010980002AEE8FFBD2737
:10FF90001400BFAF44BC400F1000B0AF11004010C0
:10FFA0002580400014004294040040502400029632
:10FFB00079BF400F1400042624000296030040106D
:10FFC0000000000079BF400F240004261338410FC1
:10FFD00025200002A8000624252800008066410F85
:10FFE000252000021400BF8F1000B08F0800E0032E
:10FFF0001800BD27E8FFBD27010005241400BFAF8E
:020000041D03DA
:100000005ABC400F1000B0AF0800401025804000DF
:1000100079BF400F252040000400048E1400BF8FDC
:100020001000B08F3038410B1800BD271400BF8F6F
:100030001000B08F0800E0031800BD27D8FFBD27CF
:100040002400BFAF2000B4AF1C00B3AF1800B2AFA4
:100050001400B1AF44BC400F1000B0AF8B00401093
:10006000059D143C25884000059D133C8044942642
:100070009000308E280000121F0406241000028E0B
:10008000DC4365260400448C2620240235BC400F46
:100090000100842C0F00049220040624DC43652612
:1000A0000200843835BC400F0100842C0C00029201
:1000B000FFFF42240500422C200040102C0406249F
:1000C0000E00039201000224040062540C0002920C
:1000D000CD3D410F1000248E0C0002922528000215
:1000E000FFFF422480100200211054000000428CC7
:1000F00009F84000252020020E0002920600422C42
:1001000013004010000000000E0002920500422C77
:10011000130040501000128E252020022400BF8FB3
:100120002000B48F1C00B38F1800B28F1400B18F61
:100130001000B08F3038410B2800BD27DC43652606
:1001400035BC400F25200000070002240E0002A24B
:10015000CF3D410F1000248EECFF00100E000292E4
:10016000059D053C210506240400448E5C43A5241E
:100170002620240235BC400F0100842C0D00039280
:100180000100633016006014010002240800438E51
:1001900013006010251000000E000292FFFF4324A0
:1001A0000400632C08006014010006240700432C9F
:1001B00018006010050003240300431425300000DC
:1001C000040002240E0002A20800428E08000796D6
:1001D0002528000209F840002520400201000224E1
:1001E0000C00049203000324CCFF8350252020023E
:1001F0000F004010900024262530800002000724C4
:100200002528000236BF400F2520200299FF00104C
:100210009000308E059D053C5B0506244843A524CF
:1002200035BC400F25200000E7FF0010ECFF06243E
:100230007CBE400F000000000800401025904000E8
:100240000F004492059D053C60010624020084389D
:100250002044A52435BC400F0100842C2620120226
:10026000059D053CB7020624F443A52435BC400F88
:100270000100842C252840023ABE400F9C00242611
:10028000030002247AFF00100F0042A22400BF8F57
:100290002000B48F1C00B38F1800B28F1400B18FF0
:1002A0001000B08F0800E0032800BD27D8FFBD274D
:1002B0001000B0AF2580A000010005242000B4AFDD
:1002C0001400B1AF2400BFAF1C00B3AF1800B2AF31
:1002D0005ABC400F25A0C0002A004010FFFF112487
:1002E000252000022598400091BD400F0400528C4B
:1002F000258040001F004010FEFF1124090080529D
:100300000E0002920E004290FCFF42240300422C99
:10031000040040500E0002920800028E000082AEDF
:100320000E000292FFFF43240400632C08006014B7
:10033000010011240700432C1B006010050003245A
:100340000300431425880000040002240E0002A2CA
:100350000E0002920600422C0600401403000724FF
:100360000400668E252800029C00C62436BF400F7C
:1003700025204002040040122400BF8F3038410F76
:10038000252040022400BF8F251020022000B48FBA
:100390001C00B38F1800B28F1400B18F1000B08F03
:1003A0000800E0032800BD27059D053C5B050624E9
:1003B0004843A52435BC400F25200000E4FF001071
:1003C000ECFF1124E0FFBD271800B2AF2590A0007C
:1003D000010005241400B1AF1C00BFAF5ABC400F90
:1003E0001000B0AF15004010FFFF1124252040027F
:1003F00091BD400F0400508C0C004010FEFF1124F2
:100400000E004390900006260600632C0300601443
:10041000020007249C00062603000724252840002C
:1004200036BF400F2520000225880000040000127E
:100430001C00BF8F3038410F252000021C00BF8FE9
:10044000251020021800B28F1400B18F1000B08F59
:100450000800E0032000BD271800828C1C00838C5C
:100460002B10430012004010000000000000828C9E
:10047000E8FFBD271000B0AF0000428C258080004F
:100480000000A58C0400848C1400BFAF09F8400064
:10049000000000001800028E1400BF8F01004224EB
:1004A000180002AE1000B08F0800E0031800BD274E
:1004B0000800E003000000001800828C2000832464
:1004C0002B18620007006010FFFF42240000838C9D
:1004D000180082AC0000798C0000A58C0800200375
:1004E0000400848C0800E00300000000D0FFBD275A
:1004F0001400B0AF0100022401A0103C1C00B2AFF8
:100500001800B1AF2C00BFAF2800B5AF2400B4AFC6
:100510002000B3AF259080000400918C5900A214F4
:10052000301B102601A0133C25100000059D143C33
:10053000F01B73260400038E1F0060501800102665
:1005400006004014059D053C0000428EA000A52435
:100550000000428C09F84000252020020000428E55
:10056000CC0085260000428C09F84000252020029E
:100570000000428E0800058E0000428C09F8400001
:10058000252020020000428E0C00058E0000428CC7
:1005900009F84000252020020000428E059D053C00
:1005A000D400A5240000428C09F840002520200238
:1005B0000100022418001026DEFF1316059D053CDD
:1005C0000000428EDC00A5240000428C2520200281
:1005D000059D103C059D153C059D143C09F8400007
:1005E000059D133CFC7A1026CC00B526D400942639
:1005F000207B73260000428E2528A00225202002A1
:100600000000428C09F840000C0010260000428EC9
:10061000F4FF058E0000428C09F8400025202002DE
:100620000000428EFCFF058E0000428C09F840005D
:10063000252020020000428E252880020000428CE6
:1006400009F8400025202002EAFF1316059D053C0D
:100650000000428E0000598C0801A52425202002AC
:100660002C00BF8F2800B58F2400B48F2000B38FDB
:100670001C00B28F1800B18F1400B08F0800200347
:100680003000BD2701A0143C25A8C000F01B942613
:100690000400138E07006052180010260400A58E77
:1006A000E165410F0800048E1E00405025A00000A7
:1006B00018001026F6FF1416059D053C0000428E1A
:1006C0000C01A524E5FF00100000598C059D053C98
:1006D000CC00A52409F82003252020020000428E2A
:1006E0000000658E252020020000428C0100942627
:1006F00009F840000C0073260000428EFCFF658E56
:100700000000428C09F84000252020020000428EA3
:10071000059D053CD400A5240000428C09F840004A
:10072000252020020000428E0000598C0000028E1D
:100730002B108202E5FF4014059D053CC7FF001009
:100740000801A5245E818497E0FFBD271000A5273E
:100750001C00BFAF9529410F010006241C00BF8F6C
:100760001000A2830800E0032000BD27B329410B3D
:100770005E8184975E818497E8FFBD271400BFAF38
:100780005E29410F1C00A5A30200032404004314AA
:100790005E81849701000624C229410F1C00A52711
:1007A0001400BF8F0800E0031800BD27E0FFBD273D
:1007B0002520A0001C00BFAFCA65410F1000A5AFE7
:1007C0001000A58F1C00BF8F5E81849725304000EC
:1007D000C229410B2000BD27E0FBBD272804A6AF9E
:1007E0002C04A7AF2530A0002804A7270004052467
:1007F0001000A4271804B0AF1C04BFAF595A410F12
:100800001004A7AF25804000FFFF4224FF03422CC5
:100810001A0040101000A22721105000000040A034
:100820006081828F211002020004422C010040509E
:10083000608180AF6081828F01A0033CF01B632444
:1008400021186200252060008A66410F1000A5274C
:1008500025284000EBC1400F252000000300023294
:100860000200401004000324231062006081838F83
:100870002110500021106200608182AF1C04BF8FE4
:100880001804B08F0800E0032004BD27C8FFBD276F
:100890002C00B7AF0800B7241400B1AF2588800042
:1008A0002520E0022800B6AF3400BFAF3000BEAF55
:1008B0002400B5AF2000B4AF1C00B3AF1800B2AF36
:1008C0001000B0AFCA65410F25B0A0001C00401059
:1008D000200032261C00308E0000348E0400338E3F
:1008E00025A8400023801202059D1E3C2A10B0025C
:1008F0001F0040540000828E059D1E3C2100001602
:10090000252040028A66410F2528E0020000828EE1
:10091000059D053C3801A52409F84000252060020A
:100920000000828E252840022520600209F8400040
:1009300021905502180032AE1C0032AED40036AE03
:100940003400BF8F3000BE8F2C00B78F2800B68FC9
:100950002400B58F2000B48F1C00B38F1800B28F15
:100960001400B18F1000B08F0800E0033800BD27DD
:100970003001C52709F8400025206002DBFF001088
:10098000FFFF10260000828E3401C52709F84000C1
:1009900025206002D9FF0010FFFF1026D400838CB1
:1009A00007006010000000000400658CD000828CFD
:1009B000030045100000000023C2400B00000000AF
:1009C0000800E00300000000D400828C0400401006
:1009D000CC00858C0000428C030045102528400087
:1009E00023C2400B000000000800E00300000000EC
:1009F0001C00878C1800828C2B1847002300601085
:100A000000000000E0FFBD27010043241800B2AF42
:100A10001400B1AF0000928C0400918C2338E300E5
:100A20001C00BFAF1000B0AF2118470013004314E3
:100A3000710090241C00828C059D053CFFFF43241F
:100A40001C0083ACFFFF40A01800868C3C01A5244D
:100A5000D066410F252000020000598E2528000293
:100A6000252020021C00BF8F1800B28F1400B18F08
:100A70001000B08F080020032000BD270100459022
:100A800001004224E9FF0010FFFF45A00800E00339
:100A9000000000001C00868C1800828C2330C200ED
:100AA0001800C010059D053CD0FFBD272800B2AF3F
:100AB0000000928C2400B1AF2000B0AF0400918CF4
:100AC000258080004801A5242C00BFAFD066410FCF
:100AD0001000A4270000428E1000A52709F840004E
:100AE000252020021C00028E2C00BF8F2800B28F10
:100AF000180002AE2400B18F2000B08F0800E00380
:100B00003000BD270800E003000000001800868CBC
:100B1000C8FFBD272800B1AF200091242330D100A9
:100B20003400BFAF3000B3AF2C00B2AF0D00C01027
:100B30002400B0AF0000938C059D053C0400928C0E
:100B4000258080005001A524D066410F1000A42705
:100B50000000628E1000A52709F840002520400201
:100B6000180011AE3400BF8F3000B38F2C00B28F4D
:100B70002800B18F2400B08F0800E0033800BD27A3
:100B80000000828C0400848CE8FFBD270000428CAA
:100B9000059D053C1400BFAF09F840005801A5248D
:100BA00001A0043CC0000624252800008066410FF7
:100BB000301B84246481848F050080141400BF8F4F
:100BC00001000224588182AF0800E0031800BD270D
:100BD0006881828F070044540800828C688180AF4E
:100BE000648180AF8F38410F00000000F2FF0010D9
:100BF0006481848FFBFF0010648182AF0000828CCF
:100C00000400848CE8FFBD270000428C059D053C54
:100C10001400BFAF09F840008C01A5241400BF8F59
:100C2000F263410B1800BD27D8FFBD271C00B3AFEE
:100C3000059D133C2000B4AF1400B1AF1000B0AF5D
:100C40002400BFAF1800B2AF2588800025A0A00007
:100C500025800000A8017326220005248065410F2D
:100C6000252020020200401025904000000040A0F6
:100C700025286002765C410F252020021B004014CD
:100C80000800032A10004012010052262200052409
:100C90008065410F252040020B004050FFFF1024CB
:100CA000190042120800032A04006010000040A04E
:100CB0008018100021188302000072AC010051243A
:100CC000E5FF2016010010262400BF8F251000022A
:100CD0002000B48F1C00B38F1800B28F1400B18FA6
:100CE0001000B08F0800E0032800BD27030060104B
:100CF0008018100021188302000062AC0100102649
:100D0000DBFF001025880000EFFF0010FFFF10241C
:100D10000B0080102510000000008294648180AFD9
:100D2000688180AF5C8182A702008294588180AF85
:100D30005E8182A7020082945E8182A70100022464
:100D40000800E003000000000800E00301000224A6
:100D500001A0033CD0FFBD27301B63242800B6AFA1
:100D60002400B5AF2000B4AF1C00B3AF1800B2AF81
:100D70001000B0AF25A8A0002C00BFAF1400B1AF89
:100D8000259080002598C00025B0E000FFFF0224D8
:100D90002580000025A06000080005240400648C64
:100DA0002200805025100002200092141800112407
:100DB000021011722520600221885400E165410F64
:100DC0000800258E0E004014251800001000248E07
:100DD0001400238E251000021800052402304570EF
:100DE0002110D400140043AC040052AC000055ACF8
:100DF000080053AC0C0056AC100044AC01000324B6
:100E00002C00BF8F251060002800B68F2400B58FFE
:100E10002000B48F1C00B38F1800B28F1400B18F64
:100E20001000B08F0800E0033000BD27010010263D
:100E3000DAFF051618006324FFFF032403004314A0
:100E400025180000EFFF00102C00BF8FE2FF0010FC
:100E50002520000025288000EBC1400B2520000044
:100E6000E0FBBD272404A5AF2804A6AF2C04A7AF40
:100E7000253080002404A727000405241000A4279F
:100E80001804B0AF1C04BFAF595A410F1004A7AFEC
:100E900025804000FFFF4224FF03422C1A0040102F
:100EA0001000A22721105000000040A06081828F16
:100EB000211002020004422C01004050608180AFEA
:100EC0006081828F01A0033CF01B63242118620023
:100ED000252060008A66410F1000A52725284000C4
:100EE000EBC1400F25200000030002320200401039
:100EF00004000324231062006081838F21105000BE
:100F000021106200608182AF1C04BF8F1804B08F73
:100F10000800E0032004BD276481828F0300801055
:100F20000000000003004014FFFF84240800E003D9
:100F3000000000000800428CF8FF00102026047C0E
:100F4000E0FFBD271800B1AF2588800048020424C7
:100F50001400B0AF1C00BFAF8D38410F2580A0003A
:100F60001C004010251840004802062425280000D7
:100F70008066410F2520400025184000000051AC3C
:100F8000040050AC20004224180062AC1C0062AC8B
:100F900048026624D8006224CC00648C130080547C
:100FA000000044ACCC0062ACD00062AC000042ACAB
:100FB000040042AC5C004224F8FFC254CC00648CB4
:100FC0006481828F0F004014080060AC648183AF9D
:100FD000688183AF1C00BF8F251060001800B18F9F
:100FE0001400B08F0800E0032000BD27D000658CFE
:100FF000040045AC0000A2AC040082ACEDFF001080
:10100000CC0062AC6881828FF1FF0010080043AC15
:101010005881828FE8FEBD271401BFAF1001BEAF1B
:101020000C01B7AF0801B6AF0401B5AF0001B4AF12
:10103000FC00B3AFF800B2AFF400B1AF1F00401432
:10104000F000B0AF6481828F160040145D818693FA
:10105000059D043C5D818527D0C3400F207B8424FF
:1010600010004014548182930F0040146481908FCB
:101070008162410F000000000200422C0800401471
:10108000010002247B62410F00000000059D053C29
:10109000AC01A524EF29410F2520400001000224C6
:1010A000548182A36481908F059D133C059D143C5F
:1010B000887B73260E0000560000158E1401BF8F2A
:1010C000010002241001BE8F0C01B78F0801B68FFA
:1010D0000401B58F0001B48FFC00B38FF800B28F0C
:1010E000F400B18FF000B08F0800E0031801BD27B5
:1010F0000400128E0C00A28E09F840002520400248
:10110000ECFF40500800108E1000A28E09F840003D
:1011100025204002100011862700201225B0400033
:101120002110110201003126120056A0208E117CE0
:10113000030002240F002216100011A6150000A2C1
:10114000347B9226120015260000458E03000624EB
:10115000CF63410F2520A002090040500C0012AEC1
:101160000C005226F9FF53560000458EF100001086
:10117000100000A60300222ACEFF40540800108E63
:101180000C00128E0800428ECAFF22560800108EF4
:101190000000458EE165410F12000426F3FF401464
:1011A000252840020400428E09F840002520000254
:1011B000E0000010100000A60D0002240500C2523D
:1011C0001C00038E0A000224A900C2560800022453
:1011D0001C00038E20001626070076140000A28E45
:1011E000059D053C3801A52409F840002520400252
:1011F000B0FF00100800108E059D053C0801A524D5
:1012000009F84000252040021C00028E2000062420
:1012100025280000000040A0C000A427180016AE3A
:101220008066410F1C0016AE510006242528C0021E
:101230006C00A4279466410F0400178EC000A527F8
:101240000AC3400F6C00A4270B00401425F0400097
:101250000000028E059D053CD001A5240000428CB3
:1012600009F840002520E002059D053C0000A28E03
:10127000DDFF00107002A5240600405CCC00118E3A
:101280000000028E059D053C0802A524F4FF001015
:101290000000428CD000028E290022560400438CAC
:1012A000CC0000AED00000AE510006242528C002BC
:1012B0009466410F08002426CC00028E250040547D
:1012C000D000038ECC0011AED00011AE000031AEC4
:1012D000040031AEC000A68F059D113C059D033C66
:1012E000D40000AEFC7A3126207B63240000258EDA
:1012F0002520C000E400A3AFE165410FE000A6AFE8
:10130000E000A68F1D004014E400A38F0900C22B4B
:10131000160040540400228E0000028E059D053CFC
:10132000080006240400428C3802A5242520E0028F
:1013300009F8400000000000CCFF0010059D053CAE
:10134000D00003AE000071AC040023AED6FF001045
:1013500025884000000022AE040023AE000071ACDE
:10136000040051ACDBFF0010CC0011AEC000A6277A
:101370002528C003EEFF0010252000020C003126B6
:10138000DBFF23560000258E01A0113C301B3126C7
:101390000400288E1F000011E400A8AF1000238E67
:1013A00014006010E000A3AF510006242528C002FD
:1013B0009466410F1800A4271400228EE400A88F21
:1013C000E000A38F1000A2AF510007241800A62749
:1013D0002528000209F8600025200001A3FF401421
:1013E000059D053CC000A5270AC3400F1800A4278F
:1013F00025F040000900C22BC7FF4010C000A88F95
:101400000400238E0000278E253000000800C754FA
:101410000000658C01A0023C18003126F01B42241C
:10142000DCFF22560400288E96FF00100000028E7A
:1014300025200001EC00A7AFE800A6AFE400A3AFB1
:10144000E165410FE000A8AFE000A88FE400A38FA2
:10145000E800A68F03004014EC00A78FC3FF001024
:101460000400628C0100C624E8FF00100C00632415
:101470000300C2127F0002242A00C2161B000224AD
:101480001800028E200003262B18620009FF60500E
:101490000800108E1C00038E2B20430010008014C7
:1014A000233862000000A28E059D053C8002A52421
:1014B00009F84000252040021800028EFFFF422458
:1014C000180002AE1C00028EFFFF4224190000101B
:1014D0001C0002AE0000449001004224FEFF44A024
:1014E000FCFF6214710011261800028E059D053C58
:1014F000FFFF4224180002AE1C00028E7402A524D5
:1015000025202002FFFF43241C0003AEFFFF40A064
:10151000D066410F1800068E0000A28E32FF001028
:10152000252820020500C21601000224120016A27E
:10153000100002A6DFFE00100800108E1C00038EB3
:101540002000112623107100500042282600405030
:101550000000A28E1800078E233867002000E010DC
:1015600025106000FFFF4490FFFF4224010044A0CB
:10157000232062002B208700FAFF8014059D053C84
:101580001C00028E8802A524010043241C0003AE27
:10159000010040A01800068E72000426D066410F9C
:1015A0000100C624710016A20000A28E710005265B
:1015B00009F84000252040021800028E000056A0C5
:1015C0001800028E1C00038E010042242B186200BA
:1015D000D8FF6010180002AED6FF00101C0002AE4B
:1015E000F0FF0010720000A2059D053C9002A524AA
:1015F00009F8400025204002180011AE1AFF001023
:101600001C0011AE6481838FE8FFBD271400BFAFBB
:101610000C006010251000000B0080501400BF8FDC
:101620000D0064146881828F090044540800828C84
:10163000648180AF688180AF8F38410F0000000067
:10164000010002241400BF8F0800E0031800BD272A
:10165000F9FF0010648182AF0800628CFAFF40102D
:101660001400BF8FFCFF8254251840000800828CB4
:10167000080062AC6881828FEFFF4450688183AFBD
:10168000EDFF001000000000D0FFBD272800B5AF1F
:101690002C00BFAF2400B4AF2000B3AF1C00B2AF2A
:1016A0001800B1AF1400B0AF1800A01025A80000BA
:1016B00001A0103C01A0113C25A0C0002598A0006D
:1016C00025908000301B1026F01B31260400028E6E
:1016D0000C00525418001026CE37410F2520000070
:1016E0001000038E0400601425284000100013AE83
:1016F000140014AE25A80002E037410F2520000099
:1017000018001026F2FF11560400028E2C00BF8F25
:101710002510A0022400B48F2800B58F2000B38FBD
:101720001C00B28F1800B18F1400B08F0800E003C6
:101730003000BD2701A0023C301B42242310820050
:10174000AAAA033CC3100200ABAA63340210437080
:10175000E0FFBD271800B1AF1C00BFAF1400B0AF51
:101760000800422C0E0040102588000025808000D3
:10177000CE37410F252000000400038E06006010C4
:10178000252840001000038E0300601000000000B8
:10179000100000AE01001124E037410F25200000A9
:1017A0001C00BF8F251020021400B08F1800B18FCD
:1017B0000800E0032000BD270000868C0000C38CD9
:1017C0000400C68C0100C6300400C0100400848CE4
:1017D0000000798C0800200300000000231864003A
:1017E0002B1065000800E003010042380000868CE1
:1017F0000400C38C01006330050060100400828C7B
:101800000000C38C0800798C0800200325204000CC
:10181000211045000800E003040082ACDF008430A2
:10182000400003240300831025100000800084384A
:101830002B1004000800E003000000000800E00393
:1018400001000224251080000000488C0400438C15
:101850002520A0000400028D010042300500401048
:101860002548C0000000028D0400598C08002003A8
:10187000252060002530E000D665410B2128690055
:10188000D665410B00000000E8FFBD271400BFAF84
:101890002F65410F000000001400BF8F0100422C93
:1018A0000800E0031800BD27E0FFBD271800B1AF16
:1018B0002588A000010005241400B0AF1C00BFAFB4
:1018C000EEC5400F25808000090040102528200229
:1018D000252000021C00BF8F1800B18F1400B08FAC
:1018E000010007242530000011C6400B2000BD2751
:1018F0001C00BF8F1800B18F1400B08F0800E003E8
:101900002000BD27D8FFBD271800B0AF2400BFAF0F
:101910002000B2AF1C00B1AFFFFF02240E0082A076
:101920000F00829001000724253000006000423043
:101930000F0082A01100A5272AC6400F2580800035
:10194000860040101100B293E00051321F00523265
:101950001C00422E0E0011A21100B2A31A00401466
:101960000C0012A61F0002240B004212E000223AD3
:1019700005010424030103240B18820025106000D4
:101980002400BF8F2000B28F1C00B18F1800B08FD1
:101990000800E0032800BD2707C6400F25202002CD
:1019A00006004054E000223A0F0002921000423438
:1019B0000F0002A2F2FF0010251000000501042410
:1019C000EDFF0010020103241800422E1200401403
:1019D000E8FF422601000524042845000100A52453
:1019E000EEC5400F25200002E5FF40100101022452
:1019F00018000224110042160C0000A60100072462
:101A0000010006241000A52711C6400F2520000262
:101A10001000A2930C0002A64289110001000224CA
:101A200016002256070002240F0002920E0000A2A8
:101A300004004234DFFF00100F0002A2190002244C
:101A40000800421602000724010006240C000526A7
:101A500011C6400F252000020C000296EDFF001079
:101A6000A010027C1100A2930F00039203004230E9
:101A700025104300E8FF00100F0002A2C0FF22164D
:101A8000251000001100A293ECFF4224FF00423019
:101A90000C00432CC7FF6010039D033C8010020024
:101AA000B41A6324211062000000428C0800400038
:101AB00000000000E41A039D001B039D001B039D12
:101AC000001B039D1C1B039D001B039DF41A039D1B
:101AD000F41A039D3C1B039D3C1B039D3C1B039D73
:101AE0003C1B039DF5FF02240C0000A6B1FF001073
:101AF0000E0002A20F000292020042340F0002A266
:101B000001000724253000000E00052611C6400FF5
:101B1000252000029AFF0010251000000C000396FB
:101B20002000632C96FF601025100000FFFF0224A8
:101B30000E0002A292FF001006010224059D073C40
:101B4000059D053C059D043C7453E72400010624D3
:101B5000BC1FA5242564410FDC1F842488FF0010CE
:101B600001010224D8FFBD272000B1AF0800918CED
:101B7000FFFF02241C00B0AF2400BFAF1B002216E1
:101B80002580800001000724253000002AC6400F70
:101B90001000A527150040101000A393FF00022499
:101BA00012006214600004240F000392600065308C
:101BB0000900A410020102240E000592C0000424B2
:101BC0000500A410100063340E0011A2080000AE3E
:101BD0000F0003A2251000002400BF8F2000B18F4A
:101BE0001C00B08F0800E0032800BD2741C6400F4D
:101BF00025200002F9FF00102400BF8F0800828C0E
:101C0000FFFF05240B0045100E008390C000062442
:101C100006006610FFFF42240B004010080082AC53
:101C20000F008290400042380F0082A0D9C6400BBE
:101C300000000000C0000224FAFF62540F008290EE
:101C4000FAFF0010000000000F0082900E0085A037
:101C5000EF0042300F0082A00800E00325100000D2
:101C60000F008290140042300B0040140701022440
:101C70000800E00300000000070102243400BF8FC9
:101C80003000B38F2C00B28F2800B18F2400B08FAA
:101C90000800E0033800BD27C8FFBD272800B1AF0A
:101CA0002400B0AF2588A0002580C00001000724D3
:101CB000253000001800A5272C00B2AF3400BFAFBC
:101CC0003000B3AF2AC6400F2590800003004014B7
:101CD0001800A393E9FF001001010224FF00022471
:101CE000E5FF6210E00064300E004592E3FF8514CA
:101CF000040102241F0063301800622C060040100B
:101D00001800A3A3000003AE01001324000033AEAB
:101D1000DAFF0010251000001C00642CD7FF801093
:101D20000501022401001324E8FF63240418730052
:101D30000100732425286002EEC5400F25204002D3
:101D4000CEFF4010010102241800A2931A00432C78
:101D500017006010190003240E004314020007242A
:101D6000010006241000A52711C6400F25204002BF
:101D70001000A297A010027CFFFF4230251800003F
:101D8000000002AEBDFF601400040224E0FF00105A
:101D9000000033AE01000724010006241000A5272F
:101DA00011C6400F25204002F4FF00101000A2933E
:101DB0001A00032409004314040007240100062428
:101DC0001000A52711C6400F252040021000A28F49
:101DD000A010027CE9FF0010021422000800072472
:101DE000010006241000A52711C6400F252040023F
:101DF0001400A28F1000A38FA010027CA018037CF7
:101E000002142200DEFF0010021C2300D0FFBD27B9
:101E10002800B3AF2598A0001000A5272400B2AF7A
:101E20002000B1AF1C00B0AF2C00BFAF25808000F8
:101E300018C7400F2590C0001200401425884000AC
:101E40000000038E1000A68F0000528E0400628CEA
:101E500001004230130040100400048E0000628C28
:101E6000253840020C00428C09F840002528600209
:101E700004004054258840000F000292FB004230CD
:101E80000F0002A22C00BF8F251020022800B38F64
:101E90002400B28F2000B18F1C00B08F0800E00337
:101EA0003000BD2721208600040004AE2528400212
:101EB000EEC5400F25200002F2FF40500101112421
:101EC0000400028E000062AE21105200EAFF0010F2
:101ED000040002AEEBFF001001011124E0FFBD275A
:101EE0001C00BFAF0F008390020062300F0040540F
:101EF000010063300E00829006004224FF00423051
:101F00000200422C08004014059D073C059D053C3D
:101F1000059D043C8453E72449010624BC1FA524E5
:101F20002564410FE01F8424010063300D00601020
:101F3000080007240100062411C6400F1000A52741
:101F40001400A28F1000A38FA010027CA018037CA5
:101F500002142200021C23001C00BF8F0800E003B3
:101F60002000BD27040007240100062411C6400FED
:101F70001000A5271000A28F25180000A010027CD9
:101F8000F5FF001002142200D8FFBD271800B0AFE3
:101F90002400BFAF2000B2AF1C00B1AF0F00829091
:101FA000020042301E00401025808000B7C7400F5D
:101FB0000000000025904000258860001000A52743
:101FC000010007242530000011C6400F2520000223
:101FD0001000A293252800001F0042301800432C57
:101FE000040060141000A2A3E8FF422401000524AD
:101FF0000428450025200002FBC5400F0100A52450
:102000002400BF8F25104002251820022000B28F27
:102010001C00B18F1800B08F0800E0032800BD2716
:102020000C009294E5FF001025880000E8FFBD2712
:102030001000B0AF1400BFAFE2C7400F2580800092
:102040000E00049240000524DF008430190085143E
:102050002520000209006010059D073C059D053CF8
:10206000059D043C4453E72434010624BC1FA524E9
:10207000582084242564410F000000000F000392C3
:102080001000633007006010059D053C059D043C71
:102090004453E72435010624BC1FA524F5FF001096
:1020A0007420842425284000FBC5400F2520000211
:1020B000252000021400BF8F1000B08FFFC6400B18
:1020C0001800BD271000A28F2128850001000324DD
:1020D0000000E5AC0400E6AC040044AC000047ACF2
:1020E000080043AC0F0040A041C6400B2520400033
:1020F000010002240000A4AC0400A2AC2520C00012
:102100000000C5AC0400C7AC41C6400B0800C2AC1F
:102110000F008290080042300300401400000000CD
:10212000D9C6400B000000000800E00325100000A5
:10213000E8FFBD271400BFAF252880000E00849063
:10214000FF00022409008214059D073C059D053C03
:10215000059D043C5853E724D4010624BC1FA52444
:10216000A82084242564410F0000000007C6400F0A
:102170000000000007004014059D043C059D053C3F
:102180005853E724D5010624BC1FA524F5FF0010F1
:10219000C42084240800A28C040040101400BF8FC7
:1021A0002520A0000BC8400B1800BD270300022407
:1021B0000800E0031800BD27E0FFBD271800B1AFFD
:1021C0001400B0AF1C00BFAF25808000C0001124F8
:1021D0000E00029205005114251000004CC8400F5B
:1021E00025200002FBFF40500E0002921C00BF8F12
:1021F0001800B18F1400B08F0800E0032000BD2745
:10220000E0FFBD271C00BFAF1800B1AF1400B0AF96
:102210000E00829080000324DF004230080043104B
:10222000059D073C059D053C059D043C1453E72492
:1022300048020624BC1FA5242564410FDC20842409
:102240002580A00025888000252880001000062415
:10225000D665410F252000020F0022921000423067
:102260000E004010FFFF0224080002AE010005240A
:10227000FBC5400F252000020E000292252000021F
:10228000200042300F0002A21C00BF8F1800B18F47
:102290001400B08FD9C6400B2000BD27E2C7400F05
:1022A00025200002080002AE03006014FFFF042492
:1022B000090044540E0004920400228E040002AE71
:1022C000000402241C00BF8F1800B18F1400B08FCF
:1022D0000800E0032000BD27A000032404008314AD
:1022E00000000000F4FF400440180200080003AEA4
:1022F000E1FF4014FFFF02240E0002A2F1FF0010D4
:1023000025100000E8FFBD271400BFAF1000B0AFDC
:102310000E00829080000324DF0042300900431049
:10232000059D073C059D053C059D043CF852E724AE
:1023300078020624BC1FA524DC2084242564410FD8
:10234000000000000E00A390FF00022407006210AE
:10235000F852E724059D053C059D043C79020624BE
:10236000BC1FA524F5FF0010F82084240400A28CD3
:10237000040082AC0F00A290100042300300401015
:1023800025808000FBC5400F0100052425200002A8
:102390001400BF8F1000B08FFFC6400B1800BD2780
:1023A000E0FFBD271C00BFAF1800B1AF1400B0AFF5
:1023B0000E00829008004010059D073C059D053CDD
:1023C000059D043CD852E72432030624BC1FA524F3
:1023D0002564410F1C2184240F00829025888000F1
:1023E00002004230150040102580A000B7C7400F02
:1023F000000000000B00600400040524000002AE91
:10240000040003AE0F002492040084300500801005
:10241000252800002720020027180300000004AE32
:10242000040003AE1C00BF8F2510A0001800B18F60
:102430001400B08F0800E0032000BD270C00829438
:10244000EEFF001025180000E0FFBD271C00BFAF05
:102450001800B1AF1400B0AF0E0082900800401019
:10246000059D073C059D053C059D043CBC52E724A9
:102470005A030624BC1FA5242564410F1C21842473
:102480000F00829025808000020042300E00401034
:102490002588A000B7C7400F000000000F0004927D
:1024A000040084300B008010000000000400601461
:1024B0000080033C2B1843000B006014271002001F
:1024C0000B000010000402240C008294F3FF0010A3
:1024D00025180000FAFF60140080033C2B1843000D
:1024E0000300605000040224000022AE251000000A
:1024F0001C00BF8F1800B18F1400B08F0800E003DC
:102500002000BD270F0082900C004534100042309F
:10251000090040100F0085A0E8FFBD271400BFAFE1
:10252000FBC5400F010005241400BF8F25100000DB
:102530000800E0031800BD270800E0032510000094
:10254000E8FFBD271000B0AF1400BFAF0F008290AE
:10255000100042300300401025808000FBC5400F72
:1025600001000524252000021400BF8F1000B08F49
:10257000FFC6400B1800BD27B8FFBD273800B4AF19
:102580002C00B1AF4400BFAF4000B6AF3C00B5AFC8
:102590003400B3AF3000B2AF2800B0AF0E0082906D
:1025A000400003245800B18FDF004230090043107F
:1025B0005C00B48F059D073C059D053C059D043CD2
:1025C000A452E724A7040624BC1FA5242564410FB8
:1025D0003C21842425A8A0002598C00002002016D4
:1025E0002590E0001000B127252880001000062467
:1025F000D665410F2520200201000224000042A2DE
:1026000041C9400F252020022400401425800000ED
:102610002000A6272400A52783C7400F25202002DD
:102620000701032416004350000042921B0040148F
:102630002000A68F21B006022B10D00217004014F4
:10264000000402240000429209004050000040A211
:102650000000628E2B105600070040142400A58F46
:1026600009F880022120B0022B100200000042A2D3
:10267000E7FF00102580C002FDFF0010000040A20F
:10268000100040540000628E000070AE50C9400F30
:1026900025202002020000104400BF8F4400BF8F9D
:1026A0004000B68F3C00B58F3800B48F3400B38F34
:1026B0003000B28F2C00B18F2800B08F0800E003EB
:1026C0004800BD272B100202EFFF40100100062436
:1026D0002000A0A32000A52709F880022120B00235
:1026E0002B100200E8FF0010000042A2E0FFBD270F
:1026F0002530A0001C00BFAF18C7400F1000A52751
:102700001C00BF8F0800E0032000BD27D0FFBD27BD
:102710002800B1AF2400B0AF2C00BFAF2580A000CF
:102720000200E0142588C0001000A727252880009B
:1027300010000624D665410F2520E000252040002A
:102740002530200283C7400F252800022C00BF8FB0
:102750002800B18F2400B08F0800E0033000BD27AF
:10276000D8FFBD270F00A0142400BFAF039D023C7B
:102770003C1842241000A7AF1400A2AF5EC9400F5E
:102780001800A727040040140080033C1800A293FF
:102790000B180200251060002400BF8F0800E00322
:1027A0002800BD27039D023CF2FF00108018422440
:1027B000D0FFBD272800B1AF2400B0AF2C00BFAFC1
:1027C0002588A0000E0085902580800007C6400F58
:1027D0002520A00008004010DF00A5300BC8400FE6
:1027E000252000022C00BF8F2800B18F2400B08F5D
:1027F0000800E0033000BD27800002240900A21079
:1028000025380002FFFF02241000A627252800001B
:1028100025200002D8C9400F1000A2AFF2FF00101F
:102820002C00BF8FEFFF2012010402241000A52707
:1028300080C8400F25200002EAFF4014FFFF312628
:102840001800A28F050040141000A527C1C8400F32
:1028500025200002E4FF00102C00BF8F2528200255
:10286000ECC9400F1000A427DFFF40142C00BF8FDD
:10287000F4FF00101800A28F0E008590FF000324C3
:102880000A00A314059D073C059D053C059D043CDD
:10289000E8FFBD273053E72408020624BC1FA52407
:1028A0001400BFAF2564410FA82084240800828C47
:1028B0000300401000000000ECC9400B0004052498
:1028C0000800E00303000224D8FFBD27252880006C
:1028D000100006242400BFAFD665410F1000A427C6
:1028E0001ECA400F1000A4272400BF8F0800E00379
:1028F0002800BD27FFFF02240000A2AC2530A00065
:1029000025380000D8C9400B25280000C0FFBD278E
:102910003800B1AF3400B0AF2588C0002580A000DA
:1029200010000624252880003C00BFAFD665410F6B
:102930001800A4276EC8400F1800A42705004014F3
:102940002600A49360000324070083100000000009
:10295000000020A23C00BF8F3800B18F3400B08F40
:102960000800E0034000BD27CA65410F2520000292
:102970002800A2AF039D023C881842241400A2AF95
:102980001000A0AF253820022800A6272528000225
:102990005EC9400F1800A427EFFF00103C00BF8F56
:1029A000C8FFBD273400BFAF3000B4AF2C00B3AFB9
:1029B0002800B2AF2400B1AF2000B0AF0E0083906A
:1029C000A000022408006210059D073C059D053CFF
:1029D000059D043C8852E7248A050624BC1FA524D3
:1029E0002564410F84218424258880002580C0002F
:1029F0002520A000CA65410F2598A00025202002AF
:102A00002528000280C8400F25A040003400401453
:102A100025884000039D123C881852260800028E2B
:102A20000B004014FFFF02240E0002A23400BF8FEF
:102A3000251020023000B48F2C00B38F2800B28FF5
:102A40002400B18F2000B08F0800E0033800BD27BC
:102A50006EC8400F2520000222004014FFFF03240F
:102A60000E00039260000224110062141C00A727CC
:102A70001400B2AF1000B0AF1800A62725286002DE
:102A8000252000025EC9400F1800B4AF15004014A5
:102A9000FFFF03241C00A293090040100000000067
:102AA00041C6400F25200002E0FF001025884000AD
:102AB0001ECA400F252000020A004014FFFF032415
:102AC0006EC8400F2520000206004014FFFF0324BB
:102AD0001ECA400F25200002D1FF40500800028E80
:102AE000FFFF0324F0FF00100E0003A2E0FFBD274C
:102AF0001800B2AF1400B1AF1000B0AF1C00BFAFF0
:102B0000258080002588A0002590C0000000048E4C
:102B10000400028E0A0082540000828C000000AE85
:102B200008008014040000AE1C00BF8F1800B28F94
:102B30001400B18F1000B08F0800E0032000BD2703
:102B4000000002AEF2FF20520000048E09F82002BD
:102B500025284002EEFF00100000048E2000A10492
:102B6000FEFF0224D800838C0000628C0400648C79
:102B7000060082540000448C000060AC0400801405
:102B8000040060AC0800E00303000224000064AC11
:102B900000E0A37C00340600080043AC8001C6348A
:102BA000422F050004000324040046AC0600A35491
:102BB0000400E38C0400438C010004248452837CD1
:102BC000040043AC0400E38C000040AC0600601439
:102BD000140040AC0000E2AC0400E2AC25100000A0
:102BE0000800E003000000000400442400E0847CAE
:102BF000000062ACF8FF0010140064ACD0FFBD27E9
:102C00001400B0AF0400C28C0000D08C2800B5AF17
:102C10002400B4AF2000B3AF1C00B2AF1800B1AFB6
:102C20002C00BFAF2590A0002588C00025A8E0009B
:102C30004400948C2F0002160400B38C0000C0AC3A
:102C40000400C0AC0400028EC439027C040002AE51
:102C50000000228E0400238E2E0043540000438C7B
:102C6000000020AE2C004014040020AE0000628E54
:102C70001800062425280002000002AE1400628E0F
:102C800025206002D665410F140002AE0400428E7A
:102C9000040000AE080000AE000000AE2D0040149D
:102CA000140000AE000050AE040050AE0400628E6E
:102CB00001000324C439627C040062AE0400628E09
:102CC0002900A0120003427C270040142520800226
:102CD0002C00BF8F2800B58F2400B48F2000B38F45
:102CE0001C00B28F1800B18F1400B08F2728410B41
:102CF0003000BD270000028ED2FF00100000C2ACE1
:102D00000400442400E0847C000062AC0700001052
:102D1000140064AC000023AE0400438E000040ACFD
:102D2000F7FF6014140040AC000042AE040042AE55
:102D30000400428CC6FFA0120003427CC5FF405431
:102D40000000228E2728410F25208002C1FF00109D
:102D50000000228E0400032600E0637C000050ACDB
:102D6000D1FF0010140043AC2C00BF8F2800B58F9A
:102D70002400B48F2000B38F1C00B28F1800B18FD5
:102D80001400B08F0800E0033000BD270000A28CC3
:102D90002200401000000000E0FFBD271800B1AF86
:102DA0001400B0AF1C00BFAF0400438C2530A0005E
:102DB00001000524C4FFA37C4400918C040043ACB3
:102DC0000400C28C25380000258080000400438C5C
:102DD00084F7A37C040043ACFFCA400FDC00858C61
:102DE0005D28410F252020020700401425202002E5
:102DF000DC00028E0000458C0400A5245828410FF9
:102E000000E0A57C252020021C00BF8F1800B18F98
:102E10001400B08F4128410B2000BD270800E003BB
:102E2000000000000000A38C2510000025400000D9
:102E30002548000000E08B7C0600601400000000C4
:102E40001200001500000000010042240800E00309
:102E5000000000000400678C2400E3040000678C7D
:102E600004008010000000000800678C1F00EB5475
:102E70000000678C0400628CC001427C0600401098
:102E800000000000F1FF0011020002240800E0032E
:102E9000251000002518E0000400628CC001427C6F
:102EA000FDFF4014000000000400C28C0000678C8D
:102EB000140060AC10004014000060AC0000C3AC13
:102EC0000400628C8007427CF2FF40100400C3AC17
:102ED000020020510000A7AC000027ADEBFF8014DA
:102EE0000100082525182001010002242548600062
:102EF000D1FF00102518E00004006A2400E04A7D9C
:102F0000000043ACEEFF001014004AAC2510000096
:102F100004008010000000000000868C0300C01434
:102F2000000000000800E003000000000400838CA3
:102F3000C001637C0100655001004224F4FF0010D1
:102F40002520C000E0FFBD271800B1AF4400918CE0
:102F50001400B0AF258080001C00BFAF3528410FA2
:102F6000252020023D28410F252020024528410F21
:102F7000252020024D28410F25202002FDFF40146E
:102F8000000000003928410F252020025028410F61
:102F90002520200224004014B8000226D80002AEEA
:102FA000C0000226DC0002AEC8000226E00002AE2D
:102FB000D0000226E40002AE25202002B80000AEB8
:102FC000BC0000AEC00000AEC40000AEC80000AE41
:102FD000CC0000AED00000AED40000AEEC28410F13
:102FE000EF630524252020025828410F25280000E2
:102FF000252800005F28410F252020022B28410FA3
:10300000252020022F28410F2520200225202002E4
:103010001C00BF8F1800B18F1400B08F000605246C
:103020003328410B2000BD272728410F25202002EF
:10303000D6FF001000000000E8FFBD270100A5300A
:103040001000B0AF1400BFAF0B00A0104400908C74
:103050003D28410F252000025228410F2520000263
:10306000FDFF4014000000005528410F25200002FC
:10307000FDFF4014000000003D28410F2520000204
:103080004528410F252000022B28410F2520000252
:103090002F28410F252000023528410F252000024E
:1030A0004D28410F25200002FDFF4014252000027D
:1030B0001400BF8F1000B08FEF630524EC28410B84
:1030C0001800BD27E0FFBD27C21805001400B1AFEE
:1030D000100063302588A0000200A5301C00BFAF9F
:1030E0001800B2AF1000B0AF0700A01001006234AA
:1030F0000400C5300100A054090062340800C63045
:103100000100C05404004234040023324400908C77
:103110000291110089BF043C0100652C009282AC31
:103120000400423225104500B2404234109282AC75
:1031300012000524150002240A2843006628410FC6
:10314000252000020C0005246C28410F25200002D8
:10315000120005247328410F2520000237000524A2
:103160007928410F25200002004031320F0005244C
:103170007D28410F252000020D0020121C00BF8F6A
:103180008128410F252000028528410F25200002BB
:1031900001004532252000021C00BF8F1800B28FAD
:1031A0001400B18F1000B08F8928410B2000BD277B
:1031B0001800B28F1400B18F1000B08F0800E00328
:1031C0002000BD27D8FFBD272400BFAF2000B4AF2B
:1031D0001C00B3AF1800B2AF1400B1AF0B00E01485
:1031E0001000B0AF25A000002400BF8F2510800282
:1031F0001C00B38F2000B48F1800B28F1400B18F61
:103200001000B08F0800E0032800BD270200022450
:103210002700C21401000224D800918CDC00908C9D
:103220000000028E2590E000100040142598A000B8
:103230003800A68F1800052409F8E00001000424D6
:10324000E9FF401025A000000000038E000043AC01
:103250000400632400E0637C140043AC0400038E8C
:1032600002006014000002AE040002AE258060027D
:10327000DDFF001223A070023800A68F180005247D
:1032800009F8400201000424D8FF40102400BF8F39
:103290000400238E000040AC0A006014140040AC0F
:1032A000000022AE040022AEF1FF0010FFFF102646
:1032B000CDFFC21425A00000E000918CD8FF0010C3
:1032C000E400908C0400442400E0847C000062ACA4
:1032D000F4FF0010140064ACD8FFBD2702000224E4
:1032E0002400BFAF2000B3AF1C00B2AF1800B1AFD5
:1032F0000600C2141400B0AFD800908C2598E000EE
:103300002590A000120000102588A00001000324D1
:103310001100C31425100000F8FF0010E000908C8D
:103320000000048E0400038E120083540000828C7F
:10333000000000AE08008010040000AE04006052DF
:10334000FFFF312609F860023800A58FFFFF312604
:10335000F3FF2016231051022400BF8F2000B38FEB
:103360001C00B28F1800B18F1400B08F0800E0036A
:103370002800BD27F1FF0010000002AED8FFBD27D6
:103380000200A2302000B3AF1C00B2AF1800B1AFF2
:103390001400B0AF2400BFAF258080002598A000A6
:1033A0002588C000090040102590E000D800848CDA
:1033B0002530E000BBCA400F25282002DC00048E27
:1033C00025304002BBCA400F25282002010073327D
:1033D0000E00601225304002E000048EBBCA400F90
:1033E000252820022530400225282002E400048EF2
:1033F0002400BF8F2000B38F1C00B28F1800B18F44
:103400001400B08FBBCA400B2800BD272400BF8F1B
:103410002000B38F1C00B28F1800B18F1400B08F42
:103420000800E0032800BD270800A28C0700401018
:10343000000000000400A38C8002637C0200601086
:1034400000A0033C0080033C251043000800E0037B
:1034500000000000D8FFBD271C00B0AF2400BFAFA4
:103460002000B1AF0300C01425808000FF7F063C20
:10347000FFFFC6344400118E0000A38C0100EB3026
:103480001000A0AF1400A0AF80010A24010008249E
:103490000200E73004000C24040060501000A38FE9
:1034A0001700C054E000048E1000A38F5600601077
:1034B00025100000E400058E2520000201000724ED
:1034C000FFCA400F1000A6276428410F25202002C4
:1034D0000700401400000000E400028E25202002B6
:1034E0000000458C0400A5245F28410F00E0A57C66
:1034F0004928410F2520200243000010251000001C
:103500000000828C0400898C210022550000498C27
:10351000000080AC41002011040080AC00E0647C1D
:10352000080044AC04004AAC040060110000000034
:103530000400448C444A047D040044AC0500E010BF
:10354000422703000400448C0463047D040044AC5F
:103550004227030010008C14000000000400438C7C
:103560008452037D040043AC1400A38F000040ACE0
:103570000D006014140040AC1000A2AF0400A5249C
:103580001400A2AFFFFFC624C3FF00100000A38CED
:10359000E2FF0010000089ACF4FF60041400A38F68
:1035A0001F000010FEFF02240400442400E0847C7D
:1035B000000062ACF1FF0010140064AC040066244B
:1035C00000E0C67C0000A3AC070000101400A6AC0D
:1035D0001000A5AF0400858C000060ACF7FFA014BC
:1035E000140060AC000083AC040083AC1000A38F17
:1035F0001400A58FF6FF65540000658C1000A0AF85
:10360000F4FF60141400A0AF2400BF8F2000B18F1E
:103610001C00B08F0800E0032800BD27030002242F
:10362000F2FF0010E000048ED8FFBD271000A7278E
:103630002400BFAF254080001000A0AFD7CA400FC4
:103640001400A0AF080040141000A5272520000199
:1036500063CB400F1800A2AF1800A28F2400BF8FC9
:103660000800E0032800BD271000A38FFCFF6010B6
:103670002400BF8FD800048D1000A38F1400A58FE5
:10368000100065540000658C1000A0AFF3FF6010BF
:103690001400A0AF0400858C000060AC0400A014EE
:1036A000140060AC000083ACF3FF0010040083AC96
:1036B0000400662400E0C67C0000A3ACFAFF001002
:1036C0001400A6ACF3FF00101000A5AFD8FFBD2773
:1036D0002400BFAF254880002540A0001000A0AF07
:1036E0001400A0AF2510000025000011000000000C
:1036F0000B000589080005992100A01000000000BA
:103700000D0006910C000391003206002530C30025
:103710001B00C01000000000130040101000A7277D
:103720001000A38F1D0060102400BF8FD800248DCF
:103730001000A38F1400A58F1F0065540000658C36
:103740001000A0AF140060101400A0AF0400858C1E
:10375000000060AC1300A014140060AC000083AC47
:10376000F3FF0010040083ACD7CA400F25202001CE
:103770000300038900000399DBFF0010254060006F
:10378000E7FF4014252020011000A52763CB400F40
:103790001800A2AF1800A28F2400BF8F0800E0031A
:1037A0002800BD270400662400E0C67C0000A3AC0E
:1037B000EBFF00101400A6ACE4FF00101000A5AF52
:1037C0000100C0540000C0ACDC00828C00E0A57C8D
:1037D0000000438C12006010010002240400628C7F
:1037E000FCFF43040000638C0800628C0800A210F8
:1037F00000000000F7FF00100000638C0800C010FC
:10380000251000000C0063240800E0030000C3AC96
:103810000400648CC001847CF8FF80100200022444
:103820000800E00300000000D0FFBD272000B0AF7B
:10383000258080002520A000E400058E1800A62722
:103840002800B2AF2400B1AF2C00BFAF4400118EEE
:103850001800A0AF1C00A0AF1000A0AF89CB400F94
:103860001400A0AF259040001800A38F1C00A28F69
:103870002A0062540000628C1800A0AF2800601477
:103880001C00A0AF1000A28F05004010010007240B
:10389000E400058E1000A627FFCA400F2520000275
:1038A0002C00BF8F251040022400B18F2800B28F5A
:1038B0002000B08F0800E0033000BD2700E0847CCA
:1038C000000043AC2D000010140044AC000060ACBC
:1038D000140060AC0400858C0C00A0140400662465
:1038E000000083AC040083AC080060AC0400638C6F
:1038F0000003637CDDFF60541800A38F2728410F6D
:1039000025202002D9FF00101800A38F00E0C67CFC
:103910000000A3ACF3FF00101400A6AC1800A2AF87
:103920000400628C4002427CE8FF4050E000048EBC
:103930000400628C01000424000060ACC4FF027C1F
:10394000040062AC0400628C140060AC84F7027C5A
:10395000040062AC0400628CC45A027C040062ACB5
:103960000400628CC439827C040062AC1400A28F13
:10397000D2FF4014040064241000A3AFBAFF00106B
:103980001400A3AF6C00828CD0FFBD272800B4AF19
:103990002400B3AF1C00B1AF1800B0AF2C00BFAF14
:1039A0002000B2AF258080002588A0002598C000A7
:1039B00025A0E0001000A0AF040040101400A0AF4C
:1039C0000500052409F84000EC008424DC00058E85
:1039D0001000A62789CB400F25202002259040000B
:1039E0006C00028E030040100600052409F8400018
:1039F000EC000426190060561000B18F6C00028E96
:103A000027004014050005241000A28F1400A38F86
:103A10002C0043540000438C1000A0AF2A00401437
:103A20001400A0AF6C00028E0300401006000524B5
:103A300009F84000EC0004262C00BF8F251040023E
:103A40002800B48F2400B38F2000B28F1C00B18FE8
:103A50001800B08F0800E0033000BD27E8FF2052B7
:103A60006C00028E0400228EFCFF43040000318EA5
:103A70000400228E0800238E00A0043C8002427CB9
:103A800003004010252064000080043C25206400D1
:103A900009F8600225288002F0FF00100000318E36
:103AA00009F84000EC000426D8FF00101000A28F97
:103AB0000400452400E0A57C000082AC0900001051
:103AC000140085AC1000A3AFD800038E080040ACF2
:103AD000000040AC0400648CF5FF8014140040AC7E
:103AE000000062ACC8FF0010040062AC0600A050E9
:103AF000E400828C0B00A0A80800A0B80C00A0A0D5
:103B00000D00A0A0E400828C0000438C4A006010ED
:103B1000010002240400628C0400648CC001847CD7
:103B200044008014C002427C0400648CF7FF8304CC
:103B30000000638CF5FF40540000638C0200E0102D
:103B40000C0062240000E2AC2510A00025206000DB
:103B5000254800002540000000A00C3C00800D3CE2
:103B600005004014000000001400C0140000000014
:103B70000800E0032510000004008A8C08008B8CEC
:103B800080024A7D0200401125386C0125386D0104
:103B90000B0047A8080047B80400878C01002925BE
:103BA0000054E77C0C0047A0023A07000D0047A034
:103BB00003004788000047982510E0000400878C28
:103BC000C001E77CFDFFE014000000000400878CCA
:103BD0008007E77C1500E010010008250100C054B3
:103BE0000000C8AC05004010000000000B0040A819
:103BF000080040B80C0040A00D0040A00300A01435
:103C0000000000000800E003251000000A0028154D
:103C1000FCFF02240400628C01000424C45A827C4C
:103C2000040062ACF7FF001000000000CCFF0010A1
:103C30000000848C020002240800E0030000000061
:103C4000D0FFBD272570A0002538C0001000A52793
:103C50002000A6272C00BFAFBBCE400F1000A0AFA6
:103C60001800A38F2C00BF8F3000BD270800E00391
:103C70000000C3AD0D00A01000000000E400828C25
:103C8000E8FFBD272538A0000000448C1400BFAF1A
:103C9000C3CB400F252800001400BF8F0000E2AC0A
:103CA0001800BD270800E003251000000800E0030D
:103CB000251000000D00A01000000000E400828C20
:103CC000E8FFBD272538A0000000448C1400BFAFDA
:103CD000C3CB400F010005241400BF8F0000E2ACED
:103CE0001800BD270800E003251000000800E003CD
:103CF000251000000D00A01000000000DC00828CE8
:103D0000E8FFBD272538A0000000448C1400BFAF99
:103D1000C3CB400F252800001400BF8F0000E2AC89
:103D20001800BD270800E003251000000800E0038C
:103D3000251000000000828C0900401000000000E7
:103D40000400838C080062540000438C000080ACA7
:103D5000040080AC0800838CFFFF6324080083AC60
:103D60000800E00300000000FAFF0010000083AC30
:103D70000400828C070040140000A0AC000085AC59
:103D80000800828C040085AC010042240800E00396
:103D9000080082ACFAFF0010000045ACE8FFBD2728
:103DA0001400BFAF253880002530A0004DCF400F54
:103DB0002520C000030040141400BF8F0800E0035A
:103DC0001800BD27252840005CCF400F2520E000CB
:103DD000F6FF001000000000FFFF8324FEFF632CAD
:103DE0000F00601025100000FFFF83300500652CD8
:103DF0000B00A010240006240238667001A0053CC8
:103E0000902DA5242118E5002000658C0400A41441
:103E100000000000000062900A18020025106000F7
:103E20000800E00300000000E0FFBD271400B1AF70
:103E300001A0113C482E31261400238E3400228E1E
:103E40001C00BFAF1800B2AF1000B0AF100023AE1F
:103E500004004050FF7F103C0C00438C04006104C0
:103E6000FF7F103C1400328E03000010FFFF10365D
:103E70000C00508C1400328E0400228E21805002DF
:103E80001800428C09F840002B9012021000238E7B
:103E90002B1843000500601025200000FFFF44247C
:103EA0002B18820025108000252060002000238E22
:103EB000211062002B184300211864002B204302BC
:103EC0000500801400000000110072142B1802027B
:103ED0000F006010000000001C0022AE1C00228EAB
:103EE00002004014010002241C0022AE0400228EB5
:103EF0001C00248E1C00BF8F1800B28F1400B18FDD
:103F00001000B08F1400598C080020032000BD273A
:103F10001C0030AEF1FF00100000000001A0033CC7
:103F2000482E63243400678C252800002510E0000B
:103F300015004010000000000F00445425284000E8
:103F40001C00828C05004010000000000C00888CD2
:103F50000C00468C2130C8000C0046AC0800A05470
:103F60001C00A2AC1C00E28C340062AC01000224F4
:103F70000800E0031C0080ACEDFF00101C00428C28
:103F8000FBFF0010251000000800E00325100000D2
:103F9000320080102510000001A0073C482EE724C5
:103FA0003400E28C0C00858C050040142540000094
:103FB0000C0085AC010002240800E0033400E4ACEE
:103FC00025300000255000000C00438C214866007D
:103FD0002B18230121186A00120060142B48A90035
:103FE00010002015000000000C00438C2118C300B5
:103FF0002B406600253060001C00438C21500A01D4
:1040000006006014254040001C00028D1C0082AC9C
:104010001C0004AD0800001025100000EAFF00108D
:1040200025106000F9FF00551C00028D3400E4AC3F
:104030001C0082AC010002241C00838C2328A600F3
:104040000C0085AC05006010000000000C00858CA1
:104050000C00648C232085000C0064AC0800E00395
:104060000000000001A0033C482E63243400628C51
:104070000300401000000000050080140000000054
:104080001400628C100062AC0800E0030000000025
:104090000C00458C2B28A4000700A0140000000091
:1040A0000C00458C2320A4000C0044AC252000000B
:1040B000EFFF00101C00428C0C00458C0C0040AC43
:1040C000FBFF001023208500E8FFBD271000B0AFE4
:1040D00001A0103C482E1026300002921400BFAF01
:1040E0000C0040140100032401A0043C802E842411
:1040F0008938410FFFFF0524010004240500441402
:1041000025180000505F410F0800048E310002A204
:10411000010003241400BF8F251060001000B08F31
:104120000800E0031800BD27E8FFBD271000B0AF6E
:1041300001A0103C482E1026310005920800048E84
:104140001400BFAF645F410F000000003000029216
:10415000060040141400BF8F1000B08F01A0043C73
:10416000802E84248B38410B1800BD271000B08F9F
:104170000800E0031800BD27D8FFBD272000B4AF1A
:104180001C00B3AF1800B2AF1400B1AF1000B0AF55
:104190002400BFAF259080002588A0002598C0008E
:1041A00032D0400F25A0E00027004010FFFF102470
:1041B00001A0023C482E438C02000224200062141D
:1041C000000000001E0020122B1032021C004014C0
:1041D00001A0033C25280000902D63240500022443
:1041E00000006490210080540100A52401000224F5
:1041F000000062A43800A28F080071AC238832024C
:10420000040062AC10808297180060A0100073ACAC
:10421000008402002580050201004224190060A0EC
:10422000140074AC0C0071AC200070ACFFFF423085
:10423000FFFF03340100435001000224108082A7D5
:104240004AD0400F000000002400BF8F251000025C
:104250002000B48F1C00B38F1800B28F1400B18FF0
:104260001000B08F0800E0032800BD27DCFFA21477
:1042700024006324F2FF0010FFFF1024E0FFBD279D
:104280001000B0AF01A0103C482E10260400028E92
:104290001C00BFAF1800B2AF1800428C1400B1AFC1
:1042A00009F8400025908000140002AE1400118E21
:1042B0001000028E2388220219D0400F25202002F0
:1042C0004C5F410F000000002800068E2C00078E76
:1042D00025204000211826022B8871002128270262
:1042E000280003AE2C0005AE4E5F410F0000000019
:1042F000E4CF400F252040020C0040101C00BF8F6F
:104300004C5F410F000000008ACF400F2580400025
:10431000252000021C00BF8F1800B28F1400B18F3F
:104320001000B08F4E5F410B2000BD271800B28FE8
:104330001400B18F1000B08F0800E0032000BD27EB
:104340000A00A014000000000800E003FFFF0224A0
:10435000FFFF02241C00BF8F1800B28F1400B18F22
:104360001000B08F0800E0032000BD27F6FF801486
:104370000000000001A0043CE0FFBD27802E842443
:104380001400B1AF1C00BFAF1800B2AF1000B0AF47
:104390006338410F2588A00001000324ECFF43147B
:1043A00001A0123C0000228E482E5026040002AECE
:1043B0000C00428C09F8400000000000CC010424ED
:1043C00019004400C404063C00B4C634253800007B
:1043D0000C0002AE122000004D2E410F10280000EC
:1043E00002004224200002AE0400228E100000AE23
:1043F000300000A2080002AEFFFF0224180002AE47
:10440000FF7F023CFFFF42341C0002AE251000007B
:10441000280002AE0400028E25180000039D043C13
:104420000000428C2C0003AE340000AE25280000B2
:1044300009F84000684884240400028E1000428C71
:10444000040040500400028E09F840001800048E59
:104450000400028E1C00048E1400428C09F84000F7
:10446000000000000400028E0400428C09F84000A5
:104470000000000001A0043CB40006242528000030
:104480008066410F902D842402000224482E42AE03
:10449000B0FF00102510000201A0023C482E42246B
:1044A00014008214000000000400828CE8FFBD2785
:1044B0001400BFAF0800428C1000B0AF09F84000F4
:1044C0002580800001A0043CB400062425280000BB
:1044D0008066410F902D8424252000021400BF8F98
:1044E0001000B08F40000624252800008066410B94
:1044F0001800BD270800E0030000000001A0033CF5
:10450000482E65240200A41425100000482E628C59
:104510000800E0030000000001A0023C0800E003E6
:10452000542E428CE0FFBD271000B0AF01A0103C1C
:104530001C00BFAF1800B2AF1400B1AF4C5F410F09
:10454000482E1026259040000400028E1800428C50
:1045500009F84000000000001000038E2800068EBD
:104560002C00078E23184300218866002B18230295
:10457000252040024E5F410F218067001C00BF8F45
:1045800025102002251800021800B28F1400B18FE8
:104590001000B08F0800E0032000BD27E8FFBD2712
:1045A0001400BFAF49D1400F000000001400BF8FBE
:1045B0000800E0031800BD27E8FFBD271000B0AFDA
:1045C0001400BFAF4C5F410F2580800001A0033C69
:1045D000482E6324280070AC1400BF8F1000B08FE9
:1045E00025380000252040001800BD272C0067ACAE
:1045F0004E5F410B0000000001A0023C542E468C8F
:104600000F00023C4042422419008200E8FFBD270F
:10461000253800001400BFAF122000004D2E410FBE
:10462000102800001400BF8F0800E0031800BD2709
:1046300001A0023C542E468CE8030224190082009B
:10464000E8FFBD27253800001400BFAF122000008E
:104650004D2E410F102800001400BF8F0800E0030A
:104660001800BD2701A0023C542E428C0F00063CCE
:10467000E8FFBD27190082004042C63425380000FB
:104680001400BFAF122000004D2E410F1028000073
:104690001400BF8F0800E0031800BD2701A0023CF2
:1046A000542E428CE8FFBD27E8030624190082003F
:1046B000253800001400BFAF122000004D2E410F1E
:1046C000102800001400BF8F0800E0031800BD2769
:1046D0001000A28F03004014000000000300C0106F
:1046E000000000005ED0400B1000A2AF0800E00305
:1046F000FFFF0224D0FFBD272800B5AF2400B4AFD0
:104700002000B3AF1C00B2AF1800B1AF2C00BFAF98
:104710001400B0AF3000A4AF25A0A0002588C000D1
:104720002598E00032D0400F4400B58F07004010BC
:10473000010012240F00A0163000A48F0D00601697
:10474000000000004AD0400F000000002C00BF8F86
:10475000251040022800B58F2400B48F2000B38FAD
:104760001C00B28F1800B18F1400B08F0800E00356
:104770003000BD2776CF400F01001224F1FF40101A
:1047800025804000EFFF20122B103402EDFF401473
:1047900000000000C7CF400F252000024000A28F7C
:1047A000080011AE23883402180000A2140002AEE3
:1047B000190000A2040015AE0C0011AE100013AEDB
:1047C00001A0023C782E4290070040140000000037
:1047D0009FD0400F0000000001000224010002A24F
:1047E000D8FF001025900000E4CF400F000000002B
:1047F000FAFF001001000224E8FFBD271000B0AF4F
:104800001400BFAF32D0400F1800A4AF1100401009
:104810000100102476CF400F1800A48F0B00401029
:1048200025484000010042900400401000000000B4
:10483000C7CF400F25202001010020A1180020A192
:10484000000020A1190020A1258000004AD0400FBF
:10485000000000001400BF8F251000021000B08F70
:104860000800E0031800BD27E0FFBD271400B0AF2B
:1048700001A0103C482E10260400028E1800B1AF93
:104880001C00BFAF1800428C09F840003400118EA4
:10489000140002AE1400048E1000028E2800088E50
:1048A0002C00098E23208200212888002B30A400B0
:1048B0002118C900280005AE2C0003AE22002012EA
:1048C00000000000300002920100422419D0400F85
:1048D000300002A23400118E2500201600000000D6
:1048E00001A00B3C902D6B25256000002568600120
:1048F000240002240218827121106D0019004390D7
:10490000FF00633009006010010003240400648D7F
:10491000190040A005008314252060010800638D64
:104920000C0043ACE4CF400F0000000001008C25D8
:1049300005000224EEFF821524006B253000029250
:10494000FFFF4224300002A24C5F410F0000000034
:104950008ACF400F25804000252000021C00BF8F19
:104960001800B18F1400B08F4E5F410B2000BD279F
:104970000C00228EDAFF401401000224180022A24B
:10498000190022A20400228E0D0040140000000035
:104990001000228E0A00401000000000FED1400FDF
:1049A0002000248E1000228ECBFF40503400118E48
:1049B00009F840001400248EC7FF00103400118E47
:1049C000C7CF400F252020020400228EF5FF405063
:1049D000010020A2F4FF00101000228EE0FFBD278E
:1049E0001800B1AF1C00BFAF1400B0AF32D0400F01
:1049F0002000A4AF1A0040100100112476CF400F10
:104A00002000A48F14004010258040000100429037
:104A100011004014258800000C00028E0400401490
:104A200001A0023C0800028E0C0002AE01A0023C74
:104A3000782E429010004014252000029FD0400F95
:104A40000000000001000224180000A2010002A2E0
:104A5000190000A2258800004AD0400F0000000085
:104A60001C00BF8F251020021400B08F1800B18FDA
:104A70000800E0032000BD27E4CF400F0000000045
:104A8000F1FF001001000224E8FFBD271000B0AFC5
:104A90001400BFAF32D0400F1800A4AF1100401077
:104AA0000100102476CF400F1800A48F0B00401097
:104AB0002548400001004290080040102580000079
:104AC000C7CF400F252020010800228D180020A10B
:104AD000010020A1190020A10C0022AD4AD0400FF6
:104AE000000000001400BF8F251000021000B08FDE
:104AF0000800E0031800BD27D8FFBD271C00B3AF96
:104B00002400BFAF2000B4AF1800B2AF1400B1AFA3
:104B10001000B0AF2800A4AF32D0400F2598A000FD
:104B20000F004050010010240B00605201001024BF
:104B300076CF400F2800A48F0700401001001024FA
:104B4000010043900F00601401A0123C25100000EA
:104B5000000062AE258000004AD0400F0000000037
:104B60002400BF8F251000022000B48F1C00B38FDB
:104B70001800B28F1400B18F1000B08F0800E0034E
:104B80002800BD27482E52263400508E258800006C
:104B90001900001200000000130050140000000073
:104BA0000400428E0C00148E1800428C09F840005C
:104BB000218834021000438E232843002B2825022D
:104BC0000300A0142520000023186200212071009A
:104BD0000800028E2B184400DCFF601423104400F0
:104BE000DCFF0010000062AE0C00038E1C00108E73
:104BF000E7FF0010218823020C00028C3400000023
:104C0000E8FFBD271000B0AF1400BFAF32D0400F97
:104C10001800A4AF0B004010258040001800A48F9E
:104C200076CF400F258000000400401000000000F7
:104C300018005090180040A0FF0010324AD0400FDA
:104C4000000000001400BF8F251000021000B08F7C
:104C50000800E0031800BD270800A01400000000B1
:104C60000800E00301000224010002241C00BF8FA1
:104C70001800B08F0800E0032000BD27F8FF801067
:104C80000000000001A0023C542E428CE0FFBD2732
:104C90000F00063C190082001800B0AF4042C63435
:104CA0002580A000253800001C00BFAF12200000A6
:104CB0004D2E410F10280000252840001000A0AF05
:104CC00025380000253000005ED0400F2520000070
:104CD000FFFF0324E4FF4310000002AE77D2400F31
:104CE00025204000E1FF0010251000000800A0145E
:104CF000000000000800E00301000224010002247B
:104D00001C00BF8F1800B08F0800E0032000BD27F3
:104D1000F8FF80100000000001A0023C542E428CDD
:104D2000E0FFBD271800B0AF190082002580A00069
:104D3000E8030624253800001C00BFAF1220000045
:104D40004D2E410F10280000252840001000A0AF74
:104D500025380000253000005ED0400F25200000DF
:104D6000FFFF0324E5FF4310000002AE77D2400F9F
:104D700025204000E2FF001025100000E0FFBD27C5
:104D80001800B1AF1400B0AF1C00BFAF00D3400F8C
:104D9000258880000300401025804000FED1400F90
:104DA000252020021C00BF8F251000021800B18FA3
:104DB0001400B08F0800E0032000BD27D8FFBD27F6
:104DC0002400BFAF2000B2AF1C00B1AF0300E0145D
:104DD0001800B0AF1C008010FFFF10241A00C01094
:104DE000FFFF102401A0033C25808000542E648C1A
:104DF0002510C0000F00063C190044002588E00083
:104E00002590A0004042C634253800001220000042
:104E10004D2E410F102800002528400025300002AB
:104E20001000B1AF253840025ED0400F25200000B1
:104E300025804000FFFF0224040002122400BF8FDF
:104E400077D2400F252000022400BF8F25100002DA
:104E50002000B28F1C00B18F1800B08F0800E00353
:104E60002800BD27D8FFBD272400BFAF2000B2AF68
:104E70001C00B1AF0300E0141800B0AF1B0080109D
:104E8000FFFF10241900C010FFFF102401A0033CF5
:104E900025808000542E648C2510C0002588E000F9
:104EA000190044002590A000E803062425380000DE
:104EB000122000004D2E410F102800002528400030
:104EC000253000021000B1AF253840025ED0400FFF
:104ED0002520000025804000FFFF0224040002126C
:104EE0002400BF8F77D2400F252000022400BF8FFF
:104EF000251000022000B28F1C00B18F1800B08F67
:104F00000800E0032800BD27E8FFBD271000B0AF70
:104F10001400BFAFAD7A400F258080003800108E9E
:104F2000BF7A400F000000001400BF8F0100022E66
:104F30001000B08F0800E0031800BD27E0FFBD2778
:104F40001400B1AF2588C0004000868C1800B2AFB5
:104F50001000B0AF1C00BFAF258080003800928CDD
:104F60001100C014000000000000828C05004014F5
:104F7000258800002C7A400F0800848C258840008A
:104F8000080000AE1C00BF8F01005226380012AE90
:104F9000251020021800B28F1400B18F1000B08FBE
:104FA0000800E0032000BD270E00201600000000CE
:104FB000D665410F0400848C0400028E4000038EED
:104FC000211043000800038E040002AE2B104300A2
:104FD000EDFF40141C00BF8F0000028EE9FF00109F
:104FE000040002AED665410F0C00848C4000038E95
:104FF0000C00028E0000048E2318030021104300D1
:105000000C0002AE2B1044000500401002000224E8
:105010000800028E211843000C0003AE0200022497
:10502000D8FF221625880000D7FF40121C00BF8F32
:10503000D5FF0010FFFF5226251080004000468C4F
:105040000C00C0102520A0000C00438C0800458CEB
:10505000211866000C0043AC2B1865000300601497
:10506000000000000000438C0C0043ACD665410BEF
:105070000C00458C0800E00300000000E0FFBD27A5
:105080001000B0AF1800B2AF1400B1AF1C00BFAF3A
:10509000AD7A400F25808000450011922400122631
:1050A000208C117C1200201EFFFF0224450002A26A
:1050B000BF7A400F00000000AD7A400F00000000F2
:1050C0004400119210001226208C117C1300201E27
:1050D000FFFF0224440002A21C00BF8F1800B28F01
:1050E0001400B18F1000B08FBF7A400B2000BD2795
:1050F0002400028EEDFF4010FFFF02244979400F8B
:105100002520400203004010FFFF3126D579400FD3
:1051100000000000E3FF0010208C117C1000028EC4
:10512000ECFF4010FFFF02244979400F2520400288
:1051300003004010FFFF3126D579400F000000002A
:10514000E2FF0010208C117C390080102510000037
:105150003C00838C36006010000000004000868C0C
:1051600019006600101800003100601400000000F3
:10517000E0FFBD271400B0AF258080001800B1AF5C
:105180001C00BFAFAD7A400F2588A0004000058EFF
:105190003C00038E0000048E380000AE0210A370A5
:1051A000040004AE21188200231045002110820063
:1051B0000C0002AEFFFF0224440002A2080003AE6E
:1051C000450002A214002016000000001000028E0C
:1051D00009004010000000004979400F100004262B
:1051E0000500401000000000006802400001423449
:1051F00000688240C0000000BF7A400F000000003D
:105200001C00BF8F010002241800B18F1400B08F62
:105210000800E0032000BD277356410F100004264C
:105220007356410F24000426F3FF00100000000015
:105230000800E00300000000E0FFBD271C00BFAF36
:105240001800B2AF1400B1AF090080141000B0AF65
:10525000258000001C00BF8F251000021800B28FAF
:105260001400B18F1000B08F0800E0032000BD27AC
:105270001900A40010100000F5FF40140210857002
:10528000B8FF432CF2FF60102590800048004424B2
:105290003131410F2588A000EDFF401025804000EE
:1052A0000100205648004224000002AE3C0012AE2D
:1052B000400011AE0100052452D4400F2520000209
:1052C000E5FF00101C00BF8F1100801025100000AA
:1052D0002B1885000E00601400000000E8FFBD27B9
:1052E0001000B0AF020006242580A0001400BFAF5C
:1052F0008ED4400F2528000001004054380050ACE7
:105300001400BF8F1000B08F0800E0031800BD2705
:105310000800E00300000000D0FFBD272800B4AF64
:105320002400B3AF2000B2AF1C00B1AF1800B0AF83
:105330002C00BFAF258080002590A0003800A6AFCC
:105340002588E00025A0000010009324AD7A400FCE
:10535000000000003800028E3C00038E2B1043003A
:1053600003004014020002241B0022163800A28F02
:105370002530200225284002CFD3400F25200002EF
:105380002400038E03006010000000004979400FE4
:1053900024000426050040100000000000680240C0
:1053A0000001423400688240C0000000BF7A400F14
:1053B00000000000010002242C00BF8F2800B48FE1
:1053C0002400B38F2000B28F1C00B18F1800B08F63
:1053D0000800E0033000BD27050040140000000075
:1053E000BF7A400F00000000F3FF001025100000FE
:1053F0000300801600000000D079400F1000A427A1
:10540000BF7A400F000000006878400F00000000E5
:10541000AD7A400F0000000044000292FFFF032419
:105420002014027C01004350440000A24500029277
:10543000FFFF03242014027C01004350450000A21A
:10544000BF7A400F000000003800A527D77D400F2D
:105450001000A4272200401400000000AD7A400F85
:10546000000000003800038E3C00028E0E00621423
:1054700000000000BF7A400F000000003800A58F38
:105480002379400F252060021FD4400F2520000201
:105490001B7D400F000000000B00401000000000CA
:1054A000AAFF001001001424BF7A400F0100142449
:1054B0001FD4400F252000021B7D400F000000007C
:1054C000A2FF00100000000000680240000142340A
:1054D00000688240C00000009CFF001001001424FE
:1054E0001FD4400F252000021B7D400F000000004C
:1054F000B1FF001025100000E8FFBD272530800017
:10550000252800001000B0AF1400BFAF8ED4400FAC
:10551000010004240900401025804000080040AC30
:10552000000040AC0C0040AC2538000025300000E5
:1055300025280000C6D4400F252040001400BF8F4E
:10554000251000021000B08F0800E0031800BD27EE
:10555000D0FFBD272800B5AF2400B4AF2000B3AF03
:105560001400B0AF3400A5AF258080002C00BFAF81
:105570001C00B2AF1800B1AF25A0C000B148410F68
:1055800025A8E000259840003C00038E3800028EDC
:105590002B104300040040143400A58F02000224A5
:1055A0000E00A21625880000450011922530A002A9
:1055B000252000023800028ECFD3400F2094117CAA
:1055C000FFFF022419004216000000002400028E92
:1055D0000E0040140000000001001124D548410FC6
:1055E000252060022C00BF8F251020022800B58FD7
:1055F0002400B48F2000B38F1C00B28F1800B18F2D
:105600001400B08F0800E0033000BD274979400F37
:1056100024000426F1FF401001001124EFFF801246
:1056200001000224EDFF0010000082AE7378400FED
:10563000000000002B104202E7FF4010010031265D
:10564000208C117C450011A2E4FF00100100112400
:10565000D8FFBD272000B4AF1C00B3AF1400B1AF1A
:105660001000B0AF2400BFAF258080001800B2AF9B
:10567000B148410F25A0A000259840003C00038EB2
:105680003800028E2B1843000C00601025880000A3
:105690004500119201004224380002AE2094117C92
:1056A000FFFF022418004216000000002400028EB2
:1056B0000D0040140000000001001124D548410FE6
:1056C000252060022400BF8F251020022000B48F07
:1056D0001C00B38F1800B28F1400B18F1000B08F70
:1056E0000800E0032800BD274979400F2400042664
:1056F000F2FF401001001124F0FF8012010002248B
:10570000EEFF0010000082AE7378400F0000000032
:105710002B104202E8FF401001003126208C117C42
:10572000450011A2E5FF001001001124D0FFBD27A4
:105730002800B4AF2400B3AF2000B2AF1800B0AF60
:105740002C00BFAF1C00B1AF258080002590A000C9
:105750003800A6AF25A0000024009324AD7A400FA6
:10576000000000003800118E1B0020122528400286
:10577000252000020ED4400FFFFF3126380011AE65
:105780001000028E09004010000000004979400F0F
:1057900010000426050040100000000000680240D0
:1057A0000001423400688240C0000000BF7A400F10
:1057B00000000000010002242C00BF8F2800B48FDD
:1057C0002400B38F2000B28F1C00B18F1800B08F5F
:1057D0000800E0033000BD273800A28F0500401408
:1057E00000000000BF7A400F00000000F2FF001030
:1057F000251000000300801600000000D079400F43
:105800001000A427BF7A400F000000006878400F06
:1058100000000000AD7A400F00000000440002923A
:10582000FFFF03242014027C01004350440000A227
:1058300045000292FFFF03242014027C0100435024
:10584000450000A2BF7A400F000000001000A4270E
:10585000D77D400F3800A5271900401425200002ED
:10586000C2D3400F000000000F0040103800A58F89
:105870002379400F252060021FD4400F252000020D
:105880001B7D400F00000000B4FF405401001424B1
:10589000006802400001423400688240C0000000FD
:1058A000AEFF0010010014241FD4400F2520000279
:1058B0001B7D400F01001424A8FF00100000000011
:1058C0001FD4400F000000001B7D400F00000000AF
:1058D000C2D3400F25200002F1FF40102510000028
:1058E000B6FF00102C00BF8FD0FFBD272800B3AF3C
:1058F0002400B2AF2000B1AF1C00B0AF2C00BFAF8E
:10590000258080003400A5AF258800002598000080
:1059100024009224AD7A400F000000003800028E6F
:105920001D004010FFFF4224380002AE0000028E2E
:105930000400401400000000017E400F0000000041
:10594000080002AE1000028E0900401000000000A6
:105950004979400F100004260500401000000000A7
:10596000006802400001423400688240C00000002C
:10597000BF7A400F010011242C00BF8F2510200298
:105980002800B38F2400B28F2000B18F1C00B08F8D
:105990000800E0033000BD273400A28F050040144A
:1059A00000000000BF7A400F25880000F3FF0010C0
:1059B0002C00BF8F0300601600000000D079400F5C
:1059C0001000A427BF7A400F000000006878400F45
:1059D00000000000AD7A400F000000004400029279
:1059E000FFFF03242014027C01004350440000A266
:1059F00045000292FFFF03242014027C0100435063
:105A0000450000A2BF7A400F000000001000A4274C
:105A1000D77D400F3400A527230040142520000225
:105A2000C2D3400F00000000190040100000000029
:105A30000000028E080040143400A58FAD7A400F9C
:105A400000000000DC79400F0800048EBF7A400F90
:105A5000258840003400A58F2379400F252040027F
:105A60001FD4400F252000021B7D400F00000000C6
:105A7000A8FF405401001324006802400001423492
:105A800000688240C0000000A2FF00100100132443
:105A90001FD4400F252000021B7D400F010013245E
:105AA0009CFF0010000000001FD4400F0000000009
:105AB0001B7D400F00000000C2D3400F25200002D4
:105AC00094FF401001001324ACFF20122C00BF8F64
:105AD000AD7A400F000000002400058E0500A010E4
:105AE000000000003000028E050005240000428CFA
:105AF0002328A200687A400F0800048EA9FF001036
:105B000000000000D0FFBD272800B3AF2400B2AFD3
:105B10002000B1AF1C00B0AF2C00BFAF25808000CB
:105B20002588A0003800A6AF259800002400922404
:105B3000AD7A400F000000003800028E19004010BE
:105B400025282002252000020ED4400F0C00128EC2
:105B50002400028E090040100C0012AE4979400F5B
:105B600024000426050040100000000000680240E8
:105B70000001423400688240C0000000BF7A400F3C
:105B800000000000010002242C00BF8F2800B38F0A
:105B90002400B28F2000B18F1C00B08F0800E003FA
:105BA0003000BD273800A28F05004014000000001F
:105BB000BF7A400F00000000F3FF00102510000026
:105BC0000300601600000000D079400F1000A427E9
:105BD000BF7A400F000000006878400F000000000E
:105BE000AD7A400F0000000044000292FFFF032442
:105BF0002014027C01004350440000A245000292A0
:105C0000FFFF03242014027C01004350450000A242
:105C1000BF7A400F000000001000A427D77D400F7E
:105C20003800A5271900401425200002C2D3400FD8
:105C3000000000000F0040103800A58F2379400FAE
:105C4000252040021FD4400F252000021B7D400F5D
:105C500000000000B6FF4054010013240068024019
:105C60000001423400688240C0000000B0FF001014
:105C7000010013241FD4400F252000021B7D400F7C
:105C800001001324AAFF0010000000001FD4400FE1
:105C9000000000001B7D400F00000000C2D3400F39
:105CA00025200002F1FF401025100000B7FF001072
:105CB0002C00BF8FD0FFBD271400B0AF258080001F
:105CC0002800B5AF2400B4AF2000B3AF1800B1AFC7
:105CD0002C00BFAF1C00B2AF3400A5AFB148410FDC
:105CE00025A8C0003800138E25A040000F006012C8
:105CF00025880000440011923400A58F2520000261
:105D00000ED4400FFFFF73262094117CFFFF022466
:105D1000380013AE19004216000000001000028E79
:105D20000E0040140000000001001124D548410F6E
:105D3000252080022C00BF8F251020022800B58F5F
:105D40002400B48F2000B38F1C00B28F1800B18FD5
:105D50001400B08F0800E0033000BD274979400FE0
:105D600010000426F1FF401001001124EFFFA012E3
:105D700001000224EDFF00100000A2AE7378400F76
:105D8000000000002B104202E7FF40100100312606
:105D9000208C117C440011A2E4FF001001001124AA
:105DA000E0FFBD271800B2AF1400B1AF1000B0AFD4
:105DB0001C00BFAF25808000B148410F2400A5AF73
:105DC000259040003800028E070040102588000012
:105DD0000C00118E2400A58F0ED4400F2520000248
:105DE0000C0011AE01001124D548410F25204002BE
:105DF0001C00BF8F251020021800B28F1400B18F35
:105E00001000B08F0800E0032000BD27E8FFBD2789
:105E10001000B0AF1400BFAFAD7A400F25808000F6
:105E20003800108EBF7A400F000000001400BF8FB2
:105E3000251000021000B08F0800E0031800BD27F5
:105E4000E0FFBD271800B1AF258880001C00BFAF60
:105E5000AD7A400F1400B0AF3800228E3C00308E77
:105E6000BF7A400F238002021C00BF8F2510000262
:105E70001800B18F1400B08F0800E0032000BD2788
:105E80003800828C0800E003000000008D31410BD7
:105E9000000000003800828C0800E0030100422C62
:105EA0003800838C3C00828C261043000800E003FD
:105EB0000100422C55736167653A206D6163696E1C
:105EC000666F200D0A00000C45783A206D61636909
:105ED0006E666F200D0A0000496E7465726661631C
:105EE000653A202573204472697665722053746187
:105EF000746973746963730D0A00000C0D0A2052F3
:105F00006563656976652053746174697374696348
:105F1000730D0A0009206E52784F6B5061636B65F8
:105F200074733A2025640D0A09206E527850656E0C
:105F300064427566666572733A2025640D0A09200D
:105F40006E52785363686564427566666572733A2B
:105F50002025640D0A00000C09206E5278457272EB
:105F60006F725061636B6574733A2025640D0A0982
:105F7000206E5278467261676D656E744572726FFD
:105F800072733A2025640D0A09206E5278427566B4
:105F9000664E6F74417661696C61626C653A20256A
:105FA000640D0A000D0A205472616E736D697420CD
:105FB000537461746973746963730D0A0000000C93
:105FC00009206E54784F6B5061636B6574733A208F
:105FD00025640D0A09206E547850656E644275661A
:105FE000666572733A2025640D0A09206E5478455F
:105FF00072726F725061636B6574733A2025640D21
:106000000A09206E5478517565756546756C6C3A51
:106010002025640D0A0D0A00096E6F7420737570D7
:10602000706F727465640D0A0000000C496E74652F
:1060300072666163653A20257320486172647761F6
:106040007265205265676973746572205374617458
:1060500075730D0A0000000C092025733A20307872
:1060600025780D0A00000000556E6B6E6F776E206C
:106070006865617020747970652E205573653A20CB
:106080005B312C2025645D0D0A0000004E6F2068F6
:1060900065617020696E666F20657869737473201E
:1060A000666F7220747970653A202573210D0A009D
:1060B0004865617020747970653A2025732E2049F7
:1060C0006E697469616C20637265617465642068CF
:1060D0006561702073697A653A202564204279747D
:1060E00065730D0A00000000416C6C6F6361626CA7
:1060F0006520626C6F636B20686561702073697ADC
:10610000653A2025642042797465730D0A00000009
:10611000416C6C20617661696C61626C65206865B8
:1061200061702073697A653A20256420427974652C
:10613000732C20686967682077617465726D61727D
:106140006B3A2025640D0A004C6173742068656108
:1061500070206572726F723A20307825780D0A00CF
:106160004E6F20547261636520696E666F2065789A
:10617000697374732E0D0A00537461636B2075701C
:10618000206661696C65640D0A00000053746163E8
:106190006B207570207375636365656465640D0AB3
:1061A0000000000055736167653A20737461636B8A
:1061B000203C75702F646F776E3E203C7072657363
:1061C000657276653E0D0A0045783A207374616306
:1061D0006B20646F776E2070726573657276650DE3
:1061E0000A00000075700000537461636B20616CDD
:1061F0007265616479207570210D0A005475726EA4
:1062000020537461636B20646F776E20616E64202D
:106210007468656E207570210D0A000052657374F4
:10622000617274696E672074686520737461636B52
:10623000207769746820256420696E7465726661D0
:1062400063652873290D0A00646F776E00000000F3
:10625000537461636B20646F776E3A2063616E6E76
:106260006F7420676574206120737461636B2068AC
:10627000616E646C650D0A00537461636B20646F1A
:10628000776E20646F6E650D0A00000055736167BC
:10629000653A206966203C696E7465726661636563
:1062A0003E203C646F776E2F75703E200D0A000013
:1062B00045783A206966205049433332494E54208C
:1062C000646F776E200D0A00556E6B6E6F776E20CF
:1062D000696E746572666163652073706563696673
:1062E000696564200D0A00005468697320696E7442
:1062F00065726661636520616C72656164792075A1
:10630000700D0A004F7065726174696F6E2066616E
:10631000696C65642E204E6F20636F6E66696775C9
:10632000726174696F6E0D0A0000000066756C6C16
:10633000000000005468697320696E7465726661BC
:10634000636520616C726561647920646F776E0D9E
:106350000A00000057726F6E6720706172616D6590
:1063600074657220737065636966696564200D0ADF
:10637000000000004F7065726174696F6E20737564
:10638000636365737366756C210D0A004F706572E7
:106390006174696F6E206661696C6564210D0A0025
:1063A00055736167653A207365746D6163203C695C
:1063B0006E746572666163653E203C783A783A781F
:1063C0003A783A783A783E200D0A000045783A202B
:1063D0007365746D6163205049433332494E5420D4
:1063E00061613A62623A63633A64643A65653A6647
:1063F00066200D0A00000000617267765B325D3A2C
:106400002025730D0A000000496E76616C696420D6
:106410004D414320616464726573732073747269C3
:106420006E67200D0A000000536574204D41432023
:1064300061646472657373206661696C65640D0ADA
:10644000000000005365742042494F53204E616D97
:1064500065204F4B0D0A00005365742042494F538D
:10646000204E616D65206661696C65640D0A0000EF
:1064700055736167653A2073657462696F73203C78
:10648000696E746572666163653E203C782E782E75
:10649000782E783E200D0A0045783A2073657462A4
:1064A000696F73205049433332494E54204D43485D
:1064B00050424F4152445F3239200D0A0000000023
:1064C00053657420676174657761792061646472D3
:1064D000657373204F4B0D0A000000005365742054
:1064E0006761746577617920616464726573732094
:1064F0006661696C65640D0A000000005573616790
:10650000653A207365746777203C696E74657266BE
:106510006163653E203C697076342F362061646487
:10652000726573733E203C76616C696454696D6575
:106530003E200D0A0000000045783A20736574671C
:1065400077205049433332494E54203139322E316D
:1065500036382E302E31200D0A000000496E76614B
:106560006C696420495020616464726573732073A0
:106570007472696E67200D0A000000005365742074
:1065800069702061646472657373204F4B0D0A005B
:10659000536574206970206164647265737320664A
:1065A00061696C65640D0A0055736167653A207313
:1065B00065746970203C696E746572666163653EDE
:1065C000203C697076342F36206164647265737381
:1065D0003E203C697076346D61736B2F697076363E
:1065E00020707265666978206C656E3E0D0A000049
:1065F00045783A20736574697020504943333249B5
:106600004E54203139322E3136382E302E38203249
:1066100035352E3235352E3235352E30200D0A00E7
:106620004E6F207375636820696E7465726661636E
:10663000652069732075700D0A000000416E2061AD
:10664000646472657373207365727669636520692B
:106650007320616C72656164792072756E6E696E0B
:10666000672E2053746F7020444843502C205A43A7
:106670004C4C2C206574632E2066697273740D0A6D
:1066800000000000496E76616C6964204950206DFD
:1066900061736B20737472696E67200D0A000000CD
:1066A00073756363657373006661696C656400008C
:1066B00055736167653A20736574646E733420693D
:1066C0006620616464203C312F323E0D0A000000D8
:1066D00045783A20736574646E733420657468304D
:1066E000203139322E3136382E312E310D0A00004C
:1066F000556E6B6E6F776E20696E7465726661633E
:1067000065207370656369666965640D0A00000041
:10671000496E76616C696420495076342061646406
:106720007265737320737472696E670D0A000000DE
:10673000556E6B6E6F776E20444E5320696E6465A4
:10674000780D0A0053657420444E5320256420615F
:106750006464726573732025730D0A006E6F742074
:10676000676976656E0000004E6F6E650000000080
:106770006661696C0000000055736167653A202509
:1067800073203C696E746572666163653E203C6F80
:106790006E2F6F66662F72656E65772F72657175E5
:1067A0006573742F696E666F3E200D0A000000004D
:1067B00045783A202573205049433332494E5420BE
:1067C0006F6E200D0A000000556E6B6E6F776E20A5
:1067D000696E746572666163650D0A006F6E000014
:1067E0006F66660072656E65770000007265717590
:1067F0006573740052657175657374206E656564A8
:106800007320616E20495020616464726573730D5A
:106810000A000000696E666F0000000044484350A3
:10682000207374617475733A2025642028202564D0
:10683000203D3D20426F756E64292C2074696D6582
:106840003A2025640D0A000044484350206C6561DD
:1068500073652073746172743A2025642C2064750A
:10686000726174696F6E3A202564730D0A0000002E
:10687000444843502072656E65772074696D653AAF
:106880002025642C20726562696E642074696D65D0
:106890003A2025640D0A0000444843502061646496
:1068A000726573733A2025730D0A00004448435003
:1068B000207365727665723A2025730D0A00000018
:1068C0004448435020626F6F74206E616D653A20BA
:1068D00025730D0A00000000444843502054696DA0
:1068E0006520736572766572733A2025642C2025C5
:1068F000730D0A0044484350204E54502073657273
:10690000766572733A2025642C2025730D0A0000E9
:10691000444843503A206661696C656420746F2076
:1069200067657420696E666F0D0A0000556E6B6EA8
:106930006F776E206F7074696F6E0D0A0000000033
:1069400025732025732025730D0A0000737563637A
:1069500065737366756C00006661696C656421001F
:10696000736574006765740044656661756C7420B6
:10697000696E746572666163652073657420257342
:106980000D0A000044656661756C7420696E74655B
:1069900072666163652069733A2025730D0A0000F1
:1069A00055736167653A206465666E65742073652A
:1069B000742F676574203C696E74657266616365E7
:1069C0003E0D0A0045783A206465666E6574207352
:1069D000657420657468300D0A0000006468637097
:1069E0000000000064656661756C74204950206188
:1069F0006464726573730000656E61626C65640047
:106A000064697361626C65640000000055500000A9
:106A1000444F574E00000000526561647900000049
:106A20004E6F742052656164790000005573616790
:106A3000653A206E6574696E666F0D0A000000008D
:106A400045783A206E6574696E666F0D0A00000025
:106A50002D2D2D2D2D2D2D2D2D2D20496E74657252
:106A600066616365203C25732F25733E202D2D2DF7
:106A70002D2D2D2D2D2D2D200D0A0000496E746514
:106A8000726661636520697320646F776E0D0A001A
:106A9000486F7374204E616D653A202573202D2058
:106AA0004E424E532064697361626C6564200D0A26
:106AB00000000000495076342041646472657373AD
:106AC0003A2025730D0A00004D61736B3A2025733F
:106AD0000D0A0000476174657761793A2025730DCE
:106AE0000A000000444E53313A2025730D0A00007D
:106AF000444E53323A2025730D0A00004D41432085
:106B0000416464726573733A2025730D0A000000B6
:106B10002573206973204F4E0D0A0000646863706E
:106B20002069732025730D0A000000004C696E6B0C
:106B30002069732025730D0A0000000053746174EE
:106B400075733A2025730D0A0000000055736167C4
:106B5000653A202573203C696E74657266616365D1
:106B60003E203C6F6E2F6F66663E200D0A000000CF
:106B7000556E6B6E6F776E207365727669636520F4
:106B800025730D0A000000003A20737461636B20C6
:106B9000636F6D6D616E64730000000074637069F3
:106BA000700000004661696C656420746F20637238
:106BB0006561746520544350495020436F6D6D6189
:106BC0006E64730D0A000000696E7465726E616C0C
:106BD00000000000706F6F6C000000006578746545
:106BE000726E616C000000006E6574696E666F0005
:106BF0003A20476574206E6574776F726B20696EFA
:106C0000666F726D6174696F6E0000006465666E18
:106C1000657400003A205365742F476574206465DD
:106C20006661756C7420696E746572666163650077
:106C30003A204448435020636C69656E7420636F4A
:106C40006D6D616E647300007A636C6C000000000F
:106C50003A205475726E205A434C4C206F6E2F6F41
:106C600066660000736574646E7334003A20536581
:106C70007420444E53204950763420616464726518
:106C80007373000073657469700000003A205365E7
:106C900074204950206164647265737320616E646E
:106CA000206D61736B0000007365746777000000EE
:106CB0003A20536574204761746577617920616477
:106CC000647265737300000073657462696F7300AA
:106CD0003A2053657420686F73742773204E65746F
:106CE00042494F53206E616D650000007365746DFD
:106CF000616300003A20536574204D414320616474
:106D00006472657373000000696600003A20427285
:106D1000696E6720616E20696E7465726661636575
:106D20002075702F646F776E0000000073746163CC
:106D30006B0000003A20537461636B207475726EAF
:106D4000206F6E2F6F66660068656170696E666F92
:106D5000000000003A20436865636B20686561703D
:106D600020737461747573006D6163696E666F0082
:106D70003A20436865636B204D414320737461740E
:106D80006973746963730000000005000A000F0056
:106D9000140019001E00230028002C0030003400CD
:106DA00038003C004000440048004C0050005400B3
:106DB00058005C006000640068006C0070007400A3
:106DC00078007C00810086008B00900095009A007E
:106DD0009F00A400A900AE00B300B800BD00C2002F
:106DE000C700CC00D100D600DB00E000E500EA00DF
:106DF000EF00F400F900FE00030108010D0112018B
:106E000017011C01210126012F013C0140015901FC
:106E10005F0172017D01A6011E022202630272025D
:106E20007D028F02AC02B602DA02E40232034003B2
:106E3000460381039403B703E80334044F046E044C
:106E40007904D9056C0684065C076A07730777071F
:106E5000D607EB0723082A08350845084B085608CB
:106E6000790885088B089A08AA086B0974098109B2
:106E70008A0991099B09050A1E0A2B0A3B0A4D0A39
:106E80006D0A8F0AFF0B230C300C3E0C430C480C90
:106E90008A0C920C9A0C00000001000A000001000C
:106EA0000D000001000E000001000F0000010108AC
:106EB00000000101090000010208000001020900B0
:106EC0000025250000010C00000110000001110048
:106ED000000118000001120000010E000001160060
:106EE0000001010000011300000115000001040071
:106EF0000001140000011A00000117000001000049
:106F000000010F000001190000010A000001030048
:106F100000011C0000019608000001960900000114
:106F200089300000019A200000018E0E0000018DC2
:106F300029000001960A0000018E400000018E41E8
:106F40000000018F460000018F600000019A2100BF
:106F500000019A1400000180160000019A10000040
:106F600001917000000199300000018033000001A0
:106F700080340000018F470000018F480000019914
:106F8000320000018B290000018D490000018D6A4B
:106F90000000018E0A00000180320000018A4800D2
:106FA00000018B280000018E0C00000180360000DB
:106FB000018A460000018A4400000180380000096F
:106FC000265806026828000006082C0E05027128C3
:106FD00004013C000001010001030099265E449D6C
:106FE0002605046001000002000E06029D005E04FA
:106FF0006B000602682800002689440503010C087E
:1070000044792CAB1C84010C310000261F01080BB5
:10701000445C1F0800010300772E020036170101AF
:107020000B773E291A3606070200CF0300047501CC
:1070300000C50200261A1706026F28CF0476010148
:1070400000773E0116873E01008A3C34D529B406FC
:1070500009017FAF017FD2048053B1792CA10120B7
:10706000170601B5B826010D0E060725B7B8017F32
:10707000040201000300010E0E05027228060267D9
:107080002833060272280200061CD3802E01817F5D
:107090000E060D250110DE0100DD792CAB24040461
:1070A000D60601D40401D6017FD2017FAF0101775A
:1070B0003E0117873E0000383800009A010C11018C
:1070C00000380E060525011104300101380E0605B1
:1070D00025012104250102380E0605250122041A86
:1070E0000103380E0605250112040F0104380E06AF
:1070F000052501120404010044250000822E010E22
:107100000E06040100040201050000400604010609
:10711000040201000000882E260608010109011161
:107120000704032501050001410300250100430672
:107130000302000842060302000826060601010BAE
:1071400001060800008B3F260603010908000140E4
:1071500026061E0100030026060E26010117020066
:10716000080300010111046F25020001010B010653
:107170000800007F2D44110101173500009FCE2625
:107180000107170100380E06092501101706019F97
:1071900004350101380E062C25250100773EB38801
:1071A0002E01010E0101A8370617291A360604CE52
:1071B000250478018064C50101773E0117873E04EC
:1071C000019F040372282504FF34012603000926C9
:1071D0005806026828020000009A010F1700007686
:1071E0002E0100380E0610252601010D060325018B
:1071F00002763E010004210101380E06142501002B
:10720000763E260180640E060501820008285A0495
:107210000725018200082825000001002F06053AF5
:10722000AC37047826060401018F3E0001BFAABFD7
:10723000AAC18444260300B69B9B02004D26580633
:107240000A0103A8060272282504035C8A3C000098
:107250002F060B862E01140D060272280411CE0192
:1072600007172601020D060606027228047025C2C1
:1072700001010D333706026128260101C836B2002C
:1072800001B8010B0E050272282601030E0608C084
:10729000060268284425004457C0AA260623C0AA2F
:1072A0002656260618260182000F060501820004D4
:1072B00001260300840200B602005304659B5404B7
:1072C0005A9B9B552606023500252B0000792CA1E0
:1072D000017FB02658060235282605027228381785
:1072E0000D060274283B00009CB801140D060272C2
:1072F0002884010C08010CB69B8426010C08010CA3
:1073000030050264280000B90602722806026628C9
:10731000000AB801020E05027228BF0300020095A0
:107320002C0A0200942C0F37060273280200932CBB
:107330000D06026B280200963C8C0120B60100036A
:1073400001C10302020201200F060270288402021A
:10735000B602028E2E0E020201000F17060B8D845C
:107360000202300604017F03018D84020231020211
:107370008E3E020092020198BF26C3580602622880
:1073800026CD02000186030A17060262287902014F
:1073900098C10602632826068147BFAAA60303A454
:1073A0000304A20305A50306A70307A303082703F5
:1073B0000926068118BF0100380E060F25020305B5
:1073C000026C2801000303BE04807F0101380E0611
:1073D0000F25020505026C2801000305BC04806A24
:1073E0000183FE01380E060F25020405026C2801F8
:1073F000000304BD048053010D380E060E2502065D
:1074000005026C2801000306BA043F010A380E0683
:107410000E25020705026C2801000307BA042B01A0
:107420000B380E060E25020805026C280100030821
:10743000BA04170110380E060E25020905026C2841
:1074400001000309AE04036C282504FE640204064F
:107450000D020401050F060269280101883E9B0404
:107460000CA401050F060269280101883E9B020158
:107470000004B8010C0E05027228C101030E0502BA
:107480006D28BF267C3E2601201006026D28404450
:107490001101011705026D28C1260181050F0602A1
:1074A0006D28267E3E7D44B6922C01860310030093
:1074B000792CCB03010102030202000621C126261A
:1074C00001020A4401060F3706026D280302C102B9
:1074D0000101010B0103080E05026D2804080201D9
:1074E000060401000302BF260303260184000F06E1
:1074F000026E288444B602020201020350260601ED
:1075000028259B00020300030102009702010200EC
:10751000392601000E06026000D004740201000347
:1075200000C1AA26068043C10101380E06062501C6
:10753000817F042E018040380E0607250183FE005E
:107540000420018041380E060725018480000412C2
:10755000018042380E0607250188800004040100DE
:107560004425020037030004FF399B792CC9050923
:1075700002000183FF7F170300922C01860310068F
:107580003ABB26813D41252601080B37018C80003E
:1075900037170200170200018C8000170619260118
:1075A000817F1706050184800037260183FE0017BE
:1075B00006050188800037030004090200018C8859
:1075C0000117030016BFAA260623BFAA2615260602
:1075D00018260182000F060501820004012603011E
:1075E000840201B602011204659B13045A9B149B8A
:1075F00002002A0000B9265A06072506026628045A
:10760000740000C20103C04425440000BFC600034B
:1076100001000300BFAA26068050C10301C1030276
:10762000020101080E06160202010F0C060D0101EF
:1076300002020110080B0200370300042A020101B4
:107640000210020101060C17020201010E020201E2
:10765000030E371706110200010102025D01020B41
:107660000201080B37030004FF2C9B02000000BF3F
:1076700001010E05026528C1010808822E0E0502CF
:1076800065280000BF882E051501010E0502692836
:10769000C101000E050269280102883E041C01197F
:1076A0000E05026928C101180E0502692884011817
:1076B000B68984011830050269280000BF06026AF5
:1076C000280000010297C201080BC2080000010354
:1076D00097C201080BC20801080BC2080000010193
:1076E00097C200003A265805010025D0047602030F
:1076F00000912E030101002602010A061026010155
:107700000B90082C02000E0601005C046A25017F24
:1077100000000115873E4452255225290000010131
:1077200044C4000044389744260605C2255D047809
:10773000250000260181AC000E060425017F009A79
:107740005900020300792C9A03010201010F17026C
:1077500001010411010F170201010811010F1701A6
:1077600000380E0610250100011802000603490426
:10777000014A04810D0101380E0610250101011096
:10778000020006034904014A0480770102380E060C
:10779000102501010120020006034904014A04806A
:1077A000610103380E060F2525011002000603476C
:1077B00004014804804C0104380E060E25250120E2
:1077C000020006034704014804380105380E060C80
:1077D0002525020006034B04014C04262601090F4F
:1077E0000602682844252601011701040B01100830
:1077F000440108170110440902000603450401462C
:10780000002500009A010C1101020F00009A010CE2
:1078100011265B4401030A1700009A010C110101B3
:107820000E00009A010C115A00009A018170170194
:10783000200D00001B0100752E2606220101380EC6
:1078400006062501009E04140102380E060D257758
:107850002E01010E06030110370401250401257BCA
:107860002E05332F0630862E0114380E060625010C
:10787000023704220115380E060925AD0603017FE3
:107880009E04130116380E0606250101370407254C
:107890000104370100251A060301083700001B26E2
:1078A00005132F0610862E01150E060825AD0100C2
:1078B000773E0401200000CE01071701010F0602E8
:1078C000722800010300291A06050200873E00CE37
:1078D000250474000114D10101DE29260100C8012C
:1078E00016D1D7290000010BDE4E2626010308DD44
:1078F000DD18265806022500DD1D2606058444D81D
:10790000047725046C0021010FDE26922C018603EA
:1079100010060C010408DD802EDE782EDE04025EE7
:10792000DD26DC8444D80002A4A608A208A508A786
:1079300008A308270803000101DE01278E2E089105
:107940002E01010B08020006045E020008832C3899
:1079500009265B062402000504445E445F01040915
:10796000265806032501002601040802000803002A
:1079700044010408380844040325017F0301DD9411
:107980002CDC7A0104197A010408011C327A0120E6
:10799000D88D8E2EDA912E2601010BDC904426061E
:1079A0000F5D382C26C705026228DC445E44046E55
:1079B000600101DE0100DE020006815A0200DCA443
:1079C000060E0183FE01DC89A401040926DC5DDAD0
:1079D000A606160100DC8BA601040926DC010209BB
:1079E00026DC0100DE010309D9A2060C0101DC013D
:1079F00001DC822E010809DEA50619010DDCA501B6
:107A0000040926DC010209DC4206030103DB43060C
:107A1000030101DBA7260636010ADC01040926DC86
:107A20005FDC4001002601828080800017060A0189
:107A3000FDFFFFFF7F17011DDC2601200A060CA0B9
:107A400011010117060226DC5C046E60040125A307
:107A5000060A010BDC0102DC018200DC2726061F7E
:107A60000110DC01040926DC5FDC852C0100A00F7D
:107A7000060A261E26DE8444D85C047260040125B2
:107A800002015805110115DC020126DC2606065DFF
:107A90000100DE04772500000110DE792C26CC06DB
:107AA0000CAB23265EDD26DC8444D8040D26CA44B4
:107AB000AB22265CDD26DE8444D800009C0114DE67
:107AC000010CDD84010CD80000512601000E0602D5
:107AD0006000CE2504730026DCD8000026DED80026
:107AE00001030041252601101706060104DE0200ED
:107AF000DE2601081706060103DE0200DE2601204D
:107B00001706060105DE0200DE2601804017060684
:107B10000106DE0200DE01041706060102DE020095
:107B2000DE00002601084FDEDE00002601104FDED9
:107B3000DC0000265206022500CE25047600000057
:107B400000000A0024002F012400350224003C011B
:107B500044003D0244009C0304009D0405C0034012
:107B600024C0044124C0054224C0082024C00921A7
:107B700024C00A2224C00D3024C00E3124C00F328C
:107B800024C0121024C0131124C0141224C02321B5
:107B900044C0242255C0254144C0264255C0271167
:107BA00044C0281255C0293144C02A3255C02B2365
:107BB00004C02C2405C02D4304C02E4405C02F133F
:107BC00004C0301405C0313304C0323405C09C06F3
:107BD00004C09D0704C0A00804C0A10904C0AC26CD
:107BE00004C0AD2704C0AE2804C0AF2904CCA8153A
:107BF00004CCA92504000000A08A059DA88A059D43
:107C0000B48A059DC08A059DCC8A059D78FFBD2755
:107C10007000B1AF9800B18F8000B5AF7C00B4AFF9
:107C20007800B3AF7400B2AF6C00B0AF8400BFAFE8
:107C30002598800025A0A00025A8C0002590E00080
:107C4000100010240C0006245000A527A9F6400FB0
:107C5000252000022F0040105000A38FCDAB023C26
:107C6000341242242B0062145400A6972000C22C28
:107C70002A0040105600A2972000422C27004010F6
:107C80003000A527A9F6400F0C0004265400A49745
:107C90001000A2275600A697211044000C0084244F
:107CA0001000A52721209000A9F6400F200040A039
:107CB0005600A2971000A327252860022110620019
:107CC0003000A427E165410F000040A013004014DC
:107CD00025288002E165410F1000A4270F00401401
:107CE0005A00A2930D0055145000A28F5800B38F74
:107CF0005C00A2AF5400A28F6400B3AFFFFF7332E9
:107D00006000A2AF000022962B10530011004050DB
:107D10006000A49719000010251000005600A397DA
:107D20005400A297211043005800A3970C0042244E
:107D300021104300218002020100023CF4FF423482
:107D40002B100202BFFF4014251000000C00001091
:107D50008400BF8F6200A297253060022528400270
:107D6000212082000C008424A9F6400F21209000DD
:107D70000200405025100000000033A68400BF8F91
:107D80008000B58F7C00B48F7800B38F7400B28F01
:107D90007000B18F6C00B08F0800E0038800BD2731
:107DA00080FFBD277000B4AF9000B4977400B5AFEA
:107DB0006C00B3AF6800B2AF6400B1AF6000B0AFA9
:107DC0007C00BFAF7800B6AF259080002588A0006A
:107DD00025A8C0002598E000100010240C000624FF
:107DE0005000A527A9F6400F2520000214004010DE
:107DF0005000A38FCDAB023C341242241000621419
:107E00005400A6972000C22C330040145600A297BD
:107E10005600A3975400A297211043005800A3973F
:107E20000C00422421104300218002020100023C88
:107E3000F4FF42342B100202E9FF40140C00062428
:107E4000CDAB023C3412422425204002CA65410FCA
:107E50001000A2AFFFFF563025202002CA65410F57
:107E60001400B6A71800B4A70C009426FFFF4230F8
:107E700021B0D4021600A2A721105600FFFF423005
:107E80000200033C21105000010063242B1043002A
:107E90001A00B5A32F0040141B00A0A3069D053CAB
:107EA000989DA524EF29410F2520000025100000F2
:107EB0007C00BF8F7800B68F7400B58F7000B48FD0
:107EC0006C00B38F6800B28F6400B18F6000B08F18
:107ED0000800E0038000BD272000422CCCFF4010AA
:107EE0003000A527A9F6400F0C0004265400A497E3
:107EF0001000A2275600A697211044000C008424ED
:107F00001000A52721209000A9F6400F200040A0D6
:107F10005600A2971000A3272528400221106200D6
:107F20003000A427E165410F000040A0B8FF4014D5
:107F300025282002E165410F1000A427B4FF40145A
:107F40005A00A293B2FF5514CDAB023CBEFF001005
:107F5000341242240C0006241000A52733F6400FEB
:107F600025200002D1FF40101400A69725284002CA
:107F700033F6400F0C000426CCFF40101600A697E5
:107F80001400A497252820020C00842433F6400F07
:107F900021209000C5FF40101600A2971400A4975E
:107FA0001800A69725286002212082000C00842456
:107FB00033F6400F21209000BEFF00107C00BF8FE1
:107FC000D8FFBD27010002241800A2A71800A2278D
:107FD0001000A2AF2538C0002400BFAF03DF400F60
:107FE000010006242400BF8F0800E0032800BD27FD
:107FF000E0FFBD27010002242800A6A31000A2AFC5
:108000002800A7271C00BFAF68DF400F010006242F
:108010001C00BF8F0800E0032000BD27D0FFBD2754
:108020002800B4AF2400B3AF2000B2AF1C00B1AF42
:108030002C00BFAF1800B0AF2588C0000000C7A05B
:108040001000A6272598800025A0A0004000B28F30
:10805000F0DF400F1000A7A3120040141000A693F9
:1080600025288002FCDF400F25206002258040008B
:10807000040040122C00BF8F09F840020000249237
:108080002C00BF8F251000022800B48F2400B38F6E
:108090002000B28F1C00B18F1800B08F0800E003E1
:1080A0003000BD27258040001000A293F0FF001093
:1080B000000022A2D8FFBD27010002241800A2A7B9
:1080C0001800A2271000A2AF2538C0002400BFAFBF
:1080D00003DF400F020006242400BF8F0800E003E6
:1080E0002800BD27E0FFBD27010002242800A6A329
:1080F0001000A2AF2800A7271C00BFAF68DF400F09
:10810000020006241C00BF8F0800E0032000BD27EA
:10811000D0FFBD272800B4AF2400B3AF2000B2AF1A
:108120001C00B1AF2C00BFAF1800B0AF2588C00055
:108130000000C7A01000A6272598800025A0A00059
:108140004000B28F2DE0400F1000A7A31200401492
:108150001000A6932528800239E0400F25206002F8
:1081600025804000040040122C00BF8F09F8400217
:10817000000024922C00BF8F251000022800B48F2D
:108180002400B38F2000B28F1C00B18F1800B08F75
:108190000800E0033000BD27258040001000A293B6
:1081A000F0FF0010000022A2D8FFBD27010002242A
:1081B0001800A2A71800A2271000A2AF2538C000FF
:1081C0002400BFAF03DF400F030006242400BF8F4D
:1081D0000800E0032800BD27E0FFBD2701000224BE
:1081E0002800A6A31000A2AF2800A7271C00BFAF3D
:1081F00068DF400F030006241C00BF8F0800E00367
:108200002000BD27D0FFBD272800B4AF2400B3AFA6
:108210002000B2AF1C00B1AF2C00BFAF1800B0AF50
:108220002588C0000000C7A01000A6272598800060
:1082300025A0A0004000B28F6AE0400F1000A7A365
:10824000120040141000A6832528800276E0400F1B
:108250002520600225804000040040122C00BF8FC2
:1082600009F84002000024822C00BF8F2510000274
:108270002800B48F2400B38F2000B28F1C00B18F70
:108280001800B08F0800E0033000BD2725804000B3
:108290001000A293F0FF0010000022A2D8FFBD271B
:1082A000020002241800A2A71800A2271000A2AF03
:1082B0002538C0002400BFAF03DF400F04000624B0
:1082C0002400BF8F0800E0032800BD27E0FFBD2782
:1082D000020002242800A6A71000A2AF2800A727AA
:1082E0001C00BFAF68DF400F040006241C00BF8FD6
:1082F0000800E0032000BD27D0FFBD272800B4AF51
:108300002400B3AF2000B2AF1C00B1AF2C00BFAF50
:108310001800B0AF2588C0000000C7A41000A62731
:108320002598800025A0A0004000B28FA7E0400F54
:108330001000A7A7120040141000A697252880025D
:10834000B3E0400F25206002258040000400401269
:108350002C00BF8F09F84002000024962C00BF8F2C
:10836000251000022800B48F2400B38F2000B28FA4
:108370001C00B18F1800B08F0800E0033000BD274B
:10838000258040001000A297F0FF0010000022A6F8
:10839000D8FFBD27020002241800A2A71800A227B8
:1083A0001000A2AF2538C0002400BFAF03DF400F8C
:1083B000050006242400BF8F0800E0032800BD2725
:1083C000E0FFBD27020002242800A6A71000A2AFEC
:1083D0002800A7271C00BFAF68DF400F0500062458
:1083E0001C00BF8F0800E0032000BD27D0FFBD2781
:1083F0002800B4AF2400B3AF2000B2AF1C00B1AF6F
:108400002C00BFAF1800B0AF2588C0000000C7A483
:108410001000A6272598800025A0A0004000B28F5C
:10842000E4E0400F1000A7A7120040141000A68738
:1084300025288002F0E0400F2520600225804000C2
:10844000040040122C00BF8F09F84002000024866F
:108450002C00BF8F251000022800B48F2400B38F9A
:108460002000B28F1C00B18F1800B08F0800E0030D
:108470003000BD27258040001000A297F0FF0010BB
:10848000000022A6D8FFBD27040002241800A2A7DE
:108490001800A2271000A2AF2538C0002400BFAFEB
:1084A00003DF400F060006242400BF8F0800E0030E
:1084B0002800BD27E0FFBD27040002242800A6AF46
:1084C0001000A2AF2800A7271C00BFAF68DF400F35
:1084D000060006241C00BF8F0800E0032000BD2713
:1084E000D0FFBD272800B4AF2400B3AF2000B2AF47
:1084F0001C00B1AF2C00BFAF1800B0AF2588C00082
:108500000000C7AC1000A6272598800025A0A00079
:108510004000B28F21E1400F1000A7AF12004014BD
:108520001000A68F252880022DE1400F2520600233
:1085300025804000040040122C00BF8F09F8400243
:108540000000248E2C00BF8F251000022800B48F5D
:108550002400B38F2000B28F1C00B18F1800B08FA1
:108560000800E0033000BD2725804000F1FF001027
:10857000000026AED8FFBD27040002241800A2A7E1
:108580001800A2271000A2AF2538C0002400BFAFFA
:1085900003DF400F070006242400BF8F0800E0031C
:1085A0002800BD27E0FFBD27040002242800A6AF55
:1085B0001000A2AF2800A7271C00BFAF68DF400F44
:1085C000070006241C00BF8F0800E0032000BD2721
:1085D000D0FFBD272800B4AF2400B3AF2000B2AF56
:1085E0001C00B1AF2C00BFAF1800B0AF2588C00091
:1085F0000000C7AC1000A6272598800025A0A00089
:108600004000B28F5DE1400F1000A7AF1200401490
:108610001000A68F2528800269E1400F2520600206
:1086200025804000040040122C00BF8F09F8400252
:108630000000248E2C00BF8F251000022800B48F6C
:108640002400B38F2000B28F1C00B18F1800B08FB0
:108650000800E0033000BD2725804000F1FF001036
:10866000000026AED8FFBD27000202241800A2A7F2
:108670001800A2272000B0AF2538C0002580C00018
:108680001000A2AF2400BFAF03DF400F0800062494
:10869000030040101800A39721800302000000A2ED
:1086A0002400BF8F2000B08F0800E0032800BD2702
:1086B000D8FFBD272000B1AF258880002520C0004D
:1086C0001C00B0AF2C00A5AF2400BFAFCA65410F9E
:1086D0002580C000FFFF4230251840000102422CD7
:1086E000020040142C00A58F00020324FFFF63301A
:1086F0001000A3AF253800022520200268DF400FBC
:10870000080006242400BF8F2000B18F1C00B08F0A
:108710000800E0032800BD27D0FDBD272802B4AF24
:108720002402B3AF1C02B1AF259880002588C00099
:1087300025A0A0001000A4272528E0002C02BFAF30
:108740002002B2AF1802B0AF8A66410F4002B28F6A
:108750001000A5278A66410F252020021000A627B9
:108760002528800299E1400F252060021200401464
:108770001000A62725288002ACE1400F25206002CA
:1087800025804000040040122C02BF8F09F84002EF
:10879000252020022C02BF8F251000022802B48F52
:1087A0002402B38F2002B28F1C02B18F1802B08F47
:1087B0000800E0033002BD271000A5272520200275
:1087C0008A66410F25804000EEFF00100000000087
:1087D000D0FDBD272802B4AF2402B3AF1C02B1AF55
:1087E000259880002588C00025A0A0001000A4279F
:1087F0002528E0002C02BFAF2002B2AF1802B0AFB4
:108800008A66410F4402B28F1000A5278A66410F85
:10881000252020021000A6272528800299E1400F7C
:1088200025206002120040141000A627252880028F
:10883000ACE1400F2520600225804000030040127B
:108840004002A49709F84002252820022C02BF8F7D
:10885000251000022802B48F2402B38F2002B28FA9
:108860001C02B18F1802B08F0800E0033002BD2750
:108870001000A527252020028A66410F2580400090
:10888000EEFF0010000000000000E28CD8FFBD27C2
:108890002000B0AF1800A2A71800A2272580E00092
:1088A0001000A2AF2538C0002400BFAF03DF400F87
:1088B00009000624020040101800A397000003AE30
:1088C0002400BF8F2000B08F0800E0032800BD27E0
:1088D0000100033C2B18E3000C00601000000000B6
:1088E0002510E000E0FFBD27FFFF42302538C00023
:1088F0001000A2AF1C00BFAF68DF400F09000624C4
:108900001C00BF8F0800E0032000BD270800E00323
:1089100025100000C8FFBD271C00B1AF1000A7AF95
:108920002588E0001000A7273000B6AF2C00B5AFB7
:108930002800B4AF2400B3AF2000B2AF1800B0AF2E
:108940003400BFAF25A8800025B0A0002598C00046
:108950004C00B08F22E2400F5000B48F0E00401444
:10896000259040002B8830020B0020164800A58F70
:1089700025300002D665410F25206002253800020F
:10898000253060022528C0022520A00234E2400FD5
:108990001000B0AF25904000040080123400BF8F5B
:1089A00009F88002252060023400BF8F25104002A4
:1089B0003000B68F2C00B58F2800B48F2400B38F01
:1089C0002000B28F1C00B18F1800B08F0800E003A8
:1089D0003800BD27B0FDBD273402B3AF2C02B1AFC4
:1089E0004C02BFAF4802BEAF4402B7AF4002B6AFC1
:1089F0003C02B5AF3802B4AF3002B2AF2802B0AF1C
:108A0000258880002510A0005802A6AF5C02A7AF01
:108A100025980000300003244A0043102E00032450
:108A20006B004314259000003C00228E4C00238EE6
:108A30002B18430050006010010043243C0023AE7B
:108A4000000042902580000025A000003000032493
:108A50004D004310010012241000A0AF25B8000003
:108A600025F000002530000025B0000025A80000FA
:108A7000D0FF44240A00852C5800A0542E00052461
:108A80002E00042457004410000000000A80D20386
:108A90000AA0D2000B0360122000433465000424B6
:108AA000250364146402A58F25202002DA3E410FBD
:108AB0001002A6AF0E0040141002A68F0080043CE6
:108AC0000C006454211002026402A38F0A03601098
:108AD000252800004C00248E050080102518000079
:108AE0003C00238EFFFF63243C0023AE251840008A
:108AF000211002022B20500021A08302258040007B
:108B000021A094006002A48F1000B18F4360410F38
:108B10001002A6AF25904000259860006400201642
:108B20001002A68F253000002538000025204000C7
:108B3000252860003D36410F00000000F3020010C0
:108B40004C02BF8F3C00228E4C00238E2B1843001A
:108B500005006010010043243C0023AE0000429059
:108B6000ACFF001001001324735B410F252020028D
:108B7000A8FF001001001324735B410F2520200281
:108B8000B1FF0010258000003C00228E4C00238E97
:108B90002B1843000A006010010043243C0023AE60
:108BA00000004290FFFF04262B189000FFFF942640
:108BB0002580800021A07400A4FF00100100132470
:108BC000735B410F25202002F7FF0010FFFF0426F2
:108BD00025800000A0FF001025A000000D00451416
:108BE0000100C52730004016010012242580C00373
:108BF00025A0C0003C00228E4C00248E2B20440077
:108C000024008010010044243C0024AE98FF001092
:108C1000000042902B38BE0025F0A0007D00C52A40
:108C20001500A0102130E600300042380BB8C20316
:108C30000700A012801016001000A3272128620050
:108C40000000A58C0A0007240218E57021206400AA
:108C50001000A32721106200000044AC0100B526DB
:108C600009000224E3FFA216010013240100D62606
:108C7000E0FF001025A8000030000424DDFF4410B0
:108C80000002A28F5C04172401004234D9FF0010B7
:108C90000002A2AF25202002735B410F1002A6AF95
:108CA00073FF00101002A68F7AFF00102E0002241E
:108CB0001600D0175C02A28F1500D4145C02A38F9B
:108CC0001400801EC2170200030080160A00022E44
:108CD0000F0040105C02A28F5802A28F1F00422892
:108CE00005004010000000005802A28F061051003D
:108CF000060040545C02A28F8964410F25202002A7
:108D00002530400289FF0010253860025C02A38FE5
:108D1000C21702002110430043100200231002007A
:108D2000C31F02002A20740006008054069D103CD8
:108D30000F0083162B1050000E0040505C02A28FD3
:108D4000069D103CB088068EB488078E01A0023CB8
:108D5000220003244CB043AC252040023D36410F95
:108D600025286002B088068E70FF0010B488078E38
:108D70005C02A28F96FF4224C31F02002A208302B6
:108D800006008054069D103C0F0074142B10020244
:108D90000D00401000000000069D103CB888068EB3
:108DA000BC88078E01A0023C220003244CB043ACD7
:108DB000252040023D36410F25286002B888068EE6
:108DC0005AFF0010BC88078E0800A0128010160001
:108DD0001000A327211062000A0004240900A32A1E
:108DE000270060540000438C0100D6260900E22AC7
:108DF0004700401025A000022AB817024400E016E0
:108E00001200022A4200401009000224BAFF021296
:108E10001000B18F0900022A1D004050F7FF022602
:108E20008964410F2520200225286000253040025A
:108E3000253860023D36410F252040002590400036
:108E40000800022423805000069D023C6C984224B6
:108E500080801000218002020000048E4360410FD8
:108E6000259860002530400025386000252040020C
:108E70009B23410F25286002240200104C02BF8F63
:108E80000100B52602186470D4FF0010000043AC46
:108E900080180200231043005802A38F21104300C2
:108EA0001F00432805006050F6FF102606105100F1
:108EB00018004054FFFFC326F6FF1026069D023C13
:108EC0006C98422480801000218002024360410F90
:108ED0000000048E2520200225A040008964410F57
:108EE00025A860002520400025304002253860027A
:108EF0003D36410F252860002530400025386000B0
:108F0000252080020BFF00102528A00225B060005C
:108F1000FFFFC326801003001000A4272110820049
:108F20000000428CF9FF4010090009241A000902D0
:108F3000F4012001104800001C00201189000C3CA5
:108F40000100020609002925080002242310490017
:108F5000069D033C6C98632480100200211043009E
:108F60000000468C9A3B073C1000A52725180000FE
:108F7000255000002520000000CAE7345200965416
:108F80000000A28C05006010801016001000A427BD
:108F900021108200000043AC0100D62623A08902E4
:108FA000090094262548400189000C3C9A3B103C5E
:108FB0009A3B0D3C25B8000012000E245F708C25F2
:108FC00000CA10362588000001CAAD351200822A79
:108FD00050004014FFFFD52607008E1680100900B0
:108FE0001000A327211062000000428C2B104C00BF
:108FF000490040147F00B5328900043C2F0F053C26
:109000009A3B063C12000A245F708424000AA524BF
:109010000100072409000B2400CAC63412003611CF
:109020001000A32780100900211062000000428C6C
:109030002B1844000C006014000000000C004414C5
:10904000010022257F0042300700C212801002007A
:109050001000A327211062000000428C2B10450055
:10906000040040101C00832A93008A1200000000B4
:109070001C00832A251060010B10E30004C0470088
:109080002518400007C84600FFFF182725102001BB
:10909000256000006D0056548070020008008011A9
:1090A0000100C2267F0042307A004910804016003D
:1090B0001000AD272140A80100000CAD25B04000F4
:1090C000D6FF001021B8E30201008B241B004600EC
:1090D000F401C000121000002110430005008A14A2
:1090E0001060000003004014000000007F006A319F
:1090F000F7FF94261A00E600F401C0000000A2ACBD
:10910000252060010400A524121000009BFF001020
:1091100002184C707F00B5322550000080581500B1
:109120001000A22721104B0000005E8CC2101E0010
:1091300040F71E002178CA032BF0FE0121F0C20384
:109140000300C0172B10ED01240040142510E0018E
:109150002520E00125300002253820022528C00303
:109160002002ABAF1802A9AF4D2E410F1402AFAFD2
:109170001402AF8F25300002253820022520E0019F
:109180002528C0033C2F410F1002A2AF8900033CE9
:109190001002AA8F1802A98F2002AB8F5F706C3467
:1091A0009A3B033C12000E2401CA6D341000A32721
:1091B00021586B00FFFFC3267F0063300900751440
:1091C000000062AD0900A952251820010AB0A202D0
:1091D000FFFFB526D1FF00107F00B532F3FF00106E
:1091E00025500000FBFFA956FFFFB52677FF405131
:1091F000E3FFF726FFFF29257F0029310C00C91660
:10920000FFFF62247F0042301000A427801002007C
:109210008028030021108200212885000000A58CF1
:109220000000448C25B0600025208500000044AC7F
:10923000801009001000A327211062000900942665
:1092400000004AAC61FF0010E3FFF7261000A827DA
:1092500021680E010000AD8D06786D002160EC01E3
:109260000500491401004F24040080551000A22776
:109270007F00E931F7FF94261000A22721704E00ED
:109280000000CCAD24600D030260997181FF0010D5
:109290007F00E231FFFFC2267F00423080100200D3
:1092A0001000A8272110020100004C8C01008C3511
:1092B00083FF001000004CAC070036150100342578
:1092C0007F009632FFFFC226801002001000A32705
:1092D00021106200000040AC801009001000A3279C
:1092E000211062000000448C1002A9AF8964410F74
:1092F0007F009432252040002528600025300000A2
:109300004D2A410F25380000252040002528600007
:109310000800D4161002A98F0100C8267F0016315C
:10932000FFFFC326801803001000A2272118430066
:10933000000060AC069D023CC088468CC488478C07
:109340001002A9AF3D36410F80A0140025804000D7
:109350001000A22721A054000000848E8964410FD0
:109360002588600025204000253000022538200295
:109370004D2A410F25286000253040002538600027
:10938000252040023D36410F2528600225A86000B7
:109390005C02A38F25A040003500E2262310430085
:1093A0005802A38F1402A2AF2A104300B30040104A
:1093B0001002A98F1402A28FB300420401000224FC
:1093C00025F04000010002241002A2AF3500C22B9C
:1093D0001802A0AF1C02A0AF258000002A00401098
:1093E00025880000069D023CC888508CCC88518C92
:1093F0006900062425200002252820022330DE00F3
:109400006857410F2002A9AF252040002538A0024F
:10941000253080022E66410F252860003500062485
:1094200025200002252820022330DE001802A2AFEA
:109430006857410F1C02A3AF253040002520800251
:109440002528A002313E410F25386000253040001C
:10945000252080022528A0022538600025804000B4
:109460004B2A410F258860001802A48F1C02A58F8B
:10947000253040004D2A410F253860002002A98F79
:1094800025A0400025A86000020022257F00423070
:10949000340056101000A327801002002110620033
:1094A0000000438CCD1D023C006542242B2062004D
:1094B00078008010000000000400601403002925DB
:1094C0007F0029310F00361135000224069D023C31
:1094D000D088468CD488478C252040023D36410FE9
:1094E0002528600225304000252000022528200282
:1094F0004D2A410F253860002580400025886000F6
:109500003500022423105E0002004228150040149A
:10951000069D023CC888528CCC88538C25200002C2
:109520002530400225386002313E410F25282002B7
:109530002520400025300000253800000C54410F44
:10954000252860000700401425200002252820025D
:10955000253040024D2A410F253860022580400009
:10956000258860005C02A28F5802A38F253000027C
:109570002310020025382002252080022528A00281
:109580004D2A410F23B043001802A68F1C02A78F5B
:10959000252040004B2A410F2528600025904000DF
:1095A0003500E2262598600000F0427CFFFFC326CC
:1095B0002A1043002C0040142530E00225204002F0
:1095C000D567410F25286002069D043CE888868CFB
:1095D000EC88878C252860000C54410F2520400022
:1095E0000F0040041002A28F040040101402A28F4A
:1095F00026F05E002B101E001002A2AF069D023C5A
:10960000E088468CE488478C252040023D36410F97
:109610002528600225904000259860000100F7266B
:109620003400E2260300D6262AB056000B00C012F2
:1096300001A0023C1002A28F0A0040102530000059
:1096400025380000252000020C54410F2528200257
:10965000050040102530E00201A0023C2200032456
:109660004CB043AC2530E00225204002DC67410FBE
:1096700025286002250000104C02BF8F5802BE8FC3
:1096800052FF00101002A0AF1002A2AF55FF001051
:1096900025F000000500621003002925069D023C0C
:1096A000D888468C8CFF0010DC88478C7F002931DD
:1096B000FAFF3615069D023CE088468C86FF0010B6
:1096C000E488478C0900400401A0023C4C00228E33
:1096D00004004010000000003C00228EFFFF4224E6
:1096E0003C0022AE07FD601601A0023C16000324D8
:1096F0004CB043AC252800002366410F25202002F2
:1097000025100000251800004C02BF8F4802BE8FB4
:109710004402B78F4002B68F3C02B58F3802B48F37
:109720003402B38F3002B28F2C02B18F2802B08F77
:109730000800E0035002BD27E4FF41046002A48F4B
:10974000F2FC00101000B18F0D0A0D0A0000000C91
:109750000A0A0000436F6E74656E742D4C656E6767
:1097600074683A00687474705F636C69656E743A0B
:1097700020436F6E74656E742D4C656E6774683A25
:109780002025642C20626F64795F6C656E67746855
:109790003A2025642C2072656365697665643A20F9
:1097A00025640D0A0000000C5472616E73666572C8
:1097B0002D456E636F64696E673A206368756E6BE2
:1097C00065640000300D0A0D0A00000062656172D8
:1097D00073736C5F73656E643A2073656E64202DDD
:1097E00020636F6E6E656374696F6E20636C6F7358
:1097F00065640D0A000000006265617273736C5F3E
:1098000073656E643A2073656E64202D206661690D
:109810006C656420746F207772697465206461746C
:10982000610D0A006265617273736C5F73656E64CB
:109830003A2073656E64202D2074696D656F7574B0
:109840002077616974696E6720666F72207772692C
:1098500074652072656164790D0A00006265617249
:1098600073736C5F726563763A2072656376202D40
:1098700020636F6E6E656374696F6E20636C6F73C7
:1098800065640D0A000000006265617273736C5FAD
:10989000726563763A2072656376202D20636F6E61
:1098A0006E656374696F6E20636C6F7365642064AA
:1098B0007572696E672074696D656F75740D0A0045
:1098C0006265617273736C5F726563763A2072656C
:1098D0006376202D206661696C656420746F207248
:1098E00065616420646174610D0A000062656172E3
:1098F00073736C5F726563763A2072656376202DB0
:109900002074696D656F75742077616974696E671D
:1099100020666F7220646174610D0A00504F5354C9
:1099200020257320485454502F312E310D0A486F92
:1099300073743A2025730D0A436F6E74656E742D2F
:109940004C656E6774683A20257A750D0A436F6E10
:1099500074656E742D547970653A206170706C690D
:10996000636174696F6E2F782D7777772D666F72CC
:109970006D2D75726C656E636F6465640D0A436F5F
:109980006E6E656374696F6E3A20636C6F73650DFC
:109990000A0D0A257300000047455420257320480E
:1099A0005454502F312E310D0A486F73743A2025CC
:1099B000730D0A436F6E6E656374696F6E3A206350
:1099C0006C6F73650D0A0D0A0000000068747470F6
:1099D000735F636C69656E743A206661696C656477
:1099E00020746F2073656E64206368756E6B2C2025
:1099F0006572726F723D25640D0A000068747470A0
:109A0000735F636C69656E743A2073656E7420636E
:109A100068756E6B2025642062797465732C2074E0
:109A20006F74616C2025642F25640D0A000000000E
:109A300068747470735F636C69656E743A206661F4
:109A4000696C656420746F20666C7573682053536D
:109A50004C20646174610D0A000000006874747029
:109A6000735F636C69656E743A2054435020636F72
:109A70006E6E656374696F6E20636C6F73656420CE
:109A800061667465722073656E64696E67207265C5
:109A900071756573740D0A0068747470735F636C1C
:109AA00069656E743A2072657175657374207365AB
:109AB0006E74207375636365737366756C6C792C53
:109AC0002077616974696E6720666F7220726573B2
:109AD000706F6E73652E2E2E0D0A00006874747000
:109AE0005F636C69656E743A20736F636B65742095
:109AF0006E6F7420726561647920666F7220777270
:109B00006974696E670D0A00687474705F636C69CC
:109B1000656E743A206661696C656420746F2073A9
:109B2000656E642064617461206368756E6B0D0AF4
:109B300000000000687474705F636C69656E743A4D
:109B40002073656E74206368756E6B2025642062D7
:109B5000797465732C20746F74616C2025642F25D3
:109B6000640D0A0068747470735F636C69656E7469
:109B70003A207265616420256420627974657320DF
:109B800066726F6D2053534C206275666665722C49
:109B900020746F74616C2025640D0A006874747001
:109BA000735F636C69656E743A2053534C20726521
:109BB0006164206572726F723A2025640D0A00009C
:109BC00068747470735F636C69656E743A20535384
:109BD0004C20656E67696E65206572726F723A20FF
:109BE00025640D0A0000000068747470735F636C74
:109BF00069656E743A2054435020636F6E6E6563DE
:109C000074696F6E20636C6F73656420647572692C
:109C10006E672053534C20726561640D0A0000008A
:109C200068747470735F636C69656E743A20535323
:109C30004C2072656164206572726F722062757467
:109C400020686176652025642062797465732C2014
:109C5000617373756D696E6720636F6D706C657489
:109C6000650D0A00687474705F636C69656E743AA0
:109C700020636F6E6E656374696F6E20636C6F73C3
:109C80006564206279207365727665720D0A000042
:109C9000687474705F636C69656E743A207761698B
:109CA00074696E6720666F7220726573706F6E7371
:109CB000652E2E2E2025640D0A0000006874747035
:109CC000735F636C69656E743A20617373756D6957
:109CD0006E6720726573706F6E736520636F6D7051
:109CE0006C657465207769746820256420627974D6
:109CF00065730D0A00000000485454502F312E00A7
:109D000068747470733A2F2F0000000068747470C8
:109D10003A2F2F002F000000256868752E256868EF
:109D2000752E256868752E256868750068747470CE
:109D30005F636C69656E743A20444E53207365729C
:109D400076696365206E6F7420617661696C61620B
:109D50006C650D0A00000000687474705F636C69C4
:109D6000656E743A20444E53207265736F6C75743F
:109D7000696F6E206661696C65643A2025640D0A1E
:109D800000000000687474705F636C69656E743AFB
:109D9000206661696C656420746F20676574207249
:109DA00065736F6C7665642049500D0A00000000F1
:109DB000687474705F636C69656E743A20444E53C6
:109DC000207265736F6C76656420746F2025642E35
:109DD00025642E25642E25640D0A000068747470B5
:109DE0005F636C69656E743A20444E5320726573EC
:109DF0006F6C7574696F6E2074696D656F75740D25
:109E00000A000000687474705F636C69656E743A70
:109E100020696E76616C696420706172616D657431
:109E20006572730D0A000000687474705F636C697A
:109E3000656E743A206661696C656420746F207089
:109E4000617273652055524C0D0A0000687474707D
:109E50005F636C69656E743A206E6574776F726BC0
:109E6000206E6F742072656164790D0A0000000035
:109E7000687474705F636C69656E743A20666169BA
:109E80006C656420746F207265736F6C76652068F2
:109E90006F73746E616D650D0A00000068747470F4
:109EA0005F636C69656E743A206661696C656420F5
:109EB000746F206372656174652064697265637490
:109EC0002054435020736F636B65740D0A000000CB
:109ED000687474705F636C69656E743A206661695A
:109EE0006C656420746F2062696E642072656D6FAA
:109EF000746520616464726573730D0A000000006C
:109F0000687474705F636C69656E743A206469721A
:109F10006563742054435020636F6E6E65637420D4
:109F20006661696C65640D0A0000000068747470F5
:109F30005F636C69656E743A2077616974696E67F6
:109F400020666F722054435020636F6E6E65637499
:109F5000696F6E2E2E2E2025640D0A0068747470B1
:109F60005F636C69656E743A2054435020636F6E72
:109F70006E656374696F6E2074696D656F75740DBD
:109F80000A00000068747470735F636C69656E74B6
:109F90003A206661696C656420746F207265736530
:109FA0007420636C69656E7420636F6E7465787479
:109FB0000D0A000068747470735F636C69656E7479
:109FC0003A2053534C20656E67696E652073746147
:109FD0007465206166746572206661696C656420D1
:109FE00072657365743A20307825780D0A00000098
:109FF000687474705F636C69656E743A2066616939
:10A000006C656420746F20696E697469616C697A2B
:10A01000652053534C0D0A00687474705F73657249
:10A020007665723A20696E69740D0A00485454507E
:10A0300053000000485454500000000068747470CD
:10A040005F636C69656E743A20696E76616C6964F1
:10A050002055524C0D0A0000687474705F636C697F
:10A06000656E743A206765742075726C2025730DD7
:10A070000A000000687474705F636C69656E743AFE
:10A08000206661696C656420746F20637265617419
:10A090006520736F636B65740D0A000068747470DB
:10A0A0005F636C69656E743A207573696E6720250D
:10A0B000732070726F746F636F6C0D0A0000000084
:10A0C000687474705F636C69656E743A2066616968
:10A0D0006C656420746F2073656E642072657175A1
:10A0E0006573740D0A000000687474705F636C69B6
:10A0F000656E743A206661696C656420746F2072C5
:10A1000065616420726573706F6E73650D0A00007F
:10A11000687474705F636C69656E743A2048545457
:10A1200050207374617475733A2025640D0A000021
:10A13000687474705F636C69656E743A20636F75E0
:10A140006C64206E6F742070617273652048545483
:10A1500050207374617475730D0A00006874747014
:10A160005F636C69656E743A20726573706F6E73AD
:10A170006520626F64793A20256420627974657382
:10A180000D0A0000687474705F636C69656E743AE0
:10A190002072656365697665643A2025642062797A
:10A1A00074657320286E6F20626F647920666F7506
:10A1B0006E64290D0A000000687474705F636C6936
:10A1C000656E743A207265717565737420636F6D86
:10A1D000706C657465640D0A00000000687474702A
:10A1E0005F73747265616D3A20696E76616C696443
:10A1F00020706172616D65746572730D0A000000F4
:10A20000687474705F73747265616D3A2066616919
:10A210006C656420746F2063726561746520736F70
:10A22000636B65740D0A0000687474705F737472F8
:10A2300065616D3A206661696C656420746F207396
:10A24000656E6420726571756573740D0A00000097
:10A25000687474705F73747265616D3A20666169C9
:10A260006C656420746F2072656164206865616448
:10A270006572730D0A000000687474705F73747205
:10A2800065616D3A20636F756C64206E6F74207029
:10A2900061727365204854545020737461747573EF
:10A2A0000D0A0000687474705F73747265616D3AB2
:10A2B0002048545450206572726F72207374617418
:10A2C00075732025640D0A00687474705F7374726E
:10A2D00065616D3A20436F6E74656E742D4C656ECA
:10A2E0006774683A20256C752062797465730D0A6D
:10A2F00000000000687474705F73747265616D3A79
:10A3000020256C75206279746573206F6620626FFA
:10A310006479206461746120616C72656164792084
:10A32000696E206275666665720D0A0068747470E5
:10A330005F73747265616D3A2073747265616D202C
:10A340006F70656E6564207375636365737366759E
:10A350006C6C790D0A000000687474705F7374721D
:10A3600065616D3A2068656164657273206E6F7413
:10A370002072656365697665640D0A00687474709F
:10A380005F73747265616D3A2072657475726E6583
:10A390006420256C752062797465732066726F6D18
:10A3A000206275666665720D0A000000687474703C
:10A3B0005F73747265616D3A20646F776E6C6F6164
:10A3C0006420636F6D706C6574652028436F6E74D4
:10A3D000656E742D4C656E67746820726561636884
:10A3E0006564290D0A000000687474705F737472EC
:10A3F00065616D3A20646F776E6C6F616420636F86
:10A400006D706C6574652028636F6E6E656374692A
:10A410006F6E20636C6F736564290D0A0000000085
:10A42000687474705F73747265616D3A20666169F7
:10A430006C656420746F20726561642066726F6D54
:10A44000206E6574776F726B0D0A0000687474700B
:10A450005F73747265616D3A2073747265616D200B
:10A46000636C6F7365640D0A000000000300A72C85
:10A4700025100000F802E01025180000069D023C9F
:10A48000689842242110A2000000428088FFBD2766
:10A49000402805002400A2AF069D023C609842249B
:10A4A0002128A2000000A2846800B6AF6000B4AF0B
:10A4B0007400BFAF7000BEAF6C00B7AF6400B5AF43
:10A4C0005C00B3AF5800B2AF5400B1AF5000B0AFB2
:10A4D00025B0C00025A080001800A2AF3C00828EED
:10A4E0004C00838E2B18430036006010010043247B
:10A4F0003C0083AE0000529020000224F7FF42127D
:10A50000F7FF42260500422CF4FF40142B000224E2
:10A5100005004212251000002D0002240B004216F7
:10A5200001001124020002240100112423882202C8
:10A530004C00838E3C00828E2B1843002500601057
:10A54000010043243C0083AE00005290019D133C67
:10A550002580000068937326211870020000638034
:10A56000200042361F00431003000224050002129F
:10A570000400022E3F00401400000000EF00C05213
:10A580004C00828E4C00838E04006010000000009E
:10A590003C00828EFFFF42243C0082AE1F00C012AE
:10A5A000030004241E000412FFFF0224FDFF6010BC
:10A5B000FFFF10263C00828EFFFF4224F9FF0010AF
:10A5C0003C0082AE735B410F25208002CAFF001061
:10A5D00025904000735B410F25208002DBFF0010B7
:10A5E00025904000070002240900025201001026B5
:10A5F0003C00828E4C00838E2B18430019006010A3
:10A60000010043243C0083AE00005290010010265C
:10A6100008000224D1FF021621187002FFFF022455
:10A6200082022212069D023C069D023C0489438C54
:10A630000089428C7400BF8F7000BE8F6C00B78F92
:10A640006800B68F6400B58F6000B48F5C00B38F74
:10A650005800B28F5400B18F5000B08F0800E00353
:10A660007800BD27735B410F25208002E7FF0010B3
:10A6700025904000B0000016019D133C7493732692
:10A680002118700200006380200042364B00431006
:10A6900002000224A80000162400A28F2000A2AF0E
:10A6A00030000224590242161800A78F3C00828E07
:10A6B0004C00838E2B184300A600601000000000A1
:10A6C000010043243C0083AE00004290200042344D
:10A6D00078000424470244144C00838E3C00828E90
:10A6E0002B1843009F00601000000000010043246D
:10A6F0003C0083AE00004290251800003000042486
:10A700009C0044102E000424A800441025B800002A
:10A7100025F0000025680000069D043CC888868C52
:10A72000CC88878C25A80000255800003000A0AFF9
:10A730002800A6AF2C00A7AF2590000025980000A8
:10A740003400A4AFD0FF4E240A00C42DBD008014F5
:10A75000200044349FFF84240600842CB900801418
:10A760002E000424BA0044100000000023016054AD
:10A770000AB8AD024C00828E2F024010000000008B
:10A780001701C0123C00828E0200A055FDFF42243A
:10A79000FEFF42243C0082AE4360410F2520200290
:10A7A0002530000025380000252040003D36410FAF
:10A7B00025286000A0FF00107400BF8F090002521E
:10A7C000010010263C00828E4C00838E2B18430023
:10A7D00010006010010043243C0083AE0000529042
:10A7E0000100102603000224A6FF021621187002A1
:10A7F0003C00838E4C00828E2B1062000900405476
:10A8000001006224735B410F2520800208000010C4
:10A8100028004238735B410F25208002F0FF0010B2
:10A82000259040003C0082AE000062902800423833
:10A830002B1002000B004010010010244C00828EEF
:10A84000050040543C00828E069D023CFC88438CEF
:10A8500078FF0010F888428CFFFF4224FAFF0010B6
:10A860003C0082AE3C00828E4C00838E2B1843004D
:10A870001100601000000000010043243C0083AE82
:10A8800000004290D0FF43240A00632C08006014AB
:10A89000251840004429037CBFFF63241A00632C61
:10A8A000030060145F0003240700431429000324FD
:10A8B000ECFF001001001026735B410F2520800281
:10A8C000F1FF0010D0FF4324E0FF4310069D023C3F
:10A8D0004C00838E04006010000000003C00828E5B
:10A8E000FFFF42243C0082AE0F00C01600000000B3
:10A8F00001A0023C160003244CB043AC2528000004
:10A900002366410F252080022510000049FF00101A
:10A910002518000004006010FFFF10263C00828E06
:10A92000FFFF42243C0082AEFAFF0016069D023C67
:10A93000C7FF0010FC88438C4C00828EEDFF405016
:10A9400001A0023C3C00828EFFFF4224E8FF001081
:10A950003C0082AE735B410F252080025CFF00103B
:10A9600020004234735B410F2520800263FF0010FA
:10A97000251800003C00828E4C00838E2B1843006B
:10A980000600601000000000010043243C0083AE7C
:10A990000000429059FF001001000324735B410F37
:10A9A0002520800255FF0010010003243C00828E08
:10A9B0004C00848E2B2044000A00801001004424A7
:10A9C0003C0084AE0000429025B8000025F0000055
:10A9D000300004240800441001000D244FFF001033
:10A9E000069D043C25208002735B410F2800A3AF25
:10A9F000F5FF00102800A38F3C00828E4C00838E50
:10AA00002B1843000B0060100000000001004324DD
:10AA10003C0083AE00004290FFFFE3262B2077002E
:10AA2000FFFFCC2725B8600021F08C00E8FF001064
:10AA300001000324735B410F25208002F7FF001003
:10AA4000FFFFE3262E000424110044543A0043285B
:10AA50007D01A0152528A0022550600101000D24CC
:10AA60003C00828E4C00848E2B2044004F008010CE
:10AA7000010044243C0084AE0000429025B8A002AE
:10AA800025F0600125A8A0002EFF001025584001E8
:10AA90000200601420004234A9FF4E242C00601DE7
:10AAA00000000000030060150800A22E0A004010FC
:10AAB0000E00A22E008110002180D0010100A526E9
:10AAC0002B50B50021504B0125A8E0022558C003AA
:10AAD000E3FF0010010003241D004010069D023C0E
:10AAE0002C00A58F0889468C0C89478C2800A48FE0
:10AAF0004000ABAF3800ADAF3D36410F3C00AEAFCC
:10AB00003C00AE8F2800A2AF2C00A3AF4360410FE2
:10AB10002520C0012800A68F2C00A78F25204000EB
:10AB20003D36410F25286000253040002520400299
:10AB3000252860024D2A410F2538600025904000ED
:10AB4000259860003800AD8FDCFF00104000AB8F0F
:10AB5000DAFFC0113000A28FD8FF4014069D023CDE
:10AB6000E088468CE488478C2800A48F2C00A58FB1
:10AB70003C00ABAF3D36410F3800ADAF2530400053
:10AB800025204002252860024D2A410F253860000B
:10AB90002590400001000224259860003000A2AFFB
:10ABA0003C00AB8FC5FF00103800AD8F2520800220
:10ABB0004800AAAF4400A5AF4000ABAF3C00A3AF34
:10ABC000735B410F3800ADAF4800AA8F4400A58FDA
:10ABD0004000AB8F3C00A38FA8FF00103800AD8F62
:10ABE000FFFF42243C0082AE252800002366410F6F
:10ABF00025208002E8FE0010000000000AF06D0130
:10AC00000600605D20004234140060150800A32E89
:10AC1000130060140100A3262000423470000324B6
:10AC20003D0043142528C002DA3E410F2520800252
:10AC3000130040140080043C110064140000000064
:10AC40002FFFC012252800004C00838E090060549D
:10AC50003C00838E09000010251000000100A3268F
:10AC60002B2075000081100025A86000E4FF001073
:10AC700021588B00FFFF63243C0083AE25180000A1
:10AC8000C5FE0012F8FFE4262B489700FFFFCC27F3
:10AC900021482C01822F04008048090080200400F4
:10ACA0002548A900211082002B20440021182301EF
:10ACB000211883001800A48F25A040002320040041
:10ACC000C32F04002A30A3000500C01425A860008B
:10ACD000180065142B208200170080101800A48F24
:10ACE00001A0023C22000324069D103C25202002E6
:10ACF0004360410F4CB043ACB088068EB488078ED9
:10AD0000252040003D36410F25286000B088068E82
:10AD1000A5FE0010B488078E4C00828ED7FF4050ED
:10AD2000251000003C00828EFFFF4224C9FF001066
:10AD30003C0082AE1800A48F96FF8424C32F040029
:10AD40002A3065000500C05401A0023C9E00A314F7
:10AD50002B1044009C00401001A0023C2200032460
:10AD6000069D103C252020024360410F4CB043ACAF
:10AD7000B888068EBC88078E252040003D36410FDE
:10AD800025286000B888068E87FE0010BC88078ED4
:10AD90002530C0022538E002252040022528600227
:10ADA0000C54410F408010008400400425204002D4
:10ADB0002800A68F2C00A78F4B2A410F2528600260
:10ADC0000100102625304000253860002520400273
:10ADD0004D2A410F2528600225904000FFFF822662
:10ADE00025986000FFFFB5262B18540021A8750098
:10ADF00025A04000E6FF01062400A28F1800A48FC2
:10AE000020008326C32F02002B1074002110550050
:10AE1000C3AF04002320640023A855002B1864004E
:10AE200023A8A3022A10A502060040141800A28F2E
:10AE30000800B5142400A28F2B208200050080108A
:10AE40001800A28F23B882022000E2266700400487
:10AE50002000A2AF2000A28F25B0000035004228BC
:10AE60002200401025B800002000A28F54000624C4
:10AE70002330C2003400A28FCC88458C6857410F24
:10AE8000C888448C2520200225B040004360410F33
:10AE900025B86000253040002520C0022528E002AA
:10AEA0002E66410F2538600025B040002000A28F9B
:10AEB00020005E280D00C01325B86000253000007A
:10AEC00025380000252040020C54410F252860023F
:10AED000060040100100023204004014000000008F
:10AEE0000100102625900000259800004360410FC6
:10AEF00025202002252860002530400225386002E8
:10AF0000252040001800A2AF3D36410F1C00A3AF22
:10AF100025200002259040008964410F259860009B
:10AF20001800A88F1C00A98F2520400025300001A3
:10AF3000253820013D36410F25286000252040009E
:10AF40002530C0022538E0024D2A410F2528600037
:10AF50002520400025304002253860024D2A410F4F
:10AF600025286000252040002530C0022538E00259
:10AF70004B2A410F25286000252040002530000085
:10AF80002538000025286000258040000C54410F22
:10AF900025886000040040142530800201A0023C96
:10AFA000220003244CB043AC25200002DC67410F93
:10AFB00025282002A0FD00107400BF8F253040021C
:10AFC00082FF001025386002069D023CE088568C06
:10AFD000E488578C3400A28FCC88438CC888428C7C
:10AFE0002C00A3AF83FF00102800A2AF9EFF00102B
:10AFF0002000A0AF050060101800A78F3C00828ED3
:10B00000FFFF42243C0082AE1800A78F2400A68FC9
:10B010001400B6AF1000B1AF2528400275E2400F12
:10B020002520800284FD00107400BF8FF488438CBB
:10B0300080FD0010F088428CD7FDC0160000000093
:10B04000EAFE001025280000EDFE60142E00022408
:10B05000C9FD00104C00828E0800E00300000000D3
:10B0600001A0053C482CA5240C00A78C0800A38C4B
:10B070001800A28C010066242B10C2000A300200C6
:10B080001200C7102510000080BF023C0068478CEA
:10B090000600092401A0023C0600E730FF008830CA
:10B0A0000C00E914482B42244018030021384300C7
:10B0B0000100632402220400211043000000E8A0E4
:10B0C000000044A00800A6AC010002240800E00330
:10B0D0000000000021104300000048A0F9FF00100C
:10B0E0000000000001A0033C482C63240C00628C8B
:10B0F0000800648C2B2882000300A01400000000CC
:10B100000800E003231082001800638C21186400FB
:10B110000800E0032310620080BF043C0800022402
:10B12000006882AC00940234186882ACAD0002243E
:10B13000406882AC88BF033C00010224741062ACFA
:10B1400000020224741062AC01A0053C0004022439
:10B15000741062AC482CA224200040AC280040AC03
:10B160002C0040AC340040A03C0040A0380040AC73
:10B17000482CA0AC080040AC0C0040AC100040A033
:10B180001C0040A0140040AC400040AC0068858C1E
:10B19000060006240600A5300200A614800005243F
:10B1A00040000524300045AC180045AC0080023456
:10B1B000086882AC00010224781062AC000202240C
:10B1C000781062AC0800E003000000003800801036
:10B1D000251000000000838C350060100600062456
:10B1E0000800878C0400E614000000000400868C30
:10B1F0002F00C014000000000300A0144210030040
:10B20000C404053C00B4A534822805002128A2000E
:10B210002B30A3002600C014251000001B00A30043
:10B22000F40160000100033C12280000FFFFA52488
:10B230002B18A3001E0060100080033480BF023C66
:10B240001068468C046843AC060003241A00E3141B
:10B25000000000000068438C06006334006843ACC3
:10B260000068438C0C00848C0400037C2518640067
:10B27000006843AC406845AC0068448C01A0033CC6
:10B28000060005240600843010008514482C632431
:10B2900040000424300064AC001CC630180064ACCC
:10B2A00000800334086843AC186846AC01000224EF
:10B2B0000800E003000000000068438C0400878C55
:10B2C0004410037CE5FF001025186700F1FF001013
:10B2D0008000042401A0063C482CC6242C00C38C0A
:10B2E0002800CA8C01A0083C2548800025100000D9
:10B2F00080BF0B3C06000C24C82B08250400451415
:10B30000000000002C00C3AC0800E00300000000B7
:10B31000FCFF6A10000000000068678D0600E7303F
:10B320000F00EC1440380300216807010000AD91C4
:10B330000100E7242138070100002DA10000E7905B
:10B34000010027A13000C78C0100632401004224C2
:10B350002B3867000A180700E8FF001002002925B3
:10B36000213803010000ED9021388200F5FF001024
:10B370000000EDA001A0033C482C63242800648C4D
:10B380002C00628C2B2882000300A0140000000017
:10B390000800E003231082003000638C2118640051
:10B3A0000800E0032310620001A0023C482C422464
:10B3B000E8FFBD273000468C1400BFAFDDEC400F26
:10B3C000FFFFC6241400BF8F2310C2000800E00353
:10B3D0001800BD2701A0023C482C42243000428CBA
:10B3E0000800E003FFFF422401A0033C482C632433
:10B3F00034006290340064A03C0065A00800E003C3
:10B40000000000000300801001A0023C482C4224F0
:10B41000380044AC0800E0030000000001A0023C3A
:10B42000482C4224200044AC240045AC0800E00332
:10B430000000000039EC400B00000000E8FFBD27D1
:10B440001400BFAF256080002568A000255880004B
:10B450002550000080BF0E3C0E00AA110000000025
:10B460000068C28D06000324060042301100431418
:10B4700021108A0101006291000064910012020013
:10B480002520440018EC400F000000000B00405441
:10B4900001004A2539EC400F00000000090040146B
:10B4A00088BF023C1400BF8F251040010800E00354
:10B4B0001800BD27F3FF001000004490E6FF0010C5
:10B4C00002006B2500040324781043ACF6FF001043
:10B4D0001400BF8F01A0023C482C4224E8FFBD2786
:10B4E0001800468C1400BFAF39EC400FFFFFC62494
:10B4F0001400BF8F2310C2000800E0031800BD270E
:10B5000001A0023C482C42241800428C0800E003B1
:10B51000FFFF422480BF023C1068428C0800E00319
:10B520000002427C01A0033C482C6324100062907E
:10B53000100064A01C0065A00800E00300000000EB
:10B54000040080100000000001A0023C482C4224AE
:10B55000140044AC0800E0030000000001A0023C1D
:10B56000482C44AC482C4224040045AC0800E003BD
:10B570000000000001A0033C482C63244000628CC2
:10B58000400060AC0800E0030000000080BF023C07
:10B590000068428C0800E0034001427C04008010F7
:10B5A0000000000080BF023C20000324086843AC78
:10B5B0000800E0030000000080BF023C1068448CDB
:10B5C00001A0033C482C63240E008430400064AC8E
:10B5D0001068448C0E0084300E00801000000000C3
:10B5E0001068448C020084300200801002000424A1
:10B5F000146844AC1068448C010084300C00801442
:10B600000001042488BF023C441044AC000204241E
:10B61000441044AC2000628C080040100000000080
:10B620002400658C2000798C08002003020004248B
:10B630003068448CEFFF0010000000000800E003B9
:10B6400000000000E0FFBD271000B0AF01A0103CDB
:10B650001400B1AF1C00BFAF1800B2AF80BF113CE7
:10B66000482C10261068228E010042300900401438
:10B670001C00BF8F88BF023C000203241800B28F59
:10B680001400B18F1000B08F441043AC0800E003E9
:10B690002000BD273068328E2800028E3000038ED5
:10B6A000010042242B1843000A1003002C00038ED3
:10B6B0000D006214000000002000038E0A006010DC
:10B6C000000000002400058E2000028E09F84000D2
:10B6D000010004242800028E3000038E0100422461
:10B6E0002B1843000A1003002C00038EDDFF6210AC
:10B6F000000000002800068E0068248E01A0033C94
:10B700000600072406008430FF004532210087141C
:10B71000C82B63242800048E003A527E4020040087
:10B720002130640001008424211864000000C5A0B9
:10B73000000072A0280002AE34000292FF004230E6
:10B74000C8FF401000000000DDEC400F00000000CA
:10B750002000038EC3FF6010000000002400058E4F
:10B760003C000392FF0063300E00601000000000F8
:10B770003800038E2B104300BAFF40140000000075
:10B780002000028E09F8400025200000B5FF0010BF
:10B790000000000021186600000065A0E5FF001011
:10B7A000000000003800038EAEFF431400000000CC
:10B7B000F3FF001000000000D0FFBD271C00B1AF58
:10B7C0002C00BFAF2800B4AF2400B3AF2000B2AF4D
:10B7D00039EC400F1800B0AF5300401088BF113C47
:10B7E0004000022401A0133C01A0123C686022AE7C
:10B7F00080BF143C482C7026482B52260600052496
:10B800001068828E000242300700401400000000E1
:10B810000C00028E0800038E12004314000000008A
:10B8200000040224741022AE1068828E0002427C52
:10B83000FDFF401040000224646022AE0004022498
:10B840002C00BF8F441022AE2800B48F2400B38F89
:10B850002000B28F1C00B18F1800B08F0800E003E9
:10B860003000BD270068838E060063302500651414
:10B8700040200200211844020100842421204402B7
:10B8800000006390000084901200A4A71800048EAA
:10B89000010042242B2044000A1004000C0002AED8
:10B8A0000068828E206883AE10000292FF00423052
:10B8B000D3FF40100000000035ED400F1000A3A79B
:10B8C000482C638ECEFF6010060005240400058E10
:10B8D0001C000392FF0063300E00601000000000A7
:10B8E0001400038E2B104300C5FF405406000524AE
:10B8F000482C628E09F8400003000424C0FF0010A9
:10B90000060005242118420200006390DFFF0010AA
:10B91000000000001400038EB9FF43540600052404
:10B92000F3FF00100000000000040224741022AE97
:10B93000C4FF00102C00BF8FE8FFBD271000B0AF80
:10B9400088BF103C7010028E4010038E00016330DF
:10B95000060060101400BFAF000142300300401029
:10B96000000000006EED400F000000007010028E1D
:10B970004010038E00026330050060100002423068
:10B98000030040100000000091ED400F0000000097
:10B990007010028E4010038E0004633006006010A9
:10B9A00000044230040040101400BF8F1000B08F1C
:10B9B000EEED400B1800BD271400BF8F1000B08FB4
:10B9C0000800E0031800BD27000802243700C21455
:10B9D00000000000D0FFBD272000B0AF1400B08CE5
:10B9E0002C00BFAF2800B2AF2400B1AF1700039204
:10B9F00011000224270062142C00BF8F2300029242
:10BA00002200049200120200B542410F252044009A
:10BA100025884000250002922400049200120200B2
:10BA2000B542410F252044002590400033160224E2
:10BA30000400225227000292160042162C00BF8FEB
:10BA4000270002922600049200120200B542410F24
:10BA500025204400F8FF4224060003261800A3AF67
:10BA60001400B2AF1000B1AF1E0007261A00062660
:10BA7000FFFF453012AF400F2A0004260400401497
:10BA8000059D053C5CB1A524EF29410F2520000050
:10BA90002C00BF8F251000002800B28F2400B18F2A
:10BAA0002000B08F0800E0033000BD270800E0034D
:10BAB000251000003923410B000000006082828FB6
:10BAC000E8FFBD27090040141400BFAF059D053CE9
:10BAD00084B1A524EF29410F252000002510000086
:10BAE0001400BF8F0800E0031800BD275C82838F1D
:10BAF000040060102530A000059D053CF5FF0010F6
:10BB0000C4B1A52425288000F944400F2520400019
:10BB1000251840005C8282AFF1FF6014010002240E
:10BB2000059D053CEBFF0010F4B1A5245C82858FD8
:10BB3000E8FFBD271400BFAF0B00A0141000B0AF8A
:10BB4000059D053C24B2A524EF29410F25200000C6
:10BB5000258000001400BF8F251000021000B08F58
:10BB60000800E0031800BD271845400F6082848F4D
:10BB70000800401025804000059D053C5C8280AF98
:10BB800050B2A524EF29410F25200000F2FF00103C
:10BB90001400BF8F059D053CFAFF001088B2A52454
:10BBA0003C828293E8FFBD27140040141400BFAF0D
:10BBB000059D053C01000224B8B2A5242520000003
:10BBC000EF29410F3C8282A383B1400F00000000A7
:10BBD0007BA4400F00000000AB31410F00000000CB
:10BBE0001400BF8F059D053C25304000D4B2A5242C
:10BBF00025200000EF29410B1800BD271400BF8F3E
:10BC00000800E0031800BD27C8FFBD27059D053CBF
:10BC10002000B0AFECB2A5242520000001A0103C0C
:10BC20002C00B3AF2800B2AF2400B1AF3400BFAFD7
:10BC30003000B4AFEF29410FAC321026049D113C07
:10BC4000059D123C059D133C5982829311004014BE
:10BC500057828293B039400F0800048E02000324FB
:10BC60000C00431457828293193A400F252000009C
:10BC7000608282AF01000224598282A35C82828F9B
:10BC80000300401425280000AFEE400FC8B9242659
:10BC9000578282931C00401456828293663E400F66
:10BCA0006082848F170040106082848F010002241C
:10BCB000B63E400F578282A3B63E400F6082848F0B
:10BCC0002528400006000624D665410F50828427AF
:10BCD0005582829351828793508286931C00A2AF33
:10BCE0005482829304B34526252000001800A2AF99
:10BCF000538282931400A2AF52828293EF29410FA4
:10BD00001000A2AF568282930A0040140000000087
:10BD1000513E400F6082848F0F004010059D053C0E
:10BD20003CB3A524EF29410F252000000100022487
:10BD3000568282A3513E400F6082848F09004014D6
:10BD4000059D053C50B3A524EF29410F2520000097
:10BD500004000010568280A356828293F5FF40149F
:10BD6000000000006082848FBD3D400F4C82948FA4
:10BD70003900821200000000BD3D400F6082848FB8
:10BD8000030040104C8282AF01000324588283A339
:10BD9000021E02001400A3AF003C437C1000A3AFBE
:10BDA000003A477CFF00463068B36526EF29410F13
:10BDB00025200000F93D400F6082848F6082848FCF
:10BDC000C03A400F488282AF6082848F8A3C400F25
:10BDD000448282AF408282AF4B82829349828793B2
:10BDE000488286931400A2AF4A828293059D053C47
:10BDF00090B3A5241000A2AFEF29410F2520000029
:10BE00004782829345828793448286931400A2AF2F
:10BE100046828293059D053CB8B3A5241000A2AFCD
:10BE2000EF29410F252000004382829341828793AE
:10BE3000408286931400A2AF42828293059D053C06
:10BE4000E0B3A5241000A2AFEF29410F2520000088
:10BE5000E8EE400F00000000AA7D400F4D010424D1
:10BE60007AFF001059828293059D053CE0FFBD27B3
:10BE700008B4A5241C00BFAFEF29410F2520000006
:10BE800001000224059D053C049D043C1400A0AF64
:10BE90001000A2AF25380000000206241CB4A5241F
:10BEA000D67A400F08BC84241C00BF8F0800E00332
:10BEB0002000BD270800E003588282930800E003B9
:10BEC00056828293C8FFBD272400B4AF5682949354
:10BED0001800B1AF3400BFAF3000B7AF2C00B6AF21
:10BEE0002800B5AF2000B3AF1C00B2AF1400B0AF54
:10BEF0000B008012258800002590A00041A6400F6D
:10BF0000259880001200401025884000059D053CC2
:10BF10002CB4A524EF29410F25200000258800001E
:10BF20003400BF8F251020023000B78F2C00B68F51
:10BF30002800B58F2400B48F2000B38F1C00B28F6F
:10BF40001800B18F1400B08F0800E0033800BD273F
:10BF5000A83E400F6082848F0700401425A840004F
:10BF6000059D053C64B4A524EF29410F2520000060
:10BF7000ECFF00103400BF8F743A400F6082848F52
:10BF80000400401425B04000059D053CF6FF00105C
:10BF90008CB4A524FFFF573202000724253000008F
:10BFA000252800001E23410F2520E0020400401434
:10BFB00025804000059D053CEBFF0010B4B4A5248E
:10BFC0001400448C25304002D665410F25286002BC
:10BFD0001000028E252800022520A0020C0057A484
:10BFE000049D023CB4BA4224080002AE3000C28E66
:10BFF00009F840000C0000AE253040000200422C41
:10C0000014004014F5FF02240500C2102510C000E2
:10C01000FAFF03248410027C09004314059D053CAB
:10C02000059D053CDCB4A524EF29410F2520000027
:10C030003923410F25200002BAFF00103400BF8FC2
:10C0400000B5A524EF29410F25200000B5FF001001
:10C050003400BF8FB2FF001025888002E8F9BD27A9
:10C060000406B0AF1000B0270C06B2AF0806B1AF9F
:10C070002590A0002588C000252880000600062401
:10C08000252000021406BFAF1006B3AFD665410FDE
:10C090002598E0005082822700004394252060020A
:10C0A0001600A3A702004394040042941800A3A71B
:10C0B000B542410F1A00A2A72530200225284002D0
:10C0C0001E00A427D665410F1C00A2A71E00A227B0
:10C0D000212851002328B000B1EF400F2520000295
:10C0E0001406BF8F1006B38F0C06B28F0806B18FEF
:10C0F0000406B08F0800E0031806BD270800E0031F
:10C10000508282270800E0034C8282270800E00367
:10C11000488282270800E003448282270800E00367
:10C12000408282274C82822703004390D8FFBD279C
:10C130002000B0AF1800A3AF0200439001A0103C54
:10C14000059D063C1400A3AF010043908C320426E9
:10C1500028B5C6241000A3AF000047902400BFAF4D
:10C160002D67410F200005242400BF8F8C3202264A
:10C170002000B08F0800E0032800BD27D0FFBD27B6
:10C180002800B0AF2C00BFAF50828227050043903B
:10C1900001A0103C059D063C2000A3AF0400439085
:10C1A0008C32042634B5C6241C00A3AF0300439090
:10C1B000200005241800A3AF020043901400A3AF91
:10C1C000010043901000A3AF2D67410F000047907E
:10C1D0002C00BF8F8C3202262800B08F0800E003AD
:10C1E0003000BD274882822703004390D8FFBD2737
:10C1F0002000B0AF1800A3AF0200439001A0103C94
:10C20000059D063C1400A3AF010043908C32042628
:10C2100028B5C6241000A3AF000047902400BFAF8C
:10C220002D67410F200005242400BF8F8C32022689
:10C230002000B08F0800E0032800BD274482822739
:10C2400003004390D8FFBD272000B0AF1800A3AF74
:10C250000200439001A0103C059D063C1400A3AFD2
:10C26000010043908C32042628B5C6241000A3AFE9
:10C27000000047902400BFAF2D67410F2000052428
:10C280002400BF8F8C3202262000B08F0800E0030C
:10C290002800BD274082822703004390D8FFBD2796
:10C2A0002000B0AF1800A3AF0200439001A0103CE3
:10C2B000059D063C1400A3AF010043908C32042678
:10C2C00028B5C6241000A3AF000047902400BFAFDC
:10C2D0002D67410F200005242400BF8F8C320226D9
:10C2E0002000B08F0800E0032800BD275782839309
:10C2F00004006010251000005682839301006054F2
:10C30000588282930800E003010042300800E003F5
:10C310006082828FE8FFBD276C808327050004249C
:10C320001400BFAF000064A001A0043C903184243D
:10C330006880822701A0053C010040A03C0083AC3E
:10C34000380082AC0100032402000224C831A52475
:10C35000400083AC9D5D410F440082AC1400BF8F50
:10C36000010002240800E0031800BD2702140500A4
:10C37000E8FFBD27A028057C0B0003246D8082A365
:10C380001400BFAF6C8084A36E8085A70400831463
:10C3900004000224FFFF0224708082A3050002240F
:10C3A00001A0043C01A0053C903184246C808327CB
:10C3B000C831A5243C0083AC400082AC380080AC7E
:10C3C0009D5D410F440080AC1400BF8F010002242A
:10C3D0000800E0031800BD2701A0043C903184242C
:10C3E000E8FFBD276C8082270600032401A0053CDE
:10C3F0001400BFAFC831A524000043A03C0082ACAC
:10C4000001000224380080AC400082AC9D5D410FE9
:10C41000440080AC1400BF8F010002240800E00338
:10C420001800BD27E8FFBD271000B0AF01A0103CE9
:10C4300090311026060002241400BFAF080000AEA1
:10C44000240004A2180005AEF6F0400F040002AE6E
:10C450000200401402000324080003AE1400BF8F42
:10C460001000B08F0800E0031800BD270F008230D5
:10C4700001000524042845000053410B022104005B
:10C48000E8FFBD271000B0AF01A0103C903110268E
:10C490000400028E0B00432C1F0060101400BFAF7D
:10C4A00080180200049D023CBCC4422421104300B9
:10C4B0000000428C0800400000000000E8C4039D1A
:10C4C00074C6039D48C5039D6CC5039D9CC5039D13
:10C4D000BCC5039DF4C5039D18C6039D74C6039D8A
:10C4E00074C6039D74C6039D1C00038E2000028E3B
:10C4F00001A0053CC831A524252000023C0000AE67
:10C50000400000AE380003AE9D5D410F440002AE16
:10C5100001000224040002AE0800028E59004010FF
:10C520001400BF8F2C00198E570020531000B08FBD
:10C530000800048E3000058E1400BF8F1000B08FED
:10C54000080020031800BD271BF1400F2800048EAF
:10C550001800058EDBF0400F2400049221004010EB
:10C5600003000224ECFF0010040002AE2000028E43
:10C570001C00038E01A0053CC831A5242520000223
:10C580003C0003AE400002AE380000AE9D5D410F9E
:10C59000440000AEDFFF0010040002241BF1400F36
:10C5A0002800048EC5F0400F000000000D00401070
:10C5B00005000224D8FF0010040002AE1BF1400F5A
:10C5C0002800048E698082930100423006004010EA
:10C5D00001000224C5F0400F00000000CEFF40140F
:10C5E0000000000002000224080002AECAFF001092
:10C5F000000000001BF1400F2800048E1800058E7B
:10C60000DBF0400F24000492F6FF401004000224E7
:10C61000C1FF0010040002AE1BF1400F2800048E81
:10C6200024000392010002240E00625498FF0324A8
:10C630006C8082273C0002AE6C8083A7020002243B
:10C6400001A0053CC831A52425200002400002AE0F
:10C65000380000AE9D5D410F440000AEADFF0010FC
:10C66000080002246C8083A36C808327F4FF0010F1
:10C670003C0003AE1BF1400F2800048EDAFF0010CF
:10C68000010002241000B08F0800E0031800BD274D
:10C69000FFFF03241F00831025100000E8FFBD27C3
:10C6A0001000B0AF01A0103C903110260800038E9E
:10C6B000140060101400BFAF0A000224040002AE90
:10C6C0009FFF02246C8082A36C8082273C0002AE14
:10C6D000380005AE0100022401A0053C400002AE76
:10C6E000C831A5240400022425200002080000AE61
:10C6F0009D5D410F440002AE0800028EFEFF401017
:10C70000010002241400BF8F1000B08F0800E00366
:10C710001800BD270800E00300000000FFFF02240E
:10C7200008008214251000000800E003000000004B
:10C73000251000001400BF8F1000B08F0800E00328
:10C740001800BD27E8FFBD271000B0AF01A0103CC6
:10C75000903110260800028EF5FF40101400BFAF84
:10C76000A4F1400F64808527F1FF40106780829319
:10C77000120004240400441001000324180042386D
:10C78000980004240B18820007000224240003A24E
:10C79000080000AEF6F0400F040002AEE5FF4014C2
:10C7A00002000324080003AEE3FF00101400BF8F53
:10C7B000FFFF0324040083100200022401A0023CB6
:10C7C000903142240800428C0800E0030000000081
:10C7D000FFFF03241B008310251000001900A01088
:10C7E000000000001700C01000000000E8FFBD2797
:10C7F0001000B0AF01A0103C903110260800038E4D
:10C800000C0060101400BFAF1C0005AE0B00042428
:10C810002528E000080000AE200006AE180007AE94
:10C82000DBF0400F040000AE0200401402000324BD
:10C83000080003AE1400BF8F1000B08F0800E003A3
:10C840001800BD270800E00300000000FFFF0324DC
:10C850001C008310251000001A00A010000000002A
:10C86000E0FFBD271400B0AF01A0103C90311026AE
:10C870000800038E1C00BFAF0D0060101800B1AFA0
:10C8800002000224240002A202001124000102245A
:10C89000080000AE200002AE1C0005AE180006AE77
:10C8A000F6F0400F040011AE01004050080011AE38
:10C8B0001C00BF8F1800B18F1400B08F0800E00378
:10C8C0002000BD270800E00300000000FFFF022455
:10C8D000080082100000000001A0023C90314224B8
:10C8E0000800428C030040100000000009F1400BDA
:10C8F000200004240800E00325100000FFFF0224AC
:10C90000080082100000000001A0023C9031422487
:10C910000800428C030040100000000009F1400BA9
:10C92000D80004240800E00325100000FFFF0224C3
:10C93000090082100000000001A0023C9031422456
:10C940000800428C04004010000000002528000070
:10C9500009F1400BC70004240800E0032510000083
:10C96000E8FFBD271000B0AF2580A0001400BFAFC6
:10C97000A4F1400F648085271E004010069D043CF2
:10C9800067808793AC8E84242518000025288000BA
:10C99000090006240000888C1A00E8540100632472
:10C9A000C01803002118A3000400638C0010642C3D
:10C9B0001000805425100000000105240C0005AE75
:10C9C000022A030001000424040003AE100005AE97
:10C9D000021B030000100524000004AE180005AE81
:10C9E0001C0003AE080004AE140004AE200004AE28
:10C9F000240000AE1400BF8F1000B08F0800E003C9
:10CA00001800BD27E3FF661408008424F9FF001016
:10CA100025100000D8FFBD271400B0AF01A0103CC6
:10CA2000903110260C00038E020002242400BFAFB8
:10CA30002000B3AF1C00B2AF0A0062101800B1AF03
:10CA4000FFFF11242400BF8F251020022000B38F88
:10CA50001C00B28F1800B18F1400B08F0800E003E3
:10CA60002800BD271400028EF5FF4014090002249F
:10CA7000040002AE660002246C8082A301A0133C75
:10CA80006C8082272590A000258880003C0002AEA3
:10CA9000C83165260100022425200002080000AEEE
:10CAA0009D5D410F400002AE0800028EFEFF401067
:10CAB00009000224040002AE99FF02246C8082A3C4
:10CAC0006C8082273C0002AEC8316526010002243A
:10CAD00025200002080000AE380000AE400002AE83
:10CAE0009D5D410F440000AE0800028EFEFF401025
:10CAF0000200423206004014000000001400028EC2
:10CB0000100012AE01004224CEFF0010140002AE4D
:10CB1000C7F1400F25202002CAFF4050FFFF11241B
:10CB20000800028EFEFF401000000000F4FF00101D
:10CB30001400028EFFFF0224080082100000000093
:10CB400001A0023C903142241400438C0300601089
:10CB500000000000FFFF6324140043AC0800E00362
:10CB600000000000FFFF022405008210000000000A
:10CB700001A0023C903142242C0045AC300046AC70
:10CB80000800E0030000000001A0063C9031C790BF
:10CB90001B00E0140000000001000224E0FFBD279C
:10CBA0009031C2A00400A28C1400B0AF9031D02408
:10CBB0001800B1AF25888000252000021C00BFAFFF
:10CBC000280002AE0C0000AE965D410F140000AECE
:10CBD0001BF1400F2800048E1C00BF8F01000224AF
:10CBE000080002AE020002240C0002AE2510200252
:10CBF0001400B08F1800B18F0800E0032000BD279B
:10CC00000800E003FFFF022401A0023C0800E0034B
:10CC10009C31428C78FFBD279400A7AF0000A28C06
:10CC20006C00B3AF0400D38C1C00A2AF0800A28C30
:10CC30006400B1AF6000B0AF2000A2AF1000A28CC2
:10CC40008800A4AF8C00A5AF3400A2AF0000C28C56
:10CC50000400B18C0C00B08C1800A2AF1800A38F98
:10CC600025300000253800002520600025286002BE
:10CC70008400BFAF8000BEAF7C00B7AF7800B6AF16
:10CC80007400B5AF7000B4AF5754410F6800B2AF35
:10CC90000D0040040080023C1C00A28F04004230C2
:10CCA000370040142000B28F1C00A28F08004230D1
:10CCB0000C0040102400A2AF20000224000002A2B9
:10CCC00006000010FFFF5226269853002D00022474
:10CCD000000002A22000A28FFFFF522401000224C4
:10CCE0002400A2AF2400A38F211803022C00A3AFBD
:10CCF0001800A38F2600601400F0627EF07F033CD2
:10CD000024004314F07F043C9400A28FBFFF422410
:10CD10001A00422C1C004010019D053C019D053C61
:10CD2000A893A5248A66410F2C00A48FCA65410FE1
:10CD3000252000021C00A38F2000A78F8800A48F4D
:10CD40001000A3AF25280002B555410F2530400043
:10CD50008400BF8F8000BE8F7C00B78F7800B68FB5
:10CD60007400B58F7000B48F6C00B38F6800B28F01
:10CD70006400B18F6000B08F0800E0038800BD2719
:10CD8000D3FF00102B000224E6FF0010AC93A52473
:10CD9000F07F043C010083242B1843000500605001
:10CDA0009400A28F0C0044141800A28F0A004010B7
:10CDB0009400A28FBFFF42241A00422C040040506E
:10CDC000019D053C019D053CD6FF0010B093A524B4
:10CDD000D4FF0010B493A5241800A38F25300000C1
:10CDE00025380000252060000C54410F25286002E2
:10CDF000069D173C069D033C3000A3AFF89DF58EC1
:10CE0000FC9DF68E1300401425A00000B267410F70
:10CE10009400A48F2014027C2800A2AF2800A38FC6
:10CE2000A501200667000224570062142800A98F7C
:10CE30000100205201001124FCFF822A030040144B
:10CE40002A10910296014014000000005A000010C0
:10CE500065000924069D023C009E4A8C049E4B8C72
:10CE600025304001253860012520A0022528C00278
:10CE70003800AAAF3D36410F3C00ABAF1800A48F7D
:10CE800025386002252860002530800025204000DC
:10CE900025F040000C54410F2800A3AF2D00401C8A
:10CEA0002800A38F3800AA8F3C00AB8F0100942686
:10CEB00025A8C003EAFF001025B060001300401051
:10CEC0002800A28F110040141800A38F3800A68FED
:10CED000252860022538C0033D36410F252060001B
:10CEE0004800A68F5000A78F2520A0022528C00249
:10CEF0001800A2AF3D36410F2598600025A84000DC
:10CF00000100022425B060002800A2AF4000A68FD7
:10CF10004400A78F2520A0029B23410F2528C00293
:10CF200025A8400025B06000FFFF94261800A38FBD
:10CF30002530A0022538C002252060005754410F3B
:10CF400025286002DDFF4204D4FE822AAFFF0010D4
:10CF500000000000069D023C089E438C0C9E5E8CE7
:10CF60003000A28F3800A3AF4800A3AF049E438CCB
:10CF7000009E428C2800A0AF5000BEAF4000A2AF80
:10CF8000EAFF00104400A3AF660002240A00221545
:10CF900001003126040081062800A38FF89DF58E3C
:10CFA000FC9DF68E25A0000067000224020062109E
:10CFB00066000924218834021800AC8F2558A0028D
:10CFC0002550C00225B860022570000025306001A0
:10CFD00025384001252080012528E0025C00A9AF0A
:10CFE0005800AEAF5000ABAF5400AAAF9B23410F27
:10CFF0004800ACAF252040007355410F2528600044
:10D0000025286000252040004400A3AF9B5E410F0F
:10D010004000A2AF4000AC8F4800AF8F5400AA8FF1
:10D020005000AB8F4400AD8F25F0E0020080173C2C
:10D030002620FE0225306001253840012528A00168
:10D040001000AFAF1400A4AF252080014800AAAFA4
:10D050006E01410F3800A2AF4000A2AF25F04000A2
:10D060003000A28F5000AB8F4800AA8F009E468CE4
:10D07000049E478C25206001252840019B23410FF9
:10D0800026B8E3025800AE8F2558400025506000B6
:10D090000100CE254000AC8FCCFF2E165C00A98F7E
:10D0A000069D023C109E468C149E478C25206001F4
:10D0B000252860003D36410F4800A9AF25304000CB
:10D0C000253860002520C0032528E0024000A2AFDB
:10D0D0005754410F4400A3AF100040044800A98FEB
:10D0E0004000AA8F4400AB8F2520C00325304001AB
:10D0F000253860010C54410F2528E0024000AA8F1A
:10D100004400AB8F070040144800A98F3800A28F5D
:10D1100001004230040040141800A38F2550000085
:10D12000255800001800A38F2530400125386001E4
:10D1300025286002252060004D2A410F4800A9AF34
:10D1400025F040001800A2AF3000A28F2520A002D9
:10D150002528C002009E468C049E478C25B860009E
:10D160003D36410F3800A3AF252040002530C003D5
:10D170002538E00225286000259840005754410FCB
:10D180004000A3AF5400401C4800A98F6600022451
:10D1900001009426520022154000AB8F0100312679
:10D1A00025B080022400B58F2310D1024000A2AF29
:10D1B00025F00000258800004000A28F07005610CF
:10D1C00025B8A0028C00A28F1000428CFBFF4224E5
:10D1D0002B10A202470040141800A38F070020164E
:10D1E0001C00A28F100042300400401021B817022A
:10D1F0002E0002240100B5260000E2A22120150223
:10D200006500022422002215000080A00300810690
:10D210002518000023A01400010003243400A28F6D
:10D22000FEFF4A260A000724FFFF422421280202AB
:10D230000000A0A00200052488008016219045016E
:10D240008600A01C2D0006242B0005240B28C300FB
:10D250002518A00021280202FFFFA3A09400A38F9D
:10D2600045000524FEFF4224BFFF63241A00632CFF
:10D270000B48A3002AA8A202212802020000A9A0AC
:10D280000300A012FEFF52268A66410F0000000034
:10D290001C00A28F0200032403004230A3FE4314AB
:10D2A00000000000A1FE401A00000000CA65410F06
:10D2B000252000022400A38F2A184300710060106B
:10D2C000253040022C00A48F8066410F30000524D9
:10D2D00096FE00102000A0AF2598A0022558C0029D
:10D2E00065003639251080020A101600ADFF0010C7
:10D2F00025B040003800A28F25386001253060023B
:10D3000025206000252840005400A9AF9B23410F31
:10D310005000ABAF252040007355410F2528600019
:10D3200025204000252860004C00A3AF9B5E410FE4
:10D330004800A2AF0A004428090003240A10640030
:10D340001C00A38F4800AE8F4C00AF8F10006330DD
:10D35000251862005000AB8F0C0060145400A98F98
:10D360002800A48F67000324080083140000000035
:10D370001D00C0060100D7272518A0022120150294
:10D3800025B8C0030E00001030000524FBFF201656
:10D390002518A002FAFFC3062120150221B81702A2
:10D3A0002E0003240100B526FFFF52260000E3A251
:10D3B000F1FF001001001124FFFFF7260100842473
:10D3C000FDFFE056000085A0FFFF52260100B526B4
:10D3D0002118030223905E0221A8BE0230004224DD
:10D3E00021F07E000000C2A33800A28F1800A58F94
:10D3F00000801E3C2620C2032530600225386001D3
:10D400001000A5AF1400A4AF2528E0012520C0011D
:10D410005000A9AF6E01410F4800ABAF1800A2AF9A
:10D420002610C3033800A2AF3000A28F4800AB8F94
:10D4300025206002009E468C049E478C25286001B2
:10D440009B23410FFFFFD6262598400025586000FA
:10D4500025F0E00258FF00105000A98F1A00870243
:10D46000F401E000FFFF422421580202FFFFA5243F
:10D47000103000003000C624000066A16EFF0010CE
:10D4800012A000002118020200006480211842024C
:10D4900021180302000064A086FF0010FFFF422451
:10D4A000C1FE81062800A38FB7FE00106600092484
:10D4B00061FE0010060011245FFE621006001124B8
:10D4C000B1FE001025486000E0FFBD2780BF033C8F
:10D4D0001C00BFAF1027022425306000105A658C55
:10D4E0000800A5301500A014000000000900401439
:10D4F000FFFF4224059D053CFCCEA524EF29410FEA
:10D5000025200000251000001C00BF8F0800E0034C
:10D510002000BD271400A0AF1400A58F0A00A52885
:10D52000EEFFA010000000001400A58F0100A5244C
:10D530001400A5AFF8FF001000000000EEFF40103F
:10D54000059D053C205A64AC10270224105AC38C58
:10D550002000633010006010000000000400401440
:10D56000FFFF4224059D053CE4FF00101CCFA524CD
:10D570001000A0AF1000A38F0A006328F3FF601013
:10D58000000000001000A38F010063241000A3AF6F
:10D59000F8FF001000000000F3FF4010059D053C5F
:10D5A000205AC28CD8FF0010FF004230C0FFBD27B8
:10D5B000059D053C3800B0AF38CFA52425200000DC
:10D5C0003C00BFAFEF29410F80BF103C105A068EC0
:10D5D000059D053C58CFA524EF29410F25200000CB
:10D5E000005A068E059D053C7CCFA524EF29410FEE
:10D5F000252000003400A0AF3400A28F102742285D
:10D600007A004014059D053CA0CFA524EF29410FC9
:10D61000252000004845410F000000003000A0AF69
:10D620003000A28FE803422875004014000000007B
:10D6300032F5400F06000424258040002C00A0AFE6
:10D640002C00A38FE8036328720060140000000020
:10D650005B45410F000000002800A0AF2800A38F09
:10D660001027632870006014059D053C25300002DA
:10D67000C0CFA524EF29410F25200000059D053CC2
:10D68000E0CFA524EF29410F252000004845410F98
:10D69000000000002400A0AF2400A28FE80342286D
:10D6A000660040140000000032F5400F0200042420
:10D6B00032F5400F2520000032F5400F25200000F4
:10D6C00032F5400F2520000032F5400FAA00042457
:10D6D000258040002000A0AF2000A38FE80363282E
:10D6E0005B006014000000005B45410F000000007B
:10D6F0001C00A0AF50C302341C00A38F2A18620084
:10D7000058006014059D053C2530000204D0A52476
:10D71000EF29410F25200000059D053C24D0A524BC
:10D72000EF29410F252000004845410F000000006F
:10D730001800A0AF1800A28FE80342284E00401442
:10D740000000000032F5400F0300042432F5400FC2
:10D750002520000032F5400F2520000032F5400F53
:10D760002520000032F5400F2520000025804000D4
:10D770001400A0AF1400A38FE803632843006014D3
:10D78000000000005B45410F000000001000A0AF4A
:10D790001000A38F1027632841006014059D053CED
:10D7A0002530000250D0A524EF29410F252000008C
:10D7B000AA0002243F000216059D053C70D0A52456
:10D7C000EF29410F25200000059D053C94D0A5249C
:10D7D000EF29410F25200000010002243C00BF8FEB
:10D7E0003800B08F0800E0034000BD273400A28F4E
:10D7F000010042243400A2AF7FFF001000000000AF
:10D800003000A28F010042243000A2AF84FF00103C
:10D81000000000002C00A38F010063242C00A3AFA4
:10D8200087FF0010000000002800A38F0100632480
:10D830002800A3AF89FF0010000000002400A28F81
:10D84000010042242400A2AF93FF0010000000005A
:10D850002000A38F010063242000A3AF9EFF0010CF
:10D86000000000001C00A38F010063241C00A3AF74
:10D87000A1FF0010000000001800A28F0100422448
:10D880001800A2AFABFF0010000000001400A38F2F
:10D89000010063241400A3AFB6FF001000000000D5
:10D8A0001000A38F010063241000A3AFB8FF001085
:10D8B00000000000059D053CBCD0A524EF29410FC8
:10D8C00025200000C5FF0010251000007082829303
:10D8D000C0FFBD273C00BFAF3800B7AF3400B6AFC4
:10D8E0003000B5AF2C00B4AF2800B3AF2400B2AF06
:10D8F0002000B1AF070040101C00B0AF0200033C95
:10D900002110C400010063242B10430012004014B6
:10D9100025888000059D053CE0D0A524EF29410F16
:10D9200025200000259800003C00BF8F25106002D4
:10D930003800B78F3400B68F3000B58F2C00B48F0D
:10D940002800B38F2400B28F2000B18F1C00B08F4D
:10D950000800E0034000BD270100042425A0A0002A
:10D96000FC44410F2590C00008004010259840005D
:10D97000059D153C0B004016FF0023321345410F57
:10D9800000000000E9FF00103C00BF8F059D053C32
:10D9900008D1A524EF29410F25200000E3FF001046
:10D9A0003C00BF8F0001022423104300FFFF4230E0
:10D9B0002B18520002006010258040022580400094
:10D9C0004845410FFFFF103232F5400F0600042496
:10D9D0005B45410F25B000004845410F00000000A5
:10D9E00032F5400F0200042432F5400F003C247E43
:10D9F00032F5400F003A247E32F5400FFF0024320A
:10DA0000211096020000449032F5400F0100D62606
:10DA10002A10D002FBFF4014211096025B45410FF3
:10DA2000E80317244845410FFFFFF72632F5400F62
:10DA30000500042432F5400F252000005B45410F0E
:10DA400025B040000800E0162CD1A526EF29410F93
:10DA5000252000002188300221A09002238050025E
:10DA6000C4FF0010FFFF12321000A0AF1000A28F01
:10DA7000E803422806004014000000000100D632EE
:10DA8000E8FFC01600000000F3FF001021883002FC
:10DA90001000A28F010042241000A2AFF3FF00107B
:10DAA0000000000070828293D8FFBD272400BFAF22
:10DAB0002000B3AF1C00B2AF1800B1AF0700401098
:10DAC0001400B0AF0200033C2110C4000100632425
:10DAD0002B1043000E00401425808000059D053C5E
:10DAE00048D1A524EF29410F2520000025880000FA
:10DAF0002400BF8F251020022000B38F1C00B28F9E
:10DB00001800B18F1400B08F0800E0032800BD2773
:10DB1000010004242598A000FC44410F2590C0007A
:10DB20000700401425884000059D053C08D1A52428
:10DB3000EF29410F25200000EEFF00102400BF8FC9
:10DB40004845410F0000000032F5400F0300042457
:10DB500032F5400F003C047E32F5400F003A047E5F
:10DB600032F5400FFF000432258000002A10120217
:10DB700007004014000000005B45410F000000005A
:10DB80001345410F00000000DAFF00102400BF8F92
:10DB900032F5400F2520000021187002000062A01D
:10DBA000F2FF00100100102670828293E8FEBD276C
:10DBB0001401BFAF0E0040101001B0AF0200033CD3
:10DBC0002B1883000A0060102510000025808000BB
:10DBD00000010624FF0005248066410F1000A427E1
:10DBE000000106241000A52733F6400F252000026F
:10DBF0001401BF8F1001B08F0800E0031801BD278A
:10DC0000059D053CE8FFBD2770D1A5241400BFAFDA
:10DC1000EF29410F252000001400BF8F708280A3E0
:10DC20000800E0031800BD270800E003708282931B
:10DC3000E0FFBD27040006241000A52725200000D2
:10DC40001C00BFAFA9F6400F1000A0AF06004014A3
:10DC50001000A38F059D053C84D1A524EF29410F19
:10DC600025200000251800001C00BF8F2510600033
:10DC70000800E0032000BD27E8FFBD27059D053C07
:10DC8000253080001800A4AFA0D1A52425200000D5
:10DC90001400BFAFEF29410F1000B0AF04000624FD
:10DCA0001800A52733F6400F252000000A00401079
:10DCB00025804000059D053CC8D1A524EF29410FD2
:10DCC000252000001400BF8F251000021000B08F27
:10DCD0000800E0031800BD27059D053CF7FF001074
:10DCE000ECD1A524059D053CE8FFBD270CD2A52459
:10DCF0001400BFAFEF29410F2520000070828293EE
:10DD0000060040101400BF8F059D053C1CD2A524C1
:10DD100025200000EF29410B1800BD27E844410FE2
:10DD200000000000010002240CF7400F708282A363
:10DD30003412043C785684240A0044101400BF8F27
:10DD40001EF7400F0000000005004014059D053C33
:10DD50003CD2A524EF29410F25200000708280A32A
:10DD60001400BF8F0800E0031800BD270F00829049
:10DD700002004230030040500C008294B7C7400BB1
:10DD8000000000000800E0032518000098FFBD27F0
:10DD90005C00B6AF6400BFAF6000B7AF5800B5AF6E
:10DDA0005400B4AF5000B3AF4C00B2AF4800B1AFB5
:10DDB0004400B0AFA501A0107800B6930E00959076
:10DDC000FF000224A101A212A000022425A08000CD
:10DDD0002580E0002598C0003D01A2122590A000FA
:10DDE000A100A22E1D00401060000224A600A21275
:10DDF00080000224F700A2520F0082905000A0522F
:10DE00000F0082900000048E140086242B98D3000B
:10DE1000E400601200041124059D053C1400062452
:10DE20008C68A524D665410F212044020000028E93
:10DE3000140042243E00C012000002AEDF00B532E2
:10DE400080000224D700A252258800001ECA400F7D
:10DE500025208002D300001025884000F60002240F
:10DE60002500A212F700A22E17004010F500022490
:10DE7000E5FFA2560000048E0C0082942E00401490
:10DE8000059D153C059D153CE867B526CA65410F03
:10DE90002520A0020000048E25B840002130820019
:10DEA0002B98D300BF0060120004112425304000DD
:10DEB0002528A002D665410F212044020000028ED1
:10DEC0001900001021105700FA0002244700A21286
:10DED000FB000224CCFFA2560000048E0F008290AB
:10DEE000020042305B004014069D073C7C8EE72414
:10DEF00044000010720206240000E48C0400862412
:10DF00002B98D300A700601200041124059D053C46
:10DF100004000624F067A524D665410F21204402A1
:10DF20000000028E04004224C8FFC016000002AEAA
:10DF30009C00001025880000D4FF0010E067B52683
:10DF40000400423017004014000000005BF7400F4F
:10DF500000000000059D063C1000A2AF1400A3AF16
:10DF6000F867C624200005242D67410F1800A42758
:10DF70000000048E25A84000213044002B98D300D7
:10DF80008800601200041124253040001800A527E5
:10DF9000D665410F212044020000028EE2FF0010EE
:10DFA000211055005BF7400F000000000F00849225
:10DFB00025304000040084300300801025286000D4
:10DFC00027300200272803001000A6AF059D063C5D
:10DFD0001400A5AF0068C624200005242D67410F5A
:10DFE0001800A427E3FF00100000048E0F008290A9
:10DFF0000200423009004014069D073C948EE7243D
:10E0000066020624059D053C059D043C0868A52480
:10E01000206884242564410F00000000B7C7400F2A
:10E020000000000025204000F75B410F3800A2AF40
:10E03000059D063C1000A2AF1400A3AF5868C6248B
:10E04000200005242D67410F1800A427C9FF0010E8
:10E050000000048EB7C7400F00000000059D063C7D
:10E060001000A2AF1400A3AF6068C62420000524EE
:10E070001800A4273800A2AF2D67410F3C00A3AFC2
:10E08000BCFF00100000048E0F0082901000423090
:10E0900044004014020011245BF7400F0000000010
:10E0A000030060103800A2AF3E00001000041124ED
:10E0B0000000038E010064242B209300FAFF8010DF
:10E0C0002118430222000424000064A00000038EF3
:10E0D0000100632428004010000003AE21186200F4
:10E0E0002B1873002F00601000041124A05B410F57
:10E0F000010044242A00401025A840000E0083920D
:10E100006000022408006210069D073C059D053C46
:10E11000059D043C608EE724EC0106240868A524D4
:10E12000BCFF0010686884241800A7273800A627C1
:10E130002528A002D8C9400F252080020A004014DB
:10E14000258840003800B78F0000048E2528A002E3
:10E150002530E002D665410F212044020000068EE2
:10E160002130D700000006AEB760410F2520A00285
:10E170000D0020166400BF8F0000058E0100A6244C
:10E180002B98D300C8FF60122200022421284502E8
:10E190000000A2A00000028E63FF001001004224D4
:10E1A0000080113C6400BF8F251020026000B78FF3
:10E1B0005C00B68F5800B58F5400B48F5000B38FF9
:10E1C0004C00B28F4800B18F4400B08F0800E003CC
:10E1D0006800BD2710004230F2FF405400041124B3
:10E1E0005BF7400F00000000AFFF601425B0400057
:10E1F0000000028E010043242B187300AAFF601058
:10E20000211042025B000324000043A00000028EA4
:10E210001800A527252080020100422480C8400F55
:10E22000000002AE25884000DEFF401425A8000053
:10E230001000B6161800A527C1C8400F252080027F
:10E24000D8FF4014258840000000058E0100A62458
:10E250002B98D30094FF6012212845025D00022410
:10E260000000A2A00000028E01004224CDFF001099
:10E27000000002AE0C00A012010002240000028E79
:10E28000010043242B18730087FF60102110420205
:10E290002C000324000043A00000028E0100422451
:10E2A000000002AE010002241000A2AF25380002D7
:10E2B000253060022528400263F7400F1800A4278C
:10E2C000B8FF401425884000D9FF00100100B52692
:10E2D0000F00829010004230B2FF4014000411245D
:10E2E0005BF7400F000000006FFF601425B0400096
:10E2F0000000028E010043242B1873006AFF601097
:10E30000211042027B000324000043A00000028E83
:10E310001800A527252080020100422480C8400F54
:10E32000000002AE258840009EFF401425A8000092
:10E330001100B6121800A5270C00A0122000A28F11
:10E340000000028E010043242B18730056FF60105A
:10E35000211042022C000324000043A00000028E82
:10E3600001004224000002AE2000A28F0D004054A4
:10E370001000A0AF1800A527C1C8400F25208002BB
:10E3800088FF4014258840000000058E0100A62467
:10E390002B98D30044FF601221284502B0FF0010E3
:10E3A0007D00022425380002253060022528400225
:10E3B00063F7400F1800A4277AFF40142588400017
:10E3C0000000028E010043242B18730036FF6010FA
:10E3D000211042023A000324000043A00000028EF4
:10E3E0001800A427010042241ECA400F000002AEFC
:10E3F0006CFF4014258840002000A28FDDFF4010F4
:10E40000253800021000A0AF253060022528400208
:10E4100063F7400F1800A42762FF401425884000CE
:10E420002000A28F0300401400000000C0FF001075
:10E430000100B5261ECA400F1800A42759FF40143A
:10E4400025884000BAFF00100100B52655FF0010D6
:10E4500001001124B0FFBD274400B2AF4C00BFAF94
:10E460004800B3AF4000B1AF3C00B0AF6000B28F26
:10E470001B008010010002241A00C0104C00BF8F46
:10E48000180040121800B3272588E0002580C0003E
:10E490001000B3AF2800A72731C8400F2530000077
:10E4A0000F0040143000A727010002241000A2AF83
:10E4B00025302002252800022520600263F7400F46
:10E4C0003000A0AF0D0040143000A68F2B88D10083
:10E4D00003002012000046AE21800602000000A2C8
:10E4E0004C00BF8F4800B38F4400B28F4000B18F03
:10E4F0003C00B08F0800E0035000BD27F8FF00107B
:10E50000000040AEC8F7BD272008B0AF3408BFAF49
:10E510003008B4AF2C08B3AF2808B2AF2408B1AFAD
:10E520001A008010010010241900C0103408BF8F99
:10E530001700E0104808A28F2588E0002590C00051
:10E540001400A2AF1808A2271000A2AF00080724E9
:10E5500015F9400F1800A6270C0040142580400034
:10E560001808B38F01007426A05B410F252080029C
:10E570000F004010000042AE253080021800A52791
:10E58000D665410F25204000000033AE3408BF8F10
:10E59000251000023008B48F2C08B38F2808B28FE2
:10E5A0002408B18F2008B08F0800E0033808BD2789
:10E5B000F6FF00100080103C0300801000000000F7
:10E5C000B760410B000000000800E00300000000FD
:10E5D0000400A28C70FFBD278000B6AF1C00A2AF64
:10E5E0000800A28C7C00B5AF0000D68C0400D58C4E
:10E5F0001800A2AF1000A28C8800BEAF6C00B1AFB3
:10E600006800B0AF9000A4AF2588E0000000BE8C89
:10E610000C00B08C25300000253800002520C002F9
:10E620002528A0028C00BFAF8400B7AF7800B4AF3C
:10E630007400B3AF7000B2AF5754410F4000A2AFA7
:10E64000080040040400C233340040140800D433EE
:10E650001800A28F0B0080123000A2AF040000103F
:10E66000200002240080023C26A855002D00022430
:10E67000000002A21800A28F01001424FFFF422410
:10E680003000A2AFBFFF232600F0A27E2500C016F7
:10E690002000A3AFF07F033C23004354F07F053CF0
:10E6A0002000A28F019D113C212014021A00422C4F
:10E6B000030040108C932526019D053C8893A524DA
:10E6C0008A66410F000000008C932426CA65410F22
:10E6D000000000001800A78F9000A48F1000BEAFAC
:10E6E00025280002B555410F253040008C00BF8F12
:10E6F0008800BE8F8400B78F8000B68F7C00B58FF6
:10E700007800B48F7400B38F7000B28F6C00B18F3B
:10E710006800B08F0800E0039000BD27D4FF001010
:10E720002B000224F07F053C2000A48F0100A324CD
:10E730002B18430021B81402050060101A00842C25
:10E740000C004514300002240B00C01258000324B2
:10E75000019D113C0300801094932526019D053CEA
:10E760009093A5248A66410F2520E002D7FF001070
:10E7700094932426580003240000E2A27800022487
:10E780000B10640025300000253800002520C00251
:10E790002528A0020C54410F4400A2AF069D033C63
:10E7A00025980000909B718C15014014949B728CED
:10E7B0001C00A28F1C00A48F180003240000422814
:10E7C0000A1882004400A28F3800A3AF2548200217
:10E7D0000100E2A2010062244400A2AF25404002F1
:10E7E0002800B6AF2400B5AF25B800002800AB8FD5
:10E7F0002400AA8F25302001252060012528400112
:10E80000253800012400ABAF2800AAAF5400A9AFFF
:10E810009B23410F5000A8AF252040007355410FA6
:10E82000252860005400A98F5000A88F25204000A3
:10E830002530200125380001252860005800A9AFA7
:10E840005400A8AF4800A2AF3D36410F4C00A3AF23
:10E850002400AB8F2800AA8F2530400025206001BE
:10E86000252840014B2A410F25386000069D0C3CAD
:10E870005800A98F5400A88FA89B868DAC9B878DCC
:10E8800025202001252800012800A2AF6000A2AFAA
:10E890002400A3AF5C00A3AF3D36410F5000ACAFE6
:10E8A000254840001C00A28F254060000D00410457
:10E8B0000100F7266000AB8F5C00AA8F25300000B6
:10E8C0002538000025206001252840015400A9AF0B
:10E8D0000C54410F5800A3AF5400A98F05004010FD
:10E8E0005800A88F4400A28FC0FF57143800A28F91
:10E8F00001005724069D023CB09B468CB49B478C7C
:10E90000252020013D36410F2528000125304000FB
:10E91000253860003800A2AF3C00A3AF2400A28FCE
:10E920002800A38F252840005754410F2520600060
:10E93000150040043800A88F3C00A98F2800A38F41
:10E940002400A28F253000012538200125206000F9
:10E950000C54410F252840003800A88F0C004014AB
:10E960003C00A98F4800A48F4C00A58F2800A8AFB9
:10E970009B5E410F2C00A9AF010042302800A88FF8
:10E98000030040142C00A98F2540000025480000FA
:10E9900025300001253820012520C0024D2A410FD5
:10E9A0002528A0022400A3AF020094262800A2AFCD
:10E9B0000400401400F0637CF07F023C39FF6210D9
:10E9C0002000A28F3000A28F25A8800225480000D9
:10E9D000FEFF4A24231017003800A2AF25B800001C
:10E9E00025B000004000A28FFBFF42242B10A202A2
:10E9F000370040102568A0022800A38F2400A28FB2
:10EA000025302002253840022520600025284000BE
:10EA10005400AAAF4400A9AF9B23410F4800ADAFFB
:10EA2000252040007355410F252860002520400017
:10EA3000252860003000A2AF9B5E410F3400A3AFD9
:10EA40004800AD8F4400A98FB50040145400AA8F30
:10EA5000BC00C0522BB81700010029253000A48F3C
:10EA60003400A58F25302002253840024400AAAF8B
:10EA70003D36410F4800A9AF2530400025386000E1
:10EA80002400A28F2800A38FFFFFD6262528400050
:10EA90004B2A410F252060002800A2AF5000A28F12
:10EAA0002520200225284002A89B468CAC9B478C41
:10EAB0003D36410F2400A3AF258840003800A28FC7
:10EAC000259060004800A98FC6FF56144400AA8F05
:10EAD0001400E01621201502CF002011211015028C
:10EAE0001C00A38FCC0060180100C333CA0060145F
:10EAF0002E000324000043A0211835012118030231
:10EB000030000424010044A001004224FDFF43140E
:10EB100021403501274809000100152521502A010F
:10EB200021201502000080A00300610625180000C6
:10EB300023981300010003244000A28FFFFF4A2501
:10EB400001000924FFFF4224212802020000A0A0A6
:10EB50000A000724010005249E0060162188450153
:10EB60009C00A9102D0006242B0005240B28C300AF
:10EB70002518A00021280202FFFFA3A02000A38FD8
:10EB800050000624700005241A00632C0B28C300D3
:10EB9000FEFF42242518A000212802022A10A2020A
:10EBA000030040100000A3A08A66410F000000008F
:10EBB0000300C233020003240C004314FEFF32267C
:10EBC000C2FE401A25200002CA65410F252000021E
:10EBD0002A185400890060102530400230000524B6
:10EBE0008066410F212014021800A0AFB7FE00106C
:10EBF0002520000201007326258820012590600051
:10EC00002530200225384002252020024D2A410FC0
:10EC10002528400225386000253040002520C0020C
:10EC20002528A0022800A3AF5754410F2400A2AF0B
:10EC30002800A38FEFFF41042400A98F069D023C0A
:10EC4000989B438C9C9B428C2800A3AF2400A2AFCE
:10EC5000069D023CA09B438CA49B428C3800A3AF32
:10EC60004800A2AF4800A28F5000A3AF5400A2AF4B
:10EC70002800A28F5800A2AF2400A28F5C00A2AF90
:10EC800025302002253840022520C0025754410F6C
:10EC90002528A002C6FE41042800A68F2400A78FC5
:10ECA000252020023D36410F252840022520400026
:10ECB00025300000253800000C54410F2528600045
:10ECC0000E0040143800A68F4800A78F2520200290
:10ECD0003D36410F252840025000A68F5400A78FD3
:10ECE0002520C0022528A002258840003D36410F7E
:10ECF0002590600025B0400025A860005800A68F30
:10ED00005C00A78F252020023D36410F25284002B8
:10ED10002588400025906000D9FF0010FFFF732672
:10ED20000900E0162518A0020700C01221680D0294
:10ED30002E0003240100B526FFFF4A250000A3A1F1
:10ED4000010017242518A0022128150225202001E2
:10ED500004000010300006240000A6A0FFFF842459
:10ED60000100A524FCFF80140100A826FFFF4A250E
:10ED70002350490121A80901214823010A00432801
:10ED80002148090202006010570044243000442446
:10ED90002000A28F1A00422C0B0040102000823469
:10EDA0009FFF42241A00422C08004050000024A17A
:10EDB0004400A9AFB967410F4800AAAF4400A98F2A
:10EDC0004800AA8F25204000000024A123FF001046
:10EDD000254800001A006702F401E000FFFF42240A
:10EDE00021580202FFFFA524103000003000C62485
:10EDF000000066A158FF00101298000021180202BE
:10EE0000000064802118220221180302FEFF64A082
:10EE10006FFF0010FFFF42241000C33341FF60105A
:10EE2000212015022E0003240100B5263CFF00100E
:10EE3000000043A02318A400261083002628A40065
:10EE40002428A2002610A3000800E003C217020035
:10EE50001000828C1C02868C0400488C3002828C4C
:10EE6000231808002138C8000041C6242438E300D4
:10EE7000030040102418C3002138E800211868005E
:10EE80002B38A7000300E014251000002B186500A4
:10EE9000010062380800E003000000001000828CCE
:10EEA0000000A78C0400488C3002828C0F004010B8
:10EEB000234808002110E8000000A2AC0000C38C29
:10EEC00023186200242869001C02838C2718030081
:10EED000211865000140642C004005240A18A40094
:10EEE000211062000800E0030000C2AC1C02828C0A
:10EEF0000400E724010042242110480024104900A6
:10EF0000EDFF001021104700069D023CE0FFBD27E9
:10EF1000E89C42241C00BFAF1800B2AF1400B1AF90
:10EF20001000B0AF2590A000000082AC25100000BA
:10EF3000080082AC0C00428E25180000258080005D
:10EF40000C0083AC2528C000100084242530E0008C
:10EF500009F840004000B18F3800A78F3400A68F19
:10EF60003000A58FAB35410F980104263C00A28FDD
:10EF7000200204260C0020161C0202AE10000624FB
:10EF80008066410F2528000001000224300202AEF5
:10EF90001C00BF8F1800B28F1400B18F1000B08F0B
:10EFA0000800E0032000BD270400468ED665410F0F
:10EFB00025282002F6FF0010300200AE069D023C1C
:10EFC000E0FFBD27D89C42241C00BFAF1800B2AFA1
:10EFD0001400B1AF1000B0AF2590A000000082ACCB
:10EFE00025100000080082AC0C00428E251800009D
:10EFF000258080000C0083AC2528C00010008424EC
:10F000002530E00009F840004000B18F3800A78F9C
:10F010003400A68F3000A58FAB35410F9801042630
:10F020003C00A28F200204260C0020161C0202AE17
:10F03000100006248066410F2528000001000224EC
:10F04000300202AE1C00BF8F1800B28F1400B18FC7
:10F050001000B08F0800E0032000BD270400468E9A
:10F06000D665410F25282002F6FF0010300200AEC1
:10F0700002160700000082A0A030067C02140700E0
:10F08000010082A00234260002120700020082A0C2
:10F09000030087A00800E003040086AC20FEBD2723
:10F0A000F001A28FB801B0AFC001B2AF0000508C28
:10F0B0001000828CC401B3AF2598E0000400528C8C
:10F0C0001000428CBC01B1AFE401A5AF25888000DF
:10F0D000E801A6AF20028524DC01BFAFD801BEAF96
:10F0E000D401B7AFD001B6AFCC01B5AFC801B4AF52
:10F0F000253800022530600209F840001000842401
:10F100003002228E040040501C02328E219872027E
:10F11000238012021C02328E000142262B10500066
:10F120000200401025A0400200FF1426FFFF102619
:10F130002110700200004790232814028DFB400F1D
:10F140002520E0000100573823A8070226A8B402B2
:10F150002310170024A8A20226A8B402253080029A
:10F160002B10D0005D0040142528000025304002FF
:10F1700023A092028066410F7001A42723B0B2023F
:10F180002530800225F00000253800002B10D0002B
:10F190005D0040140100E824050007240100152447
:10F1A00004A8F5000630FE002528A0022520000056
:10F1B00023300600700044160100A82425304002C8
:10F1C0001800A5277001A427D665410FB001A7AF8D
:10F1D000B001A78F27A81500FFFF0224FFFFE72437
:10F1E000EEFFE21424F0D5030800268E0C00278ED3
:10F1F0003001B5270100C3242B1066002110470001
:10F20000080023AE0C0022AE1CFC400F2520A002FB
:10F21000E401A28F1C02268E980125263801A2A3A4
:10F22000E801A28F1800A4273C01B6A30212020035
:10F230003901A2A3E801A28F238012023A01A2A3FE
:10F2400002121600E135410F3B01A2A30D00062476
:10F250002528A0020A36410F1800A427252860029D
:10F260001400B5AF1000B0AF253880022530C002C1
:10F270009934410F1800A4271C02258E2510000088
:10F280004D00A2147001A327004005248DFB400F00
:10F290002520C0020100423824B857005100E01276
:10F2A000F001A28F000056ACDC01BF8F2510600278
:10F2B000D801BE8FD401B78FD001B68FCC01B58FE6
:10F2C000C801B48FC401B38FC001B28FBC01B18F2C
:10F2D000B801B08F0800E003E001BD272528C00079
:10F2E0008DFB400F2520A0022118660200006390CC
:10F2F0000100C6242618E3000100632C25106200DB
:10F3000097FF001024B8E202010048522540000097
:10F310002528C0008DFB400F2520A0022528C00015
:10F320002520C0028DFB400F2548400021286602A1
:10F330000000A590010042381800A32724104900BE
:10F3400021206700231002002410450058018590F9
:10F3500025104500580182A02620D6002310040065
:10F3600025104400C21702000AF0E2000100C62482
:10F3700086FF00102538000101004852254000009A
:10F380007001A22721104400000049901800A22714
:10F3900021284500215044005801A29001008424F6
:10F3A00025280001261022012410460026104900BD
:10F3B00080FF0010000042A1211862002120A2025B
:10F3C0000000639000008490010042242620640025
:10F3D0002318040027186400C21F0300A8FF0010B0
:10F3E00024B8E302B0FF00102598000090FEBD276E
:10F3F0008001A28F4C01B1AF5001B2AF0000518C1F
:10F400001000828C6801BEAF6401B7AF0400528C5B
:10F410003002828C6001B6AF5C01B5AF5401B3AF6E
:10F420004801B0AF6C01BFAF5801B4AF25B0800048
:10F4300025A8A0002598C0002580E00098019E2402
:10F44000610040101800B7270C00878C0800868CDC
:10F450001CFC400F3001A427253040022528C003A2
:10F46000E135410F2520E002080006243001A527E0
:10F470000A36410F2520E002232812020E36410FE2
:10F480002520E00223401202FBFF14250800C68E4F
:10F490000C00C78EFF00B5320100C4242B1086007B
:10F4A000211047000800C4AE0C00C2AE1CFC400F87
:10F4B0003001A4271C02C68E003A627E2520E0029D
:10F4C0004001A2AF3901A2A32528C00302121100F6
:10F4D000FF0073323B01A2A33C01B1A33801B5A3E5
:10F4E000E135410F3A01B3A32520E0020D000624C7
:10F4F0000A36410F3001A527253020022520E002E1
:10F500000A36410F25280002212811020E36410F2C
:10F510002520E0021C02C28EFFFF5726218822020E
:10F5200024B8F10223B85702212011022530E0024D
:10F530008066410FFFFFE5263002C28E03004010B7
:10F540002188370223801202218832021000C28EE5
:10F5500025382002253000021000428C2002C526EA
:10F5600009F840001000C4264001A28FFBFF15A23D
:10F57000FDFF13A2FCFF02A202121100FEFF02A275
:10F58000FFFF11A28001A28F6C01BF8F21801102A9
:10F5900023801402000050AC6801BE8F2510800249
:10F5A0006401B78F6001B68F5C01B58F5801B48FCD
:10F5B0005401B38F5001B28F4C01B18F4801B08F0D
:10F5C0000800E0037001BD270200222E1300401442
:10F5D000170002241100A214231012001C02878CB1
:10F5E000FFFF31260100E7242138F2002438E20031
:10F5F0000000029223380702FCFFE7240000E2A08B
:10F60000010002241000B7AFFBFC400F1800A2AFAE
:10F6100025A040009DFF0010010010269BFF001058
:10F62000FBFF1426049D053CB0FFBD27986AA52466
:10F630004C00BFAFEF29410F2520000002F3400F1F
:10F6400025200000049D053C2530400025200000B9
:10F65000EF29410FB86AA5242080848FFFFF022480
:10F66000150082104000A527A4F1400F4000A0AF74
:10F67000140040104000A68F049D053CDC6AA524C0
:10F68000EF29410F252000002080848F58F2400F81
:10F690001800A527110040103000A28F2400A78F6A
:10F6A0001800A68F049D053C1000A2AF1C6BA5247A
:10F6B000EF29410F252000004C00BF8F0800E00318
:10F6C0005000BD27049D053CF86AA524EF29410F91
:10F6D00025200000EDFF00102080848F049D053C54
:10F6E000646BA524EF29410F25200000F3FF0010D3
:10F6F0004C00BF8F049D053CE8FFBD27252000007E
:10F700001000B0AF1400BFAFEF29410F846BA524E8
:10F710002080848FFFFF1024050090101400BF8FFD
:10F72000CDF2400F00000000208090AF1400BF8F8A
:10F730001000B08F049D053C946BA524252000008B
:10F740001800BD27EF29410B718280A3718283933A
:10F7500004006010251000002080828F01004224E8
:10F760002B1002000800E00300000000D8FFBD27B6
:10F770002400BFAF2000B3AF1C00B2AF1800B1AF80
:10F78000D3FD400F1400B0AF04004050049D053C71
:10F790000700A01425988000049D053CB06BA524AB
:10F7A000EF29410F252000000B00001025800000EC
:10F7B000252000002588A000FC44410F2590C000B2
:10F7C0000D00401425804000049D053CEC6BA524F1
:10F7D000EF29410F252000002400BF8F25100002D3
:10F7E0002000B38F1C00B28F1800B18F1400B08FAF
:10F7F0000800E0032800BD2725304002FF00052453
:10F800008066410F252020022080848F25386002E9
:10F8100025304002F4F1400F252820020900401451
:10F8200025804000049D053C0C6CA524EF29410F68
:10F83000252000001345410F00000000E7FF0010E5
:10F840002400BF8FECF1400F2080848FFDFF40101B
:10F8500000000000ECF1400F2080848F1345410F21
:10F860002588400001000324DBFF2312049D053C92
:10F87000CBFF00102C6CA524D8FFBD272400BFAF00
:10F880002000B3AF1C00B2AF1800B1AFD3FD400FE2
:10F890001400B0AF04004050049D053C0800A014C3
:10F8A00025888000049D053C4C6CA524EF29410F60
:10F8B00025200000258000000C0000102400BF8FD0
:10F8C000252000002590A000FC44410F2598C00091
:10F8D0003100401425804000049D053CEC6BA524BC
:10F8E000EF29410F252000002400BF8F25100002C2
:10F8F0002000B38F1C00B28F1800B18F1400B08F9E
:10F900000800E0032800BD272530200213F2400F35
:10F910002528400208004014049D053C886CA5245D
:10F92000EF29410F252000001345410F25800000DD
:10F93000EEFF00102400BF8FECF1400F2080848F79
:10F94000FDFF401000000000ECF1400F2080848F8C
:10F950000100032403004310049D053CF0FF001048
:10F96000A46CA524FF0023320001022423104300CD
:10F97000FFFF42302B185300020060102530600258
:10F9800025304000FFFFC630218826022190460224
:10F9900023306602FFFFD330DBFF60562080848F68
:10F9A0001345410F00000000D0FF00102400BF8F5E
:10F9B000E0FFBD271C00BFAF1800B1AFD3FD400F63
:10F9C0001400B0AF0B004014049D053C258040009E
:10F9D000C46CA524EF29410F252000001C00BF8F17
:10F9E000251000021800B18F1400B08F0800E0034A
:10F9F0002000BD2725888000FC44410F2520000001
:10FA00000400401425804000049D053CF1FF0010D7
:10FA1000EC6BA5242080848F33F2400F2528200230
:10FA20000900401425804000049D053CF46CA52489
:10FA3000EF29410F252000001345410F0000000071
:10FA4000E7FF00101C00BF8F64001124ECF1400F91
:10FA50002080848F0800401401000424AA7D400FF8
:10FA6000FFFF3126F9FF2016049D053C146DA524E7
:10FA7000EF29410F25200000ECF1400F2080848FFA
:10FA80001345410F2588400001000324D3FF2312B2
:10FA9000049D053C346DA524EF29410F252000006D
:10FAA000CEFF001025800000E0FFBD271C00BFAF87
:10FAB0001800B1AFD3FD400F1400B0AF0B004014DD
:10FAC000049D053C258040005C6DA524EF29410F75
:10FAD000252000001C00BF8F251000021800B18FE8
:10FAE0001400B08F0800E0032000BD27FC44410F44
:10FAF000252000000400401425804000049D053CA2
:10FB0000F2FF0010EC6BA524049D053C8C6DA52430
:10FB1000EF29410F252000004BF2400F2080848FF9
:10FB20000900401425804000049D053CAC6DA524CF
:10FB3000EF29410F252000001345410F0000000070
:10FB4000E5FF00101C00BF8FECF1400F2080848F78
:10FB5000FDFF401000000000ECF1400F2080848F7A
:10FB60001345410F2588400001000324030023169C
:10FB7000049D053CD5FF0010C86DA524049D053CDF
:10FB8000F46DA524EF29410F25200000D1FF0010BE
:10FB90002580000071828293E0FFBD271C00BFAF6B
:10FBA0000D0040141000A0AF2080838FFFFF0224BF
:10FBB00009006214049D053C186EA524EF29410F2D
:10FBC00025200000251800001C00BF8F25106000B4
:10FBD0000800E0032000BD27040006241000A5272C
:10FBE000DBFD400F25200000F7FF40141000A38F1D
:10FBF000049D053CF1FF0010486EA524E0FFBD27E1
:10FC0000049D053C2000A4AF25308000646EA5242F
:10FC10001800B0AF1C00BFAFEF29410F2520000036
:10FC2000718290930C0000162080838FFFFF0224C6
:10FC300009006214049D053C8C6EA524EF29410F38
:10FC4000252000001C00BF8F251000021800B08F77
:10FC50000800E0032000BD276CFE400F25200000B7
:10FC60000400401425804000049D053CF3FF001073
:10FC7000B86EA524040006242000A5271EFE400F10
:10FC80002520000016004010258040001400A0AF81
:10FC90001400A28F102742280C00401404000624F0
:10FCA0001000A52725200000DBFD400F1000A0AFAD
:10FCB000E4FF40101000A38F2000A28FE1FF62102C
:10FCC000049D053CDDFF0010DC6EA5241400A28F0E
:10FCD000010042241400A2AFEDFF0010000000005C
:10FCE000049D053CD5FF0010086FA524049D053C2C
:10FCF000E0FFBD27286FA524252000001C00BFAF12
:10FD00001800B1AFEF29410F1400B0AF7182829398
:10FD100008004010049D053C386FA5241C00BF8FCF
:10FD20001800B18F1400B08F25200000EF29410B7F
:10FD30002000BD27E844410F0000000002F3400FFF
:10FD4000252000000200032403004310049D053C0D
:10FD5000F2FF0010586FA5240300052485F2400F20
:10FD600025200000FFFF112404005114208082AFE1
:10FD7000049D053CE9FF0010786FA52401000224D2
:10FD80003412103C718282A3E5FE400F7856102693
:10FD90000F005010049D053C25200000EF29410F65
:10FDA000A06FA524FFFE400F252000020D00401487
:10FDB000049D053CC46FA524EF29410F25200000B8
:10FDC000CDF2400F2080848F208091AF718280A37C
:10FDD0001C00BF8F1800B18F1400B08F0800E00323
:10FDE0002000BD27E5FE400F00000000F8FF501086
:10FDF000049D053CC9FF0010EC6FA524E0FFBD2762
:10FE00001400B2AF1000B0AF2590C0002580800074
:10FE10002530A00050008424080005241800B3AF4A
:10FE20001C00BFAF9A65410F2598E0001C00BF8FF2
:10FE3000480012AE4C0013AE1400B28F1800B38FFE
:10FE40001000B08F0800E0032000BD27059D023C94
:10FE5000E8FFBD27103C4224059D053C1000B0AFD3
:10FE60001400BFAF25808000000082AC2000062473
:10FE70004C3DA524D665410F500084241400BF8F4B
:10FE80002510000025180000480002AE4C0003AE0B
:10FE90001000B08F0800E0031800BD27059D023C4C
:10FEA000E8FFBD27F43B4224059D053C1000B0AFA0
:10FEB0001400BFAF25808000000082AC2000062423
:10FEC0002C3DA524D665410F500084241400BF8F1B
:10FED0002510000025180000480002AE4C0003AEBB
:10FEE0001000B08F0800E0031800BD27E8FFBD2711
:10FEF0001000B0AF25808000080006242520A00057
:10FF00001400BFAFA964410F500005261400BF8F35
:10FF10004800028E4C00038E1000B08F0800E003F2
:10FF20001800BD27D0FEBD27253080001001B0AFDE
:10FF30001000A4272580A000100005242C01BFAFCD
:10FF40002801B6AF2401B5AF2001B4AF1C01B3AF97
:10FF50001801B2AF9A65410F1401B1AF1000AA2782
:10FF6000D000A627251840013800648C0400658C59
:10FF700004006324C23C24004214240026104700DD
:10FF800082220400FCFF678C261044002000648C51
:10FF90002120870021104400823C2500C221250039
:10FFA00026208700C2280500262085002110440055
:10FFB000EDFFC3143C0062AC0000118E0400198EEA
:10FFC0000800188E0C000F8E10000E8E14000D8E7F
:10FFD00018000C8E1C000B8E059D093C2C3C29251D
:10FFE0000001332525106001251880012520A0017E
:10FFF0002528C0012530E0012538000325402003D5
:020000041D04D9
:1000000025902002C2AA250082A1250026A09502E3
:1000100042AE25000000568D26A095020000358DC9
:100020002000292520004A2521A8B60221A09502FA
:1000300026A8830024A8A50226A8A30221A0950231
:100040002110820242AB320082A0320026A095022B
:1000500082AD320026A0950225A8070124B0070131
:1000600024A8B20225A8B60221A09502213046009C
:10007000E4FF558D21108202E4FF348D24B0480244
:1000800021A095022118830226A0A40024A08602A4
:1000900026A0840221187400C2AA260082A126008C
:1000A00026A0950242AE260026A0950221A074004B
:1000B00042AB2200821822002618750082AD220071
:1000C0002618750025A8480224A8A20225A8B60271
:1000D000211875002118740021388702E8FF558D1A
:1000E000E8FF348D24B0520021A095022120840223
:1000F00026A0C50024A0870226A085022120940006
:10010000C2AA270082A1270026A0950242AE27009E
:1001100026A0950221A0940042AB23008220230058
:100120002620950082AD23002620950025A85200A8
:1001300024A8A30225A8B60221209500212094001E
:1001400021408802ECFF558DECFF348D24B0430034
:1001500021A095022128850226A0C70024A088029C
:1001600026A086022128B400C2AA280082A1280065
:1001700026A0950242AE280026A0950221A0B40038
:1001800042AB2400822824002628B50082AD24003A
:100190002628B50025A8430024A8A40225A8B60255
:1001A0002128B5002128B40021909202F0FF558D3E
:1001B000F0FF348D24B0640021A095022130860226
:1001C00026A0E80024A0920226A087022130D400B5
:1001D000C2AA320082A1320026A0950242AE3200AD
:1001E00026A0950221A0D40042AB25008230250034
:1001F0002630D50082AD25002630D50025A8640024
:1002000024A8A50225A8B6022130D5002130D400AB
:1002100021105400F4FF558DF4FF348D24B0850077
:1002200021A095022138870226A0120124A0820273
:1002300026A088022138F400C2AA220082A122004E
:1002400026A0950242AE220026A0950221A0F4002D
:1002500042AB2600823826002638F50082AD260003
:100260002638F50025A8850024A8A60225A8B602F0
:100270002138F5002138F40021187400F8FF558D5D
:10028000F8FF348D24B0A60021A0950221408802F9
:1002900026A0420224A0830226A09202214014013B
:1002A000C2AA230082A1230026A0950242AE230009
:1002B00026A0950221A0140142AB2700824027000E
:1002C0002640150182AD27002640150125A8A6006D
:1002D00024A8A70225A8B6022140150121209400D8
:1002E00021401401FCFF558DFCFF348D24B0C70064
:1002F00021A095022190920226A0430024A084020E
:1003000026A0820221905402C2AA240082A12400C5
:1003100026A0950242AE240026A0950221A05402F8
:1003200042AB2800829028002690550282AD28001A
:100330002690550225A8C70024A8A80225A8B60221
:10034000219055022128B4002EFF691621905402F5
:100350002C01BF8F21883202214028032138070356
:100360002130E6012128C5012120A40121188301A3
:1003700021106201000011AE040008AE080007AEB3
:100380000C0006AE100005AE140004AE180003AE5B
:100390001C0002AE2801B68F2401B58F2001B48F56
:1003A0001C01B38F1801B28F1401B18F1001B08FEF
:1003B0000800E0033001BD274800828CD0FFBD2734
:1003C0001800B2AF259080004C00848C1400B1AFAF
:1003D0003F0051302110C2002B1846002118640044
:1003E0002400B5AF2000B4AF1000B0AF2C00BFAFF9
:1003F0002800B6AF1C00B3AF25A0A0002580C00028
:10040000480042AE4C0043AE040055260A000016D8
:100410002C00BF8F2800B68F2400B58F2000B48F2A
:100420001C00B38F1800B28F1400B18F1000B08F72
:100430000800E0033000BD27400016242310D1023D
:100440002B9802020B101302259840002120B102C4
:100450002530400025288002D665410F21883302CF
:100460000400361650004526C9FF400F2520A00283
:100470002588000021A09302E4FF001023801302CE
:1004800078FFBD277400B0AF4800908C8000B3AFF8
:100490007C00B2AF3F0010327800B1AF25988000E9
:1004A0002588A0002590C000040085242530000286
:1004B0008400BFAFD665410F1000A4275000A427C9
:1004C00020000624D665410F500065261000A327A2
:1004D000010002262180700080FF0324000003A297
:1004E0001000A327212062003900432C2B00601448
:1004F00038000624400006242330C2008066410FE5
:10050000252800005000A527C9FF400F1000A42790
:1005100038000624252800001000A4278066410F1B
:10052000000000004800628E4C00638E5000A5273A
:1005300042270200C018030025188300022603008A
:100540004800A4A3C0100200022403004900A4A391
:10055000A010027C022203004A00A4A3021422007D
:100560001000A4274B00A3A3C9FF400F4C00A2AF6B
:10057000253040025000A527A964410F2520200204
:100580008400BF8F8000B38F7C00B28F7800B18F62
:100590007400B08F0800E0038800BD272330C2003C
:1005A000DEFF0010252800002001410B0700062473
:1005B0002001410B0800062478FFBD278800A4AF66
:1005C0009000A6AF9400A7AF253080002538A0008A
:1005D0003000A4278400BFAF8C00A5AF8000BEAF61
:1005E0006C00B3AF6800B2AF9C00B38F9800B28FBD
:1005F0007C00B7AF7800B6AF7400B5AF7000B4AF91
:100600006400B1AF4C5C410F6000B0AF9000A68FAA
:100610009400A78F4C5C410F2000A4272530400296
:10062000253860024C5C410F1000A4273800BE8FB3
:10063000CB03C22B060040109000A68F2800AF8F7E
:10064000CB03E2290E0040141800A68F9000A68F5D
:100650009400A78F8800A48F3D36410F8C00A58F92
:100660002530400025386000252040024D2A410FEA
:1006700025286002259040000600001025986000A3
:10068000CB03C22811004014CB030224F0FFC21494
:100690009000A68F8400BF8F2510400225186002AD
:1006A0008000BE8F7C00B78F7800B68F7400B58F46
:1006B0007000B48F6C00B38F6800B28F6400B18F8C
:1006C0006000B08F0800E0038800BD273000A28FD3
:1006D0002000AC8F2400A48F3400B88F19004C0088
:1006E00021F0CF032388DE00104800004400A9AFAA
:1006F000124000004000A8AF4000A98F190044003C
:10070000121000001018000019000C031260000005
:1007100021704C002B28C201106800004400A28FF9
:1007200021686D00190004034400A38F2170C201E9
:100730002128AD002B20C30112C000002128050391
:100740002B10B8002120A40010C80000211059006F
:100750002B28850025808000AD00201A21B0A20042
:100760004000222A1000AF8F790040101400B78F8C
:100770002520E0012528E002253020025400AEAFFC
:100780005000A9AF1265410F4C00AFAF4C00AF8FC6
:10079000400006242528E0022520E0012330D10076
:1007A0004800A2AFD664410F4000A3AF4000B88F0D
:1007B0004800A78F5000A98F5400AE8F25784000C5
:1007C00025B860002C00A28F3C00B18F2688220241
:1007D0001C00A28FB90051142150E9002B90470151
:1007E00021700E0321A04E022B10980225A8400173
:1007F0000600401401000624030014172B3847019B
:100800000300E0142158F001253000002158F001C8
:100810002B786F012110F6022158CB002110E20144
:100820002B30660121C8C200252060012528200345
:100830004800ABAF7861410F4000B9AFFFFF5324D0
:10084000400006242330D3002520A002D664410FA7
:10085000252880024800AB8F4000B98F2530600208
:100860002520600125282003258040001265410FC6
:1008700025906000253060022520A00225288002F6
:10088000258002021265410F259043022510430086
:100890002B1002004000DE272580020225200002E6
:1008A0000500201225284002232010002B100400F0
:1008B000232812002328A2007E60410F23F0D303D7
:1008C00025B04000C4FBC22BFC00401025B86000DE
:1008D000C3FB0224FF00C21780251000B8002012BD
:1008E000069D023C209E548C249E558C2530C002CF
:1008F0002538E002252080020C54410F2528A00253
:10090000B3004014069D023C289E468C2C9E478CCA
:100910002520C0023D36410F2528E0022528600031
:10092000F555410F25204000F75B410F2520400081
:10093000069D043C309E868C349E878C2528600062
:100940003D36410F252040004BFF00102590400010
:10095000C0FF3126C0FFDE242538000099FF201299
:1009600025C000004000222A4C0040104000A48F07
:1009700040000B2423587101253060012528C00157
:100980005800B8AF5400A7AF5000AFAF4C00ABAFAA
:100990001265410F4800AEAF4800AE8F4000A48FF3
:1009A000251043002528C00125302002D664410FC0
:1009B0002BA802004C00AB8F252000022528C00286
:1009C0002530600125A060001265410F25A8A20214
:1009D0002548A20225708302252000022528C00296
:1009E000253020024800A9AFD664410F4000AEAFC9
:1009F0002580400025B060004000AE8F4800A98FE0
:100A00005000AF8F5400A78F6EFF00105800B88FB2
:100A10002388C603050020161000A78F1400B88F86
:100A20002578000067FF001025B800004000222A4A
:100A30001F0040101000AA8F1400AB8F4000062446
:100A400025204001252860012330D1004C00AEAFA5
:100A50004800A9AF4000AAAF1265410F4400ABAFF8
:100A60004000AA8F4400AB8F2510430025302002A0
:100A70002520400125286001D664410F2BA00200EB
:100A80002538820225C060002578000025B80000C6
:100A90004800A98F4BFF00104C00AE8F01000924C5
:100AA000257000002580000046FF001025B00000E2
:100AB00001000724DAFF001025C0000023502701A1
:100AC0002B182A012340D80123A003012B10D401A5
:100AD00025A8400101001F24060040142530000015
:100AE00004008E5625F800000300601423180F023E
:100AF00025F8000023180F022BC803022310D70289
:100B00002310590023587F002B186B002310460038
:100B100023C84300130021072350E9002B38EA00C3
:100B200023400E032320F00123A007012B78E401CA
:100B30002310F6022558540121F89F0023104F007E
:100B40002B580B002B20E403211046002358EB0305
:100B5000211082002BF8EB0325A8400123C85F0079
:100B60000100312E251079012FFF40142510B40209
:100B7000B6FE40102520A0027861410F2528800292
:100B8000FFFF532407006106C017140042801500C0
:100B9000258050000100AA3225800A023FFF001084
:100BA00042901400253060022520A0021265410FFA
:100BB000252880022580400038FF00102590600025
:100BC000069D023C189E548C48FF00101C9E558CBC
:100BD0004015100039004010C017120042201000CC
:100BE0002520440042281200010010320040023C3F
:100BF0002520900005002012252845002320040010
:100C00002B100400232805002328A2007E60410F3A
:100C100000000000253040002538600025204000FD
:100C20004D2A410F252860002520400025308002F4
:100C30002538A0024B2A410F25286000258040005E
:100C4000069D023C309E468C349E478C2520000237
:100C5000252860003D36410F258860002530400082
:100C600025386000252040003D36410F25286000D2
:100C700025300002253820022520000225282002E8
:100C8000259040004B2A410F2598600025304000F8
:100C900025386000252040023D36410F252860029E
:100CA0002520400025300002253820024D2A410F22
:100CB0002528600025B0400025B860002530C0031D
:100CC0002520C0026857410F2528E0026AFE001067
:100CD000259040008015120082821000258050006F
:100CE0002B200400252090002528400282150400B6
:100CF0000448057C252845000500201280220400B8
:100D0000232004002B100400232805002328A20020
:100D10007E60410F00000000E7FF001025B040009A
:100D200020FEBD27D401B6AFD001B5AFC401B2AF2C
:100D3000BC01B0AFDC01BFAFD801B7AFCC01B4AFDD
:100D4000C801B3AFC001B1AF258080002590C000BD
:100D5000B401A5AFB001A0AF25A800001C01B627C3
:100D6000B401A28F000042805A004010800002248B
:100D7000B401A527252000029C01A0AFA001A0AFCF
:100D8000A401A0AFA801B6AF0B61410FAC01A2AFA7
:100D900025884000B401A38F00006280030040104A
:100DA000250004243B0044543C00028EB001A28F75
:100DB00021105100B001A2AF000064802500022480
:100DC0002D00821401006224B401A2AFA401A0AFDF
:100DD000010064802A000224040082142588000097
:100DE00002006324B401A3AF010011240660410F87
:100DF000B401A48F25284000252000022366410F5E
:100E0000A401A2AFB401A38F00006280D0FF4224EE
:100E10000A00422C4B00401401006324CC62410FB5
:100E2000B401A42725A04000B401A28FB267410FEE
:100E300000004480680043285F006010650043287C
:100E4000BD00601061000324BB0043106200432812
:100E50003E00601025000424E0004410B401A38F7C
:100E60005B000424FC00441080000224B401A28F23
:100E700001004224B401A2AFFFFF0224AC006216BD
:100E8000258800001300A052FFFF15241200001057
:100E9000DC01BF8F4C00038E2B184300190060103B
:100EA000010043243C0003AE00005390B401A28F24
:100EB0000000428019005310B001A28F4C00028E36
:100EC00005004010DC01BF8F3C00028EFFFF422472
:100ED0003C0002AEDC01BF8F2510A002D801B78F05
:100EE000D401B68FD001B58FCC01B48FC801B38FB8
:100EF000C401B28FC001B18FBC01B08F0800E00304
:100F0000E001BD27735B410F2520000225984000BA
:100F1000FFFF0224E5FF6216B001A28FB401A527EE
:100F20002520000201004224B001A2AFB401A28F2B
:100F3000010042240B61410FB401A2AF95FF0010E4
:100F400021882202AFFF0010B401A3AF6300032485
:100F50008A00431064000324C4FF4314B001A72790
:100F60009C01A6271800A527D360410F2520000269
:100F70000C00420425884000B401A28F01004224E5
:100F8000A8002016B401A2AF2538400201000624B3
:100F9000252880021550410F1800A4276400410441
:100FA00025884000FFFF0224B6FF2212DC01BF8F1C
:100FB000CAFF00102510A002700003244000431057
:100FC000710043280D0060106E0003244B00431095
:100FD0006F0043282C00601069000324A3FF431412
:100FE000B001A7279C01A6271800A527DC3C410FCC
:100FF00025200002DEFF0010000000007500032421
:1010000013004310780003242600431073000324C8
:1010100096FF43148000022494FF8216B401A28F2D
:1010200001004224B401A2AF0500201625100000E3
:101030000000428E04004324000043AE0000428CB6
:101040001000A2AFB001A7275F0000100100062426
:10105000B001A7279C01A6271800A527EF60410F24
:1010600025200002CFFF420425884000B401A28F52
:10107000010042246B002016B401A2AF25384002C3
:10108000C3FF001025300000B001A7279C01A62750
:101090001800A5272225400F25200002F1FF00108F
:1010A00000000000B001A7279C01A6271800A52773
:1010B0002225400F25200002EAFF0010000000005A
:1010C000B001A7279C01A6271800A5272225400FBD
:1010D00025200002B3FF420425884000B401A28FFE
:1010E000010042244F002016B401A2AF253840026F
:1010F00025300000A7FF0010F0000524B401A28FE6
:1011000001004224B401A2AFB001A28F1800A2AF27
:10111000C3170200430020161C00A2AF253840026E
:1011200025300000252880021550410F1800A42703
:101130000BFF001021A8B102B001A7279C01A62730
:101140001800A527572B410F2520000295FF4204C8
:1011500025884000B401A28F0100422431002016EE
:10116000B401A2AF2530400225288002225C410F45
:101170001800A42789FF001000000000800002244E
:101180003AFF8216A401A28F04004054B401A28F3A
:1011900001000224A401A2AFB401A28F01004224E5
:1011A000B401A2AF05002016251000000000428EF9
:1011B00004004324000043AE0000428C1000A2AFA4
:1011C000B001A727253000009C01A5272425400F4A
:1011D0002520000271FF00100000000080000224A2
:1011E00023FF8216B401A28F01006324B401A3AFD0
:1011F0003C00028E4C00038E2B1843000B00601045
:1012000000000000010043243C0003AE00004290B7
:101210002500032409004314B001A28F01004224D9
:10122000B001A2AFC2FF001025880000735B410F20
:1012300025200002F7FF0010250003244C00028E39
:10124000BBFF4050258800003C00028EFFFF422477
:10125000F4FF00103C0002AE05FF8216B401A28F1D
:101260000500201625A000000000428E0400442442
:10127000000044AE0000548C01006224B401A2AF0F
:10128000010064805E0002240400821425880000AE
:1012900002006324B401A3AF010011241800A427A5
:1012A000010106248066410F25282002B401A28F87
:1012B0001800A0A32D000424000043801E00641425
:1012C0005D00042401004224B401A2AF0100022405
:1012D000231051004600A2A3010002245D00052452
:1012E0002D00062423885100B401A38F00006280E2
:1012F00018004514000000003700805625880000C3
:101300003C00028E4C00038E2B18430056006010E8
:10131000010043243C0003AE000053901800A227B4
:1013200021105300010042904B00401425B80000EA
:10133000370000104C00028EE7FF641401004224C5
:10134000B401A2AF0100022423105100E2FF0010FB
:101350007600A2A3E8FF401000000000090046103C
:10136000B801A28FB401A28F1800A4270000438007
:1013700001004224B401A2AF21188300DAFF00105B
:10138000010071A000004280F7FF4050B401A28F1D
:10139000F4FF451001006224B401A2AFB001A28F96
:1013A00000004280010064802A204400EDFF80108C
:1013B000010042241800A42721208200F9FF001018
:1013C000000091A0000053A0B001A28F01003126BF
:1013D00001004224B001A2AF3C00028E4C00038EFB
:1013E0002B1843001800601025B820020100432488
:1013F0003C0003AE000053901800A22721105300B8
:1014000001004290EFFF4014211091024C00028E27
:1014100005004010B401A28F3C00028EFFFF422461
:101420003C0002AEB401A28F010042248FFEE01204
:10143000B401A2AF8DFE80120100112421A09702F9
:101440003BFF0010000080A2735B410F25200002CB
:10145000E9FF001025984000B001A28F010042244E
:10146000A7FF0010B001A2AF735B410F252000025F
:10147000AAFF00102598400088BF033C80BF023CB3
:10148000400004242000062480000524741066AC6B
:10149000741064AC741065AC005A40AC205A478C90
:1014A000441066AC441064AC441065AC27000324BF
:1014B000305A43AC0100033C20036324145A44AC6B
:1014C000085A43AC05000324085A43AC01A0033C6E
:1014D000403263241C0060A0200060AC0080033414
:1014E000085A43AC0800E003000000002A00801006
:1014F000251000000000838C270060100000000011
:101500000300A01400000000C404053C00B4A5348E
:101510001B00A300F4016000121000004230020022
:101520000400027C1B00A200F40140000100C7245B
:101530004038070012100000231043001B00A700D2
:10154000F401E00012280000232865002B10A200FF
:1015500001004050FFFFC6240002C32C0E006010A3
:101560002510000080BF033C305A66AC0800828C16
:101570000400868C005A658C0C00848C2510460073
:10158000BFF206242428A60025104500251044009B
:10159000005A62AC010002240800E00300000000D1
:1015A00080BF023C105A428C800042380800E003A1
:1015B000C001427C01A0083C403203251C0062901F
:1015C000FF00423084004054251000000300A010AA
:1015D0000000000005008014000000007E00E01004
:1015E000000000007C00C01000000000403204AD8C
:1015F000040066AC140060AC180060AC100060AC75
:101600004000801000000000080065AC4000C010E1
:10161000000000000C0067AC010002241C0062A066
:101620000800648C0C00628C2B10820005004010B6
:1016300080BF023C0C00628C23104400100062AC9E
:1016400080BF023C40000524145A45AC105A458C1A
:101650002000A5303100A01003000524045A45AC39
:1016600001000524085A45AC0C000524045A45AC79
:101670008000062488BF053C400009247410A9ACF2
:101680007410A6AC4410A9AC4410A6AC005A468C09
:101690000008C6302400C010000000000800648C60
:1016A00082200400080064AC1000648C82200400D6
:1016B000100064AC0C00648C822004000C0064AC4C
:1016C0000800648C1800668C2B30C4003200C010F7
:1016D000000000004032068D0000C68C205A46AC47
:1016E0001800668C0100C624180066AC3300E010B8
:1016F00000000000400002247810A2AC0800E003C3
:1017000001000224080060ACC0FF001000000000CF
:101710000C0060ACC1FF001001000224205A458C6F
:10172000CAFF001000000000005A468C0004C630BA
:101730001200C010000000000800648C4220040069
:10174000080064AC1000648C42200400100064ACFB
:101750000C00648C422004000C0064AC0800648C13
:101760001800668C2B30C4000B00C0100000000075
:101770004032068DD9FF00100000C6941800668C18
:101780002B30C4000400C010000000004032068D61
:10179000D2FF00100000C6901000668CD3FFC0106E
:1017A000FF000624205A46AC1000668CFFFFC624BA
:1017B000100066ACCDFF0010000000001800638C24
:1017C000CDFF64508000022404000324085A43AC77
:1017D000C9FF0010800002240800E00300000000A0
:1017E000253800006D05410B253000002538A0008C
:1017F00025308000252800006D05410B25200000C4
:1018000001A0023C403242241C00449080BF023CB4
:10181000105A438C01000224800063300800E0036A
:101820000B10830001A0023C40324224200044AC53
:10183000240045AC0800E0030000000080BF033C2A
:10184000105A628CE8FFBD271000B0AF2000423074
:101850001400BFAF3500401488BF103C01A0063C07
:101860004032C224205A688C1400458C1800448CE5
:101870000C00478C2B38A7001900E0100000000076
:10188000005A678C0008E7302E00E01000000000CE
:101890000400478C804805002138E9000000E8ACCE
:1018A0000100A524140045AC0C00478C0C00E51485
:1018B000000000000800478C2B3887000800E0106B
:1018C00040000724741007AE0C000724045A67ACCC
:1018D00004000724085A67AC80000724781007AE7C
:1018E0000C00478C2B38A7004100E01000000000DE
:1018F000005A658C0008A5301F00A01000000000F1
:101900000800458C2B2885003000A0100000000046
:101910004032C58C803004002128A6000000A58C30
:10192000205A65AC01008424180044AC1400BF8F19
:1019300040000224441002AE1000B08F0800E00303
:101940001800BD27005A678C0004E7300600E0103D
:10195000000000000400478C404805002138E900E1
:10196000CFFF00100000E8A40400478C2138E500F8
:10197000CBFF00100000E8A0005A658C0004A530E1
:101980000A00A010000000000800458C2B288500EC
:101990000E00A010000000004032C58C4030040052
:1019A0002128A600DEFF00100000A5940800458C49
:1019B0002B2885000500A010000000004032C58CD7
:1019C0002128A400D6FF00100000A5901000458C2F
:1019D000D5FFA010FF000524205A65AC1000438CF1
:1019E000FFFF6324100043ACCFFF00100000000095
:1019F0000C00468CCEFFC5141400BF8F0800458C28
:101A0000CBFFA41440000424145A64AC741004AE38
:101A10001C0040A02000438CC5FF60501400BF8F05
:101A20002400448C2000428C09F840000000000093
:101A3000BFFF00101400BF8F80BF053C105AA28C5E
:101A4000E8FFBD271000B0AF080042301400BFAF60
:101A50001700401088BF103C01A0063C4032C22451
:101A60001800438C0800478C2B3867002300E010D7
:101A70002520A000005AA58C0008A5301200A01057
:101A8000000000004032C58C803003002128A600F1
:101A90000000A58C01006324205A85AC180043ACDB
:101AA0000800428C020043140C000224045A82AC49
:101AB0001400BF8F80000224441002AE1000B08FCB
:101AC0000800E0031800BD27005A858C0004A530EB
:101AD0000600A010000000004032C58C403003001A
:101AE0002128A600EBFF00100000A5944032C58C11
:101AF0002128A300E7FF00100000A5900800448CF7
:101B0000ECFF83141400BF8F105AA38C8000633045
:101B1000E8FF601040000324145AA3AC80000324A3
:101B2000741003AE1C0040A02000438CE1FF605005
:101B30001400BF8F2400448C2000428C09F8400020
:101B400000000000DBFF00101400BF8F88BF023CC4
:101B50007010438C4010448CE8FFBD271000B0AFDC
:101B6000400084301400BFAF060080102580400084
:101B70004000623003004010000000000F06410FDB
:101B8000000000007010028E4010038E8000633051
:101B90000600601080004230040040101400BF8F27
:101BA0001000B08F8E06410B1800BD271400BF8FA8
:101BB0001000B08F0800E0031800BD2701A0053C0D
:101BC000E430A524251800002510A00008000624F4
:101BD0000000A78C0500E454010063240C000424D9
:101BE000022864700800E0032110A200F8FF6614C8
:101BF0000C00A5240800E0032510000001A0033C10
:101C00000C000524E4306324FEFF0624080082282B
:101C100003004014251000000800E003000000004D
:101C2000023885702110E3000000478CFAFFE614AB
:101C300001008424F6FF001008008228FEFF032420
:101C400001A0023CE43043ACE43042240C0043AC3D
:101C5000180043AC240043AC300043AC3C0043AC20
:101C6000480043AC0800E003540043ACE8FFBD2744
:101C70001400BFAFFF06410F000000002518400010
:101C800002006010FEFF02240000628C1400BF8F6F
:101C90000800E0031800BD27E8FFBD271400BFAF10
:101CA000255080002548A000EF06410F2540C000C8
:101CB0000600405400004AACEF06410FFEFF04242A
:101CC000050040107CFF032400004AAC040049AC2E
:101CD000080048AC251800001400BF8F25106000D4
:101CE0000800E0031800BD27E8FFBD271400BFAFC0
:101CF000EF06410F1000B0AF0700401008000624A7
:101D000025280000040044248066410F25804000FF
:101D1000FEFF0224000002AE1400BF8F1000B08F3F
:101D20000800E0031800BD27B0FFBD276400A88F9E
:101D3000050000154C00BFAFF1FE02244C00BF8F20
:101D40000800E0035000BD27256080005411048D79
:101D50002548E0002550C000EF06410F2558A0009F
:101D6000F6FF4050F1FE02240400438CF2FF6010A5
:101D7000030003241000A3AF010003241400A3AF49
:101D80006000A38F3400A0AF3800A0AF2800A3AF3D
:101D90006800A38F3C00A0AF4000A0AF3000A3AF0D
:101DA0000800468C0400438C0000448C1800ACAF43
:101DB0001C00ABAF2000AAAF2400A9AF2C00A8AF35
:101DC00009F860001000A52752FF0324DAFF431032
:101DD0004C00BF8FDAFF00100000000003008014E9
:101DE000F1FE02240800E00300000000A0FFBD2770
:101DF0005000B1AF258880005411848C5800B3AFD7
:101E00005400B2AF4C00B0AF5C00BFAF2590C00033
:101E1000EF06410F2598A0001600401025804000D5
:101E20000400428C130040102000062425280000E6
:101E30008066410F2400A427030002241000A2AFF3
:101E40000A0002241400A2AF0800068E0400028ECD
:101E50000000048E1800B1AF1C00B3AF2000B2AF79
:101E600009F840001000A52752FF03240300431483
:101E70005C00BF8FF1FE02245C00BF8F5800B38F5F
:101E80005400B28F5000B18F4C00B08F0800E003B7
:101E90006000BD27B0FFBD274C00BFAF25408000CC
:101EA0002558A0002550C000090080102548E000FA
:101EB000EF06410F3401848C090040540400438C28
:101EC000F1FE02244C00BF8F0800E0035000BD2744
:101ED000FF06410F00000000F7FF001000000000A7
:101EE000F7FF60101000A527020004241000A4AF23
:101EF000030004241400A4AF010004241800A4AFBC
:101F00006000A48F0800468C1C00A8AF2C00A4AF72
:101F10006400A48F2000ABAF2400AAAF3000A4AFB0
:101F20006800A48F2800A9AF3400A4AF6C00A48F70
:101F30003800A4AF7000A48F3C00A4AF7400A48F3D
:101F40004000A4AF09F860000000448C52FF032455
:101F5000DBFF43104C00BF8FDBFF001000000000D0
:101F6000B0FFBD274C00BFAF254080002558A00022
:101F70002550C000090080102548E000EF06410F01
:101F80003401848C090040540400438CF1FE022487
:101F90004C00BF8F0800E0035000BD27FF06410F33
:101FA00000000000F7FF001000000000F7FF6010C5
:101FB000020003241000A3AF030003241400A3AF06
:101FC0006000A38F1800A0AF0800468C2C00A3AFC0
:101FD0006400A38F0000448C1C00A8AF3000A3AFA6
:101FE0006800A38F2000ABAF2400AAAF3400A3AFDA
:101FF0006C00A38F2800A9AF3800A3AF7000A38F97
:102000003C00A3AF7400A38F4000A3AF0400438C37
:1020100009F860001000A52752FF0324DBFF4310DE
:102020004C00BF8FDBFF001000000000B0FFBD2799
:102030004C00BFAF254080002558A0002550C000AF
:10204000090080102548E000EF06410F7000848CE5
:10205000090040540400438CF1FE02244C00BF8F61
:102060000800E0035000BD27FF06410F00000000FC
:10207000F7FF001000000000F7FF601001000324CC
:102080002800A0AF2C00A0AF3000A0AF3400A0AF5C
:102090003800A0AF3C00A0AF4000A0AF1000A3AF3D
:1020A000060003241400A3AF0800468C0400438CF0
:1020B0000000448C2400A8AF1800ABAF1C00AAAFEE
:1020C0002000A9AF09F860001000A52752FF0324E3
:1020D000E1FF43104C00BF8FE1FF00100000000043
:1020E00003008014F1FE02240800E0030000000059
:1020F000254080002401848CB0FFBD274C00BFAF79
:102100002548E0002550C000EF06410F2558A000EB
:102110001B004050F1FE02240400438C17006010A5
:10212000060003241000A3AF6000A38F2800A0AF17
:102130002C00A0AF3000A0AF3400A0AF3800A0AF9B
:102140003C00A0AF4000A0AF2000A3AF0800468C29
:102150000400438C0000448C1400ABAF1800AAAFFD
:102160001C00A9AF2400A8AF09F860001000A52743
:1021700052FF0324030043144C00BF8FF1FE0224DE
:102180004C00BF8F0800E0035000BD27A0FFBD2713
:102190005800B3AF5400B2AF5000B1AF5C00BFAF56
:1021A0004C00B0AF258880002598A0000D0080105D
:1021B0002590C000EF06410F1400848C0D004014E0
:1021C00025804000F1FE02245C00BF8F5800B38FD1
:1021D0005400B28F5000B18F4C00B08F0800E00364
:1021E0006000BD27FF06410F00000000F3FF001054
:1021F000000000000400428CF2FF4010240006247E
:10220000252800008066410F2000A4270400022436
:102210001000A2AF0800068E0400028E0000048E9B
:102220001400B1AF1800B3AF1C00B2AF09F8400002
:102230001000A52752FF0324E2FF43105C00BF8F6C
:10224000E3FF00105800B38FA0FFBD275000B1AFCF
:10225000258880000400848C5800B3AF5400B2AFCE
:102260005C00BFAF4C00B0AF2598A000EF06410F57
:102270002590C0000900401425804000F1FE022492
:102280005C00BF8F5800B38F5400B28F5000B18FE5
:102290004C00B08F0800E0036000BD270400428CB2
:1022A000F6FF401024000624252800008066410F18
:1022B0002000A427050002241000A2AF0800068E0B
:1022C0000400028E0000048E1400B1AF1800B3AFFA
:1022D0001C00B2AF09F840001000A52752FF0324EC
:1022E000E6FF43105C00BF8FE7FF00105800B38F7C
:1022F0000800E003FEFF02241800988C1400888C6C
:10230000C8FFBD270000898C1400B0AF1000908C6E
:102310001C008D8C264008032660280104008A8C4E
:102320000800838C26100C020000A2AF2610AC011E
:102330000400A2AF0C00828C3000B7AF2400B4AF11
:1023400026B8030226A0AA012670F4022610C201B4
:102350002630A3012628B0012618620026C00203F9
:10236000265803012638B8002000B3AF1C00B2AFD6
:1023700026102301269867012790180026784C0123
:10238000248045020800A2AF2410F3023400BEAF3F
:102390002C00B6AF24F0C30126B0500026C8CF00F1
:1023A000261023012410220326C01E0326C0580035
:1023B0000000A28F2490CB002640070126905002F7
:1023C0002480220127100A0024104C002650A80166
:1023D0000400AD8F261054002800B5AF1800B1AF2F
:1023E00024A8880226882701268006022610480095
:1023F00026800B02261055002650550124A8B10155
:1024000026C016032610560026801E0226505501AF
:1024100024680203268012022650520126904D01A4
:1024200026A8100324C0B20226C0100326B04A001A
:1024300026800D0224B0D0022668B60126805601FF
:102440002450AA0126684A02261050002468B801C8
:1024500026104A002668B50126B0100326F00202B5
:1024600026500D0324400A012438F60024187E006B
:10247000261868002640E8000400A78F26A84D0013
:102480002690B60224883802249872022428B600C6
:102490002490F20224C0F8000800A78F24608D0168
:1024A00024C822032628B200245875012470DE01B6
:1024B00026B88501264013012670D901269873019C
:1024C0002448300124508A02269877022468ED01BE
:1024D00026B8D7012410E2002668B1012610570063
:1024E00026782A01268831012678E3012618620021
:1024F000261022020C0082AC0000A28F2430D500EE
:10250000266088012690D20026C00F0326C0130340
:10251000263883012480500026604C0226504D014D
:102520002628AF002660980126C819022698530174
:102530002668AD0026B81701279813002738070032
:1025400027600C0026C0380327680D001C0097ACDC
:10255000040093AC180087AC14008CAC100083AC62
:10256000080098AC00008DAC3400BE8F3000B78FEF
:102570002C00B68F2800B58F2400B48F2000B38FB5
:102580001C00B28F1800B18F1400B08F0800E00358
:102590003800BD270400828C0000858CAAAA063C66
:1025A0005555073CAAAAC6345555E72440580200A1
:1025B0002418A70024586601255863014218050015
:1025C000241046000800858C241867002518620036
:1025D0000C00828C427005002470C701404002004C
:1025E000241046002570C2011000828C14008A8CD1
:1025F0002448A700246047001C008D8C244006015D
:10260000422802001800828C2540090140480A0037
:102610002448260125482C0140C00D0024604700B5
:1026200042100200245046012428A70024C00603BB
:10263000243847002468A601CCCC0F3C3333063C39
:10264000CCCCEF353333C6242568ED0082380B003F
:102650002528AA002438E6008050080024400F01F5
:102660002410660125C00C032538E80024504F01D2
:1026700080400E002550420180581800241066004A
:1026800024400F01254002018260090082100300EE
:1026900024586F012418260180480D002558630135
:1026A00024482F012418A60082280500254823016C
:1026B00024104600246086012418AF012430A600AF
:1026C0002518C3000F0F063C0F0FC6242470CF013E
:1026D000F0F0053CF0F0A53425104E0024704601C2
:1026E00002510A0000690B0024504601245865017C
:1026F00025504B01245806010241080024400601E0
:1027000024C00F0310008AAC0051090024482501A1
:1027100025400901256098012448E600140088AC92
:102720000239070000410C002438E600244005016E
:1027300024608501254009012538EC00080088AC9B
:10274000180087AC24404600003903000211020043
:102750002468A501245045012438E50024304600B2
:10276000241865002568AE0125504B012538E80086
:102770002518C30000008DAC04008AAC0C0087ACA7
:102780000800E0031C0083ACC8FFBD271000A4AF05
:102790001400A4AF1800A4AF1C00A4AF2000A4AF85
:1027A0002400A4AF2800A4AF2C00A4AF3400BFAF16
:1027B0006509410F1000A427BE08410F1000A4278F
:1027C0006509410F1000A4273400BF8F1000A28FAD
:1027D0000800E0033800BD27E0FDBD2718000224F3
:1027E0001C02BFAF1802BEAF1402B7AF1002B6AFE3
:1027F0000C02B5AF0802B4AF0402B3AF0002B2AF2F
:10280000FC01B1AF4000C210F801B0AF20000224BB
:102810003F00C210100002242E00C21425A80000A0
:102820000A0015241000B627828006002538C00251
:1028300025100000253000002A18D0003600601452
:102840000100B326C0901000F001A4AF80981300DF
:102850002190D20225A0C00225B8000225F0000078
:10286000258800002A18F3023400601425C80000EF
:102870002580C0026509410F252000020400392788
:102880002A103303FBFF4014200010265555073C47
:10289000AAAA063C251800005555E724AAAAC63462
:1028A000F001A28F802003000400C58E2120440087
:1028B0000000C28E2428A6000100632424104700D3
:1028C00025104500000082AC2A107300F4FF40146C
:1028D0000800D6261C02BF8F2510A0021802BE8F4A
:1028E0001402B78F1002B68F0C02B58F0802B48F96
:1028F0000402B38F0002B28FFC01B18FF801B08FD8
:102900000800E0032002BD27C6FF00100C001524BC
:10291000C4FF00100E001524801806002118A30023
:10292000030062880100C6240800E72400006298C2
:10293000F8FFE2ACC0FF0010FCFFE2AC1400201670
:102940000700032AE209410F02222200019D033CF5
:10295000489463242118C30300006390261062008A
:102960000000838E0100312626104300030011165B
:10297000000042AE0100DE2725880000040042AEC0
:102980000100F72608005226B6FF00100800942622
:10299000F3FF601404000324F2FF23560000838E2B
:1029A000E209410F25204000EEFF00100000838E59
:1029B0000100A5245555073CAAAA083C802805001B
:1029C000251800005555E724AAAA08350300651408
:1029D000801003000800E003000000002110C20086
:1029E0000000428C01006324080084242450470026
:1029F00040480A0025482A0124104800F8FF89AC05
:102A00004248020025102201F0FF0010FCFF82ACBA
:102A1000E0FFBD271400B2AF1000B0AF2590C0009A
:102A2000258080002530A000500084240500052466
:102A30001800B3AF1C00BFAF9A65410F2598E000A6
:102A40001C00BF8F480012AE4C0013AE1400B28FB2
:102A50001800B38F1000B08F0800E0032000BD27DE
:102A6000069D023CE8FFBD2798964224069D053C42
:102A70001000B0AF1400BFAF25808000000082AC12
:102A800014000624B496A524D665410F5000842472
:102A90001400BF8F2510000025180000480002AE6A
:102AA0004C0003AE1000B08F0800E0031800BD27F3
:102AB000E8FFBD271000B0AF258080000500062488
:102AC0002520A0001400BFAFA964410F50000526C7
:102AD0001400BF8F4800028E4C00038E1000B08F90
:102AE0000800E0031800BD2790FEBD276801B5AFC0
:102AF0006401B4AF6001B3AF5C01B2AF5801B1AFD4
:102B00005401B0AF0000B18C0400B08C0800B28C4E
:102B10000C00B58C1000B48C253080002598A000E6
:102B20001000A4276C01BFAF9A65410F1000052467
:102B30001000A3271001A527252060002000868C07
:102B40003400828C04008424261046000400868C05
:102B500026104600FCFF868C26104600C217220075
:102B6000F6FFA4143C0082AC1000A227825A063C57
:102B70006000A427252840009979C6240000A78C6E
:102B8000C216310021104600211047002638550298
:102B90002438F0002638F500828030000400A88C2C
:102BA00021104700263812022438F10021A8A6027D
:102BB000211054002638F20021A8A8028288310092
:102BC00021A8F5000800A88CC23E220021A8F5002B
:102BD000263811022438E200219046022638F000FF
:102BE000219048022190F200C23E35002190F2006F
:102BF00082A022000C00A78C26103402241055005D
:102C000021800602261051002180070221805000F9
:102C10001000A78CC216320082A835002180500017
:102C200026109502241052002188260226105400F6
:102C300021882702218851001400A524C2163000E3
:102C400021885100CDFF851482903200D96E073C57
:102C50001000A627A1EBE73426281202C216310085
:102C60002628B50021104700211045005000C58CD2
:102C70008280300021A8A7022110450026283202B8
:102C80002628B00021A8B5005400C58C211054009E
:102C90008288310021A8A502C22E220021A8B500F9
:102CA0005800C58C2190470282A022002190450245
:102CB000262811022628A2005C00C28C218007026F
:102CC0002190450221800202C22E350026103402D6
:102CD0002190B2002610550021800202C216320057
:102CE000218050006000C28C82A835002188270214
:102CF00021882202261095022610520021882202E5
:102D00001400C624C216300021885100D2FF861458
:102D1000829032001B8F063C1000A227DCBCC63418
:102D200025285502243855022428B000A000488CDC
:102D30002528A700C23E31002138E6002138E800EE
:102D4000828030002128A70021A0B400252812028B
:102D5000243812022428B1002528A700A400478C9B
:102D600021A8A6028288310021A8A70221A8B500C7
:102D7000C22E340021A8B5002528110224381102E2
:102D80002428B4002528A700A800478C21904602DB
:102D900082A03400219047022190B200C22E35005B
:102DA0002190B20025283402243834022428B500AA
:102DB0002528A700AC00478C2180060282A8350098
:102DC000218007022180B000C22E32002180B00095
:102DD000252895022428B200243895022528A7002A
:102DE000B000478C21882602140042242188270243
:102DF0002188B100C22E30002188B100C8FF8214A2
:102E00008290320062CA063CD6C1C6342610120235
:102E1000C22E3100261055002128A60021104500A1
:102E2000F000658C8280300021A8A60221104500A8
:102E3000262832022628B00021A8B500F400658CAF
:102E4000211054008288310021A8A502C22E220040
:102E500021A8B500F800658C2190460282A02200CE
:102E600021904502262811022628A200FC00628C2F
:102E7000218006022190450221800202C22E3500E7
:102E8000261034022190B200261055002180020243
:102E9000C2163200218050000001628C82A83500E9
:102EA000218826022188220226109502261052002F
:102EB0002188220214006324C216300021885100A8
:102EC000D2FF8314829032000000628E6C01BF8FAB
:102ED000218851000400628E000071AE5801B18F4C
:102EE000218050000800628E040070AE5401B08F43
:102EF000219052000C00628E080072AE5C01B28F0D
:102F000021A855001000628E0C0075AE6801B58FC7
:102F100021105400100062AE6401B48F6001B38FC1
:102F20000800E0037001BD27D0FFBD271000B0AF3F
:102F30004800908C2400B5AF2000B4AF1C00B3AFA4
:102F40001400B1AF2C00BFAF2800B6AF1800B2AF6D
:102F50002588800025A8A0002598C0003F001032D9
:102F6000040094240A0060162C00BF8F2800B68F3E
:102F70002400B58F2000B48F1C00B38F1800B28FCF
:102F80001400B18F1000B08F0800E0033000BD279F
:102F9000400016242310D0022B9053000A10720216
:102FA00021209002253040002528A002D665410F3F
:102FB000259040004800228E4C00248E2180120271
:102FC000211852002B10620021104400480023AE4B
:102FD000050016164C0022AE50002526BA0A410FF5
:102FE000252080022580000021A8B202DDFF00100C
:102FF0002398720288FFBD276800B0AF4800908C0C
:103000007000B2AF6C00B1AF3F001032253000024B
:10301000259080002588A000040085247400BFAF9F
:10302000D665410F1000A4275000A42714000624E1
:10303000D665410F500045261000A3270100022647
:103040002180700080FF0324000003A21000A3274A
:10305000212062003900432C2A00605438000624E5
:10306000400006242330C2008066410F252800005E
:103070005000A527BA0A410F1000A42738000624E3
:10308000252800001000A4278066410F00000000E2
:103090004800428E4C00438E5000A5274227020074
:1030A000C018030025188300022603004800A4A3CB
:1030B000C0100200022403004900A4A3A010027C57
:1030C000022203004A00A4A3021422001000A42735
:1030D0004B00A3A3BA0A410F4C00A2AF5000A52792
:1030E00025202002A964410F050006247400BF8F2B
:1030F0007000B28F6C00B18F6800B08F0800E003E1
:103100007800BD272330C200DFFF00102528000013
:10311000B8FFBD275C00A28F2800B2AF4400BFAF4C
:103120001000A2AF2500A22C4000BEAF3C00B7AFFC
:103130003800B6AF3400B5AF3000B4AF2C00B3AF39
:103140002400B1AF2000B0AF060040105800B28F8D
:1031500001000224258080002588A0000500A2141B
:103160002598C00001A0023C160003245A0000105C
:103170004CB043AC3C00028E4C00038E2B18430035
:103180002B006010010043243C0003AE0000499076
:1031900020000224F7FF2211F7FF22250500422C10
:1031A000F4FF4014D5FF22254408027C0B00401494
:1031B00025A000003C00028E4C00038E2D00343907
:1031C0000100942E2B1843001D00601023A0140052
:1031D000010043243C0003AE000049901C00201273
:1031E0004C00038E100002248501221230000224BC
:1031F000059D023CC9544224211022010000429046
:103200002B105100550040140A00022404006010E5
:10321000252800003C00028EFFFF42243C0002AE45
:103220002366410F25200002CFFF001001A0023CC1
:10323000735B410F25200002D5FF00102548400098
:10324000735B410F25200002E4FF00102548400079
:1032500030000224E6FF22550A0011243C00028EB1
:103260002B1843002C006010010043243C0003AEE7
:1032700000004990200022357800032435004314D3
:10328000000000003C00028E4C00038E2B1843000F
:1032900025006010010043243C0003AE000049906B
:1032A000059D023CC9544224211022010000429095
:1032B0001000422C2B004054100011244C00028EB0
:1032C0004B014010253800001B0060123C00028EAC
:1032D000FEFF42243C0002AE2538000025F000002D
:1032E0004400BF8F2518C0032510E0004000BE8FAA
:1032F0003C00B78F3800B68F3400B58F3000B48FE4
:103300002C00B38F2800B28F2400B18F2000B08F23
:103310000800E0034800BD27735B410F2520000231
:10332000D4FF001025484000735B410F25200002A8
:10333000DBFF001025484000FFFF42243C0002AEA6
:10334000252800002366410F25200002E3FF00101E
:1033500025380000830020120A0002247A0022127D
:103360009919153CFFFF2726059D133C24A8F10061
:10337000F500A016C9547326170002240210227209
:10338000059D033CBC5463244011427C2110430042
:103390000000568021106902000057902B10F102A6
:1033A000040040100008023C2B10A2026F004054A1
:1033B0003C00028E2530C002FFFF0424FFFF0524DD
:1033C0001C00A9AFD664410F1800B5AF1800A78F35
:1033D0001C00A98F25F000001400A2AF25A86000F2
:1033E00021106902000057902B10F1029E0040103E
:1033F0002B10BE029D004054059D133C0400D517C0
:103400001400A28F2B10470098004054059D133CD8
:103410003C00028E4C00038E2B18430060006010AD
:10342000010043243C0003AE000049902520E00049
:103430002528C0032530C0021265410F1800A9AF2E
:103440002538E20225F06000E5FF00101800A98F82
:103450004C00038E2B1843003600601001004324FB
:103460003C0003AE000042900A0007240218677275
:1034700021386900D0FFF32425484000D0FF2225E1
:103480000A00422C030040102B107502F0FF40543C
:103490003C00028E9919153C2538600225F0000089
:1034A0009A99B536D0FF33250A00622E8700401066
:1034B0002B10D5036C004010FFFFA2260600C21798
:1034C0000A0002249999023C9A9942342B10E20096
:1034D000650040100A0002241900470010B80000DF
:1034E00012B0000002185E7021B87700FFFF0324BD
:1034F0000400E316271013002B1056005B00405405
:10350000059D133C3C00028E4C00038E2B1843009B
:103510001000601000000000010043243C0003AED6
:1035200000004990213876022B40F600DDFF0010A4
:1035300021F0170125200002735B410F1400A9AF91
:10354000C9FF00101400A98F25980000CBFF0010C0
:103550009999B536735B410F25200002F1FF0010E9
:10356000254840007FFF0010080011244C00038E06
:103570002B18430006006010010043243C0003AEFA
:10358000000049900438D50282FF001025A8F700FA
:10359000735B410F25200002FAFF00102548400010
:1035A00025200002735B410F1800A7AF254840009B
:1035B0009EFF00101800A78F4C00038E2B184300AD
:1035C0005D006010010043243C0003AE0000499000
:1035D0000210357221A85600211069020000569091
:1035E0002B10D102050040101C07023CC771422479
:1035F0002B10A202F0FF40543C00028E2538A0029E
:1036000025F0000021106902000055902B10B10236
:10361000150040101900F100122000000900C0132D
:103620001028000019003E02126000002110AC00BA
:103630002B104C001068000021104D000B0040546E
:10364000059D133C0210D173FFFF032425B08000B9
:1036500021B845003E00E316271015002B1044004A
:103660003C0040503C00028E059D133CC95473261B
:1036700021483301000022912B10510014004050CA
:103680004C00028E3C00028E4C00038E2B1843002F
:103690003E006010010043243C0003AE0000429055
:1036A00021106202000042902B105100F5FF4014DF
:1036B00001A0023C220003241000BE8F4CB043AC9A
:1036C00001004232253840020BA002004C00028E5D
:1036D000050040101000A28F3C00028EFFFF422424
:1036E0003C0002AE1000A28F2B10C2033900401420
:1036F0001000A28F03005E142B10F200360040145D
:10370000FFFF022401004232250040141000A28F66
:103710002200801601A0023C220003244CB043ACDE
:103720001000A28FFFFF47262B90F200FFFF5124CD
:10373000EBFE001021F05102735B410F25200002C7
:10374000A3FF001025484000A3FF001025A800009B
:103750003C00028E4C00038E2B18430007006010C3
:10376000010043243C0003AE000049902138B6021A
:103770002B40F600A3FF001021F01701735B410FEF
:1037800025200002F9FF001025484000735B410F1F
:1037900025200002C3FF0010211062021000A28F3A
:1037A0002B105E00050040141000A28F0900C21704
:1037B0002B10470208004010FFFF022401A0023C2A
:1037C000220003244CB043AC25384002C4FE001054
:1037D0001000BE8FFFFF0224C1FE821623401E0090
:1037E000233807002B100700BDFE001023F0020154
:1037F000BBFE601625F00000D2FE00102528000058
:1038000096FE2211059D023C7BFE0010C954422405
:10381000251000000000838CC01102000100652407
:10382000000085AC000063907F006530201C037CA5
:10383000F8FF60042510A2000800E003000000006B
:103840000000828C000042908001427C2310020024
:103850000000838CC011020001006524000085ACCB
:10386000000063907F006530201C037CF8FF60043B
:103870002510A2000800E00300000000049D073CA2
:10388000E0FFBD27284DE724049D023C2530800041
:103890001C00BFAF494E4224080087AC1000A4278B
:1038A000040E410F1000A2AF0400C38C8020020060
:1038B00000140200211864000800C48C1C00BF8F93
:1038C0002338870021104700040064240400C4AC9E
:1038D000000062AC1000A28F2000BD270800E003AA
:1038E0000800C2ACC8FFBD270800828C2000B2AF20
:1038F0001800B0AF0400928C0000908C2400B3AF8D
:10390000049D133C1C00B1AF3400BFAF3000B6AF14
:103910002C00B5AF2800B4AF258880001400A2AFFA
:103920007C4C73261400A28F010043241400A3AF23
:10393000000042902700432C40016010049D033C8E
:103940008010020058396324211062000000428C6C
:103950000800400000000000F439049D603A049D16
:10396000743A049D8C3A049DB03A049DC03A049D7B
:10397000E43A049D003B049D203B049D303B049DA4
:10398000403B049D503B049D6C3B049D843B049D47
:10399000983B049DA83B049DBC3B049DD03B049DEB
:1039A000E43B049DF43B049D043C049D143C049DB5
:1039B000143A049D243C049D4C3C049D783C049D99
:1039C000183B049D943C049D9C3C049DD83C049D64
:1039D000E83C049DF03C049D003D049D083D049D91
:1039E0008C3D049DF43D049D0C3E049D203E049DB1
:1039F000343E049DFCFF428E021C0200801803002E
:103A000023904302FFFF433010006014FCFF522656
:103A10001400A0AF1400A28F3400BF8F000030AE9E
:103A2000040032AE080022AE3000B68F2C00B58FF5
:103A30002800B48F2400B38F2000B28F1C00B18FF8
:103A40001800B08F0800E0033800BD27049D023C39
:103A5000284D422421106200B2FF00101400A2AFD2
:103A6000100E410F1400A427000002AEADFF00109D
:103A700004001026040E410F1400A4278010020039
:103A800023104202F8FF0010F8FF428C1400A42714
:103A9000040E410FFCFF0626FCFF038E801002007F
:103AA00023104202F8FF43AC9EFF00102580C000A7
:103AB000100E410F1400A427E6FF00101400A38F7E
:103AC000100E410F1400A427FCFF038E95FF601019
:103AD000FCFF10261400A38F2118620091FF001034
:103AE0001400A3AF100E410F1400A427FCFF038E97
:103AF0008CFF6014FCFF1026F7FF00101400A38F4A
:103B0000FCFF028EF8FF038E1A006200F4014000F1
:103B100010100000F8FF02AE82FF0010FCFF10261C
:103B2000F8FF028EFCFF038EFAFF001002104370B4
:103B3000F8FF028EFCFF038EF6FF001021104300F9
:103B4000F8FF028EFCFF038EF2FF001023104300EB
:103B5000F8FF038EFCFF028EFCFF03AEF4FF038E22
:103B6000F4FF02AE6FFF0010F8FF03AEF8FF028E05
:103B7000FCFF038E1A004300F4016000E5FF001013
:103B800012100000FCFF028EF8FF038E2A10620064
:103B9000E0FF001023100200F8FF028EFCFF038EEE
:103BA000DCFF001004106200FCFF028EF8FF038EA1
:103BB0002A104300D7FF0010FFFF4224FCFF028EB3
:103BC000F8FF038E26104300F1FF00102B100200B7
:103BD000FCFF028EF8FF038E26104300ECFF00105E
:103BE0000100422CFCFF028EF8FF038EE8FF00105C
:103BF0002A104300FCFF028EF8FF038EEDFF001039
:103C00002A106200F8FF028EFCFF038EC1FF001035
:103C100007106200F8FF028EFCFF038EBDFF00104C
:103C200024104300F8FF038EFCFF028E02000424E0
:103C3000F0FF23AE38022326ECFF24A2F4FF23AECC
:103C4000F8FF22AE37FF0010F8FF1026F8FF038EB2
:103C5000FCFF048E01000224ECFF22A2380222267F
:103C6000F0FF22AE21104300F4FF23AEF8FF22AE96
:103C7000F4FF0010FCFF24AEFCFF028E049D033C09
:103C800060526324211043000000429025FF001081
:103C9000FCFF02AE74FF0010FCFF028EFCFF038EDF
:103CA000049D053C6052A52421106500000046904B
:103CB00010012492F5FFC4142510000001006324B4
:103CC0002128A3002F65410F110124260100422C59
:103CD000EEFF001023100200FCFF028EFCFF1026F6
:103CE0004CFF00100C0122AEF9FF0010FCFF028E09
:103CF000F8FF028EFCFF038E86FF001025104300A4
:103D000059FF0010F8FF028EFCFF158E3402228E40
:103D1000F8FF168E2BA055000A10B4020600C01240
:103D200025A040003002258EECFFC426253040003F
:103D3000D665410F2120240225022292090040501D
:103D40003002228E2C02228E060040503002228E3B
:103D50003002258E2802248E09F84000253080028A
:103D60003002228E21B0960221105400300222AE81
:103D70003402228E2310540023A0B402340222AE57
:103D8000F8FF16AEE7FE0010FCFF14AE3402228EE0
:103D90000500401404001426FFFF0224000002AEB8
:103DA000E0FE0010258080023002228E01004324B4
:103DB000300223AE000042901000A2A325022292FE
:103DC000080040503402228E2C02228E0400401043
:103DD000010006242802248E09F840001000A527BF
:103DE0003402228EFFFF4224340222AEEBFF001089
:103DF0001000A293F8FF038EF4FF028EF4FF03AECF
:103E0000FCFF038EA1FF0010F8FF03AEFCFF028E43
:103E1000F8FF038E211022028AFF0010ECFF43AC52
:103E2000FCFF028EF8FF038E2110220285FF001096
:103E3000ECFF43A0F2FF0010F8FF028ED9FF4224EE
:103E4000401002002110530000004294049D033CE6
:103E5000284D66242110C2001000A427040E410F33
:103E60001000A2AF1400A38F8020020000140200F3
:103E700023186600212044022118620004009224C5
:103E8000000083ACF4FE00101000A28FE0FFBD27FD
:103E90001800B1AF1400B0AF2588A0002580C00085
:103EA000252800001C00BFAF8066410F580406247F
:103EB000400251AC3C0250AC25404000200042245E
:103EC000140002ADA0000225180002AD1400082560
:103ED0001F0E410F252000011C00BF8F1800B18F5D
:103EE0001400B08F25200001390E410B2000BD27A2
:103EF000440285AC480286AC390E410B1400842480
:103F0000E0FFBD271000B0AF01A0103C1400B1AF1E
:103F10002528800025888000100006241C320426F5
:103F20001C00BFAFCF63410F1800B2AF10000624D2
:103F3000252820021C3204269466410F259040005B
:103F4000059D053C1C320626FC38A524EF29410FAF
:103F5000252000000A0040121C3206261C00BF8FDC
:103F60001800B28F1400B18F1000B08F1880848FAA
:103F7000059D053C1039A524ACE1400B2000BD2770
:103F80001C00BF8F010002241800B28F1400B18FF3
:103F90001000B08F0800E0032000BD27E0FFBD2720
:103FA0001000B0AF01A0103C1400B1AF2528800074
:103FB00025888000140006242C3204261C00BFAF84
:103FC000CF63410F1800B2AF140006242528200249
:103FD0002C3204269466410F25904000059D053C37
:103FE0002C3206261439A524EF29410F2520000084
:103FF0000A0040122C3206261C00BF8F1800B28F18
:104000001400B18F1000B08F1880848F059D053C7F
:104010002C39A524ACE1400B2000BD271C00BF8F2C
:10402000010002241800B28F1400B18F1000B08F6D
:104030000800E0032000BD27E0FFBD271000B0AF5F
:1040400001A0103C1400B1AF252880002588800015
:10405000100006240C3204261C00BFAFCF63410FB2
:104060001800B2AF10000624252820020C320426C6
:104070009466410F25904000059D053C0C320626B4
:104080003439A524EF29410F252000000A004012F1
:104090000C3206261C00BF8F1800B28F1400B18F9F
:1040A0001000B08F1880848F059D053C5439A524DD
:1040B000ACE1400B2000BD271C00BF8F0100022493
:1040C0001800B28F1400B18F1000B08F0800E00309
:1040D0002000BD27059D053CE0FFBD276439A524D0
:1040E0001C00BFAFEF29410F252000001880848FEE
:1040F000049D023C38404224059D073C01A0063C3B
:10410000059D053C1000A2AF7439E7240C32C6248B
:10411000C6E1400F5439A5241880848F049D023CC9
:10412000003F4224059D073C01A0063C059D053C3F
:104130001000A2AF7C39E7241C32C624C6E1400F30
:104140001039A524049D023C1880848F9C3F422492
:10415000059D073C01A0063C059D053C1000A2AF53
:104160008039E7242C32C624C6E1400F2C39A5241F
:104170001C00BF8F0800E0032000BD27E0FFBD2723
:104180001C00BFAF1800B2AF1400B1AF424F400FD8
:104190001000B0AF01A0063C059D053C1C32C624B2
:1041A0001039A5242520400025804000A44E400F52
:1041B00001A0113C059D053C0C322626252000025D
:1041C000A44E400F5439A524059D053C0C322626EB
:1041D00025200002A44E400F9039A5245FF0400F27
:1041E00001A0113C059D053C252000022530400022
:1041F000A44E400F9C39A52449F0400F0000000058
:10420000059D053C2520000225304000A44E400FAE
:10421000A039A52479F0400F00000000059D053C61
:104220002520000225304000A44E400FA439A524CB
:104230008FF0400F00000000059D053C2520000286
:1042400025304000A44E400FAC39A524A5F0400F06
:1042500000000000059D053C25200002253040009F
:10426000A44E400FB439A524059D053C2C322626CA
:1042700025200002A44E400F2C39A524059D053CA5
:104280002C322626C439A524A44E400F2520000236
:104290005E4C400F2520000201A0113C25904000FB
:1042A00000080624252840009466410FDCE72426F8
:1042B000DC51400F25204002234A400F25200002F8
:1042C0001C00BF8FDCE722261800B28F1400B18FCC
:1042D0001000B08F0800E0032000BD27D0FFBD27ED
:1042E000059D053C2400B2AFCC39A5242590800063
:1042F000252000002C00BFAF2800B3AF2000B1AFD5
:104300001C00B0AFEF29410F01A0113C5F10410F1D
:1043100001A0133C059D063C25384000E839C62421
:104320000A0805242D67410FD0DF24261000A72797
:1043300000080624D0D76526D0DF24267925410F32
:104340001000A0AF0D004010059D053C2530400039
:10435000F439A524EF29410F252000002510000085
:104360002C00BF8F2800B38F2400B28F2000B18FA4
:104370001C00B08F0800E0033000BD271000A68F9E
:1043800025804000450002240C0042AE3C0002247F
:10439000200446A6D0D76526FFFFC630200044265D
:1043A000D665410F1C0042AE059D053C183AA52478
:1043B000EF29410F25200000CA65410FD0DF2426D8
:1043C00025904000D0DF3126059D133C2A181202AB
:1043D00006006014059D053C303AA524EF29410FE5
:1043E00025200000DEFF0010010002242110300211
:1043F000000046802C3A6526EF29410F2520000059
:10440000F2FF001001001026D8FFBD27059D053CD6
:10441000253080001400B0AF343AA52425808000F8
:10442000252000002400BFAF2000B3AF1C00B2AFB6
:10443000EF29410F1800B1AF564C400F2520000264
:10444000059D053C25904000503AA524C94C400FDD
:1044500025204000259840020B984200059D053C10
:104460001039A524C94C400F252060022600405079
:10447000258800001000448CC00F410F010011245A
:1044800025804000059D053C2C39A524C94C400FD2
:104490002520600207004010059D053C1000448C5B
:1044A000E70F410F0100112424800202FF001032A7
:1044B000059D053C5439A524C94C400F25206002B8
:1044C00006004010000000001000448C0E10410F48
:1044D0000100112424800202FF001032234A400F01
:1044E000252040022400BF8F2480110225100002E5
:1044F0002000B38F1C00B28F1800B18F1400B08F52
:104500000800E0032800BD27DEFF00100100102492
:10451000D0FFBD27059D053C2800B1AF543AA52426
:1045200025888000252000002C00BFAFEF29410F17
:104530002400B0AF200425961800A22701A0103C4B
:10454000DCE70626200024261400A0AF1000A2AF4E
:104550000008072415F9400F1800A5AF0211410FFC
:10456000DCE704262C00BF8F2800B18F2400B08F19
:104570000800E0033000BD270C00828C01000624F7
:104580000300461403000324B710410B2520A000AC
:1045900003004314000000004411410B0000000020
:1045A0000800E0032510000001A0023C0800E00321
:1045B0001C32422401A0023C0800E0032C324224B9
:1045C00001A0023C0800E0030C324224E0FFBD27BA
:1045D0001400B2AF1000B0AF2590C000258080005D
:1045E0002530A00050008424040005241800B3AF37
:1045F0001C00BFAF4466410F2598E0001C00BF8F30
:10460000480012AE4C0013AE1400B28F1800B38FE6
:104610001000B08F0800E0032000BD27059D023C7C
:10462000E8FFBD27F8454224059D053C1000B0AFCA
:104630001400BFAF25808000000082AC100006246B
:104640004447A524D665410F500084241400BF8F31
:104650002510000025180000480002AE4C0003AEF3
:104660001000B08F0800E0031800BD27E8FFBD2749
:104670001000B0AF25808000040006242520A00093
:104680001400BFAFB864410F500005261400BF8F5F
:104690004800028E4C00038E1000B08F0800E0032B
:1046A0001800BD2798FFBD27253080006000B4AFFB
:1046B0005C00B3AF5800B2AF5400B1AF5000B0AF20
:1046C0000000B18C0400B38C0800B28C0C00B08CDC
:1046D0001000A42725A0A0006400BFAF4466410FCE
:1046E00010000524059D023C444642241000A427E6
:1046F0005000A627252840000000878C0000A88CC9
:104700002618500224187300261870002138E8007B
:1047100021186700218871000400A78C0400838C95
:10472000428E3100218833022118670021807000F9
:104730002618720224187100261872000800A78C2F
:10474000218003020800838C028530002180110241
:104750002118670021907200261833022418700077
:1047600026187300219043020C00A78C0C00838C48
:10477000C2933200219050022118670021987300E3
:10478000261830022418720026187100219863023E
:10479000829A33001000842421987202D6FFC41438
:1047A0001000A524059D043C1446842440004524A3
:1047B0002530400025388000261872024000C88C41
:1047C0002418700026187200211868000000E89074
:1047D0001000A9271000C6248040080021402801AD
:1047E0000000088D0400E72421186800FDFFE89010
:1047F000218871003400C38C8040080021402801CA
:10480000218003020000038DC28E31002188330213
:10481000218003022618330224187200FEFFE8905C
:1048200026187300218003023800C38C80400800E2
:1048300021402801219043020000038DC2853000F1
:10484000218011022190430226183002241873009F
:10485000FFFFE89026187100219043023C00C38CB2
:104860008040080021402801219863020000038D48
:10487000829432002190500221986302261812027D
:10488000241871002618700021986302029B3300DF
:10489000C9FFA614219872022530400025388000F7
:1048A0008000C88C26487202261830012118680042
:1048B0001000E8901000AA271000C62480400800CD
:1048C000214048010000088D0400E72421186800F9
:1048D0000D00E890218871007400C38C80400800AE
:1048E00021404801218003020000038D0E00E89062
:1048F000028F3100218003027800C38C80400800C1
:104900002188330221404801219043022648310189
:104910000000038D218009024285300021801102B0
:10492000219043020F00E8902618330226187000E9
:10493000219043027C00C38C804008002140480144
:10494000219863020000038D0294320021905002EE
:1049500021986302261830022618720021986302FB
:10496000429A3300CEFFA61421987202C000468CF2
:1049700027181000251873002618720021186600E9
:10498000200086901000A7271000422480300600E7
:104990002130E6000000C68C040084242118660043
:1049A0001D00869021887100B400438C8030060081
:1049B0002130E600218003020000C38C828E31008A
:1049C0002188330221800302271812001E008690DE
:1049D000251871002618730021800302B800438C4B
:1049E000803006002130E600219043020000C38C95
:1049F0008285300021801102219043022718130084
:104A00001F0086902518700026187100219043021F
:104A1000BC00438C803006002130E6002198630200
:104A20000000C38C4294320021905002219863020E
:104A300027181100251872002618700021986302AB
:104A4000C29A3300C9FFA214219872020000828E1C
:104A50006400BF8F218851000400828E000091AE57
:104A60005400B18F219853000800828E040093AE49
:104A70005C00B38F219052000C00828E080092AE31
:104A80005800B28F218050000C0090AE6000B48FAF
:104A90005000B08F0800E0036800BD27D0FFBD279D
:104AA0001000B0AF4800908C2400B5AF2000B4AF28
:104AB0001C00B3AF1400B1AF2C00BFAF2800B6AFDD
:104AC0001800B2AF2588800025A8A0002598C00056
:104AD0003F001032040094240A0060162C00BF8F9F
:104AE0002800B68F2400B58F2000B48F1C00B38F30
:104AF0001800B28F1400B18F1000B08F0800E003CF
:104B00003000BD27400016242310D0022B90530004
:104B10000A10720221209002253040002528A002B0
:104B2000D665410F259040004800228E4C00248E0F
:104B300021801202211852002B1062002110440023
:104B4000480023AE050016164C0022AE5000252664
:104B5000A911410F252080022580000021A8B20262
:104B6000DDFF00102398720290FFBD276000B0AFF8
:104B70004800908C6800B2AF6400B1AF3F001032C3
:104B800025300002258880002590A000040085249F
:104B90006C00BFAFD665410F1000A4275000A427BA
:104BA00010000624D665410F500025261000A327CB
:104BB000010002262180700080FF0324000003A270
:104BC0001000A327212062003900432C28006054E4
:104BD00038000624400006242330C2008066410FBE
:104BE000252800005000A527A911410F1000A42777
:104BF00038000624252800001000A4278066410FF5
:104C0000000000004800238E4C00228E5000A52793
:104C100042270300C010020025108200C0180300C4
:104C20004800A3AF021A02004C00A2A34D00A3A3A8
:104C30001000A427021C0200021602004E00A3A3CB
:104C4000A911410F4F00A2A35000A5272520400223
:104C5000B864410F040006246C00BF8F6800B28F57
:104C60006400B18F6000B08F0800E0037000BD27C2
:104C70002330C200E1FF00102528000000000500DD
:104C80000A000F00140018001C0020002400280057
:104C90002C003000340038003C0040004400480044
:104CA0004C005000540058005D00620067006F0027
:104CB000740079007E00830088008D0092009700C8
:104CC0009C00A100A600B500BB00C100C600CE003C
:104CD000D600DC00E700F600FA00FF00040109013D
:104CE0000E011301170121016C0271027F02930270
:104CF0009A02A602B402C302E402C003CE03DF0399
:104D0000E8032B04630467046B047004A004BA0472
:104D1000E604F104FA0407050B050F051305170552
:104D20001B051F0523052F050001001000000100D1
:104D3000110000010109000001010A00001A1A0017
:104D400000012D00000125000001260000013000B7
:104D500000012800000127000001240000013200AA
:104D600000012A0000012B0000012E0000012C0090
:104D700000012900000131000001020000010100D2
:104D800000018439000001842400000184380000FF
:104D900001844C0184080000018430000001843447
:104DA0000000018428000001842C000001822400FE
:104DB0000001885500000188540000018045000072
:104DC00001804E0000018054000001813600020382
:104DD0000003011B0201132602000F15000005024B
:104DE000341D00000602351D000001104F000011A7
:104DF0000502381D4C0000110502381D4D0000064B
:104E000002301D00001B1901080E26291909000097
:104E100001300A1B010001094B05022F1D00002073
:104E200020000001805A0000018062000001806BB8
:104E30000000018074000001807D0000013D000041
:104E4000201106042B6B7A71000401003D2501003E
:104E50003C250187FFFF7F6D6D701B01201106113E
:104E60001A4C6B700102506E0102120602391D517C
:104E7000700102506C6D7A6D7A6D65432442246531
:104E8000412440245101013C256D7A01003C256DEF
:104E90006D600502391D741C061C7A616D3F680344
:104EA000003F260200092602000A68030151510250
:104EB00000020118041E5A1C061864030251611BEB
:104EC00003031B3F230D0602331D62020202031778
:104ED0000402391D5101003E257101215B01225B55
:104EE0001B01231106281A4C6B6D1B061D6D601AE1
:104EF000701B0101110603631A700104506B4A1CF8
:104F000006035F04017B5151046051510408017F85
:104F1000110502381D1A516D60068063751C060666
:104F200001023B048057761C060601033B04804DBA
:104F3000771C060601043B048043781C0605010526
:104F40003B043A791C060501063B0431551C060555
:104F500001023A0428561C060501033A041F571C97
:104F6000060501043A0416581C060501053A040D0D
:104F7000591C060501063A0404010001000404015D
:104F8000000100462545257A617A511A01013D2527
:104F900073301D00000181060001540D0602321D10
:104FA0001B03000A020000006D711B0101110608BD
:104FB000630101153E2504012B7A000070010650A3
:104FC0006F0000700103506B720602371D0000264F
:104FD0001B0607211B06011604762B000001015059
:104FE0006A01011006022C1D7227000060050239BB
:104FF0001D471C060401170412481C06040118046E
:105000000A491C060401190402391D0004701B0121
:105010001701184B05022F1D01181103004D6B6677
:105020000200060C01806408030166020109040EF7
:105030001B01320D060401806409018E6C09030115
:10504000020101826D08020101030901040C090239
:1050500001018063090180640C0A020101830F09C8
:105060000183100C0903030101010C672A01010EE1
:1050700002010104072802010180640727020101DF
:10508000831007281F1506030118095D09521B012B
:1050900005140203090303011F150101266702031A
:1050A000092A03030100011767019C10080302018C
:1050B00000013B67013C0802020903020100013CB8
:1050C000670202090302721B012E11060D1A721BE0
:1050D000013001394B06031A047401805A1006028C
:1050E0002F1D510203020200017253010A0803003E
:1050F0007253020009000203000301661B02010251
:10510000004B05022F1D000023700102500B6900A7
:10511000031B0300030103026B721B0181001306D2
:1051200002361D1B010011060B1A1B05041A010093
:105130000072046F02011B0502331D2A03010202E3
:105140002502022903021B06037204681A020002E8
:10515000010A0001721B0181000D0601000181009E
:105160000A1B0502311D03000100020001001206A6
:105170001902002A03001B0183FFFF7F120602327F
:105180001D01080E26722309046000006A5E0000FB
:105190006B7A0000704E6B00016B1B0502361D72AE
:1051A0001B018100130602361D03001B0616720246
:1051B000001B0187FFFF7F130602361D01080E0941
:1051C000030004671A020000006B1B01817F1206B6
:1051D000087A010044250100001B4425442962018E
:1051E0007F000172030002000105140101151E0277
:1051F000000106141B01011506022D1D01040E02FB
:1052000000011F151B011F1106022E1D0900001BA6
:1052100005050100017F007000001B0502321D2AF8
:10522000730000221B0100130601001A160474000B
:1052300001010000010B000001150000011F00002A
:1052400001290000013300007B1A00001B06077CC7
:105250001B06011604760000010020210B2B000024
:1052600000092A864886F70D010101092A86488629
:10527000F70D010105092A864886F70D01010E097F
:105280002A864886F70D01010B092A864886F70D04
:1052900001010C092A864886F70D01010D072A86AF
:1052A00048CE3D0201082A8648CE3D030107052B62
:1052B00081040022052B81040023072A8648CE3D65
:1052C0000401082A8648CE3D040301082A8648CEF8
:1052D0003D040302082A8648CE3D040303082A86BB
:1052E00048CE3D040304001F03FC077F0B5E0F1F25
:1052F00012FE16BF1A9F1E7E223F261E29DF001FA8
:1053000003FD079F0B7E0F3F131E16DF1ABF1E9E65
:10531000225F263E29FF03551D130000DCEF00A08D
:105320001412000000000000400000A01000000067
:1053300000000000880200A0180100000100000029
:105340006454059D00000000000000000000000003
:10535000000000000000000000000000000000004D
:10536000000000000000000000000000000000003D
:10537000000000000000000000000000000000002D
:10538000000000000000000000000000000000001D
:10539000000000000000000000000000000000000D
:1053A00000000000000000000000000000000000FD
:1053B00000000000000000000000000000000000ED
:1053C00000000000000000000000000000000000DD
:1053D00000000000000000000000000000000000CD
:1053E00000000000000000000000000000000000BD
:1053F00000000000000000000000000000000000AD
:10540000000000000000000000000000000000009C
:10541000000000000000000000000000000000008C
:10542000000000000000000000000000000000007C
:10543000000000000000000000000000000000006C
:10544000000000000000000000000000000000005C
:105450000000000000000000500000A00400000058
:1054600000000000783001A06C0000000000000087
:10547000540000A00800000000000000502F01A010
:10548000A8000000000000005C0000A00800000070
:1054900000000000903101A0480000000000000062
:1054A000640000A01000000000000000E03201A035
:1054B0001400000000000000740000A01C000000A8
:1054C00000000000D83101A03400000000000000FE
:1054D000900000A02200000000000000C83201A0DF
:1054E0001800000000000000B40000A00C00000044
:1054F00000000000080400A02800000001000000D7
:10550000BB010300D10101004B0201003302030083
:105510007C020300DD030300DE030300E00303005D
:10552000E1030100B3220100C00000A02000000040
:1055300000000000443101A04C0000000000000009
:10554000040000A00600000001000000FFFFFFFFB4
:10555000FFFF0000E00000A00800000000000000C5
:10556000FC2301A04403000000000000E80000A0AC
:1055700038000000000000000C0000A00400000043
:1055800001000000FFFFFFFF200100A03400000029
:1055900000000000403201A02800000000000000D0
:1055A000482B01A04401000000000000301B01A0B6
:1055B000C004000000000000540100A0180000001A
:1055C00000000000043301A00C00000000000000F7
:1055D000F01F01A00C040000000000006C0100A0FE
:1055E0000500000000000000740100A00C00000095
:1055F00000000000902D01A0F80000000000000055
:10560000100000A0020000000100000001000000E6
:10561000800100A00800000000000000300400A08D
:105620002400000001000000F4010000D007000089
:105630000100000001000000010000000000000067
:10564000806E059DDC82059D52990000AC3201A060
:105650001C00000000000000880100A00C000000F9
:10566000000000006C0400A0E0AB0000000000009F
:10567000940100A01C00000000000000301301A0F5
:105680000008000000000000B00100A004000000BD
:1056900000000000140000A0040000000100000051
:1056A00001000000600400A00400000001000000F0
:1056B00004000000882E01A0C800000000000000C7
:1056C000B40100A03C000000000000000C3201A06A
:1056D0003400000000000000180000A004000000DA
:1056E00001000000703A059DF00100A008000000D4
:1056F00000000000E43001A0600000000000000095
:10570000F80100A01C00000000000000140200A02E
:105710001C000000000000008C2C01A00001000013
:1057200000000000300200A00C000000000000009B
:105730001C0000A0010000000100000002000000A9
:10574000000000A004000000000000008C3201A056
:1057500020000000000000003C0200A02800000023
:1057600000000000F00101A03C110000000000005A
:10577000640200A00200000000000000540400A029
:105780000C00000001000000806E059DDC82059D7C
:105790006C82059DF43201A00F00000000000000A3
:1057A000680200A00800000000000000D0D700A0A0
:1057B0000C18000000000000700200A001000000B2
:1057C00000000000482901A00002000000000000C5
:1057D000200000A00400000001000000FFFFFFFF08
:1057E000710200A00100000000000000402701A09D
:1057F0000802000000000000240000A00C000000CF
:10580000010000000030000000040000D0CD00A026
:10581000740200A00600000000000000300000A09C
:1058200004000000010000000200000050B000A0D1
:1058300080270000000000007C0200A0090000009A
:1058400000000000340000A008000000010000007B
:1058500000080000EC5A059DF82F01A08000000010
:10586000000000003C0000A0040000000100000057
:105870007C91009D4CB000A00400000000000000DE
:105880002C1301A004000000000000008C2D01A0DA
:105890000400000000000000640400A004000000F8
:1058A0000100000001000000103301A0080000000A
:1058B00000000000A00300A068000000010000003C
:1058C000A80300A0A80300A002000000030000003D
:1058D00000000000000000000000000000000000C8
:1058E00000000000246A059D000000000000000088
:1058F00000000000D89D059DA894009DFF000000B9
:105900000000000000000000000000000000000097
:105910000000000000000000000000000000000087
:105920000000000000000000680400A00400000067
:1059300001000000A40300A0683201A024000000C0
:1059400000000000000000006666666603008288B2
:1059500000008298A010027C0800E00302142200DC
:1059600028FFBD27D400BFAFD000BEAFCC00B7AF7B
:10597000C000B4AFB800B2AFB400B1AF2590C00062
:105980002588E000B000B0AFC800B6AF2580800029
:10599000C400B5AF5316410FBC00B3AF040084245C
:1059A0005316410F9400A2AF080004265316410F6E
:1059B0009000A2AF0C0004265316410F8C00A2AF3A
:1059C0002520A0005316410F8800A2AF0400A42494
:1059D0005316410F9800A2AF0800A4245316410F9C
:1059E00025F040000C00A4245316410F25B84000B8
:1059F00025A040002C0020169400A28FD400BF8F59
:105A0000D000BE8F021E0200000003A2021C020092
:105A1000010003A2030002A2021A02009000A28F5A
:105A2000020003A2CC00B78F021E0200040003A2F2
:105A3000021C0200050003A2070002A2021A0200D3
:105A40008C00A28F060003A2C800B68F021E0200BF
:105A5000080003A2021C0200090003A20B0002A21C
:105A6000021A02008800A28F0A0003A2C400B58FA8
:105A7000021E02000C0003A2021C02000D0003A281
:105A8000021A02000E0003A20F0002A2C000B48F8F
:105A9000BC00B38FB800B28FB400B18FB000B08F2C
:105AA0000800E003D800BD271000222E1801405442
:105AB0002530200225284002F0FF31261000522612
:105AC0005316410F2520A0009400A68F0400A424A3
:105AD0008888133C5316410F263046009000A38F50
:105AE0000800A424888873365316410F26184300F3
:105AF0008C00A78F0C00A4245316410F26384700B2
:105B00008800A48F4000A3AF4400A6AF2610440035
:105B10002620E2003C00A4AF2620F4021800A4AF27
:105B20009800A48F3400A2AF1111183C2000A4AF3C
:105B30002620C3004800A4AF9800A48F2630C700D9
:105B40002618620026209E002400A4AF9800A48F8F
:105B50002610D4034C00A3AF262097002618660019
:105B60002800A2AF2222193C2610440044441F3CC6
:105B70003800A7AF5000A6AF1000B4AF1400B7AF05
:105B80001C00BEAF2C00A4AF5400A3AF3000A2AFE6
:105B90001000A6273400A727111118272222392721
:105BA0004444FF270000CF8C0000E28C0400C62490
:105BB0002470F801241858001900C3012428F901A1
:105BC0002420590024485F00241053002440FF0182
:105BD0002478F3010400E72412600000106800003C
:105BE0001900A2001250000026A88A0110580000D7
:105BF0002660AB0119000901125000002668AA02B4
:105C00001058000026608B011900E40112500000BA
:105C10002668AA019C00ADAF1058000026508B01E9
:105C2000A800AAAF1900C40112500000A000AAAF3A
:105C3000A000AC8F10580000A400ABAFA400AD8F43
:105C4000190065001250000026608A0110580000FB
:105C50002668AB01190048001250000026608A0136
:105C6000105800002668AB0119002F0112500000E7
:105C700026608A01A000ACAF105800002650AB018E
:105C8000AC00AAAF1900C901125000001058000062
:105C90001900A4001260000026B04C01106800003A
:105CA00026A86D01190068001250000026B0CA0233
:105CB0001058000026A8AB0219004F001250000037
:105CC00026B0CA0224B0DF021058000026A8AB029A
:105CD00024A8BF021900C201125000001058000091
:105CE0001900A900A000A58F1260000026104C0129
:105CF0002460B9001068000026486D01AC00A58F33
:105D0000190004012468B9001250000026204A003E
:105D10001058000026482B0119006F0012100000D7
:105D2000262082009C00A28F101800002648230124
:105D3000A800A38F2410580025104C0024187800C8
:105D400025686D0025B0560025A8B50124209300D4
:105D5000244833012510C40225A8A902FCFFE2ACA7
:105D60003400A2278FFF4614FCFFD5AC3400AB8F64
:105D70001000A78F3C00A38F3800A28F2648EB00AD
:105D800026482301264822012638E2001800A28F67
:105D90004000A88F1C00A58F4800AC8F2638E20079
:105DA0004400A28F2618A80026186C002660620006
:105DB0002628A2002400A28F2800AF8F5000AE8FAB
:105DC0001400A68F4C00A38F2628A2003000A28FBB
:105DD0002620E80126208E00264068012620820029
:105DE000264003012610C3005400A38F2000AA8F71
:105DF0002C00AD8F26104F00261043002638E600F9
:105E00002618CA0026208D0040300B0026104E00B8
:105E10002620870026104900263807015800A6AF23
:105E2000C25F0B00403009002628AA0026104C0053
:105E30002558CB00C24F09004030070026208500BE
:105E40002548C900C23F0700403002002538C7007E
:105E500026186D0040300400C217020026186C009E
:105E60002510C2006800A2AFC22704004010030042
:105E700025204400C21F03004010050025184300E0
:105E8000C22F050040100A00252845006C00A4AF71
:105E90007400A5AF5C00ABAF6000A9AF6400A7AF12
:105EA0007000A3AF5800A4276800A5270000828CCB
:105EB0001000838C04008424423002002618430022
:105EC000261866008230020026186600C2310200E1
:105ED000261866000C0083AC80370200C01F020049
:105EE000261866000800868C4016020026186600F8
:105EF00026106200EDFFA414080082AC10000624F6
:105F0000D665410F8800A427BAFE001000000000EB
:105F100025284002D665410F7800A4277800A227E3
:105F2000100006242330D100252800008066410F90
:105F30002120510025880000E1FE00107800A527EF
:105F400003008010251000002C00828CC01002007D
:105F50000800E0030000000005008010251000008C
:105F60002C00828C3000838C23104300C010020070
:105F70000800E0030000000003008010251000006E
:105F80003400828CC01002000800E0030000000012
:105F900003008010F7FF02243800828C380080ACA8
:105FA0000800E00300000000E0FFBD271400B1AFCF
:105FB0001C00BFAF1800B2AF1000B0AF0B008010D4
:105FC000258800004800922425808000FFFF0524DA
:105FD0002038410F252040022400028E0A00405440
:105FE0000400438C3038410F252040021C00BF8F35
:105FF000C01011001800B28F1400B18F1000B08FC4
:106000000800E0032000BD270000428C2B20230263
:10601000F2FF00100B8864006D0080102510000056
:106020006B00A01000000000D8FFBD272000B4AF17
:10603000480094241800B2AF1400B1AF1000B0AF04
:106040002590A00025808000F8FFB1242520800243
:106050001C00B3AF2400BFAF2038410FFFFF052461
:106060002400038E04006014FCFF538EF8FF40AE42
:106070000F000010280011AE2B1023021400401056
:10608000C01013002110220209006254F8FF43AE31
:106090000400628C21105300FCFF42AE0000628CB1
:1060A000F8FF42AE2800028E01006250280011AEB7
:1060B000240011AE3000028E2520800223105300F0
:1060C0003038410F300002AE39000010C01013000C
:1060D0002800048E2B1091000D0040102B28710019
:1060E0000400828CC018020021188300040023568B
:1060F000000091AC21105300EEFF0010040082ACB0
:10610000F8FF40AEEBFF0010280011AE2B28710005
:106110002000A0100000628C2B2822021D00A0107D
:10612000C02813002128250209004554F8FF42AE7B
:106130000400458C0000428C2128B300F8FF42AED9
:106140000000628C02008214FCFF45AE280011AEF4
:106150000400658CC020050021206400D5FF245672
:10616000000071ACFCFF428E21104500040062ACBF
:10617000F8FF428E000062AC2800028ECDFF515025
:10618000280003AECCFF00103000028EC9FF0010C3
:10619000000071ACDDFF401425184000F8FF022418
:1061A000380002AE3038410F252080022510000053
:1061B0002400BF8F2000B48F1C00B38F1800B28F53
:1061C0001400B18F1000B08F0800E0032800BD2735
:1061D0000800E00300000000D8FFBD271400B0AFA6
:1061E0002400BFAF2000B3AF1C00B2AF1800B1AFA6
:1061F0002C008010258080000E00A0104800932401
:106200000700B124252060022038410FFFFF05243C
:106210002400128EC28811000100312625180000CA
:1062200006004016FAFF0224380002AE3038410F53
:10623000252060021B000010258000000400428E13
:106240002B20510027008014232051000300852CAF
:106250000400A014000000001D005154040044AECE
:1062600025102002170060100000448E000064AC6E
:106270002800048E01009250280003AE3000038EE7
:10628000211043003400038E2B18620002006010BE
:10629000300002AE340002AE3038410F25206002DB
:1062A000080050262400BF8F251000022000B38F65
:1062B0001C00B28F1800B18F1400B08F0800E003EB
:1062C0002800BD27240004AEE9FF00102518800037
:1062D000C020040021904402040051AEE7FF0010EA
:1062E0002510200225184002CDFF00100000528E1C
:1062F000E8FFBD271000B0AF0280A6701400BFAF4A
:106300007618410F252800020400401025300002B5
:10631000252800008066410F252040001400BF8F13
:106320001000B08F0800E0031800BD271B0080108C
:10633000F7FF02242400828C04004010F9FF02249D
:106340003000828C03004010F9FF02240800E003B3
:10635000380082ACE8FFBD271000B0AF2580800078
:106360001400BFAF1338410F4800842425200002D9
:10637000240006248066410F252800004400028E78
:1063800009F840004000048E1400BF8F2510000063
:106390001000B08F0800E0031800BD270800E003DC
:1063A00000000000D0FFBD272000B3AF1400B0AF45
:1063B0002C00BFAF2800B5AF2400B4AF1C00B2AFB3
:1063C0001800B1AF2598A000258000003D00801086
:1063D000FFFF03240C00828C3A00401025908000BF
:1063E0001000848C37008010000000001400518ED3
:1063F000340020120000000009F84000252020028F
:1064000025A040002F004010FEFF0324030050246D
:10641000FCFF022424800202212834022328B00039
:106420002428A200B0FFB1240002222E250040142F
:10643000FCFF0324C761410F25200002069D053C97
:1064400024000624DC9BA524252040002580400054
:10645000D665410F500055240400428EC2881100B9
:10646000480004263C0002AE1000428E240015AE07
:10647000540011AE500000AE280015AE2C0011AE35
:10648000300000AE340000AE380000AE400014AE64
:10649000440002AE0100072401000624EA37410F40
:1064A00025280000010004240600441025180000DF
:1064B0001000428E2520800209F84000258000004F
:1064C000FDFF032401006056000063AE2C00BF8F67
:1064D000251000022800B58F2400B48F2000B38F50
:1064E0001C00B28F1800B18F1400B08F0800E003B9
:1064F0003000BD2718FFBD27DC00B4AFD800B3AF14
:10650000D400B2AFD000B1AFE400BFAFE000B5AF90
:10651000CC00B0AF259080002588C000B800A5AFA2
:1065200025980000019D143CB800A58F0000A280B2
:10653000E4004010FFFF02249C00A2AF1800A22735
:10654000A400A2AF800002249800A0AFA000A0AFDA
:10655000A800A2AF25800000250003242110B00070
:10656000000042800300401000000000FBFF435485
:10657000010010260600001225300002775E410F50
:1065800025204002B800A28F21105000B800A2AF11
:10659000B800B58F250002240000A382C200621457
:1065A0000100B526B800B5AF2B0005242D00062448
:1065B000300003242000072423000824B800A48FFF
:1065C000000082801B0045509800A28F2C004928B3
:1065D0001E00201100000000180047509800A28FF4
:1065E000180048509800A28F2A0003241E00435030
:1065F0000000228E0660410F00000000A000A2AF44
:10660000B800A38F00006280D0FF42240A00422C11
:106610002100401001006324F9FF0010B800A3AF6F
:1066200001004234010084249800A2AFE3FF00106F
:10663000B800A4AFFBFF001004004234F9FF0010C3
:1066400008004234F7FF001010004234F4FF4650B7
:106650009800A28FE5FF43542A0003249800A28FDC
:10666000F0FF00100200423401008424B800A4AFFF
:10667000040043240000428C000023AE06004104C5
:10668000A000A2AF9800A38F23100200A000A2AF29
:10669000010063389800A3AF9800A28F0100433037
:1066A000020060104408027C9800A2AFB800A28FDC
:1066B0002E000324000044800D00831401004424B4
:1066C0009C00A0AFB800A4AF010045802A000324BD
:1066D0002300A31402004224B800A2AF0000228EBF
:1066E000040043240000428C000023AE9C00A2AFB3
:1066F000CC62410FB800A427C000A2AFB800A28F9F
:10670000B267410F00004480690003247700431002
:10671000C000A58F6A0043282F0060106300032487
:10672000BE004310640043281800601025000324B5
:10673000CB004310610003244F004350253020025A
:10674000FFFF0224B800B5AF9800A0AFA000A0AF33
:106750009C00A2AF1000A0AFC900001025380000B7
:106760000660410F000000009C00A2AFB800A38F9C
:1067700000006280D0FF42240A00422CDCFF40105F
:1067800001006324F9FF0010B800A3AF64000324E4
:106790005600431068004228EAFF4010FFFF022421
:1067A000253020025E63410FB000A42797004010FF
:1067B000B800A28FB000A6279800A52701004324A7
:1067C000B800A3AF0000478005F3400F252040022A
:1067D0003500001021800202700003246E00431077
:1067E00071004328130060106E00032483004310DF
:1067F0006F000324D3FF4314FFFF02242538200237
:10680000253000001D4D410FB000A4277F0040102F
:10681000B800A28FB000A6279800A5270100422447
:1068200025204002EF56410FB800A2AF1E00001015
:1068300021800202750003243A00431078000324EB
:106840004600431073000324BDFF4314800002245C
:106850006E00A214B800A28F253800000100422467
:10686000B800A2AF0000228E04004324000023AE33
:10687000760000100000468C5E63410FB000A42734
:1068800062004010B800A28FB000A6279800A5278C
:1068900001004324B800A3AF0000478074F9400F03
:1068A0002520400221800202218070022A981302D2
:1068B0007700601201A0023C4F0003244CB043ACAF
:1068C000FFFF1324E400BF8F25106002E000B58FA6
:1068D000DC00B48FD800B38FD400B28FD000B18F5A
:1068E000CC00B08F0800E003E800BD272538200267
:1068F000010006241D4D410FB000A42743004010A5
:10690000B800A28FB000A6279800A5270100422456
:10691000252040022A52410FB800A2AFE2FF00102A
:106920002180020225382002253000001D4D410F34
:10693000B000A42735004010B800A28FB000A627F1
:106940009800A5270100422425204002E85A410F63
:10695000B800A2AFD4FF0010218002022538200227
:10696000253000001D4D410FB000A4272700401026
:10697000B800A28F01004324B800A3AF00004780F5
:10698000B000A6279800A527F446410F2520400215
:10699000C5FF0010218002022538200225300000AA
:1069A000F00005241D4D410FB000A4271700401032
:1069B000B800A28FB400A38F01004224B800A2AF98
:1069C000B000A28F25104300EDFF4014780007248B
:1069D000CA65410F549484269800A38FA000A78F06
:1069E000253040001000A3AF54948526B555410FC3
:1069F00025204002ACFF0010218002022538200231
:106A000021307002DF57410FB000A427B800A28FD9
:106A100001004224A4FF0010B800A2AF80000224AD
:106A2000FAFFA214B800A28F01000724B000A62725
:106A300001004224B800A2AF0000228E04004324CB
:106A40000000428C000023AEB000A2A39800A5274E
:106A5000C85C410F2520400293FF001021800202F4
:106A600080000224E9FFA214B800A28FA000A78F23
:106A700001004224B800A2AF9800A28F1000A2AF7C
:106A8000019D053C01000624D8FF00105C94A5245C
:106A9000A5FE001025980002666C6173683A2064B8
:106AA0006961676E6F7374696320696E666F726D7A
:106AB0006174696F6E0D0A00666C6173683A2053E9
:106AC000535432362064726976657220737461742F
:106AD00075733A2025640D0A0000000C666C617322
:106AE000683A204A454445432049443A20307825B5
:106AF00030386C780D0A0000666C6173683A206665
:106B000061696C656420746F2072656164204A4518
:106B10004445432049440D0A0000000C666C617333
:106B2000683A2067656F6D65747279202D207265F3
:106B300061645F626C6F636B3A20256C752C207703
:106B4000726974655F626C6F636B3A20256C752C9B
:106B50002065726173655F626C6F636B3A20256CB0
:106B6000750D0A00666C6173683A206661696C6530
:106B70006420746F206765742067656F6D6574723B
:106B8000790D0A00666C6173683A206465696E6904
:106B9000740D0A00666C6173683A206465696E69F9
:106BA0007420636F6D706C6574650D0A00000000E1
:106BB000666C6173683A2072656164206661696C15
:106BC0006564202D206E6F7420696E697469616C34
:106BD000697A6564206F7220696E76616C696420E1
:106BE000706172616D730D0A00000000666C617364
:106BF000683A206661696C656420746F2061637116
:106C00007569726520535049320D0A00666C6173D4
:106C1000683A2072656164206F7065726174696F93
:106C20006E206661696C65640D0A0000666C6173B4
:106C3000683A2072656164207472616E7366657271
:106C4000206661696C65640D0A000000666C617302
:106C5000683A207772697465206661696C656420A2
:106C60002D206E6F7420696E697469616C697A6534
:106C700064206F7220696E76616C69642070617245
:106C8000616D730D0A000000666C6173683A2070D4
:106C9000616765207772697465206661696C6564F7
:106CA0000D0A0000666C6173683A2077726974653A
:106CB000207472616E73666572206661696C6564CA
:106CC0000D0A0000666C6173683A20657261736535
:106CD00020736563746F72206661696C6564202D32
:106CE000206E6F7420696E697469616C697A65647D
:106CF0000D0A0000666C6173683A20736563746FF7
:106D000072206572617365206661696C65640D0A45
:106D100000000000666C6173683A20736563746FED
:106D2000722065726173652074696D656F75740D8D
:106D30000A000000666C6173683A20736563746FC3
:106D400072206572617365207472616E736665721C
:106D5000206661696C65640D0A000000666C6173F1
:106D6000683A2063686970206572617365206661A6
:106D7000696C6564202D206E6F7420696E6974697A
:106D8000616C697A65640D0A00000000666C6173CD
:106D9000683A2065726173696E6720656E74697206
:106DA0006520636869700D0A00000000666C6173FD
:106DB000683A206368697020657261736520666156
:106DC000696C65640D0A0000666C6173683A206343
:106DD00068697020657261736520636F6D706C65A2
:106DE000746564207375636365737366756C6C7921
:106DF0000D0A0000666C6173683A20636869702050
:106E00006572617365207472616E73666572206667
:106E100061696C65640D0A00666C6173683A206D87
:106E2000616769632072656164206661696C65648D
:106E3000202D206E6F7420696E697469616C697AA7
:106E400065640D0A00000000666C6173683A206D8D
:106E5000616769632072656164206661696C65645D
:106E60000D0A0000666C6173683A2073657474697A
:106E70006E67206D61676963206E756D6265722053
:106E800030782530386C780D0A000000666C61732C
:106E9000683A206D61676963207365742066616973
:106EA0006C6564202D206E6F7420696E6974696151
:106EB0006C697A65640D0A00666C6173683A206DCE
:106EC0006167696320736563746F722065726173B3
:106ED00065206661696C65640D0A0000666C61730B
:106EE000683A205741524E494E47202D20696D6D1A
:106EF000656469617465207665726966792066618A
:106F0000696C6564210D0A00666C6173683A206DD6
:106F100061676963207772697465206661696C6571
:106F200064210D0A00000000666C6173683A2069F4
:106F30006E69740D0A000000666C6173683A206126
:106F40006C726561647920696E697469616C697AD3
:106F500065640D0A00000000666C6173683A205396
:106F60005354323620647269766572206E6F7420D5
:106F700072656164790D0A00666C6173683A206617
:106F800061696C656420746F206F70656E20535367
:106F9000543236206472697665720D0A0000000072
:106FA000666C6173683A20696E697469616C697AAC
:106FB000696E67206D61676963206E756D626572C9
:106FC0000D0A0000666C6173683A206661696C6541
:106FD0006420746F20736574206D61676963206E2F
:106FE000756D626572210D0A00000000666C6173A8
:106FF000683A206D61676963206E756D6265722005
:10700000736574206661696C65640D0A0000000098
:10701000E0FFBD271400B1AF0C00918C1000B0AFA1
:1070200025808000010031321C00BFAF1800B2AFD4
:107030000400848C070020120000198E1C00BF8FF2
:107040001800B28F1400B18F1000B08F0800200319
:107050002000BD2723109900231846000B0061046F
:107060002590C000050080500000028E2390C200D1
:10707000040000AE000000AE0000028E0080113C53
:107080002190520006000010000012AED665410F9C
:10709000252020030000028E21905200000012AE35
:1070A0001C00BF8F251020021800B28F1400B18F72
:1070B0001000B08F0800E0032000BD27A010067C60
:1070C000A028077CD8FFBD27022C2500021422002F
:1070D0001800A5AF2400BFAF3800A3931C00A2AFD7
:1070E0000E00E0141F00A5271800C82C0B0000118B
:1070F00000000000003E427C211862001F00A3A394
:107100002000A62725380000041C410F2330C500AD
:107110002400BF8F0800E0032800BD270400E0140E
:10712000010002240001C82C0100005525100000B8
:107130000500E014FF0042300100083C2B30C8007D
:107140000700C01401000624010042240300E010DF
:10715000FF00423001004224FF00423001000624BB
:1071600004304600180063242328A60021104300A1
:10717000E3FF00100000A2A0251080000000438C57
:10718000D8FFBD272400BFAF0000A3AC0400438C90
:107190000400A3AC0800438C030060102520A0006D
:1071A000FFFF6324080043AC2000E5300C0085ACF1
:1071B0000C00428C0100C324FFFF08240100423070
:1071C00025104500080083AC0C00C8140C0082ACEC
:1071D0001F00E724100042341800A7A30C0082AC63
:1071E0002538000001000624041C410F1800A527C3
:1071F0002400BF8F0800E0032800BD270200A01074
:1072000021186600080083AC1000A7AF2F1C410FA7
:1072100025380000F7FF00102400BF8F0800828C83
:10722000030040101000A393FFFF4224080082AC2B
:107230002F1C410B1000A3AFD8FFBD272000B2AF19
:107240001000A6AF2590E0002530A00025380000F2
:107250001C00B1AF1800B0AF2400BFAF258880007C
:10726000871C410F2580A0000A00401C2530000229
:1072700025284002252020022400BF8F2000B28F45
:107280001C00B18F1800B08F01000724041C410BB3
:107290002800BD272400BF8F2000B28F1C00B18FB3
:1072A0001800B08F0800E0032800BD27000085AC5F
:1072B000020002242128A600040085AC080082AC4C
:1072C0000800E0030C0087AC02000224080082AC36
:1072D00001000224000085AC040086AC0800E00335
:1072E0000C0082ACE0FFBD271000A0AF1C00BFAFB8
:1072F000871C410F000000001C00BF8F0800E00346
:107300002000BD27E0FFBD270100C22C2000032480
:107310001000A3AFFFFFC6241C00BFAF871C410FA6
:107320002338E2001C00BF8F0800E0032000BD27C7
:10733000C3170700E0FFBD27200043301000A3AFB4
:107340002630C2001C00BFAF871C410F2638E20068
:107350001C00BF8F0800E0032000BD27E7FFA32427
:107360000700632C0A0060142530A000E0FFBD2751
:10737000E00002241000A2AF1C00BFAF871C410F29
:10738000253800001C00BF8F0800E0032000BD2747
:107390000800E00306010224C8FFBD272C00B0AF9F
:1073A00007FFB0240300022E3400BFAF09004014D1
:1073B0003000B1AF069D073C069D053C069D043C90
:1073C000909EE724A40106248481A5242564410F0E
:1073D000A4818424FB000224258880001D00A214BF
:1073E0001000A5A30000C28C0400C38C0800062472
:1073F000A010027CA018037C02142200021C2300AF
:107400002000A3AF2400A2AF2000A527D665410F1E
:107410001100A4270800228E02004010FFFF422422
:10742000080022AE02000624043006021000A52740
:107430002520200225380000041C410F0100C6242D
:107440003400BF8F3000B18F2C00B08F0800E003F4
:107450003800BD27FA0002240700A2540000C2949D
:107460000000C28C04000624A010027C021422003A
:10747000E5FF00102000A2AFA010027C2000A2A710
:107480001100A2A3003A427CE2FF00101200A2A366
:10749000E0FFBD27C00002241000A2AF1C00BFAF58
:1074A0002F1C410F000000001C00BF8F0800E003EC
:1074B0002000BD272510C0002538A000400006246C
:1074C0008E1C410B252840002510C0002538A00047
:1074D000600006248E1C410B252840005E1C410BD9
:1074E000800007240080023CFF7F033C2110C20083
:1074F000FFFF63342B104300030040140000000022
:107500005E1C410BA00007240800E00300040224D5
:107510000C00A28C0400A38C0000A68C100042304A
:10752000040083AC0C004010000086ACE0FFBD27D7
:10753000FFFF02241000A5272538000001000624C3
:107540001C00BFAF041C410F1000A2A31C00BF8F82
:107550000800E0032000BD270800A28C01000424DD
:10756000040044500080023C2B1002000800E0039D
:10757000000342240800E0030B1003005443502F83
:10758000495020537461636B3A202573204D414369
:1075900020696E697469616C697A6174696F6E20C3
:1075A0006661696C65640D0A000000005443502F49
:1075B000495020537461636B3A202573204D414339
:1075C000204F70656E206661696C65640D0A00006D
:1075D0005443502F495020537461636B3A204D6FD0
:1075E00064756C65206E6F3A20256420496E69745D
:1075F00069616C697A6174696F6E206661696C6536
:10760000640D0A005443502F495020537461636B3A
:107610003A202573204D4143206576656E74206EB7
:107620006F74696669636174696F6E2073657474E1
:10763000696E67206661696C65640D0A0000000070
:10764000544350495020537461636B2041737365F8
:1076500072743A20696E2066696C653A2025732C35
:107660002066756E633A2025732C206C696E653A2E
:107670002025642C200D0A00544350495020537497
:1076800061636B20436F6E643A20696E2066696C9B
:10769000653A2025732C2066756E633A2025732C7D
:1076A000206C696E653A2025642C200D0A000000CC
:1076B0005443502F495020537461636B3A204E65F8
:1076C00074776F726B20636F6E6669677572617431
:1076D000696F6E206C6F6164206661696C65643AE5
:1076E0002025640D0A0000005443502F49502053B8
:1076F0007461636B3A20506F776572204D6F6465DB
:1077000020696E697469616C697A6174696F6E2051
:107710006661696C3A2025640D0A00005443502FBD
:10772000495020537461636B3A204865617020634F
:1077300072656174696F6E206661696C65642C2086
:10774000747970653A2025640D0A00005443502F67
:10775000495020537461636B3A204E6574776F72A1
:107760006B20636F6E66696775726174696F6E20F6
:10777000616C6C6F636174696F6E206661696C65C2
:10778000643A20256C750D0A000000005443502F08
:10779000495020537461636B3A205061636B657488
:1077A00020696E697469616C697A6174696F6E20B1
:1077B0006661696C65643A20307825780D0A0000AE
:1077C0005443502F495020537461636B3A204465F1
:1077D0006661756C7420466C617368204E657477C1
:1077E0006F726B20636F6E66696775726174696F23
:1077F0006E206C6F6164206661696C656420257A17
:10780000750D0A005443502F495020537461636B27
:107810003A204E6574776F726B20636F6E6669678E
:1078200075726174696F6E20696E697469616C69E3
:107830007A6174696F6E206661696C65643A2025AF
:10784000640D0A005443502F495020537461636BF8
:107850003A204E6574776F726B20636F6E6669674E
:1078600075726174696F6E3A20416C6961736573FA
:10787000206E6F7420737570706F727465643A2037
:1078800025640D0A000000005443502F4950205336
:107890007461636B3A204E6574776F726B20636F0F
:1078A0006E66696775726174696F6E3A20696E768B
:1078B000616C696420495020616464726573733A35
:1078C0002030782538780D0A000000002573257ACD
:1078D000750000005443502F495020537461636B6E
:1078E0003A2044796E616D6963206D656D6F7279C0
:1078F000206973206C6F773A20256C750D0A0000A3
:107900005443502F495020537461636B3A20496EA1
:10791000697469616C697A6174696F6E2066616906
:107920006C6564202564202D2041626F7274696E3D
:107930006721200D0A0000005443502F4950205366
:107940007461636B3A20496E697469616C697A612C
:1079500074696F6E2053746172746564200D0A003F
:107960005443502F495020537461636B3A2054693B
:10797000636B20726567697374726174696F6E20DE
:107980006661696C65643A2025640D0A0000000098
:107990005443502F495020537461636B3A20496E11
:1079A000697469616C697A6174696F6E20535953A7
:1079B00020544D52206661696C65643A202564202C
:1079C0002D2041626F7274696E6721200D0A0000DC
:1079D0005443502F495020537461636B3A20496ED1
:1079E000697469616C697A6174696F6E20456E644F
:1079F0006564202D2073756363657373200D0A0021
:107A00005443502F495020537461636B3A20496EA0
:107A10007465726661636520496E697469616C6939
:107A20007A6174696F6E206661696C65643A2030B2
:107A3000782578202D2041626F7274696E6721204D
:107A40000D0A00002E2E2F7372632F636F6E66690E
:107A5000672F64656661756C742F6C696272617200
:107A6000792F74637069702F7372632F74637069F8
:107A7000705F6D616E616765722E630031342E3008
:107A80002E30202D20483300756E6B006574680021
:107A9000776C616E00000000707070006733616485
:107AA00070000000E0FFBD271000B0AF01A0103C47
:107AB0001400B1AF252880002588800080000624AE
:107AC000F82F04261C00BFAFCF63410F1800B2AFE0
:107AD0008000062425282002F82F04269466410FF2
:107AE00025904000019D053CF82F06264890A524CE
:107AF000EF29410F252000000A004012F82F06262A
:107B00001C00BF8F1800B28F1400B18F1000B08F0F
:107B10003C80848F019D053C5C90A524ACE1400B2A
:107B20002000BD271C00BF8F010002241800B28F67
:107B30001400B18F1000B08F0800E0032000BD27B3
:107B4000019D053CE0FFBD276490A5241C00BFAF4C
:107B5000EF29410F25200000049D023C3C80848FCA
:107B6000A47A4224019D073C01A0063C019D053CEE
:107B70001000A2AF7090E724F82FC624C6E1400F92
:107B80005C90A5241C00BF8F0800E0032000BD27E7
:107B9000E0FFBD271C00BFAF1400B1AF1000B0AFB5
:107BA000424F400F1800B2AF01A0063C019D053CBA
:107BB000F82FC6245C90A52425204000258840008D
:107BC000A44E400F019D103C019D053CA890062647
:107BD000B090A524A44E400F252020021F8D400FF9
:107BE00000000000019D053C25304000B890A52410
:107BF000A44E400F25202002428D400F00000000BF
:107C000003004010A8900626019D063CA090C624C3
:107C1000019D053CC090A524A44E400F25202002C4
:107C2000ED47410F0000000003004010A890062619
:107C3000019D063CA090C624019D053CC890A5244A
:107C4000A44E400F252020025E4C400F252020022C
:107C500001A0103C25904000000806242528400083
:107C60009466410FDCE70426DC51400F25204002DA
:107C7000234A400F252020021C00BF8FDCE702268C
:107C80001800B28F1400B18F1000B08F0800E0030D
:107C90002000BD27D0FFBD27019D053C2400B2AFC9
:107CA000D490A52425908000252000002C00BFAF93
:107CB0002800B3AF2000B1AF1C00B0AFEF29410FD7
:107CC00001A0113CE41E410F01A0133C019D063CA4
:107CD00025384000EC90C6240A0805242D67410F82
:107CE000D0DF24261000A72700080624D0D7652659
:107CF000D0DF24267925410F1000A0AF0D004010E1
:107D0000019D053C25304000F890A524EF29410F46
:107D100025200000251000002C00BF8F2800B38F05
:107D20002400B28F2000B18F1C00B08F0800E00348
:107D30003000BD271000A68F25804000450002249A
:107D40000C0042AE3C000224200446A6D0D7652693
:107D5000FFFFC63020004426D665410F1C0042AE0E
:107D6000019D053C1C91A524EF29410F2520000011
:107D7000CA65410FD0DF242625904000D0DF312690
:107D8000019D133C2A18120206006014019D053C57
:107D90003091A524EF29410F25200000DEFF0010BF
:107DA0000100022421103002000046802C9165263B
:107DB000EF29410F25200000F2FF001001001026DE
:107DC000019D053CE8FFBD27A090A5241000B0AFA1
:107DD0001400BFAFE165410F25808000070040100F
:107DE00001000524019D053C3491A524E165410F66
:107DF0002520000207004014252800001400BF8F32
:107E00001000B08F01A0043CF82F8424D347410B0D
:107E10001800BD27019D053C4091A524E165410F57
:107E2000252000020300401402000224F263410FE7
:107E3000008082AF1400BF8F251000001000B08FAB
:107E40000800E0031800BD27D8FFBD27019D053CB1
:107E5000253080001400B0AF4891A5242580800013
:107E6000252000002400BFAF2000B3AF1800B1AF41
:107E7000EF29410F1C00B2AF564C400F25200002E5
:107E8000019D053C258840006091A524C94C400F08
:107E900025204000259820020B984200019D053CBA
:107EA0005C90A524C94C400F252060021B00405067
:107EB000259000001000448CA91E410F01001224DF
:107EC00025804000019D053CB090A524C94C400F81
:107ED0002520600206004010000000001000448CC5
:107EE000701F410F0100122424800202FF00103293
:107EF000234A400F252020022400BF8F2480120235
:107F0000251000022000B38F1C00B28F1800B18F23
:107F10001400B08F0800E0032800BD27E9FF00101F
:107F200001001024D0FFBD27019D053C2800B1AF02
:107F30006491A52425888000252000002C00BFAF77
:107F4000EF29410F2400B0AF200425961800A22786
:107F500001A0103CDCE70626200024261400A0AF78
:107F60001000A2AF0008072415F9400F1800A5AFB4
:107F7000921F410FDCE704262C00BF8F2800B18F31
:107F80002400B08F0800E0033000BD270C00828C75
:107F9000010006240300461403000324251F410B9F
:107FA0002520A0000300431400000000C91F410B5E
:107FB000000000000800E0032510000001A0023CC2
:107FC0000800E003F82F422448656C6C6F2066724D
:107FD0006F6D20436F41502073657276657221008A
:107FE000636F61705F7365727665723A2072657354
:107FF000706F6E73653A2025730D0A007472756593
:108000000000000066616C73650000007B22652241
:108010003A7B22737461747573223A226F6B222C3F
:10802000226970223A2225642E25642E25642E258D
:1080300064222C226C696E6B223A25737D7D0000D0
:10804000636F61705F7365727665723A206A736FF1
:108050006E5F746F5F63626F72206572726F723AE7
:108060002025640D0A000000636F61705F73657204
:108070007665723A2066616C6C6261636B20746F26
:10808000207465787420726573706F6E73650D0A65
:1080900000000000636F61703A206275696C6420B3
:1080A0006661696C65640D0A00000000636F6170B1
:1080B0003A206661696C656420746F2073656E6434
:1080C000207061636B65740D0A000000636F61705E
:1080D0003A2063616E6E6F742073746172742073E2
:1080E0006572766572202D206E6F20495020616484
:1080F00064726573730D0A00636F61703A20736573
:10810000727665722073746172746564206F6E207C
:10811000706F72742025640D0A000000636F617037
:108120003A2063616E6E6F7420696E697420636CAF
:1081300069656E74202D206E6F2049502061646443
:10814000726573730D0A0000636F61703A20636C8F
:1081500069656E7420696E697469616C697A6564B9
:108160000D0A0000636F61703A20746F6F206D61BB
:108170006E79207265736F757263657320726567BF
:10818000697374657265640D0A000000636F617045
:108190003A207061636B657420746F6F206C6F6E32
:1081A000670D0A00636F61703A207061636B6574DC
:1081B00020616C7265616479207175657565640D07
:1081C0000A000000636F61703A20696E69740D0ADD
:1081D00000000000636F61705F7461736B000000EA
:1081E000636F61703A207061727365206661696CBB
:1081F00065640D0A000000002F000000636F6170CD
:108200003A207265736F757263652068616E646C85
:1082100065723A2025730D0A00000000636F6170DB
:108220003A206E6F207265736F7572636520666F9A
:10823000756E6420666F7220272573272C20736566
:108240007474696E67204E4F545F464F554E440D0F
:108250000A000000636F61703A206E6F7420696ECF
:1082600020736572766572206D6F64652C20696776
:108270006E6F72696E6720726571756573740D0A31
:1082800000000000636F61703A20737461727420A3
:108290007461736B0D0A00003D3D3D20436F4150FA
:1082A000205061636B6574204465627567203D3DB5
:1082B0003D0D0A0045746865726E65743A206473FA
:1082C000745F6D61633D253032783A253032783AFB
:1082D000253032783A253032783A253032783A25CE
:1082E0003032782C207372635F6D61633D253032CC
:1082F000783A253032783A253032783A253032785B
:108300003A253032783A253032782C206574686509
:1083100072747970653D3078253034780D0A00002C
:1083200049503A2076657273696F6E5F69686C3D7B
:108330003078253032782C20746F733D30782530BA
:1083400032782C20746F74616C5F6C656E67746832
:108350003D25642C2069643D3078253034780D0A41
:108360000000000049503A20666C6167735F6F66D9
:10837000667365743D3078253034782C2074746CC5
:108380003D25642C2070726F746F636F6C3D2564A3
:108390002C20636865636B73756D3D3078253034D0
:1083A000780D0A0049503A207372635F69703D2569
:1083B000642E25642E25642E25642C206473745F3E
:1083C00069703D25642E25642E25642E25640D0AD2
:1083D000000000005544503A207372635F706F7262
:1083E000743D25642C206473745F706F72743D2536
:1083F000642C206C656E6774683D25642C2063686E
:1084000065636B73756D3D3078253034780D0A00E7
:108410005061796C6F61643A206C656E6774683D79
:1084200025640D0A000000005061796C6F616420C2
:10843000646174613A200000253032782000000029
:108440002E2E2E000D0A00003D3D3D20456E64207D
:108450004465627567203D3D3D0D0A003D3D3D2070
:1084600055445020436865636B73756D20446562A5
:108470007567203D3D3D0D0A00000000636F61708F
:108480003A207564702E636865636B73756D3A206E
:10849000253034780D0A00003D3D3D20456E6420B6
:1084A00055445020436865636B73756D2044656265
:1084B0007567203D3D3D0D0A000000002F7374617B
:1084C00074757300E8FFA2240800E0030140422C09
:1084D0000000A28C080044240000A4AC0000C28C60
:1084E00000400524F0FF4224231044000140432CA7
:1084F0000A10A300211044000800E0030000C2ACF1
:10850000C0FFBD273400B2AF3000B1AF2C00B0AF18
:108510002588A000258080002590C00014018524B6
:10852000040006241800A4273C00BFAF3800B3AFF6
:10853000D665410F2598E000252820021C00A427BD
:10854000D665410F080006241000028E1000B3AF5C
:10855000100011261000428C253840021800A52773
:108560002520200209F84000020006241000028E97
:10857000100003241000A3AF5000A78F1000428CFE
:108580001800A5272520200209F840000100062434
:108590003C00BF8F3800B38F3400B28F3000B18FF2
:1085A0002C00B08F0800E0034000BD27C8FFBD27A6
:1085B0003000B2AF251000002590A0003400BFAFFE
:1085C0002C00B1AF2800B0AF080082AC0C00428E86
:1085D0002518000010009124258080000C0083AC39
:1085E0002528C0002520200209F840002530E000A1
:1085F0004800A28F4C00A58F14010426100102AE82
:10860000D665410F04000624180107262520E00046
:10861000100006248066410F252800002538400000
:10862000100002241000A2AF1000428E1800A0AF6C
:108630001C00A0AF2000A0AF1800A5272520200215
:1086400009F84000253000003400BF8F3000B28FA1
:108650002C00B18F2800B08F0800E0033800BD2740
:10866000069D023C089D42246B21410B000082AC18
:10867000069D023CF89C42246B21410B000082AC19
:1086800002160700000082A002140700010082A069
:1086900002120700020082A002160600040082A057
:1086A00002140600050082A002120600030087A043
:1086B000060082A00800E003070086A02518C0007D
:1086C0000800868CB8FFBD274000B4AF25A0E000AD
:1086D0000C00878C3000B0AF258080000100C424DE
:1086E0002B108600211047003400B1AF080004AE03
:1086F0005800B18F0C0002AE2000A4274400BFAF89
:108700003C00B3AF3800B2AFA021410F5C00B28F84
:10871000021203002900A2A31000A42702121100D4
:1087200068000624253800002A00A3A32800A5A37A
:108730002B00A2A3A021410F2C00B1A3423F1100A6
:10874000C0301100A021410F1800A42725204002AD
:10875000100006248066410F252800001001028EBB
:10876000180113262000A627252860022520400294
:1087700009F840000D0007241001028E2538200260
:10878000253080022528600209F84000252040029B
:108790001001028E1000A627252860022520400225
:1087A00009F84000100007244400BF8F4000B48F38
:1087B0003C00B38F3800B28F3400B18F3000B08FDF
:1087C0000800E0034800BD27B8FFBD273800B3AF5D
:1087D0005800B38F3C00B4AF1800A2270000748E7D
:1087E0003400B2AF3000B1AFE8FF92260800F124A8
:1087F0002C00B0AF1400A2AF2580E0001000B2AF93
:10880000253820024400BFAF4000B5AFAF21410F73
:1088100025A880001800A227252800021000A2AF7A
:1088200025384002253020024021410F2520A0029A
:10883000218014021800A3272800A5272510000076
:1088400000006490F0FF06920100632401001026EE
:1088500026208600FAFF65142510440002004054CB
:1088600025880000000072AE4400BF8F2510200252
:108870004000B58F3C00B48F3800B38F3400B28F06
:108880003000B18F2C00B08F0800E0034800BD27F6
:10889000B0FFBD274000B5AF6000B58F4400B6AF54
:1088A0003C00B4AF3000B1AF2C00B0AF0000B18ECF
:1088B0002580E00025B0A00025A0C000F8FFE52439
:1088C0000800868C0C00878C4800B7AF3400B2AF2C
:1088D00025B880001800B2272520A0004C00BFAFAB
:1088E0003800B3AF1800A0AF219811021C00A0AF50
:1088F0002000A0AFA021410F2400A0AF2538200206
:10890000253000022520E0024021410F1000B2AFC7
:108910002528C0021400B3AF1000B1AF2538000203
:1089200025308002AF21410F2520E002251860028A
:10893000251040022800A527000064900000469002
:10894000010042240100632426208600FAFF45141A
:10895000FFFF64A04C00BF8F18002226021A1400EB
:10896000F4FF03A21D003126021A0200F3FF16A233
:10897000F5FF14A2F7FF02A2F6FF03A2F3FF0226FF
:108980000000B1AE4800B78F4400B68F4000B58FED
:108990003C00B48F3800B38F3400B28F3000B18FF9
:1089A0002C00B08F0800E0035000BD27E8FFBD2772
:1089B0001400BFAF1000B0AF0B008010C08080AFBC
:1089C0000400828C3800052409F8400025808000CE
:1089D00005004010252840000C00038E09F86000B7
:1089E00025200002C08090AFC080828F1400BF8F0E
:1089F0001000B08F2B1002000800E0031800BD2704
:108A00000800E003C08080AF1000828C0400405456
:108A10000000438C0800E003100085AC0000438C8C
:108A2000FEFF6054251060000800E003000045AC24
:108A30002200C01000000000D8FFBD272000B3AF07
:108A40001C00B2AF1800B1AF1400B0AF2400BFAF2C
:108A50002598E0002588C000258080000400A01033
:108A60001400928C06000624D665410F2520400292
:108A70002528200206004426D665410F060006245C
:108A8000B542410F252060021000038E0C0042A663
:108A90002400BF8F0C0062942000B38F1C00B28FA3
:108AA0000E0042240C0062A41800B18F01000224C1
:108AB0001400B08F0800E0032800BD270800E00381
:108AC000251000001C00C0141000828C1C004010F7
:108AD000000000000800438C2B20A300FBFF805403
:108AE0000000428C0E004494211864002B1865008D
:108AF000F6FF60540000428C0800E0030000000014
:108B00001C00868C2B38C3000B00E0540000428C04
:108B10000E004794211867002B3866000500E0140A
:108B20002B30A600F2FFC0102B186500E7FF0010E5
:108B30000000428C0000428CF1FF40540800438C3E
:108B40000800E00300000000040080102510000071
:108B50001000838C030060540C0064940800E00350
:108B6000FFFF42300000638CFAFF00102110440028
:108B70000800E003F8FF02240800E00308000224D4
:108B8000D0FFBD27251080003800842C1C00B2AF18
:108B90001800B1AF2C00BFAF2800B5AF2400B4AFB0
:108BA0002000B3AF1400B0AF2590A00002008010E9
:108BB0002588C00038000224C080848F110054260C
:108BC00003004224FCFF9432FCFF50300E00932639
:108BD000FFFF7332180015260400828C21287502CD
:108BE00009F84000FEFFA53019004010251840008C
:108BF00025280000252040008066410F2530A00276
:108C00002518400021105000230044240408047C4F
:108C1000010005240E0054A4120053A4040044AC27
:108C20000400117CF8FF83AC100045A402008524E9
:108C3000100062AC080045AC140065AC03004012A3
:108C4000200071AC10008424180064AC2F0060A0D8
:108C50002C00BF8F251060002800B58F2400B48F32
:108C60002000B38F1C00B28F1800B18F1400B08F9A
:108C70000800E0033000BD27E0FFBD271400B0AFBF
:108C8000280003244004F07C140002241800B1AF33
:108C90000B1070002588A0002128A600212845007F
:108CA0002530E000FFFFA5301C00BFAFE022410FE0
:108CB00025804000070040101C00BF8F06002012D6
:108CC0001800B18F1800438C218070001C0050AC3C
:108CD0001C00BF8F1800B18F1400B08F0800E00394
:108CE0002000BD272000828C010042301800401473
:108CF000000000001000858CE0FFBD271400B0AF1D
:108D00001C00BFAF1800B1AF25808000C080848FE9
:108D10000700A0140C00998C252800021C00BF8FAE
:108D20001800B18F1400B08F080020032000BD2769
:108D30001000A29401004230030040140000B18CE6
:108D400009F8200300000000F0FF00102528200291
:108D50000800E00300000000E0FFBD2703008424BA
:108D60001400B0AFFCFF9030C080848F1800B1AF0A
:108D70002588A0000400828C240005261C00BFAFBB
:108D800009F84000FCFFA5301000401025184000F5
:108D900018000624252800008066410F2520400089
:108DA0000E0050A40400117C0C001026100051A4E9
:108DB000120050A425184000230042240408027C1D
:108DC000040062AC02004224080062AC1C00BF8FA9
:108DD000251060001800B18F1400B08F0800E00368
:108DE0002000BD271000829401004230050040148D
:108DF000C080828F252880000C00598C0800200339
:108E0000252040000800E003000000000100A054FD
:108E10002E0085A00800998C03002013000000009C
:108E2000080020030C00858CE8FFBD271400BFAFAD
:108E30008162410F000000000200422C0900401432
:108E40001400BF8F7B62410F000000001400BF8F31
:108E5000069D053C389DA52425204000EF29410BA7
:108E60001800BD270800E0031800BD27405005008A
:108E700042550A00C04A0500427D040025482F01E2
:108E8000C042040000800E3C25482E0140680700C7
:108E9000426D0D00C0620700427D060025608F0113
:108EA000C05A060025608E012628A7002428AE009F
:108EB000FFFF4F25FE07E12DCB0020100000000032
:108EC000FFFFAF25FE07E12DF40020100000000099
:108ED00023504D01FF034A2542400800C07F09008E
:108EE00025400F0142480900023C0C00F401E0005B
:108EF0001B0027011270000010480000FFFF8631A0
:108F00001900CE0012200000004C0900027C08006D
:108F100025482F012B7824010600E0112348240165
:108F2000FFFFCE2521482C012B082C01FCFF20102F
:108F300000000000F401E0001B00270112380000CF
:108F4000104800001900C70012200000004C090062
:108F5000FFFF0F3125482F012B7824010600E01177
:108F600023482401FFFFE72421482C012B082C0172
:108F7000FCFF20100000000000740E002170C701EB
:108F80001900CB0112380000102000000000082456
:108F90002B780701234007012B102F0123482F01B5
:108FA0002B7824012578E2010B00E01123482401ED
:108FB000FFFFCE2521400B012B780B0121482C010E
:108FC00021482F0102002C11000000002B782C01F9
:108FD000F7FFE0110000000006002C150000000063
:108FE00025200B002548080000000D242A00001051
:108FF00025380D00023C0C00F401E0001B002701A5
:109000001268000010480000FFFF86311900CD00F3
:1090100012200000004C0900027C080025482F01A6
:109020002B7824010600E01123482401FFFFAD2521
:1090300021482C012B082C01FCFF2010000000000F
:10904000F401E0001B002701123800001048000066
:109050001900C70012200000004C0900FFFF0F316B
:1090600025482F012B7824010600E0112348240114
:10907000FFFFE72421482C012B082C01FCFF2010C6
:1090800000000000006C0D002168A7011900AB0171
:109090001238000010200000000008242B7807017F
:1090A000234007012B102F0123482F012B78240187
:1090B0002578E2010B00E01123482401FFFFAD25D4
:1090C00021400B012B780B0121482C0121482F0155
:1090D00002002C11000000002B782C01F7FFE0119A
:1090E000000000000600C005000000002A78A00172
:1090F0002168AD012170CE012170CF01FFFF4A250B
:10910000257828010200E011000000000100AD35C3
:1091100025480E0025400D00FFFF4F25FE07E12DDD
:1091200015002010000000000004082500040F2D89
:1091300021482F012B782F0121504F01C27A0800BE
:109140000100EF3123400F01C2220800407D0900D9
:1091500025208F0040780900027B0F002528AF00F2
:10916000007D0A002528AF00251004002518050001
:109170000800E003000000004400401D0000000063
:1091800001000E242370CA012000C12D0700201405
:1091900000000000E0FFCE212B2008000D00091088
:1091A00025402401F8FF0010000009340900C01117
:1091B0000000000022300E000420C8000430C90066
:1091C0000640C8010648C901020080102540C800B9
:1091D000020008350004082500040F2D21482F0146
:1091E000D6FF0010C25709002A780001214008016B
:1091F000214829011700401521482F012578280111
:109200001400E0110000000008002015000000001C
:10921000030000150000000029FF001000000A24D0
:109220002548000100000824E0FF4A2520702E7127
:1092300023FFC0110000000023504E0122300E0019
:109240000630C8000440C8010448C9011CFF0010D2
:109250002548260105004D150000000040780C004F
:109260002578EB012B00E01100000000FF0701242E
:109270000A00A11100000000BBFF40110000000027
:10928000257828012300E01500000000F07F013C54
:109290002528A100B4FF0010000004242A786001F2
:1092A00021586B0121608C011700A01521608F01EE
:1092B00025788B01F5FFE011000000000800801503
:1092C00000000000030060150000000000FF001017
:1092D00000000D242560600100000B24E0FFAD2597
:1092E00020708E71FAFEC011000000002368AE01EC
:1092F00022300E000630CB000458CB010460CC01B4
:10930000F3FE00102560860125788B010200E01134
:1093100000000000F8FF053C93FF0010000004244B
:1093200000000000C8FFBD273400BFAF3000B3AF5E
:109330002C00B2AF2800B1AF0300A0142400B0AFDE
:109340000E00001001001024259080002520A000B0
:10935000EB50400F2588A00005004014160005249E
:10936000DD50400F252020020C0040101500052480
:10937000D71C410F25204002258040003400BF8FBC
:10938000251000023000B38F2C00B28F2800B18F5F
:109390002400B08F0800E0033800BD27D650400FEE
:1093A00025202002F2FF401414000524F250400F43
:1093B000252020023900401025202002F950400FBE
:1093C000000000002520400025286000258840007E
:1093D0002560410F25806000252040007E60410F00
:1093E0002528600025204000253020022538000275
:1093F0000C54410F25286000200040142530000047
:1094000025380000252020020C54410F2528000299
:109410000A004004019D023C252020022C5E410FE1
:10942000252800022530400025386000B91C410F76
:1094300025204002D1FF0010258040009893468CE3
:109440009C93478C0080023C26105000252020026F
:109450004B2A410F25284000252040002C5E410F5B
:10946000252860002530400025386000C11C410FD0
:1094700025204002C1FF0010258040001000A627D3
:10948000FB000524252040021000B1AFE61C410F6F
:109490001400B0AFB9FF0010258040000751400F05
:1094A000000000000D004010252020020E51400F4A
:1094B00000000000A2FF401025804000CA65410F57
:1094C000252040002530400025280002321D410F94
:1094D00025204002A9FF0010258040001851400FB0
:1094E000000000001E00401025202002BA4C400F52
:1094F00000000000253040001000A5272520400274
:10950000371D410F259840009CFF401425804000E6
:109510002A10130206004014252800021000A52777
:10952000441D410F2520400294FF0010258040007B
:10953000C34C400F25202002030040142528400082
:10954000F3FF001001001026C924410F1000A427CA
:1095500089FF401401001026EEFF00102A101302AC
:109560001F51400F0000000084FF405001001024F4
:10957000BA4C400F25202002253040001000A527BE
:10958000391D410F252040027CFF401425804000FA
:109590000800318EE2FF20121000A5272000308E37
:1095A00076FF005201001024CA65410F25200002F9
:1095B0002530400025280002321D410F1000A4274D
:1095C0006EFF40142580400025282002C924410F49
:1095D0001000A42769FF401425804000EDFF001013
:1095E0000000318E0B008014000000000800E00332
:1095F00001000224010002243C00BF8F3800B38F19
:109600003400B28F3000B18F2C00B08F0800E0031F
:109610004000BD27F5FFA01000000000F3FFE010A0
:1096200000000000C0FFBD273800B3AF3400B2AF68
:109630003000B1AF2C00B0AF3C00BFAF2588E000D8
:109640002598C000564C400F2580A000E9FF40102F
:1096500025904000253800002530600225280002B2
:10966000AB1C410F1000A42725284002C924410F3C
:109670001000A42703004014251800001000A38F39
:1096800023187000000023AE25204002234A400F1B
:109690002000A2AFD8FF00102000A28FC8FFBD2776
:1096A0003400BFAF3000B3AF2C00B2AF2800B1AF71
:1096B0000A0080142400B0AF010010243400BF8FD2
:1096C000251000023000B38F2C00B28F2800B18F1C
:1096D0002400B08F0800E0033800BD27F7FFA0107A
:1096E00001001024F5FFC0102598C000564C400F13
:1096F0002590A000F0FF401025884000253800008C
:109700002530000025280000AB1C410F1000A427C5
:1097100025282002C924410F1000A427050040106D
:1097200025804000234A400F25202002E4FF00103E
:109730003400BF8F1400A28F020040142580000067
:109740001000B08FA05B410F2520000205004014DF
:10975000000042AE234A400F25202002D7FF001010
:109760000080103C253000022528400025380000EC
:10977000AB1C410F1000A4271000A427C924410FDF
:109780002528200225804000050040140000448E5A
:109790001000A28F23104400E2FF0010000062AE10
:1097A000B760410F00000000000040AEDDFF001078
:1097B000000060AE0300801000000000B760410BA5
:1097C000000000000800E003000000002510000079
:1097D00020000724213082002140A2000000C38C19
:1097E0000000088D0400422426186800F9FF471481
:1097F0000000C3AC0800E003000000002000862445
:10980000F0000A3C0F00093C00C0083C003F073C48
:109810000000838C0400842480100300822903004C
:109820000003A53000FC423025104500FF006530E4
:1098300025104500002903002428AA002510450012
:10984000022903002428A9002510450080290300CF
:109850002428A8008218030025104500241867005A
:1098600025104300EAFFC414FCFF82AC0800E003AB
:10987000000000000400868C1000878C1800888C83
:1098800008008A8C0C008C8C0000858C1400828C63
:109890002618C7001C00898CE8FFBD272658030145
:1098A0001000B0AF1400BFAF1C008BAC2658AC004A
:1098B0002628AA0026684B002628A20026104A0067
:1098C000263847012630CC002618690026104900AA
:1098D0002638E9002630C8002718030026400B016F
:1098E0002710020025808000140087AC100086AC91
:1098F0000C0085AC080083AC040088AC000082AC8E
:10990000BE08410F18008DAC0400058E1000068EB5
:109910001800078E0800098E0000048E0C000B8EC4
:109920001400028E2618A6001C00088E2650E300A4
:109930001C000AAE26508B002620890026604A00B3
:10994000262082001400BF8F2610490026302601F1
:109950002628AB0026186800261048002628A700F5
:109960002630C800271803002638EA002710020016
:1099700018000CAE140006AE100005AE0C0004AECC
:10998000080003AE040007AE000002AE1000B08F66
:109990000800E0031800BD27D0FFBD271800B1AFB5
:1099A0002588A000402904001C00B2AF2128250210
:1099B000259080002520C0001400B0AF2C00BFAF60
:1099C0002800B5AF2400B4AF2000B3AFF325410F9A
:1099D0002580C000FFFF52261000401625200002FF
:1099E000FF25410F000000001D26410F2520000229
:1099F00025282002252000022C00BF8F2800B58FCB
:109A00002400B48F2000B38F1C00B28F1800B18FD8
:109A10001400B08FF325410B3000BD27FF25410F07
:109A2000000000001D26410F2520000240291200E1
:109A300021282502F325410F252000021400028E63
:109A400000000C8E18000A8E1C00078E0272220085
:109A500002422C0026980E010232270026A882011D
:109A600026A0F3002698530104000D8E26F84A0024
:109A70002698750226A0860226A09F02029C33002B
:109A800026989302022A2D00000013AE2698A20108
:109A900026A0050126986702021A2A002698650268
:109AA00026A08E0208000F8E26986E0226A0830242
:109AB0002698630226A0860226A09502029C330007
:109AC000024A2F0026A88D012698740226608F0175
:109AD000040013AE26608A012698A9002660890139
:109AE00026986A0226608301269863022660860112
:109AF000269866020C00188E2698750202642C00C7
:109B0000266093012698E20108000CAE26986A02AE
:109B100026604701025A38002698680226400C0148
:109B200026400B0126400E011000198E269869026E
:109B30002640060126A0020326986B022640150146
:109B400026986E02264014010222390026987502DA
:109B500002442800264068022698AF012668AB0020
:109B60002628A4002668A4012628A7002668AE019E
:109B70002628AE002668A3012628A3000C0008AE04
:109B80002668A601264022032628B3002628A8001E
:109B90002668B401261047002668B301022C250070
:109BA0002628A50126104B0026586C012678F801BE
:109BB000100005AE26104E0026282A0326C81903D9
:109BC00026C063012610430026C006032610460067
:109BD00026C019032628A9002610590002C43800FF
:109BE0002628A4002610580026482E012628AE005C
:109BF00026482301180002AE261083002628A30061
:109C00002648260126104A00262086002628A6007F
:109C100026F83F0126104600263887002628AF0088
:109C2000261048002678EF032640E800027C2F002B
:109C3000024428002678AF002610480014000FAE1A
:109C400064FF00101C0002AE00681A407CFFBD27B4
:109C500000601B402C00B6AF2800B5AF8000BBAF42
:109C600082D21A00847A5B7F44201B7C20A81D00CE
:109C700000A01A3C14005A270000568F0400C0169A
:109C800000000000019D1D3CBC92BD270000BD8F5F
:109C90000100D626000056AF0070164000609B40C1
:109CA0007800BFAE7400BEAE7000B9AE6C00B8AE46
:109CB0006800AFAE6400AEAE6000ADAE5C00ACAEAE
:109CC0005800ABAE5400AAAE5000A9AE4C00A8AEEE
:109CD0004800A7AE4400A6AE4000A5AE3C00A4AE2E
:109CE0003800A3AE3400A2AE7C00B6AE1000A1AE28
:109CF00010B000000C00B6AE12B000000800B6AE06
:109D000000A0163C1400D6260000D68EFFFFD626F3
:109D10000400C0160000000000A0163CB001D626CA
:109D20000000D5AEBF48410F0000000000A0163C67
:109D30001400D6260000D68EFFFFD6260400C016DB
:109D40000000000000A0163CB001D6260000D58E11
:109D50000800B68E1300C0020C00B68E1100C002BF
:109D60001000A18E2C00B68E3400A28E3800A38E77
:109D70003C00A48E4000A58E4400A68E4800A78E0D
:109D80004C00A88E5000A98E5400AA8E5800AB8EAD
:109D90005C00AC8E6000AD8E6400AE8E6800AF8E4D
:109DA0006C00B88E7000B98E7400BE8E7800BF8EC5
:109DB00000606041C000000000A01A3C14005A2757
:109DC00000005B8FFFFF7B2700005BAF8000BA8E37
:109DD0007C00BB8E20E815002800B58F8400BD27CD
:109DE00000609A4000709B40C000000018000042D4
:109DF0000000000000A0163C1400D6260000D68EFD
:109E0000FFFFD6260400C0160000000000A0163C8C
:109E1000B001D6260000D58E0800B68E1300C00211
:109E20000C00B68E1100C0021000A18E2C00B68E60
:109E30003400A28E3800A38E3C00A48E4000A58E74
:109E40004400A68E4800A78E4C00A88E5000A98E14
:109E50005400AA8E5800AB8E5C00AC8E6000AD8EB4
:109E60006400AE8E6800AF8E6C00B88E7000B98E44
:109E70007400BE8E7800BF8E00606041C00000009C
:109E800000A01A3C14005A2700005B8FFFFF7B27BD
:109E900000005BAF8000BA8E7C00BB8E20E815000E
:109EA0002800B58F8400BD2700609A4000709B4059
:109EB000C000000018000042000000007CFFBD2729
:109EC00000601B402C00B6AF2800B5AF8000BBAFD0
:109ED000847A1B7C000C7B3744201B7C20A81D004F
:109EE000019D1D3CBC92BD270000BD8F00A01A3C07
:109EF00014005A2701001624000056AF00701640C7
:109F000000609B407800BFAE7400BEAE7000B9AE7A
:109F10006C00B8AE6800AFAE6400AEAE6000ADAE2F
:109F20005C00ACAE5800ABAE5400AAAE5000A9AE77
:109F30004C00A8AE4800A7AE4400A6AE4000A5AEB7
:109F40003C00A4AE3800A3AE3400A2AE3000B7AEE1
:109F50007C00B6AE2400B4AE2000B3AE1C00B2AE9E
:109F60001800B1AE1400B0AE1000A1AE10B80000E1
:109F70000C00B7AE12B800000800B7AE00A0173C46
:109F8000EC01F7260000F78E0000F5AE006060419E
:109F9000C000000000601740847A177C010CF63680
:109FA00000609640C0000000006816400442167C25
:109FB00000689640C000000088BF163C3410D626CA
:109FC000020014240000D4AEEC78400F0000000022
:109FD00000609740C000000000A0103CEC0110267B
:109FE0000000108E0000158E0800B08E13000002D5
:109FF0000C00B08E110000021000A18E1400B08E73
:10A000001800B18E1C00B28E2000B38E2400B48ED6
:10A010002C00B68E3000B78E3400A28E3800A38E8E
:10A020003C00A48E4000A58E4400A68E4800A78E5A
:10A030004C00A88E5000A98E5400AA8E5800AB8EFA
:10A040005C00AC8E6000AD8E6400AE8E6800AF8E9A
:10A050006C00B88E7000B98E7400BE8E7800BF8E12
:10A0600000606041C000000000A01A3C14005A27A4
:10A07000000040AF20E815002800B58F8000BB8F9E
:10A080007C00BA8F8400BD2700609B4000709A401E
:10A09000C00000001800004200000000010002247F
:10A0A000080082AC0800E0030000000000800234D9
:10A0B000080282AC0800E0030000000000800234C7
:10A0C000040282AC0800E003000000000800E00386
:10A0D000500285A400800234040082AC0800E00332
:10A0E0000000000000800234080082AC0800E00399
:10A0F0000000000000020224040082AC0800E0031B
:10A100000000000000020224080082AC0800E00306
:10A110000000000000010224040082AC0800E003FB
:10A120000000000000010224080082AC0800E003E7
:10A1300000000000E000828C0800E003C001427CC7
:10A140000800E003E2008290E000828C0800E00357
:10A150008001427CE000828C0800E0034001427CE8
:10A160002000828C8228050084F8A27C0800E0038D
:10A17000200082AC0800E0032000828C3000828C3A
:10A180008228050084F8A27C0800E003300082AC3D
:10A190000800E0033000828C7F0002247F00A5309D
:10A1A000240282AC280285AC0800E0030000000015
:10A1B000002A0500007F0224007FA530340282AC13
:10A1C000380285AC0800E003000000007F00022494
:10A1D0007F00A530340282AC380285AC0800E00371
:10A1E0000000000040028294046AA27C0800E003A0
:10A1F000400282A4400282940418A27C0800E0037A
:10A20000400282A400080224680282AC0800E00335
:10A210000000000060028294C45A027C0800E0033F
:10A22000600282A4600282940442A27C0800E003DF
:10A23000600282A4FFC0A530A40085AC0800E00342
:10A2400000000000FFC0A530A80085AC0800E003B6
:10A2500000000000002C0500080085AC0800E003A9
:10A26000000000000800E003B20085A00800E00341
:10A27000B00085A008000224080282AC0800E003B8
:10A280000000000004000224080282AC0800E00381
:10A290000000000080000224080082AC0800E003F7
:10A2A00000000000480086AC580087AC0800E003BE
:10A2B000000000000319050008006010FFFF0224E1
:10A2C000F007022400190300140082ACF007633089
:10A2D0002510A000180083AC0418027C0800E003DD
:10A2E000000000000000A290200382A00100A290C4
:10A2F000210382A00200A290100382A00300A2907A
:10A30000110382A00400A290000382A00500A29085
:10A310000800E003010382A0200382900000A2A0B5
:10A32000210382900100A2A0100382900200A2A04B
:10A33000110382900300A2A0000382900400A2A057
:10A34000010382900800E0030500A2A00800E003DA
:10A35000100182940800E003400182940800E003A9
:10A36000000182940800E003500182940800E00399
:10A37000600182940800E003200182940800E00359
:10A3800030018294D40085AC0800E0030000000096
:10A39000C80085AC0800E00300000000C40085ACE4
:10A3A0000800E003000000000800E003D000828CF9
:10A3B000D40085AC0800E003000000000000828C9F
:10A3C0000800E003C003427C02000224880282AC41
:10A3D0000800E0030000000002000224840282ACB6
:10A3E0000800E0030000000001000224880282ACA3
:10A3F0000800E0030000000001000224840282AC97
:10A400000800E00300000000D00282900800E00392
:10A4100001004230A00282940462A27C0800E003A2
:10A42000A00282A4A00282940420A27C0800E0037F
:10A43000A00282A404000224D80282AC0800E00337
:10A440000000000002000224980282AC0800E00331
:10A450000000000002000224940282AC0800E00325
:10A4600000000000B00285A4000000000800E00326
:10A470000000000001000224940282AC0800E00306
:10A480000000000001000224980282AC00000000DD
:10A4900000000000000000000800E00300000000D1
:10A4A0000800E003C0028294D00282900800E0031A
:10A4B0008000427C00800234880282AC0800E00305
:10A4C0000000000000800234840282AC0800E00337
:10A4D00000000000800282948428A27C0800E0032F
:10A4E000800282A470818293E0FFBD271800B1AF83
:10A4F0001400B0AF1C00BFAF258880000C004014D2
:10A500002580A0006338410F6C818427010003245B
:10A5100007004350708182A3FFFF02241C00BF8FFD
:10A520001800B18F1400B08F0800E0032000BD2791
:10A53000FAFF2016FFFF0224F7FF001201A0023CE1
:10A54000F023438CF4FF6014F02345240400038EB1
:10A550000800048E0400A3AC0800A4AC020005248B
:10A56000F02345AC0800628C09F840000000058E1D
:10A57000EAFF001025100000FFFF82300800405065
:10A58000FFFF8430FFFF02240800E003000000000A
:10A59000FFFF02241400BF8F0800E0031800BD274E
:10A5A0000C0003240228837001A0023CF023422403
:10A5B0002120A2000400838CF3FF6010251000000E
:10A5C0002800628C0800848CE8FFBD271400BFAF10
:10A5D00009F84000000000000300432CECFF60106D
:10A5E000069D033CAC88632421104300E9FF001062
:10A5F000000042802B1004000800E003231002003A
:10A60000050080140200022401A0033CF423638CA3
:10A61000010060540000628C0800E00300000000AC
:10A6200001A0023CF02343240C0002240228827083
:10A630002110A3000400438C040060102528800032
:10A640002400798C080020030800448C0800E003F3
:10A65000000000000C0080140000000001A0023C7B
:10A66000F023438C0800601000000000F023422417
:10A670000400438C04006010000000000C00798C82
:10A68000080020030800448C0800E003FFFF0224B8
:10A690000C0080140000000001A0023CF023438C59
:10A6A0000800601000000000F02342240400438CE6
:10A6B00004006010000000001400798C08002003E2
:10A6C0000800448C0800E003FFFF02240C00801403
:10A6D0000000000001A0023CF023438C0800601041
:10A6E00000000000F02342240400438C04006010AA
:10A6F000000000001000798C080020030800448C42
:10A700000800E003FFFF02240C008014000000009A
:10A7100001A0023CF023438C080060100000000000
:10A72000F02342240400438C040060100000000069
:10A730001800798C080020030800448C0800E0030E
:10A74000FFFF02240C0080140000000001A0023C66
:10A75000F023438C0800601000000000F023422426
:10A760000400438C04006010000000002000798C7D
:10A77000080020030800448C0800E003FFFF0224C7
:10A780000C0080140000000001A0023CF023438C68
:10A790000800601000000000F02342240400438CF5
:10A7A00004006010000000001C00798C08002003E9
:10A7B0000800448C0800E003FFFF0224D8FFBD27F7
:10A7C0002400BFAF2000B1AF1C00B0AF3000A6AF77
:10A7D000200080143400A7AF01A0103CF023028EAB
:10A7E0001C004010F02310260400028E19004010B7
:10A7F0002588A0006C8184278938410FFFFF05243C
:10A80000140040102530200201A0113C3000A72781
:10A8100000040524F01F2426595A410F1000A7AF49
:10A82000FFFF4324FF03632C08006010F01F252660
:10A8300021184500000060A00400038E0800048E6B
:10A840001800638C09F86000253040008B38410FF8
:10A850006C8184272400BF8F2000B18F1C00B08F33
:10A860000800E0032800BD271F008014000000003E
:10A87000E0FFBD271000B0AF01A0103CF023028E16
:10A880001C00BFAF1800B2AF110040101400B1AFF0
:10A89000F02310260400128E0D0040122588A0001F
:10A8A000CA65410F2520A0001800598E25282002D6
:10A8B0000800048E1C00BF8F1800B28F1400B18FE7
:10A8C0001000B08F25304000080020032000BD2775
:10A8D0001C00BF8F1800B28F1400B18F1000B08F12
:10A8E0000800E0032000BD270800E003000000008E
:10A8F0000C0080140000000001A0023CF023438CF7
:10A900000800601000000000F02342240400438C83
:10A9100004006010000000002C00798C0800200367
:10A920000800448C0800E003251000000080013C72
:10A930002638E10040580500425D0B00C05205007A
:10A94000427D040025504F01C04A04000080083CAD
:10A95000255048014070070042750E00C06A07008C
:10A96000427D06002568AF01C06206002568A80187
:10A97000FFFF6F25FE07E12D8D0020100000000075
:10A98000FFFFCF25FE07E12DBB00201000000000D7
:10A990000080013C2428A10023406E012C000011FE
:10A9A0000000000015000019000000002000012D2B
:10A9B0000700201400000000E0FF08212B300C00ED
:10A9C00023000D102560A601F8FF001000000D34D3
:10A9D0001F000011000000002220080004308C003D
:10A9E00004208D0006600C0106680D011800C010DF
:10A9F00025608C001600001002008C3525580E00D2
:10AA0000234008002000012D070020140000000052
:10AA1000E0FF08212B3009000D000A1025484601EF
:10AA2000F8FF001000000A340900001100000000C7
:10AA3000222008000430890004208A000648090109
:10AA400006500A010200C01025488900020029357D
:10AA50002678A7001C00E0050000000021482C011A
:10AA60002B782C0121504D0121504F0102004D1136
:10AA7000000000002B784D013700E01100000000BD
:10AA800001002F310200E011000000000200293512
:10AA900042480900C07F0A0025482F0142500A00A1
:10AAA0000080013C2550410101006B25FF07012476
:10AAB0002900611500000000F07F013C2528A1005D
:10AAC00037000010000004242B782C0123482C01AF
:10AAD0002B104F0123504F012B784D012578E201B7
:10AAE0000700E01123504D010080013C2628A10001
:10AAF0002B7809002348090023500A0023504F01F6
:10AB000008004015000000000300201500000000B0
:10AB10000D00001000000B24255020010000092426
:10AB2000E0FF6B2520404871070000110000000085
:10AB300023586801222008000620890004480901E2
:10AB400004500A0125504401257849010200E0150E
:10AB500000000000000005246800601900000000EB
:10AB60000004292500042F2D21504F012B784F017F
:10AB700021586F01C27A09000100EF3123482F01EB
:10AB8000C2220900407D0A0025208F0040780A007B
:10AB9000027B0F002528AF00007D0B002528AF00A9
:10ABA00025100400251805000800E003000000003F
:10ABB0002A7820012148290121504A0123006015EB
:10ABC00021504F01257849011400E01100000000D8
:10ABD00008004015000000000300201500000000E0
:10ABE00067FF001000000B242550200100000924FD
:10ABF000E0FF6B252040487161FF0011000000005C
:10AC00002358680122200800062089000448090111
:10AC100004500A015AFF001025504401FF07012487
:10AC20001500C111000000002140E7002578060151
:10AC30000300E01500000000D9FFE0040000000060
:10AC400025100600D8FF00102518070025784901B7
:10AC50002700E01500000000FF070124D0FFC11508
:10AC6000000000002678A7002100E0050000000099
:10AC7000F3FF0010000000002A78800121608C01A1
:10AC80002168AD011700C0152168AF012578AC011E
:10AC9000C3FFE011000000000800A0150000000044
:10ACA000030080150000000039FF001000000E2492
:10ACB0002568800100000C24E0FFCE252040A8710B
:10ACC00033FF0011000000002370C801222008009B
:10ACD00006208C0004600C0104680D012CFF00109C
:10ACE0002568A4012578AC01D5FFE0110000000023
:10ACF000F8FF053CAAFF001000000424010008240E
:10AD000023400B012000012D07002014000000004B
:10AD1000E0FF08212B3009000D000A1025484601EC
:10AD2000F8FF001000000A340900001100000000C4
:10AD3000222008000430890004208A000648090106
:10AD400006500A010200C01025488900020029357A
:10AD500083FF001000000B24000000000C00C28CD8
:10AD6000B0FFBD273800B4AF2800B0AF25A0E00089
:10AD70001000D08C4400B7AF4000B6AF3C00B5AF78
:10AD80003400B3AF3000B2AF2C00B1AF25988000D3
:10AD90000800D18C4C00BFAF4800BEAF5400A5AF37
:10ADA000415D410F1800A2AF0000848EFFFF032613
:10ADB0000A88710021108200000082AE2A10710002
:10ADC0000A1822021800B18F2400A3AF0100172433
:10ADD0002580000025B000002590000025A8000077
:10ADE0002000A0AF2400A28F2A10020217004010FA
:10ADF0001C00B0AF3C00628E4C00638E2B184300E9
:10AE000024006010010043243C0063AE00005E900B
:10AE1000D5FFC2274408027C251052003A00405456
:10AE20002000A28F3000005200003EA22E00B0523F
:10AE300000003EA24C00628E050040101800A28F58
:10AE40003C00628EFFFF42243C0062AE1800A28FDD
:10AE50001C00A38F1000A527252040002198430047
:10AE6000C767410F000060A25400A48F000082ACAD
:10AE7000040083AC1800A28F1000A38F26A06200EC
:10AE8000FEFF0224010003240A18540009000010E8
:10AE900025F06000735B410F2520600225F0400023
:10AEA000FFFF0224DAFFC2171C00A28FE8FF401444
:10AEB0001800A28F4C00BF8F2510C0034400B78F2D
:10AEC0004800BE8F4000B68F3C00B58F3800B48F6D
:10AED0003400B38F3000B28F2C00B18F2800B08FB8
:10AEE0000800E0035000BD270000828E01001224FC
:10AEF00001004224000082AE010010260100F72666
:10AF0000B8FF0010010031260C0040142E0002246E
:10AF10000A00C21700000000C7FFA0564C00628E56
:10AF200000003EA20000828E01004224000082AE9A
:10AF300001000224F0FF00102000A2AF4C00A01678
:10AF4000000000000E00C0122520C003B267410FB0
:10AF500000000000700042380100422C4200401006
:10AF60000100422600003EA20000828E25900000D3
:10AF700025A8E00201004224DFFF0010000082AE9D
:10AF8000B267410F00000000F3FF00106500423877
:10AF9000B267410F2520C003780004243400441414
:10AFA00030000224FFFF24823100821400000000E0
:10AFB00000003EA20000828E0100162401004224FF
:10AFC000CDFF0010000082AE0A00422C2D000010C0
:10AFD00001004238735B410F252060022588400044
:10AFE000FFFF02249AFF22521800A28F4400001093
:10AFF00025202002B267410F0000000080181700D2
:10B000002118A3031000638C2118760000006380D0
:10B01000450043142A1055021800A28F0100D626BD
:10B0200021A85500030002242B00C2160000B1A283
:10B03000030002261C00A2AF0000828E03004224FF
:10B0400082FF0010000082AEF3FF001025B8000060
:10B05000F1FF0010010017240000828E010042243D
:10B06000A5FF0010000082AEC9FF501000000000D4
:10B07000D5FFC012D0FFC2271267410F2520C003A1
:10B080000100422CF4FF405000003EA24C00628EB2
:10B0900004004010000000003C00628EFFFF4224CC
:10B0A0003C0062AE69FF1216019D023C7894422476
:10B0B0001000A2AF2400A28F020012262A10420222
:10B0C00062FF4010019D023C7C9442241400A2AF18
:10B0D00025B00000FFFF17243C00628E4C00638EF9
:10B0E0002B184300BBFF601021A8D00201004324AD
:10B0F0003C0063AE00005190FFFF02242520200297
:10B10000BCFFE21600000000B267410F0000000023
:10B110002588400069000224CBFF22126E00022421
:10B12000CBFF22122A105502C2FF40140300022650
:10B13000FFFFB5262A10B00245FF40141800A28F69
:10B140004C00628EFBFF4050FFFFB5263C00628E34
:10B15000FFFF4224F6FF00103C0062AE6574686594
:10B16000726E65743A206661696C656420746F2044
:10B17000717565756520436F4150207061636B6523
:10B18000740D0A0065746865726E65743A206361B7
:10B190006E6E6F7420726567697374657220686182
:10B1A0006E646C6572202D206E6574776F726B20F3
:10B1B0006E6F7420696E697469616C697A65640D7B
:10B1C0000A00000065746865726E65743A207061EB
:10B1D000636B65742068616E646C657220616C726B
:10B1E0006561647920726567697374657265640D61
:10B1F0000A00000065746865726E65743A206661C5
:10B20000696C656420746F20726567697374657218
:10B21000207061636B65742068616E646C65720D8B
:10B220000A00000065746865726E65743A206E6F7E
:10B23000207061636B65742068616E646C65722058
:10B24000726567697374657265640D0A00000000B9
:10B2500065746865726E65743A207061636B6574BD
:10B260002068616E646C65722064657265676973DD
:10B270007465726564207375636365737366756C5A
:10B280006C790D0A0000000065746865726E657463
:10B290003A206661696C656420746F20646572652C
:10B2A000676973746572207061636B65742068618F
:10B2B0006E646C65720D0A0065746865726E657403
:10B2C0003A20736572766963657320696E69740DDF
:10B2D0000A0000004672656520686561703A2025A5
:10B2E000642062797465730D0A00000065746865F6
:10B2F000726E65743A207374617274207461736B3A
:10B300000D0A000065746865726E65743A204D41DF
:10B310004320616464726573733A20253032583A71
:10B32000253032583A253032583A253032583A25AD
:10B330003032583A253032580D0A0000657468657D
:10B34000726E65743A206C696E6B2075700D0A0020
:10B3500065746865726E65743A206C696E6B206402
:10B360006F776E0D0A00000065746865726E657413
:10B370003A20495020616464726573733A20202535
:10B38000642E25642E25642E25640D0A000000001D
:10B3900065746865726E65743A207375626E657463
:10B3A000206D61736B3A2025642E25642E25642E52
:10B3B00025640D0A0000000065746865726E65748E
:10B3C0003A20676174657761793A20202020202532
:10B3D000642E25642E25642E25640D0A00000000CD
:10B3E00065746865726E65743A2062726F61646339
:10B3F0006173743A20202025642E25642E25642E46
:10B4000025640D0A0000000065746865726E65743D
:10B410003A20696E69740D0A000000006574686561
:10B42000726E65745F7461736B00000065746865AB
:10B43000726E65743A2068747470207374726561FA
:10B440006D206973206F70656E2C20736B6970704E
:10B45000696E67207061636B65742073656E640D3F
:10B460000A00000065746865726E65743A20666152
:10B47000696C656420746F20676574204D414320BA
:10B4800068616E646C650D0A000000006574686593
:10B49000726E65743A206661696C656420746F2011
:10B4A000676574204D4143206F626A6563740D0ABD
:10B4B0000000000065746865726E65743A2066610C
:10B4C000696C656420746F20616C6C6F6361746576
:10B4D000207061636B65740D0A0000006574686517
:10B4E000726E65743A207478207061636B657420A5
:10B4F0006661696C65643A2025640D0A00000000ED
:10B5000065746865726E65743A2074782070616342
:10B510006B6574206F7468657220726573756C74E6
:10B520003A2025640D0A000025642E25642E25642A
:10B530002E256400253032583A253032583A2530CD
:10B5400032583A253032583A253032583A2530327E
:10B5500058000000D8FFBD272000B1AF1C00B0AFDD
:10B560002400BFAF258080002588A00032BA400F9C
:10B570000000048E010043301200601402004330CA
:10B5800018006010241851000000048E32B9400FDA
:10B590001000A5271000048E0C00038E1000A68F4B
:10B5A00009F8600025284000080041040000048ECE
:10B5B0003200829026004054FFFF022417B8400F4B
:10B5C0001F00052422000010FFFF0224E7FF4010A7
:10B5D0000000000044B9400F25284000E3FF0010A0
:10B5E000000000001900601410004330180060547F
:10B5F000FFFF022404004230100040100000048EBF
:10B600006DB9400F1000A5270800048E0400038EBA
:10B610001000A68F09F8600025284000E7FF4004CD
:10B620000000048ED1FF4010000000006FB9400FF1
:10B6300025284000CDFF0010000000005CBA400F3C
:10B6400025280000C9FF00100000000025100000A0
:10B650002400BF8F2000B18F1C00B08F0800E003D2
:10B660002800BD271000A28F000085AC040086AC26
:10B670000C0082AC1400A28F080087AC0800E00325
:10B68000100082AC2400C01025180000D8FFBD2790
:10B690002000B2AF2590A000100005241C00B1AF1F
:10B6A0001800B0AF2400BFAF25888000552D410F92
:10B6B0002580C00011004004FFFF03240000248EF9
:10B6C00023B9400F1000A5271000A38F2B180302E9
:10B6D000010060541000B0AF1000B08F252840006A
:10B6E00025204002D665410F253000020000248E3F
:10B6F00030B9400F252800021000A38F2400BF8F0F
:10B70000251060002000B28F1C00B18F1800B08F90
:10B710000800E0032800BD270800E00325106000B2
:10B72000E0FFBD271800B2AF1400B1AF1000B0AFFA
:10B730001C00BFAF259080002588A0002580C00098
:10B7400007000016251000001C00BF8F1800B28FE4
:10B750001400B18F1000B08F0800E0032000BD2757
:10B760002530000225282002A12D410F252040026E
:10B770000300400421882202F1FF0010238002020E
:10B78000F1FF0010FFFF02242300C0102518000065
:10B79000D8FFBD272000B2AF2590A00008000524E7
:10B7A0001C00B1AF1800B0AF2400BFAF25888000E7
:10B7B000552D410F2580C00010004004FFFF0324D9
:10B7C0000000248E19B9400F1000A5271000A38F88
:10B7D0002B180302010060541000B0AF1000A68FB8
:10B7E00025284002D665410F252040001000A58F76
:10B7F00021B9400F0000248E1000A38F2400BF8FBA
:10B80000251060002000B28F1C00B18F1800B08F8F
:10B810000800E0032800BD270800E00325106000B1
:10B82000E0FFBD271800B2AF1400B1AF1000B0AFF9
:10B830001C00BFAF259080002588A0002580C00097
:10B8400007000016251000001C00BF8F1800B28FE3
:10B850001400B18F1000B08F0800E0032000BD2756
:10B860002530000225282002E22D410F252040022C
:10B870000300400421882202F1FF0010238002020D
:10B88000F1FF0010FFFF0224E8FFBD271000B0AF5A
:10B89000258080000000848C1400BFAF5CBA400F8C
:10B8A00025280000252000021400BF8F1000B08F53
:10B8B00018000524552D410B1800BD27E0FFBD27BA
:10B8C0001800B0AF258080000000848C1C00BFAF42
:10B8D00003BA400F0000000032BA400F0000048E8F
:10B8E00001000324070043141C00BF8F0000028ED8
:10B8F0001800B08F0000428C2000BD270800E00334
:10B900000100422C10000524552D410F2520000276
:10B910000000048E23B9400F1000A527EEFF401051
:10B920001000A58F30B9400F0000048EEAFF001010
:10B93000000000002540C0002518E00025508000D0
:10B940009800E0142510A0002B30A6003500C01090
:10B9500000000000202805710600A010232005002B
:10B9600006208A000410A2000440A80025108200CE
:10B970000450AA00023408001B004600F401C00075
:10B98000FFFF053102240A001238000010100000E9
:10B9900000140200252044000248A7702B5889009B
:10B9A0000A0060112510E000212088002B58880033
:10B9B00006006015FFFFE2242B5889000400605147
:10B9C00023208900FEFFE224212088002320890013
:10B9D0001B008600F401C000103000000034060097
:10B9E000122000000238A470FFFF45312528C50051
:10B9F0002B48A700080020112530800021280501D0
:10BA00002B40A80004000015FFFF86242B28A70068
:10BA10000100A054FEFF8624001402000800E00389
:10BA20002510460004000015010002241B004800F8
:10BA3000F40100011240000020580B712300601532
:10BA4000200007242328A800010003240234080052
:10BA50001B00A600F401C000FFFF073102240A000A
:10BA600012280000101000000014020025204400DD
:10BA70000248E5702B5889000A0060112510A000CB
:10BA8000212088002B58880006006015FFFFA224A3
:10BA90002B5889000400605123208900FEFFA22456
:10BAA00021208800232089001B008600F401C000AB
:10BAB000FFFF4A3110280000002C05002528AA00AD
:10BAC00012200000CAFF00100238E4702338EB0097
:10BAD000044068010648E400023408000638E50026
:10BAE0001B00E600F401C000041065012548220196
:10BAF000FFFF0231021C090012280000103800006C
:10BB0000003C07002538E300025045702B60EA0036
:10BB10000A0080112518A0002138E8002B60E800F9
:10BB200006008015FFFFA3242B60EA00040080516B
:10BB30002338EA00FEFFA3242138E8002338EA0076
:10BB40001B00E600F401C000FFFF253112300000A9
:10BB500010380000003C07002528E5000210467060
:10BB60002B48A2000A0020112538C0002128A80077
:10BB70002B48A80006002015FFFFC7242B48A20071
:10BB800004002051001C0300FEFFC7242128A80048
:10BB9000001C0300045064012328A200ABFF001026
:10BBA000251867002B40A700251800004E0000153F
:10BBB000251000002050EA700700401520000924DD
:10BBC0002B28E5004800A014010002242B10860059
:10BBD0000800E0030100423823482A01061026012C
:10BBE000043847012538470004184501024407007E
:10BBF000062825011B00A800F4010001FFFFEB301F
:10BC00000610240125104300021C02001228000027
:10BC100010480000004C09002548230102606571AE
:10BC20002B682C010A00A0112518A000214827012B
:10BC30002B6827010600A015FFFFA3242B682C0109
:10BC40000400A05123482C01FEFFA3242148270112
:10BC500023482C011B002801F4010001FFFF45309F
:10BC60001240000010480000004C09002528250162
:10BC7000025868712B10AB000A00401025480001E3
:10BC80002128A7002B10A70006004014FFFF09255C
:10BC90002B10AB000400401000140300FEFF092528
:10BCA0002128A70000140300043046012510490094
:10BCB0001900C2002328AB00103800002B18A70081
:10BCC00007006014123000000700A71425180000B8
:10BCD000042044012B208600030080100000000097
:10BCE000FFFF4224251800000800E00300000000C8
:10BCF0002548C000251080008B00E0142518A00006
:10BD00002B30A6003300C01020502A7108004011CB
:10BD1000025C09000418450123280A000628A40033
:10BD2000044849012518A30004104401025C0900DD
:10BD30001B006B00F4016001FFFF243112180000AA
:10BD40001028000002306470001C0500022C020064
:10BD5000251865002B2866000800A05023186600EF
:10BD6000211869002B2869000300A0142B28660005
:10BD70000100A05421186900231866001B006B0005
:10BD8000F4016001FFFF4230103000001218000083
:10BD900002586470001C0600251062002B184B002E
:10BDA0000900605023104B00211049002B18490056
:10BDB0000500605423104B002B184B000100605409
:10BDC0002110490023104B00061042010800E00337
:10BDD0002518000004002015010003241B00690041
:10BDE000F40120011248000020502A711F00401564
:10BDF000200007242328A900025C09001B00AB00D7
:10BE0000F4016001FFFF2431122800001018000027
:10BE10000230A470002C0300021C02002528A3009D
:10BE20002B18A600080060502330A6002128A90086
:10BE30002B18A900030060142B18A6000100605401
:10BE40002128A9002330A6001B00CB00F4016001CB
:10BE5000FFFF423010280000123000000258C4706A
:10BE600000340500CDFF00102510C2002338EA0081
:10BE7000044849010618E400023409000638E500C8
:10BE80001B00E600F401C00004104501FFFF28314B
:10BE900025186200022C0300123800001060000018
:10BEA0000210E870003C0C002538E5002B28E20069
:10BEB0000800A0502338E2002138E9002B28E900CF
:10BEC0000300A0142B28E2000100A0542138E9004F
:10BED0002338E2001B00E600F401C000FFFF6530DC
:10BEE0001230000010380000003C07002528E50053
:10BEF0000230C8702B10A600090040100410440145
:10BF00002128A9002B10A9000500401404104401A9
:10BF10002B10A600010040542128A9000410440160
:10BF2000B5FF00102328A6002B40A7005C000015D9
:10BF30002070EE700A00C0152B40E50003000015CC
:10BF40002B408600560000150000000023108600DC
:10BF50002328A7002B1882000800E0032318A30061
:10BF600020000B2423586E01066066010438C701C7
:10BF7000253887010440C501024C070006286501E9
:10BF80001B00A900F40120010610640125104800DF
:10BF9000FFFFE83002640200122800001050000089
:10BFA00000540A0025504C01021805712B60430112
:10BFB0000A0080112568A000215047012B6047012D
:10BFC00006008015FFFFAD242B6043010400805163
:10BFD00023504301FEFFAD2421504701235043016C
:10BFE0001B004901F401200112480000105000001C
:10BFF00000540A0002280971FFFF4830254048011B
:10C000002B1005010A004010255020012140070196
:10C010002B10070106004014FFFF2A252B100501F5
:10C020000400401000640D00FEFF2A252140070196
:10C0300000640D000410C60125608A011900820108
:10C04000234005010418C401106800002B200D01D5
:10C050002528A001126000000500801412300000A5
:10C0600007000D152B206C000600801023306600A1
:10C07000233082012338A7012B6086012328EC009E
:10C08000233066002B1866002340050123180301A6
:10C09000041063010630C601251046000618C301CE
:10C0A0000800E003000000001400828CD0FFBD27D0
:10C0B0002800B5AF2400B4AF2000B3AF1C00B2AF6E
:10C0C0001400B0AF2C00BFAF1800B1AF25808000C6
:10C0D00025A0A00009F840001000958C2590400094
:10C0E000259800000C00028E2B10620211004010F7
:10C0F000258800000800118E0000028E021851727F
:10C100002188620000002296010042301300401492
:10C11000253080022000028E2528200209F84000E8
:10C12000252000022400028E020033A601004224D2
:10C13000240002AE2C00BF8F251020022800B58FEE
:10C140002400B48F2000B38F1C00B28F1800B18F71
:10C150001400B08F0800E0033000BD271C00028EE1
:10C160002528200209F8400025200002F1FF401098
:10C17000219055020C00028E2B18420201006050E3
:10C1800023904202D7FF0010010073260000838C29
:10C190000C00858C240080AC251000000300A25404
:10C1A0000800868C0800E00300000000000060A486
:10C1B00001004224F9FF0010211866001400828C4F
:10C1C000D0FFBD272800B5AF2400B4AF2000B3AF27
:10C1D0001C00B2AF1800B1AF2C00BFAF1400B0AF5D
:10C1E0002588800025A8A00009F840001000948C44
:10C1F00025904000259800000C00228E2B10620232
:10C2000012004010258000000800308E0000228EB1
:10C210000218507221806200000002960100423034
:10C22000140040102530A0021C00228E2528000298
:10C2300009F84000252020020F0040540C00228EF7
:10C24000000002964408027C000002A62C00BF8F6A
:10C25000251000022800B58F2400B48F2000B38F72
:10C260001C00B28F1800B18F1400B08F0800E003DB
:10C270003000BD270C00228E219054022B18420260
:10C280000100605023904202DBFF00100100732682
:10C29000E0FFBD271800B2AF1400B1AF1000B0AF7F
:10C2A0001C00BFAF258880002A30410F2590A000D8
:10C2B0001A004014258040002400238E0C00228E9A
:10C2C0001F0062141C00BF8F1800228E1D004050FA
:10C2D0002510000209F84000252020021800401017
:10C2E0001C00BF8F000043940100643005008010E3
:10C2F0000400037C000043A42400228EFFFF42249C
:10C30000240022AE252840022A30410F2520200299
:10C310000B0040101C00BF8F2580400000000296DB
:10C32000010043300C0060144408027C00000292BB
:10C33000FC00423003004234000002A21C00BF8F08
:10C34000251000021800B28F1400B18F1000B08FBA
:10C350000800E0032000BD27F8FF0010000002A63F
:10C360000000A29401004330050060100400027C2C
:10C370000000A2A42400828CFFFF4224240082AC8F
:10C380000800E003000000000000838C0C00868C95
:10C39000252800000300C554000062940800E00353
:10C3A00000000000010047300500E0100400027C9E
:10C3B000000062A42400828CFFFF4224240082AC8F
:10C3C0000800828C0100A524F2FF001021186200F1
:10C3D0000C00838C2B18A3000500601025100000B2
:10C3E0000800828C0000838C0220A2702110830040
:10C3F0000800E0030000000014008010FFFF02248A
:10C400001200A010000000000000878C0C00868C39
:10C410002318A7000D0060040800848C0240C4703B
:10C42000213007012330C5000800C01800000000BB
:10C430001B006400F40180001218000002308370B9
:10C440002120C7002628A4000A1065000800E00388
:10C4500000000000A88182270000438C2B28640084
:10C46000FDFFA054251060000400458C21304500DC
:10C47000060086540400868C0400848C21208500EC
:10C48000040044AC252040000400868C212886004E
:10C4900007006514A481858F050065100000000069
:10C4A0000400658C0000638C2128A600040085AC84
:10C4B00002008210000083AC000044AC0800E003DE
:10C4C00000000000E8FFBD271000B0AF1400BFAFB0
:10C4D0006878400F25808000A481828F140040146A
:10C4E00000A0023C6C04422407004430030080108A
:10C4F00025184000070043240410037CD8AB043403
:10C50000211044000410027C23204300AC8180AF42
:10C51000A88183AF040040AC000040ACA48182AF8E
:10C52000040064AC000062AC9C8184AFA08184AF45
:10C530000A000012070003321000022423104300F7
:10C54000271802002B18700004006014000000007F
:10C55000218002020700001EA081888F1B7D400FF2
:10C5600000000000735F410F258000002B000010C9
:10C570001400BF8F2B101001F8FF4014A881878F83
:10C58000A88183270400E28C2B2050000500801036
:10C59000A481848F0000E48C240080542518E000DE
:10C5A000A481848FEDFF8710231050000000E48CDD
:10C5B0000000698C000064AC1100432C040060147E
:10C5C0002120F000040082AC1531410F0400F0ACD2
:10C5D0000400E28C9C81848F231802012B206400CC
:10C5E00002008010A08183AF9C8183AF0080033C58
:10C5F000251043000400E2AC9881828F08003025AA
:10C600000000E0AC010042241B7D400F988182AF06
:10C61000D4FF0012000000001400BF8F251000029C
:10C620001000B08F0800E0031800BD27D5FF0010F0
:10C63000253880001B00801000000000FCFF828C69
:10C640001800410400000000F8FF838C15006014FE
:10C6500000000000E8FFBD2700F0427C1400BFAFDF
:10C660001000B0AF258080006878400FFCFF82ACDE
:10C67000FCFF038EA081828FF8FF04262110430067
:10C680001531410FA08182AF9481828F1400BF8F3A
:10C690001000B08F010042241800BD271B7D400B05
:10C6A000948182AF0800E003000000000800E0036E
:10C6B000A081828F0800E0039C81828F0800E00344
:10C6C00000000000040080101900A40010100000F9
:10C6D0001300401425180000E8FFBD271000B0AF7C
:10C6E000028085701400BFAF3131410F2520000258
:10C6F00006004010251840002530000225280000C3
:10C700008066410F25204000251840001400BF8F8F
:10C71000251060001000B08F0800E0031800BD274E
:10C720000800E00325106000D8FFBD271400B0AF5B
:10C730002400BFAF2000B3AF1C00B2AF1800B1AFF0
:10C740006878400F25808000A881828F22004010E9
:10C75000FFFF1124A481848F2590000025980000FC
:10C76000160082540400438C1B7D400F0000000023
:10C77000040012AE080011AEAD7A400F0C0013AEEB
:10C78000A081828F2400BF8F2000B38F000002AEF3
:10C790009881828F1C00B28F1800B18F140002AEF6
:10C7A0009481828F180002AE9C81828F100002AEAD
:10C7B0001400B08FBF7A400B2800BD2701007326FC
:10C7C0000000428C2B2843020B9065002B2871003F
:10C7D000E3FF00100B88650025900000E2FF0010C9
:10C7E00025980000B0FFBD273400B3AF0000F38CE4
:10C7F0002C00B1AF6800A38F3F007326429913004D
:10C80000010071260400117C2800B0AF2580800053
:10C81000402011002B2064004C00BFAF4800BEAF89
:10C820004400B7AF4000B6AF3C00B5AF3800B4AF7E
:10C830003000B2AF5400A5AF4000801425100000B6
:10C8400040111100211051002B10620025B8C000CA
:10C8500025A0E00080B011000F0040100500122458
:10C8600000111100211051002B1062000A0040102D
:10C8700004001224C0101100211051002B1062007E
:10C8800005004010030012242190D1022B90720069
:10C890000100522E010052266400A28F252880023A
:10C8A0002520000201001E2421A856004462410FE9
:10C8B000809813002D005E162530600225280002A6
:10C8C000D665410F2520A0020000868E2528000095
:10C8D00004000426000006AE1F00C62442310600F4
:10C8E0008066410F803006000000828E0100032424
:10C8F000253080021F0042244211020080100200F5
:10C9000021100202000043AC252800007F3B410FAC
:10C910002520000225F000001800A0AF2B00C01F4A
:10C920002A10D2032D00E0166000A68F2528800271
:10C930003556410F25200002010002244C00BF8F14
:10C940004800BE8F4400B78F4000B68F3C00B58FC3
:10C950003800B48F3400B38F3000B28F2C00B18F09
:10C960002800B08F0800E0035000BD272140B60228
:10C9700025200001D665410F2528000225404000F2
:10C9800004185E0202001E246000A28F21481601D6
:10C9900025280001252020011000A2AF25388002A3
:10C9A000253000021C00A3AFCA3A410F1800A9AFFE
:10C9B0001800A98F1C00A38F0100DE27F2FF7E1450
:10C9C00025402001C1FF00100000868E0F0040109E
:10C9D000254040020D00E0122540C0035400A38F03
:10C9E0001800A28FFFFFF7260000639000120200DC
:10C9F0000800DE27251062001800A2AF5400A28FA5
:10CA000025404002010042245400A2AF2518000036
:10CA10006000A28F6400A48F253880021000A2AFAE
:10CA200025300002252800022000A3AFCA3A410F9A
:10CA30001C00A8AF6400A58F25306002D665410FA9
:10CA4000252000022000A38F1C00A88F0100632472
:10CA50002A106800EEFF40141800A28FFFFF032485
:10CA600023F0C80304180301271803000620C2039B
:10CA700001000B2413004B16241864006000A28FE1
:10CA80006400A48F253880022530A00225280002EA
:10CA90001000A2AFCA3A410F1C00A3AF1C00A38F25
:10CAA0006400A68F25386002232003002520830020
:10CAB000252800022165410FC227040097FF0010BE
:10CAC000000000000000868E0400A7262520E0005C
:10CAD0000000A6AE1F00C6244231060080300600CA
:10CAE000252800002000A3AF8066410F1C00A8AFDE
:10CAF0001C00A88F2000A38F01000B2425384000C4
:10CB00002150B60204400B010100042426286400D1
:10CB10002310050025104500C2170200FFFF422424
:10CB20002530E000010005242B58B10007006015F6
:10CB300080580500010084242B108800F3FF401466
:10CB400021505601CEFF00106000A28F21584B01EA
:10CB500000006B8D0100A5240400C62424604B0056
:10CB6000FCFFCB8C25586C01EFFF0010FCFFCBAC19
:10CB700030FEBD27C001B3AF8400938CB801B1AFC4
:10CB8000BC01B2AF0400718E04009224C801B5AF9D
:10CB90000032317E25382002C401B4AFB401B0AFF9
:10CBA00025A0C0002580800025A8A00025304002D7
:10CBB000252860022801A427CC01BFAFAB35410F67
:10CBC00044001026253000002801A527E135410F3B
:10CBD0001000A42725302002252800020A36410F24
:10CBE0001000A42701000624AC01A5271000A427EB
:10CBF0000A36410FAC01A0A3253080022528A002EF
:10CC00000A36410F1000A427252840020E36410F96
:10CC10001000A42725382002253040022528600274
:10CC2000AB35410F2801A427253000002801A52796
:10CC3000E135410F1000A427252800021000A42789
:10CC40000A36410F25302002252800020E36410FFA
:10CC50001000A42725008012253000002801A527F8
:10CC6000E135410F1000A4272530200225280002BD
:10CC70000A36410F1000A4270100022401000624F7
:10CC8000AC01A5271000A4270A36410FAC01A2A3CE
:10CC9000253080022528A0020A36410F1000A42763
:10CCA000252840020E36410F1000A4272538200207
:10CCB0002530400225286002AB35410F2801A4270A
:10CCC000253000002801A527E135410F1000A427D9
:10CCD000252800021000A4270A36410F2530200223
:10CCE000252800020E36410F1000A427CC01BF8F6B
:10CCF000C801B58FC401B48FC001B38FBC01B28F1E
:10CD0000B801B18FB401B08F0800E003D001BD2796
:10CD1000D8FFBD271400B1AF0400B18C019D023CC7
:10CD2000109242240032317E2400BFAF2000B4AF05
:10CD30001C00B3AF1800B2AF1000B0AF2590A00038
:10CD4000258080002598C000000082AC253020029C
:10CD500025280000040084248066410F25A0E000FF
:10CD600025302002440004268066410F010005247E
:10CD7000840012AE253080022528600225200002A2
:10CD80002400BF8F2000B48F1C00B38F1800B28F17
:10CD90001400B18F1000B08FDC32410B2800BD278A
:10CDA00028FEBD27C401B4AF8400948CB401B0AF99
:10CDB000C801B5AF0400908E04009524D001B7AF30
:10CDC0000032107ECC01B6AFBC01B2AF25B88000F6
:10CDD00025B0A0002590C000253800022530A00213
:10CDE000252880022801A427D401BFAFC001B3AF1A
:10CDF000AB35410FB801B1AF4400F126253000003A
:10CE00002801A5272A0040161000A427E135410F6C
:10CE10000000000025300002252820020A36410FBC
:10CE20001000A42701000624AC01A5271000A427A8
:10CE30000A36410FAC01A0A32528A0020E36410FEF
:10CE40001000A427253800022530A00225288002E2
:10CE5000AB35410F2801A4272801A5271000A427DE
:10CE6000E135410F25300000253000022528200241
:10CE70000A36410F1000A427252820020E36410F44
:10CE80001000A427D401BF8FD001B78FCC01B68F7B
:10CE9000C801B58FC401B48FC001B38FBC01B28F7C
:10CEA000B801B18FB401B08F0800E003D801BD27ED
:10CEB000E135410F2B98120225300002252820026F
:10CEC0000A36410F1000A427252820020E36410FF4
:10CED0001000A427251000020A10530225984000D4
:10CEE0002520C00225304000D665410F25282002AC
:10CEF00021B0D302C0FF0010239053026565707209
:10CF00006F6D3A20545820627566666572207469A8
:10CF10006D656F7574210D0A0000000C65657072F7
:10CF20006F6D3A20525820646174612074696D6598
:10CF30006F7574210D0A0000656570726F6D3A207F
:10CF400074657374696E6720636F6D6D756E696368
:10CF50006174696F6E0D0A00656570726F6D3A20BD
:10CF6000636865636B696E6720535049325354415F
:10CF7000543D30782530386C780D0A006565707244
:10CF80006F6D3A20636865636B696E672053504923
:10CF900032434F4E3D30782530386C780D0A000012
:10CFA000656570726F6D3A20746573742031202D41
:10CFB00020577269746520456E61626C650D0A00C8
:10CFC000656570726F6D3A205752454E20726573D9
:10CFD000706F6E73653D3078253032780D0A000031
:10CFE000656570726F6D3A20746573742032202D00
:10CFF00020577269746520746F20616464722030F8
:10D000000D0A0000656570726F6D3A2057524954E1
:10D010004520726573706F6E73653D3078253032D0
:10D02000780D0A00656570726F6D3A2074657374CF
:10D030002033202D2052656164206261636B20667D
:10D04000726F6D206164647220300D0A0000000070
:10D05000656570726F6D3A2052454144206261638C
:10D060006B20646174613D3078253032780D0A00A0
:10D07000656570726F6D3A2057726974652F5265DD
:10D080006164207465737420504153534544210DED
:10D090000A000000656570726F6D3A204545505278
:10D0A0004F4D20697320776F726B696E6720636FD5
:10D0B00072726563746C79210D0A00006565707287
:10D0C0006F6D3A2057726974652F526561642074E0
:10D0D000657374206661696C65640D0A0000000068
:10D0E000656570726F6D3A2077726974652066614C
:10D0F000696C6564202D20696E76616C69642070AE
:10D100006172616D730D0A00656570726F6D3A2012
:10D110006661696C656420746F2061637175697202
:10D120006520535049320D0A000000006565707299
:10D130006F6D3A2077726974652074696D656F75DB
:10D1400074210D0A00000000656570726F6D3A2051
:10D1500072656164206661696C6564202D20696E6A
:10D1600076616C696420706172616D730D0A0000F4
:10D17000656570726F6D3A206465696E69740D0A39
:10D1800000000000656570726F6D3A206D6167691F
:10D19000632072656164206661696C65640D0A00D4
:10D1A000656570726F6D3A2073657474696E67207F
:10D1B0006D61676963206E756D62657220307825D8
:10D1C00030386C780D0A0000656570726F6D3A201A
:10D1D0006D61676963207772697465207375636335
:10D1E00065737366756C0D0A0000000065657072EA
:10D1F0006F6D3A206D61676963207772697465208D
:10D200006661696C6564210D0A00000065657072D5
:10D210006F6D3A20696E69740D0A00006565707261
:10D220006F6D3A20616C726561647920696E697412
:10D2300069616C697A65640D0A0000006565707249
:10D240006F6D3A206661696C656420746F20736548
:10D2500074206D61676963206E756D626572210D62
:10D260000A00000048FEBD27B001BEAFA401B5AF63
:10D270009401B1AF25A8800025F0A0002588C0004A
:10D2800025288000D00006241000A427B401BFAFD9
:10D29000AC01B7AFA801B6AF25B8E000A001B4AFAC
:10D2A0009C01B3AF9801B2AFD665410F9001B0AF0A
:10D2B0001000B28F11000324090002240400568ECE
:10D2C000010013242001A5274007C47E0B10640031
:10D2D0006C01A2AFC01DC27E049853001400428EA0
:10D2E0001000A42709F840006801B6AF2140E2020F
:10D2F0002BB81701FFFF74262580400021B8E302F8
:10D3000027101400244002012B107700060040541F
:10D310000C00428E5C00E3162B1008025B004050AC
:10D32000254000020C00428E23B810012530E00297
:10D330002528C0031000A4277001A3AF09F84000FE
:10D340006801A8AF6801A88FC801A38F21F0D70397
:10D350002310080221B85100211062007001A38F30
:10D36000C801A2AF0032C27E7801A2AF2110300204
:10D370002B48510021482301421F0200C010020027
:10D380007C01A2AF6C01A28FC0200900248088021A
:10D3900021108202251864002120E2026801A3AF57
:10D3A0002120900023181300242083007001A4AFD3
:10D3B00023209000FFFF8524F8FF84247401A4AF8C
:10D3C000C801A48F8001A5AF40000624211082006F
:10D3D0002110500024104300231050002528000085
:10D3E000E000A4278401A2AF8066410F25880000D9
:10D3F0008401A28F27002216C801A28F0800428E46
:10D4000009F840001000A4271800428E25380000BB
:10D4100025306002D000A52609F840001000A4279E
:10D420007801A68F0C00428EE000A52709F8400085
:10D430001000A4271000428EE000A52709F8400044
:10D440001000A4271001A68ECC01A48FD665410F31
:10D45000E000A527B401BF8F1001A28EB001BE8FDE
:10D46000AC01B78FA801B68FA401B58FA001B48F0E
:10D470009C01B38F9801B28F9401B18F9001B08F4E
:10D480000800E003B801BD2725400002B5FF0010E9
:10D4900025B820022B10220203004010253800007E
:10D4A0002110D103000047902110300224105400B5
:10D4B0006C01A2AF6C01A38FF8FF62262B106200F3
:10D4C0000E00401425280000233073000800C624F5
:10D4D0008007C27EC0300600030040108801A7AF5D
:10D4E00038000224233046006801A58FD664410F1E
:10D4F0007C01A48F8801A78FFF0045307001A28FA7
:10D500007401A68F2618F10223200202080082244B
:10D51000212051007401A28F2630C400261022025F
:10D520002410460026104400C217020023200300E6
:10D530000B280200252083002510A000C22704002C
:10D54000252860008000E3382330F1020B18040026
:10D550002620670026182602241865002618660073
:10D56000C21F03000A1083006001A2A30C00428EB8
:10D57000010006246001A52709F840001000A42737
:10D580006C01A28F0E0082162001A5271400428E86
:10D5900009F840001000A4278001A28F7801A78F0E
:10D5A0002001A62726102202232002002520820027
:10D5B000C2270400E000A5272165410F010084383F
:10D5C0008BFF001001003126D0FEBD272001B3AF34
:10D5D0000000938C2801B5AF1401B0AF25A8A000BE
:10D5E000258080002528C0001000A4272530E000F9
:10D5F0002401B4AF1C01B2AF1801B1AF2590E00017
:10D600002C01BFAF4001B48FD665410F0400718E6D
:10D610001000A227212052001F0044142528800258
:10D62000C01D227E01001124048851001000A22791
:10D63000233032028066410F212052000800628EA2
:10D6400009F84000252000020000028E253020024B
:10D650001000A5270C00428C09F84000252000028C
:10D660000000028E2528A0021400428C09F8400018
:10D67000252000022C01BF8F2801B58F2401B48F13
:10D680002001B38F1C01B28F1801B18F1401B08F2C
:10D690000800E0033001BD27000043900100422450
:10D6A00026188302DCFF0010FFFF43A00400A28CB9
:10D6B000C0FEBD273801B3AFC01D437C010002246A
:10D6C000041062002B1047003001B1AF2C01B0AF45
:10D6D0003C01BFAF3401B2AF259880002580C00067
:10D6E0002588E000000085AC110040101800A5AFAF
:10D6F0000800A28C2590A00009F840001800A4277B
:10D700000C00428E253020022528000209F8400036
:10D710001800A4271000428EE800A52709F8400051
:10D720001800A4270400518EE800B0270032317E93
:10D73000360002241000A2AF253820022530000256
:10D74000040065267235410F1800A4275C000224EE
:10D750001000A2AF253820022530000244006526C3
:10D760007235410F1800A4273C01BF8F3801B38FD9
:10D770003401B28F3001B18F2C01B08F0800E0036B
:10D780004001BD27D8FFBD271000B0AF0000B08C0E
:10D790001800B2AF2590C0000400068E0800028E6B
:10D7A0002400BFAFC01DC67C2000B4AF1C00B3AFC7
:10D7B0001400B1AF01001424258880002598A00032
:10D7C00009F8400004A0D4001800028E2530800221
:10D7D000253800000400652609F8400025202002B5
:10D7E0004000062444006526D665410FD00024265B
:10D7F0000400028E030040120032427C2B184202C9
:10D800000B1043022400BF8F100122AE2000B48F02
:10D810001C00B38F1800B28F1400B18F1000B08FAE
:10D820000800E0032800BD270000828C0C00598C02
:10D830000800200300000000C8FEBD272401B0AF8F
:10D840000000908C3401BFAF3001B3AF1000028EE6
:10D850002C01B2AF2801B1AF2598A000E000A527A8
:10D8600009F84000258880000400068E0800028E1A
:10D870001000A427C01DC67C0100122409F8400036
:10D880000490D2001800028E253800002530400296
:10D89000D000252609F840001000A4270400068EB9
:10D8A0000C00028EE000A5270032C67C09F840007B
:10D8B0001000A4271000028EE000A52709F8400000
:10D8C0001000A4271001268EE000A527D665410F81
:10D8D000252060023401BF8F1001228E3001B38FEA
:10D8E0002C01B28F2801B18F2401B08F0800E00312
:10D8F0003801BD274050050042550A00C04A0500C6
:10D90000427D040025482F01C042040000800E3CE7
:10D9100025482E0140680700426D0D00C0620700D7
:10D92000427D060025608F01C05A060025608E01E9
:10D930002628A7002428AE00FFFF4F25FE07E12D73
:10D940004700201000000000FFFFAF25FE07E12D7B
:10D950006F0020100000000002FCAF2521504F0195
:10D9600019002C01123800001070000019000B0182
:10D97000122000001030000019002B011258000086
:10D98000106800002130CB002B78CB002138ED004F
:10D990002138EF000200ED10000000002B78ED00B0
:10D9A0002170CF0119000C01124000001048000046
:10D9B0002130C8002B78C8002138E9002138EF0059
:10D9C0000200E910000000002B78E9002170CF016F
:10D9D000257886000200E011000000000100E73415
:10D9E00025480E0006002005254007002A78000182
:10D9F000214008012148290121482F01FFFF4A2524
:10DA0000FFFF4F25FE07E12D6800201000000000F9
:10DA10000004082500040F2D21482F012B782F0129
:10DA200021504F01C27A08000100EF3123400F015D
:10DA3000C2220800407D090025208F00407809009F
:10DA4000027B0F002528AF00007D0A002528AF00CB
:10DA500025100400251805000800E0030000000060
:10DA60002A78000121400801214829011C004015A5
:10DA700021482F01257828011400E0110000000042
:10DA80000800201500000000030000150000000041
:10DA9000ADFF001000000A24254800010000082402
:10DAA000E0FF4A2520702E71A7FFC0110000000082
:10DAB00023504E0122380E000638E8000440C80109
:10DAC0000448C901A0FF001025482701FF070124D1
:10DAD0003300A11100000000DDFF00100000000075
:10DAE000257828012E00E015000000000500A01593
:10DAF0000000000040780C002578EB012800E011C0
:10DB000000000000FF0701242100A1150000000013
:10DB10002A78600121586B0121608C011900A01541
:10DB200021608F0125788B011400E01100000000B6
:10DB300008008015000000000300601500000000D0
:10DB400085FF001000000D242560600100000B24FB
:10DB5000E0FFAD25203086717FFFC010000000007F
:10DB60002368A601227006000670CB010458CB0082
:10DB70000460CC0078FF001025608E01B4FF001017
:10DB80000000042425788B010500E015000000004A
:10DB9000F07F013C2528A100ADFF00100000042407
:10DBA000F8FF053CAAFF001000000424F8FF401D08
:10DBB0000000000001000E242370CA012000C12DC6
:10DBC0000700201400000000E0FFCE212B300800E9
:10DBD0000D00091025402601F8FF0010000009344F
:10DBE0000900C0110000000022380E000430E800D7
:10DBF0000438E9000640C8010648C9010200C01007
:10DC00002540E800020008350004082500040F2D17
:10DC100021482F0183FF0010C257090000000000B7
:10DC200080BF023C1060438C0E0063300A0060101D
:10DC3000000000001060438C02006330020060109E
:10DC400002000324146043AC1060438C0100633075
:10DC500003006014000000000800E0030000000062
:10DC60003060438CF8FF00100000000080BF023CD1
:10DC700008000324006043AC00940334186043ACF4
:10DC8000AD000324406043AC00800334086043AC23
:10DC90000800E003000000002F00801025100000A5
:10DCA0000000838C2C006010060006240800878C7E
:10DCB0000400E614000000000400868C2600C01456
:10DCC000000000000300A01442100300C404053C3F
:10DCD00000B4A534822805002128A2002B30A3001F
:10DCE0001D00C014251000001B00A300F4016000FB
:10DCF0000100033C12280000FFFFA5242B18A300FD
:10DD0000150060100080033480BF023C1060468C18
:10DD1000046043AC060003241100E314000000007B
:10DD20000060438C06006334006043AC0060438CA9
:10DD30000C00848C001CC6300400037C2518640091
:10DD4000006043AC00800334406045AC086043ACE5
:10DD5000186046AC010002240800E0030000000047
:10DD60000060438C0400878C4410037CEEFF00109D
:10DD70002518670080BF023C0060428C0800E00369
:10DD80004001427C0300801080BF023C200003243D
:10DD9000086043AC0800E0030000000006008014A7
:10DDA000251000000800E003000000001400BF8FF1
:10DDB0000800E0031800BD27E8FFBD271400BFAF2F
:10DDC0000837410F060007242510000080BF033CE0
:10DDD0000300451400000000F4FF001001000224BD
:10DDE0001060668C0100C630FDFFC010000000000E
:10DDF0001060668C0E00C630ECFFC0542510000089
:10DE00000060668C3060688C0600C6300500C71460
:10DE100040300200213086000000C8A4ECFF001052
:10DE20000100422421308200FCFF00100000C8A045
:10DE300016008014251000000800E0030000000018
:10DE40001060668C0002C630FDFFC01400000000A8
:10DE50000060668C0600C6300A00C71421308200BC
:10DE600040300200213086000000C694206066AC7D
:10DE700001004224F2FF4514000000000800E00306
:10DE800001000224F9FF00100000C69080BF033C8F
:10DE9000F8FF00100600072480BF023C1060448C8D
:10DEA0000E0084300900801000000000E8FFBD274C
:10DEB0001400BFAF0837410F000000001400BF8FEF
:10DEC000251080000800E0031800BD270800E003CB
:10DED0002510800080BF033C1060628C000242303D
:10DEE000FDFF401400000000206064AC0800E00367
:10DEF0000000000080BF023C1060428C00024238EB
:10DF00000800E0034002427C80BF023C3060428C4B
:10DF10000800E0030000000080BF023C1060428C5B
:10DF20000800E0030100423080BF023C1060428CD8
:10DF30000800E0030002427CE8FFBD2708008010D3
:10DF40001400BFAF0100022409008210000000008D
:10DF50001400BF8F251000000800E0031800BD2743
:10DF60006878400F00000000FAFF00101400BF8F17
:10DF7000AD7A400F00000000F6FF00101400BF8FC4
:10DF8000050080100100022405008210000000003E
:10DF90000800E003000000001B7D400B00000000B3
:10DFA000BF7A400B00000000E0FFBD271400B0AFB7
:10DFB0001C00BFAF1800B1AF0700A0102580800083
:10DFC000010003241B00A3502520C000000080ACEA
:10DFD00013000010FFFF02240200E32C1000601069
:10DFE0002510000003000624010004248ED4400FF5
:10DFF0002588E00012004010000002AE010003245A
:10E000000F002316253800002530000025280000C9
:10E01000C6D4400F25204000010042380100422CA8
:10E020001C00BF8F1800B18F1400B08F0800E003F0
:10E030002000BD27B2D4400F2528E000000002AE2A
:10E040000000028EF6FF00102B100200E8FFBD2733
:10E050001000B0AF258080000000848C1400BFAF9A
:10E06000A3D7400F000000001400BF8F000000AED7
:10E07000010002241000B08F0800E0031800BD2743
:10E080000D008010251000000000848C0A00801014
:10E0900000000000E8FFBD271400BFAF3AD6400FD4
:10E0A000000000001400BF8F010042380100422C24
:10E0B0000800E0031800BD270800E003000000008E
:10E0C0000E008010251000000000848C0B008010D2
:10E0D00025380000E8FFBD27253000001400BFAF41
:10E0E000C6D4400F252800001400BF8F010042381D
:10E0F0000100422C0800E0031800BD270800E003DF
:10E1000000000000E0FFBD271C00BFAF0500801429
:10E110001000A0AF251000001C00BF8F0800E00316
:10E120002000BD270000848CFBFF8010251000001C
:10E1300094D5400F1000A527F6FF40101000A38FC4
:10E14000F5FF601001000224006803400001633401
:10E1500000688340C0000000F0FF00101C00BF8F6B
:10E160000000848CE8FFBD271400BFAF83D7400FA9
:10E17000000000001400BF8F0001442CFF000324A6
:10E180000A1064000800E0031800BD27100080108A
:10E19000251000000000838C0D00601400000000BA
:10E1A000E8FFBD271000B0AF258080001400BFAF8E
:10E1B0003ED5400F010004241400BF8F000002AEC2
:10E1C0002B1002001000B08F0800E0031800BD27DC
:10E1D0000800E0030000000010008010251000007F
:10E1E0000000838C0D00601000000000E8FFBD27D8
:10E1F0001000B0AF258080001400BFAFA3D7400F40
:10E20000252060001400BF8F000000AE0100022432
:10E210001000B08F0800E0031800BD270800E003DD
:10E22000000000002038410B000000003038410B96
:10E23000000000003131410B000000008D31410B26
:10E24000000000000800E003010002240800E003D1
:10E2500001000224030080140300022401A0023CF8
:10E260000833428C0800E003000000000800E003CF
:10E27000000000001200801401A0043CE8FFBD274C
:10E280000C3384241000B0AF1400BFAF6338410FCB
:10E290002580A000010003240500431401A0033CD5
:10E2A0000000048E043364AC04336324040062ACC5
:10E2B0001400BF8F1000B08F0800E0031800BD27C6
:10E2C0000800E0030000000001A0043CE8FFBD27B7
:10E2D000FFFF05241400BFAF8938410F0C3384249D
:10E2E0001400BF8F2B1002000800E0031800BD27A8
:10E2F000E8FFBD271400BFAF070080101000B0AFCB
:10E30000FFFF10241400BF8F251000021000B08FF3
:10E310000800E0031800BD27B238410F00000000DC
:10E32000F7FF401001A0023C0433428C1000428CE5
:10E3300009F840000000000001A0043C0C338424D4
:10E340008B38410F25804000EFFF00101400BF8F75
:10E35000E8FFBD271400BFAF070080101000B0AF6A
:10E36000FFFF10241400BF8F251000021000B08F93
:10E370000800E0031800BD27B238410F000000007C
:10E38000F7FF401001A0023C0433428C1400428C81
:10E3900009F840000000000001A0043C0C33842474
:10E3A0008B38410F25804000EFFF00101400BF8F15
:10E3B000E0FFBD271C00BFAF1800B1AF0800801000
:10E3C0001400B0AFFFFF10241C00BF8F2510000207
:10E3D0001800B18F1400B08F0800E0032000BD27A3
:10E3E0002588C000B238410F2580A000F5FF4010FD
:10E3F00001A0023C0433428C252000020C00428C18
:10E4000009F840002528200201A0043C0C33842494
:10E410008B38410F25804000ECFF00101C00BF8F9F
:10E42000E8FFBD271400BFAF070080101000B0AF99
:10E43000FFFF10241400BF8F251000021000B08FC2
:10E440000800E0031800BD27B238410F00000000AB
:10E45000F7FF401001A0023C0433428C0800428CBC
:10E4600009F840000000000001A0043C0C338424A3
:10E470008B38410F25804000EFFF00101400BF8F44
:10E48000E8FFBD271400BFAF070080101000B0AF39
:10E49000FFFF10241400BF8F251000021000B08F62
:10E4A0000800E0031800BD27B238410F000000004B
:10E4B000F7FF401001A0023C0433428C0400428C60
:10E4C00009F840000000000001A0043C0C33842443
:10E4D0008B38410F25804000EFFF00101400BF8FE4
:10E4E000E0FFBD271C00BFAF1800B1AF08008010CF
:10E4F0001400B0AFFFFF10241C00BF8F25100002D6
:10E500001800B18F1400B08F0800E0032000BD2771
:10E510002588C000B238410F2580A000F5FF4010CB
:10E5200001A0023C0433428C252000020000428CF2
:10E5300009F840002528200201A0043C0C33842463
:10E540008B38410F25804000ECFF00101C00BF8F6E
:10E5500002120500000085A0010082A0021405003F
:10E56000022E0500020082A00800E003030085A03F
:10E57000030082880800E00300008298019D023CAD
:10E58000E8FFBD27C89242241000B0AF1400BFAF0F
:10E5900025808000000082ACF609410F040084242D
:10E5A0001400BF8FF40002AE1000B08F0800E0032B
:10E5B0001800BD2788FDBD275402B1AF2588A000F3
:10E5C000F400858C5002B0AF7802A4AF2580C00063
:10E5D000040086241000A4277402BFAF6802B6AFFF
:10E5E0006402B5AF25B0E0006002B4AF5C02B3AF27
:10E5F0005802B2AF7002BEAF6C0A410F6C02B7AFE7
:10E600005C39410F2520200225A840000400222665
:10E61000252040005C39410F3C02A2AF25A04000FC
:10E6200008002226252040005C39410F4002A2AF9D
:10E63000259840000C002226252040005C39410F1F
:10E640004402A2AF2590400010001026F0FF0226E1
:10E650004A00C0123802A2AF5C39410F3802A48FC1
:10E660001002A2AF25F04000F4FF02262520400052
:10E670005C39410F3002A2AF1802A2AF25B84000AA
:10E68000F8FF0226252040005C39410F3002A2AF7E
:10E690003002A2AF2002A2AFFCFF022625204000DC
:10E6A0005C39410F3402A2AF3402A2AF2802A2AFFC
:10E6B0002000C22E490040144802A2AF5C39410F2D
:10E6C00025200002040004265C39410F1402A2AF89
:10E6D000080004265C39410F1C02A2AF0C0004267E
:10E6E0005C39410F2402A2AF2C02A2AF2000062405
:10E6F0001002A527D665410FF001A4276509410F37
:10E700001002A4277802A28F1002A6271000A527C6
:10E710006626410FF400448C6509410F1002A427BE
:10E720001002A58F3802A48F5439410F2628A50264
:10E730001802A58FF4FF04265439410F26288502BC
:10E740002002A58FF8FF04265439410F26286502C0
:10E750002802A58FFCFF04265439410F26284502C4
:10E760002000C22E220040501402A58F3402B28F26
:10E770003002B38F25A0E00225A8C0032528A002FF
:10E780005439410F252020023C02A48F5439410FF7
:10E79000252880024002A48F5439410F25286002A9
:10E7A0004402A48F5439410F252840027402BF8FC0
:10E7B0007002BE8F6C02B78F6802B68F6402B58F8D
:10E7C0006002B48F5C02B38F5802B28F5402B18FD3
:10E7D0005002B08F0800E0037802BD271402A0AFFA
:10E7E0001C02A0AF2402A0AFC0FF00102C02A0AFFB
:10E7F00025200002E0FFD6265439410F2628C50304
:10E800001C02A58F040004265439410F2628E50276
:10E810003002A28F2402A58F080004265439410F2C
:10E82000262845002C02A58F3402A28F0C00042656
:10E83000200010265439410F26284500F401B58FD9
:10E84000FC01B48F0402B38F80FF00100C02B28F62
:10E85000059D053CC45AA524EF29410B2520000045
:10E86000E0FFBD271C00BFAF1800B2AF1400B1AF6E
:10E87000424F400F1000B0AF059D063C059D053C82
:10E88000D45AC624DC5AA52425204000A44E400FAB
:10E8900025804000059D063C059D053C2520000285
:10E8A000E45AC624A44E400FEC5AA524059D063C0C
:10E8B000059D053C25200002F45AC624A44E400FB5
:10E8C000005BA524059D063C059D053C085BC62410
:10E8D000145BA524A44E400F252000025E4C400F7F
:10E8E0002520000201A0113C2590400000080624CC
:10E8F000252840009466410FDCE72426DC51400FB8
:10E9000025204002234A400F252000021C00BF8F13
:10E91000DCE722261800B28F1400B18F1000B08FF0
:10E920000800E0032000BD27D0FFBD27059D053C62
:10E930002400B2AF1C5BA524259080002520000098
:10E940002C00BFAF2800B3AF2000B1AF1C00B0AFA8
:10E95000EF29410F01A0113C183A410F01A0133CCF
:10E96000059D063C25384000385BC6240A0805246E
:10E970002D67410FD0DF24261000A72700080624AA
:10E98000D0D76526D0DF24267925410F1000A0AF0F
:10E990000D004010059D053C25304000445BA5243A
:10E9A000EF29410F25200000251000002C00BF8F0B
:10E9B0002800B38F2400B28F2000B18F1C00B08FCD
:10E9C0000800E0033000BD271000A68F258040001E
:10E9D000450002240C0042AE3C000224200446A65E
:10E9E000D0D76526FFFFC63020004426D665410FEC
:10E9F0001C0042AE059D053C685BA524EF29410F34
:10EA000025200000CA65410FD0DF24262590400054
:10EA1000D0DF3126059D133C2A181202060060142F
:10EA2000059D053C805BA524EF29410F25200000B2
:10EA3000DEFF001001000224211030020000468099
:10EA40007C5B6526EF29410F25200000F2FF0010B6
:10EA500001001026059D053CE8FFBD2725308000FC
:10EA6000845BA5241400BFAFEF29410F25200000CF
:10EA70001400BF8F010002240800E0031800BD2726
:10EA8000059D053CE8FFBD27A05BA5241400BFAF92
:10EA9000EF29410F252000001400BF8F0100022440
:10EAA0000800E0031800BD270C00838C010002243D
:10EAB00003006214030004244A3A410B2520A000FD
:10EAC0000B00641425100000059D053CE8FFBD27E0
:10EAD000A05BA5241400BFAFEF29410F2520000043
:10EAE0001400BF8F010002240800E0031800BD27B6
:10EAF0000800E00300000000059D023C0800E00360
:10EB0000D45A4224059D023C0800E003E45A422402
:10EB1000059D023C0800E003F45A4224059D023C96
:10EB20000800E003085B42240000E28CC8FFBD2718
:10EB30001800B2AF1F005224429112003000BEAF45
:10EB40002400B5AF80F0120025A840022C00B7AF1A
:10EB50002800B6AF2000B4AF1C00B3AF1400B1AFB3
:10EB60001000B0AF3400BFAF25808000000082AC41
:10EB700025B0A00025A0C0000408157C2530C003E6
:10EB800025280000040084242588E0008066410FC9
:10EB90004800B78F8278150080700F0000790F0051
:10EBA00021780F02259800002538000021301E0230
:10EBB0001600F214252820020000228E25200002D3
:10EBC000000002AE9361410F253000000100423881
:10EBD0002530620225282002252000023400BF8F44
:10EBE0003000BE8F2C00B78F2800B68F2400B58F61
:10EBF0002000B48F1C00B38F1800B28F1400B18FA7
:10EC00001000B08F9361410B3800BD270100E7244D
:10EC1000801007002110C2020000458C0400848E81
:10EC20000400028E255000020220A47004002B264E
:10EC300004008C26254000002568000000F0847C3C
:10EC4000212082000220977000F0847C2B10B501F7
:10EC50000B00401410004A252550E0012548C00152
:10EC60002B1032015000401404004A2521986802FC
:10EC700000F0627E0000C2ACCDFF0010C29F130006
:10EC8000F4FF498D0400AD2510006B2521102801EB
:10EC9000F0FF688D2B4849001300400010008C25C0
:10ECA0001100200101008870F0FF888D0100A8701C
:10ECB00012C0000000F0087FF0FF48ADF4FF888D1F
:10ECC00010C8000040181900C21718001900A80049
:10ECD00025106200F4FF638D01008370F8FF438DFF
:10ECE00012C00000211803032B40780010C8000058
:10ECF00021106200214019012B18430021186800DF
:10ED000000F0487CF4FF48ADF8FF888D4018030000
:10ED1000C21702001900A80025106200F8FF638DD9
:10ED200001008370FCFF438D12C000002118030313
:10ED30002110620010C800002B407800214019010A
:10ED40002B1843002118680000F0487CF8FF48ADFC
:10ED5000C24F0200FCFF828D0000488D4018030066
:10ED60001900A200FCFF628D254869000100827035
:10ED700012C00000214008032B10180110C8000029
:10ED800021185900211009012B404800214003019E
:10ED900040400800C21F020000F0427C25400301F1
:10EDA000AAFF0010FCFF42AD00004C8D0100292598
:10EDB0008010090021582202216882022110880156
:10EDC0000000688D2B604C00130040001100800192
:10EDD000010088700000A88D0100A870126000007A
:10EDE000C21F0C0000F0827D1068000040400D0042
:10EDF000254003019AFF0010FCFF42AD0000C38CC8
:10EE0000AC00601000000000A8FFBD272000622CAD
:10EE10004800B6AF3C00B3AF3400B1AF5400BFAF51
:10EE20005000BEAF4C00B7AF4400B5AF4000B4AF28
:10EE30003800B2AF3000B0AF2588C0002598A000E0
:10EE40001600401025B080000400848C0400C68C9D
:10EE50001000A727C02F04002528B3009459410FA4
:10EE6000422004001000A28F0400C2AE5400BF8FE5
:10EE70005000BE8F4C00B78F4800B68F4400B58F4E
:10EE80004000B48F3C00B38F3800B28F3400B18F94
:10EE90003000B08F0800E0035800BD271F00742425
:10EEA00042A1140080F0140021909E001F006330E6
:10EEB000FCFFC7270000508E080084240400D726DA
:10EEC0003700601421F0DE002530E000E161410FE1
:10EED0002528E0020400D3AE0000448E0000DE8F3F
:10EEE00025A80002C02F15002528A4001000A72780
:10EEF000422015009459410F2530C0032320020001
:10EF00002520820026F0BE02C3270400FFFF5524FF
:10EF10002420950023A81E0025A8BE02FF7F023CE6
:10EF2000C2AF1500FFFF42340B10950025A840002A
:10EF30002518000001000524010007242B1087027A
:10EF40003900401023200302261070002630640090
:10EF500023187000268003022430C200248002029D
:10EF6000268003022630C400C2370600C287100084
:10EF70002710060025800502248002022528200291
:10EF8000AD61410F2520C002253000022528200256
:10EF90009361410F2520C002B5FF00105400BF8FC0
:10EFA0002158C7020000758D1F000824234003016B
:10EFB00006A87500041010012530E0002528E002A5
:10EFC0002C00ABAF2800A3AF2400A8AF25A8A20255
:10EFD000E161410F2000A7AF2000A78F2C00AB8F6D
:10EFE0000400D3AE213827022400A88F2800A38F65
:10EFF0000000448E0000658D0000E28C0000DE8F72
:10F0000006286500042004010618620004F01E01B1
:10F010002520850025F07E0000F0B57E00F0847C80
:10F02000B0FF001000F0DE7F8010070021102202E8
:10F030001800A3AF0000448C1C00A0AF1800A28FE2
:10F040001C00A38F0100E724130040000000E28EA3
:10F050000400F726110060000100957012400000C6
:10F06000C21F080010480000403009002518C300E6
:10F0700000F0067D23104600C237020000F0427CFB
:10F080002118C3002630820023208200FCFFE2AE5C
:10F0900026104400241046002610440023200600B9
:10F0A00025208600C2170200C2270400A3FF00101B
:10F0B0000B2844000800E00300000000050082283F
:10F0C00004004054FFFF8424802104000800E00372
:10F0D000B0FF822442180400241064002110440070
:10F0E0002200632480100200211043000800E00386
:10F0F00080100200880106248066410B252800004C
:10F1000008FFBD272510000025180000EC00B2AF55
:10F11000E800B1AFE400B0AFF400BFAFF000B3AFB0
:10F1200025908000800082AC840083AC7001912423
:10F13000010010240000338E0B00605201001026E5
:10F140000800628E09F840001000A4272F3C410FF0
:10F15000252000021400638E2128420209F8600075
:10F160001000A4270100102607000224F1FF021658
:10F1700004003126F400BF8FF000B38FEC00B28F93
:10F18000E800B18FE400B08F0800E003F800BD276D
:10F19000F8FEBD27E800B1AF8000918CF800B5AF54
:10F1A000F000B3AFE400B0AF0401BFAF0001B7AFF0
:10F1B000FC00B6AFF400B4AFEC00B2AF2580800025
:10F1C00025A8A0002598C0007F0031320B006016F2
:10F1D0000401BF8F0001B78FFC00B68FF800B58F18
:10F1E000F400B48FF000B38FEC00B28FE800B18F61
:10F1F000E400B08F0800E0030801BD27800014245C
:10F20000231091022B9053000A1072022120110248
:10F21000253040002528A002D665410F25904000EA
:10F220008000028E8400048E218832022118520050
:10F230002B10620021104400800003AE2100341620
:10F24000840002AE70011626010011240000D48E45
:10F2500018008052010031262F3C410F252020024A
:10F260008000078E8400038E21B8020280FFE6240E
:10F270001800828E2B38C700FFFF63242138E3007B
:10F280002528E00209F840001000A4270C00828E17
:10F29000252800021000A42709F840008000062459
:10F2A0001400828E2528E00209F840001000A427EF
:10F2B0000100312607000224E4FF22160400D626AE
:10F2C0002588000021A8B202C0FF00102398720216
:10F2D0005B00A2248010020010FFBD2721108200D5
:10F2E000E400B1AF0000518CEC00BFAFE800B2AF5A
:10F2F000E000B0AF1800201225100000258080002B
:10F300002520A0002F3C410F2590C0008000068ED4
:10F310001800238E8400078E212802020430067C08
:10F3200009F860001000A4278000068E0C00228ED1
:10F33000252800027F00C63009F840001000A427ED
:10F340001000228E2528400209F840001000A42752
:10F350000400228E0032427CEC00BF8FE800B28FA6
:10F36000E400B18FE000B08F0800E003F000BD279B
:10F37000B8FFBD272800B2AF1000C28C0800D28CA5
:10F380003400B5AF3000B4AF2400B1AF4400BFAF1C
:10F390004000BEAF3C00B7AF3800B6AF2C00B3AFF3
:10F3A0002000B0AF25A880004C00A5AF25A0E0004C
:10F3B0001800A2AF415D410F0C00D18C0200401635
:10F3C0001800A38FFFFF72240000838E0A001E2402
:10F3D0002598000021186200000083AE25B80000C7
:10F3E0002A10F202460040101800A28FFFFF4224AC
:10F3F0002A10E20243004010211037023C00A28E86
:10F400004C00A48E2B2044000F00801001004424E7
:10F410003C00A4AE00005090D5FF02264408027CB8
:10F42000251057001D00401400000000000030A20D
:10F430000000828E010013240100172401004224E1
:10F44000E7FF0010000082AE735B410F2520A00291
:10F4500025804000FFFF0224F0FF0216D5FF0226A0
:10F460002800E016211037024400BF8F251000024B
:10F470004000BE8F3C00B78F3800B68F3400B58F88
:10F480003000B48F2C00B38F2800B28F2400B18FCE
:10F490002000B08F0800E0034800BD270800F316E5
:10F4A00021B037020A0002242600C2170100F32609
:10F4B0003000023A080004240AF082000B9802008F
:10F4C000D0FF02260A00422C430040141000022400
:10F4D0000600C2574C00A28E1267410F2520000281
:10F4E000430040540000D0A24C00A28E0500401002
:10F4F000211037023C00A28EFFFF42243C00A2AE46
:10F5000021103702000040A00A0002243D00C2176B
:10F510000A0006241000A527F765410F25202002C8
:10F520004C00A48F1000B08F000082AC268811021E
:10F53000FEFF022401001024040083ACCAFF001067
:10F540000A805100080002242100C2172000023660
:10F5500078000424DAFF4454259800003C00A28E71
:10F560004C00A48E2B2044001500801000000000E9
:10F57000010044243C00A4AE000042904C00A48E44
:10F5800004008010000000003C00A58EFFFFA524B1
:10F590003C00A5AE1267410F25204000D3FF40502C
:10F5A0004C00A28E0000D0A20000828E25B860021E
:10F5B00010001E240100422489FF0010000082AECA
:10F5C000735B410F2520A002EDFF00104C00A48EBC
:10F5D000BBFF001025980000080002240300C2179A
:10F5E0003800022A0A0004240AF082000000D0A297
:10F5F0000000828E0100F7260100422478FF0010EF
:10F60000000082AE2530C0031000A527EC65410F35
:10F6100025202002C3FF00104C00A48FD8FFBD2777
:10F620001800B2AF1400B1AF1000B0AF2400BFAFEC
:10F630002000B4AF1C00B3AF25808000EF28410F3D
:10F640002588A00004004014259000003928410FAF
:10F6500025200002030012242F28410F252000023C
:10F66000252000020000338E2D29410F0400348E26
:10F670003129410F25200002019D033CF0956324B0
:10F680002528000008000424000062941B00620288
:10F69000F4014000121000002B10820205004010FF
:10F6A0000100A524F8FFA414020063240700052428
:10F6B0000100A524252000023529410FFF00A530B7
:10F6C0000800228E01004230120040102520000266
:10F6D000F228410F000000000800228E0200423094
:10F6E0001000401025200002FA28410F0000000001
:10F6F0002400BF8F251040022000B48F1C00B38F60
:10F700001800B28F1400B18F1000B08F0800E00312
:10F710002800BD27F628410F00000000EFFF001071
:10F720000800228EFE28410F00000000F1FF0010AB
:10F730002400BF8F0800E003000000000800E00381
:10F74000000000000229410B00000000E0FFBD277F
:10F750001800B2AF1000B0AF2590C0002580800027
:10F76000FF00A5301C00BFAF1400B1AF0529410F49
:10F770002588E000FF0045320929410F25200002BD
:10F7800025282002252000021C00BF8F1800B28F00
:10F790001400B18F1000B08F1929410B2000BD2734
:10F7A000E0FFBD271800B1AF1400B0AF2588C0003E
:10F7B000258080001C00BFAF0529410FFF00A53048
:10F7C000252000020929410FFF00253225200002D3
:10F7D0001C00BF8F1800B18F1400B08F2129410B7E
:10F7E0002000BD27E8FFBD271000B0AF1400BFAF59
:10F7F0001D29410F25808000252000021400BF8FA5
:10F800001000B08F2829410B1800BD27E0FFBD274D
:10F810001800B1AF1400B0AF2588C000258080006B
:10F820001C00BFAF0529410FFF00A530FF002532A6
:10F830000929410F252000020D29410F2520000232
:10F840001129410F252000021C00BF8F0400022453
:10F850001800B18F1400B08F0800E0032000BD270E
:10F860001529410B00000000E0FFBD271800B1AFD3
:10F870001400B0AF1C00BFAF258080002A29410FC3
:10F880002588A0000900401425180000040020125B
:10F8900000000000F93D410F25200002000022AECB
:10F8A0000D29410F25200002010003241C00BF8FF9
:10F8B000251060001800B18F1400B08F0800E0031D
:10F8C0002000BD274050050042550A00C04A0500EF
:10F8D000427D040025482F01C042040000800E3CF8
:10F8E00025482E0140680700426D0D00C0620700E8
:10F8F000427D060025608F01C05A060025608E01FA
:10F900002470C501FFFF4F25FE07E12D5600201092
:10F9100000000000FFFFAF25FE07E12D6E00201064
:10F920000000000023384D014B00E00400000000FF
:10F9300042400800C07F090025400F0142480900ED
:10F9400042580B00C07F0C0025586F0142600C002C
:10F950002B780B0123400B012B102F0123482F0183
:10F960002B782C012578E2010500E01123482C01B9
:10F9700021400B012B780B0121482C0121482F013C
:10F980002A780001214008012148290121482F013E
:10F99000FFFFE724EEFFE10400000000080020154F
:10F9A00025500D0003000015000000000D000010A0
:10F9B00000000A242548000100000824E0FF4A2531
:10F9C000203827710700E010000000002350470195
:10F9D000223007000630C8000440E8000448E9006F
:10F9E000254826011400401D0000000001000724E6
:10F9F0002338EA002000E12C05002014000000005C
:10FA00002540090000000924FAFF0015E0FFE72463
:10FA10000800E01000000000253009000640E80062
:10FA20000648E90020000F242338E7010430E600EF
:10FA30002540060100000A24C2220800407D09007A
:10FA400025208F0040280900022B0500007D0A00B8
:10FA50002528AF002528AE00251004002518050034
:10FA60000800E003000000003B004015000000001B
:10FA70002A780001214008012148290121482F014D
:10FA800025782801A3FFE0110000000008002015E0
:10FA90000000000003000015000000009DFF0010A2
:10FAA00000000A242548000100000824E0FF4A2540
:10FAB0002038277197FFE010000000002350470115
:10FAC000223007000630C8000440E8000448E9007E
:10FAD00090FF0010254826011B00A0150000000023
:10FAE0002A78600121586B0121608C0121608F010F
:10FAF00025788B011800E011000000000800801537
:10FB000000000000030060150000000085FF0010E9
:10FB100000000D242560600100000B24E0FFAD25EE
:10FB2000203887717FFFE010000000002368A701E4
:10FB3000223007000630CB000458EB000460EC00D4
:10FB400078FF00102560860140780C002578EB01D5
:10FB5000C1FFE01100000000F8FF053CBEFF0010EF
:10FB600000000424000000003C00828C4C00838CC8
:10FB7000D0FFBD271400B1AF2B1843001000B0AF69
:10FB80002C00BFAF2800B6AF2400B5AF2000B4AF43
:10FB90001C00B3AF1800B2AF2580800033006010A6
:10FBA0002588A000010043243C0083AC0000529053
:10FBB000D5FF42264408027C1600401425A0000010
:10FBC0003C00028E4C00038E2D00523A2B1843004D
:10FBD0002A0060100100542E010043243C0003AEB3
:10FBE00000005290D0FF42260A00422C0A00401426
:10FBF000D0FF4226090020120A00422C4C00028E3F
:10FC000005004010D0FF42263C00028EFFFF422438
:10FC10003C0002AED0FF42260A00422C1B004014DA
:10FC2000259800004C00028E040040100080153C16
:10FC30003C00028EFFFF42243C0002AE2C00BF8F2E
:10FC4000251060022518A0022800B68F2400B58F69
:10FC50002000B48F1C00B38F1800B28F1400B18F36
:10FC60001000B08F0800E0033000BD27735B410F28
:10FC700000000000CEFF001025904000735B410F94
:10FC800025200002D7FF001025904000CC0C153C29
:10FC9000CCCCB5363C00028E4C00038E2B184300B2
:10FCA0001D006010010043243C0003AE0000519091
:10FCB0000A00022402186272D0FF22260A00422C97
:10FCC0002198720004004010D0FF73262A1075029C
:10FCD000F0FF4014259020024701163CC3AF1300EB
:10FCE00015AED636D0FF22260A00422C1200401450
:10FCF0002A10B6024C00028E400040543C00028E96
:10FD0000CEFF801223881500239813002B101300B8
:10FD1000CAFF001023A82202735B410F25200002B6
:10FD2000E3FF001025884000735B410F252000028F
:10FD3000120000100A00032426004010FFFFC22614
:10FD40000500A216E17A023CAE4742242B10620263
:10FD500021004050D0FF31263C00028E4C00038E23
:10FD60002B184300F0FF6010000000000100432446
:10FD70003C0003AE000042900A0003241900730007
:10FD800012900000109800000220757021989300D6
:10FD9000C3271100218851022B183202212064024E
:10FDA00021186400D0FF33262B887102FFFF6324E3
:10FDB00021A82302CBFF0010258840004C00038EB1
:10FDC0002B18430009006010010043243C0003AEDF
:10FDD00000005190D0FF31260A00312EF7FF205647
:10FDE0003C00028EC4FF00104C00028E735B410F7A
:10FDF00025200002F7FF001025884000FFFF422465
:10FE0000BFFF00103C0002AE0000A38C0000828CFB
:10FE100026104300000082AC0400A38C0400828CF6
:10FE200026104300040082AC0800A38C0800828CDA
:10FE300026104300080082AC0C00A38C0C00828CBE
:10FE4000261043000C0082AC1000A38C1000828CA2
:10FE500026104300100082AC1400A38C1400828C86
:10FE600026104300140082AC1800A38C1800828C6A
:10FE700026104300180082AC1C00A38C1C00828C4E
:10FE8000261043000800E0031C0082AC20008624FA
:10FE90000F000A3CF000093C0003083C00FC073C52
:10FEA0000000838C04008424821003008029030056
:10FEB00000C0A530003F423025104500FF006530EE
:10FEC00025104500022903002428AA00251045001A
:10FED000002903002428A9002510450082290300D9
:10FEE0002428A80080180300251045002418670066
:10FEF00025104300EAFFC414FCFF82AC0800E003B5
:10FF000000000000D8FFBD271400B1AF2588800095
:10FF10002520C0001C00B3AF1800B2AF1000B0AF76
:10FF20002400BFAF2000B4AF2590A0002580C00002
:10FF3000823F410F010013242B1071021000401466
:10FF400025200002BE08410F00000000A33F410F22
:10FF50002520000240291100212845022520000209
:10FF60002400BF8F2000B48F1C00B38F1800B28F05
:10FF70001400B18F1000B08F823F410B2800BD27C5
:10FF8000BE08410F00000000A33F410F25200002E2
:10FF90001C000C8E00001F8E0400198E022A2C00FB
:10FFA00002723F000800188E2640850126F8EE03F5
:10FFB0000222390026C824032670C80102A43F008B
:10FFC000262085000C000F8E2670D40126208C0080
:10FFD0000252380000000EAE26209F000274390045
:10FFE00010000D8E26208E0026700A03021A2F00A4
:10FFF000040004AE2650590102242E00265044016C
:020000041D05D8
:100000002620E3012618650014000B8E1800098EC7
:1000100002122D0026186C002668A20108000AAE04
:1000200026186E00025424002610450026186A0087
:1000300026104C00023A2B00023229000C0003AEBD
:1000400026104400021C2D00265867012648260170
:1000500026104300100002AE2638ED0002142B00DB
:100060002628A900024428002638E2002628A800F5
:100070002630CB00021429002630C2001C0005AE39
:1000800040291300140007AE180006AE21284502CF
:10009000823F410F25200002A7FF001001007326B8
:1000A0000D0A2D2D2D2D2D2D2D20537570706F7255
:1000B00074656420636F6D6D616E642067726F7527
:1000C0007073202D2D2D2D2D2D0000000D0A202ABE
:1000D0002A2A2000202A2A2A000000000D0A2D2D9D
:1000E0002D2D2D2D2D2D2D2D204275696C742069FF
:1000F0006E20636F6D6D616E6473202D2D2D2D2D1F
:100100002D2D2D2D2D0000000D0A00000D0A556E1D
:100110006B6E6F776E20636F6D6D616E64206772BA
:100120006F75702E205472792068656C700D0A000E
:1001300008200800080000000D0A3E001B5B4B254C
:10014000731B5B25644400001B5B256443000000B7
:100150001B5B2564440000000D0A202A2A2A205136
:1001600075697474696E672074686520436F6D6D7E
:10017000616E642050726F636573736F722E2042DC
:100180007965202A2A2A0D0A000000000D0A202A7B
:100190002A2A2053797374656D205265626F6F74DB
:1001A000202A2A2A0D0A000020092C004661696CC9
:1001B000656420746F20637265617465207468657E
:1001C00020436F6E736F6C65204150490D0A00002B
:1001D000202A2A2A20436F6D6D616E642050726F51
:1001E000636573736F723A20506C65617365207438
:1001F00079706520696E206120636F6D6D616E643A
:100200002A2A2A0D0A000000202A2A2A20436F6D7C
:100210006D616E642050726F636573736F723A2004
:10022000756E6B6E6F776E20636F6D6D616E642E91
:10023000202A2A2A0D0A00000A0D20546F6F206D13
:10024000616E7920617267756D656E74732E204DD5
:100250006178696D756D2061726773207375707058
:100260006F727465643A202564210D0A0000000055
:100270003E000000081B5B4B25731B5B256444009C
:10028000081B5B4B0000000025731B5B25644400CA
:10029000202A2A2A20436F6D6D616E642050726F90
:1002A000636573736F722062756666657220657828
:1002B0006365656465642E2052657472792E202A08
:1002C0002A2A0D0A000000007265737461727400BE
:1002D0003A205265737461727420686F7374000001
:1002E000710000003A207175697420636F6D6D6153
:1002F0006E642070726F636573736F72000000002C
:1003000068656C70000000003A2068656C70000041
:100310001B5B41001B5B42001B5B43001B5B4400FB
:100320001B5B317E000000001B5B347E0000000080
:100330001B5B337E000000001900801005000324C1
:1003400025300000102702240A0007242B408200D9
:1003500003000011000000000A00C01000000000AF
:100360001B008200F40140000100A52412300000AF
:100370003000C624FFFFA6A010200000FFFF84303D
:10038000010006241B004700F401E000FFFF632486
:10039000EEFF6014121000000800E0030000A0A0AF
:1003A000300002240000A2A0FBFF00100100A524E1
:1003B000201E047C031A0300470065280300A014D4
:1003C00025108000E0FF6324047A627C201C047CFA
:1003D0004700632802006014E0FF84240438827C14
:1003E0002026027C03220400FF008530D0FFA324D6
:1003F0003A00842803008014201C037CC9FFA32436
:10040000201C037C2014027CFF004530D0FFA42474
:100410003A004228030040142024047CC9FFA4248D
:100420002024047CFF00633000190300251883009A
:100430000800E003FF006230022104000A00832C60
:100440000200601430008224570082240800E00378
:10045000000000000F0084300A00832C02006014AA
:1004600030008224570082240800E00300000000CE
:10047000C8FFBD272000B1AFFFFFB1242188910044
:100480004400A2272C00B4AF2800B3AF2400B2AFC1
:100490001C00B0AF3400BFAF3000B5AF4400A7AF11
:1004A00025A08000000080A02590A0002598C00015
:1004B000000020A21000A2AF258000000B006056B3
:1004C000000022823400BF8F251000023000B58F5B
:1004D0002C00B48F2800B38F2400B28F2000B18F7E
:1004E0001C00B08F0800E0033800BD270D00401449
:1004F0001000A28F23305002212090020000558C62
:10050000040043241000A3AF9466410F2528A002E5
:10051000CA65410F2520A002FFFF7326E7FF0010E8
:1005200021800202E7FF00102580400212008010A7
:1005300000000000D8FFBD271C00B2AF1800B1AF0B
:100540002400BFAF2000B3AF1400B0AF25908000EF
:100550002588A0000D00A014000082802400BF8F19
:100560002000B38F1C00B28F1800B18F1400B08F21
:100570000800E0032800BD271200A010251000008D
:100580000000A2800800E0032310020001005226B0
:10059000FFFF448201003126B267410FFFFF338223
:1005A00025804000B267410F25206002EBFF00521A
:1005B00023100202F5FF021223100202E8FF0010CE
:1005C0002400BF8F0800E003000000000228C5706F
:1005D000F8FEBD27010002240401BFAF0001B6AF41
:1005E000FC00B5AFF800B4AFF400B3AFF000B2AFA9
:1005F000EC00B1AFE800B0AFE000A2AF2400A01063
:10060000E400A0AF2000A327259080002588C0002B
:1006100025A0E0002400A6AF2000A6AF259860002A
:100620000000628C0400648C0400632421104400E8
:1006300021105100040062AC2B104500F8FF40145B
:10064000010010242328B10021A845022B105502D7
:1006500019004014E000A7271800B3AF1400A0AFA2
:100660001000B0AF25308002252820029E4E410F99
:10067000252040020100162445001616E000A28F36
:1006800046005014E400A28F440040140000000013
:100690000401BF8F0001B68FFC00B58FF800B48F46
:1006A000F400B38FF000B28FEC00B18FE800B08F90
:1006B0000800E0030801BD27E000A28F0300032427
:1006C000030042300F004314253800022530800219
:1006D00025282002252040022C57410F1000B3AFDF
:1006E000020005244764410FE000A4270200102601
:1006F000E000A28F2190510201004234D3FF00108C
:10070000E000A2AFFFFF1626801816002118630232
:100710000000638C2310B2022B1062000F00401403
:10072000E000A7271800B3AF1400A0AF1000B0AFCF
:1007300025308002252820029E4E410F25204002B0
:10074000010002240D000216010005243664410F49
:10075000E000A427E6FF0010258000001000B3AFE2
:100760002538000225308002252820022C57410F11
:1007700025204002F3FF0010010002242528C002BA
:100780003664410FE000A427D9FF001001001024B7
:100790000200022A0B004050E000A4274261410FF2
:1007A000E000A42725A84000252840004764410F09
:1007B000E000A42721A8150223905102ADFF0010EC
:1007C0002580A0023664410F02000524E000A28FBC
:1007D000FEFF1526E000A42707004238010005248B
:1007E0004764410FE000A2AF8010150021106202A3
:1007F0000000448CFFFF1026E000A72721202402E0
:100800002530800225282002232044021800B3AF9F
:100810001400B6AF9E4E410F1000B0AFE000A42709
:100820003664410F01000524E000A28F1800B3AF29
:100830001400B6AF010042341000B5AFE000A727A6
:100840002530800225282002232051029E4E410F90
:10085000E000A2AFD9FF001023905102C0FFBD27D6
:100860003C00BFAF3000B4AF2C00B3AF2800B2AF34
:100870002400B1AF3800B6AF3400B5AF2000B0AF40
:1008800025888000D08C400F0400928CE68C400FAD
:1008900025984000668D400F25A04000260040149A
:1008A000059D103C059D103CA0441026FC8C400F7B
:1008B000000000001F8D400F25A84000428D400F12
:1008C00025B040001E004014059D023C059D023CE1
:1008D000BC4442241000B0AF059D053C01A0103C73
:1008E0001800B6AF1400B5AF482904261C00A2AF0B
:1008F0002538800225306002D066410FC844A52407
:100900000000228E48290526252040023C00BF8F8A
:100910003800B68F3400B58F3000B48F2C00B38F01
:100920002800B28F2400B18F2000B08F0000598CB6
:10093000080020034000BD27DCFF0010944410266F
:10094000E4FF0010B04442240200A5281D00A014BA
:10095000059D053CD8FFBD271C00B2AF01A0123C8D
:100960002000B3AF1400B0AF0400938C258080004A
:100970000445A524482944262400BFAF1800B1AF80
:100980008A66410F2588C0000000028E482945264E
:100990000000428C09F84000252060020400248EEB
:1009A0002400BF8F2000B38F1C00B28F1800B18FBE
:1009B0001400B08F252800002800BD27D347410B25
:1009C0000000000025280000FCFF0010252000008A
:1009D000E0FFBD270200A5281800B2AF1400B1AF98
:1009E0001000B0AF1C00BFAF258880000400928CBF
:1009F0001800A01401A0103C2510C0000400448C75
:100A00000266410F10000624059D053C253040007C
:100A1000482904263045A524D066410F008082AFC6
:100A20000000228E482905260000428C09F840006B
:100A300025204002AA7D400FE80304241C00BF8F3C
:100A40001800B28F1400B18F1000B08FF263410B09
:100A50002000BD27059D053C482904268A66410FD4
:100A60005C45A5240000228E482905262520400249
:100A70001C00BF8F1800B28F1400B18F1000B08F10
:100A80000000598C080020032000BD27059D053C6F
:100A9000E8FFBD277845A5241400BFAFEF29410F1B
:100AA00025200000059D073C1400BF8F8C45E724DE
:100AB000069D043C2530E00003000524009C8424AE
:100AC00054C3400B1800BD27A020047C0800E0039D
:100AD00002142400A020047C0800E00325108000FC
:100AE000A020047CA028057C021425000800E00357
:100AF000021C2400FCFFA8241B0001050100073490
:100B00008500A0102518C000FFFFA82404000015D0
:100B100000000000000083900F0000102118660004
:100B2000FFFF082506000015010083900000889053
:100B3000001A03002518680007000010211866003D
:100B40000000899002008890001A030025186900AF
:100B50002118680021186600024C0300FFFF6A306C
:100B60006D00001021182A01110000001300C000C0
:100B700001008230030089300F00201104000B3483
:100B8000235869012540000000008898FFFF2925AF
:100B90000500201108000A34FFFF2925020020115A
:100BA00008004A2508004A25044048010100077151
:100BB0002328AB0021208B0042190500403103009F
:100BC000130060100000888C0400898C01000771FC
:100BD00008008A8C010027710C008B8C0100477182
:100BE00010008C8C0100677114008D8C01008771DE
:100BF00018008E8C0100A7711C008F8C0100C7713A
:100C0000FFFF63240100E771EDFF00102000842442
:100C10002328A60002190500003103000B00601014
:100C20000000888C0400898C0100077108008A8C00
:100C3000010027710C008B8C01004771FFFF6324BA
:100C400001006771F5FF0010100084242328A6001E
:100C5000C2180500C0300300070060100000888C37
:100C60000400898C01000771FFFF632401002771D4
:100C7000F9FF0010080084242328A600821805002C
:100C800080300300030060100000888C040084247E
:100C9000010007712328A6000F00A0100100A63054
:100CA0000400C01400000000010088880900001042
:100CB000024408000200A6300400C0140000000036
:100CC000000088880300001002460800020088889F
:100CD00002420800010007711048000012400000A5
:100CE000211828012B586800020060110000000044
:100CF00001006324024C0300FFFF6A3021182A011F
:100D0000024C0300FFFF6A3021182A010200401044
:100D100000000000A018037C271060000800E0031A
:100D2000FFFF4230E080848FE8FFBD270400801081
:100D30001400BFAFE93E400F00000000E08080AF2C
:100D40001400BF8F0800E0031800BD2798FFBD27DF
:100D50000F000524060004246400BFAF6000B2AF9A
:100D60005C00B1AFEF3E400F5800B0AF0100423021
:100D7000400040146400BF8F6000B28F5C00B18FF0
:100D80005800B08F0800E0036800BD272C000696CD
:100D90000800C22C3D004014253800001C00118EB4
:100DA0002520000225282002BE72400F1800128E56
:100DB0003900401408000224000023963400621415
:100DC000F3FF05242800048E333E400F1000452613
:100DD0002F004014F1FF05241C00068E2800118E00
:100DE0000200C294FF0045300800A324FF006330D6
:100DF000252040000438647C0800632C0800601043
:100E00000000C0A4003A427C01004224FF004230AE
:100E100003004014047A447C0900A5240438A47C0F
:100E20000200C4A401000524253000002520000292
:100E3000C6AA400F000000AE1800028E2530000048
:100E4000252800020C00438C1000428C1000A427BF
:100E50004800A3AF4C00A2AFECA8400F5000B1AFC8
:100E60000400401406000624FAFF05248323410FE2
:100E700025200002593F400F06000424C3FF401400
:100E800025804000BCFF00106400BF8FF2FF0524E6
:100E9000F6FF001006000624FDFF0010F6FF0524F3
:100EA000FBFF0010F1FF05241600849003000324CB
:100EB0001700831001000224E480828FE8FFBD2721
:100EC0000E0040141400BFAF059D053C2530000006
:100ED0004C0DA524B83E400F060004240700401422
:100EE000E08082AF4943410F000000002510000060
:100EF0001400BF8F0800E0031800BD27E480828F34
:100F000001004224E48082AFF9FF001001000224B6
:100F10000800E00300000000E480828F0800401811
:100F2000020003241600849005008314FFFF42246E
:100F300003004014E48082AF4943410B00000000ED
:100F40000800E003000000000800E003FAFF0224AC
:100F50000800E003FAFF022402120500000085A049
:100F6000010082A002140500022E0500020082A0EA
:100F70000800E003030085A0030082880800E00366
:100F800000008298019D023CE8FFBD27E8924224C0
:100F90001000B0AF1400BFAF25808000000082AC0D
:100FA000F609410F040084241400BF8FF40002AE40
:100FB0001000B08F0800E0031800BD27C0FDBD275A
:100FC0001C02B1AF2588A000F400858C3002B6AFBA
:100FD0002002B2AF25B0C000259080000400862416
:100FE0001000A4273C02BFAF3402B7AF2C02B5AF4C
:100FF00025B8E0002802B4AF2402B3AF1802B0AFA6
:101000003802BEAFF401A0AFFC01A0AF0402A0AF54
:101010000C02A0AF6C0A410F04003526DE43410FDD
:1010200025202002080034262520A002254040006B
:10103000DE43410F0C00332625208002DE43410FA2
:101040002538400025206002DE43410F2530400056
:10105000251840002580C0022110D7021800501426
:1010600025280001D643410F252020022528E00035
:10107000D643410F2520A0022528C000D643410FAA
:101080002520800225286000D643410F25206002DC
:101090003C02BF8F3802BE8F3402B78F3002B68F4A
:1010A0002C02B58F2802B48F2402B38F2002B28F96
:1010B0001C02B18F1802B08F0800E0034002BD2768
:1010C000DE43410F2520000204000A2625204001AE
:1010D000261048001402AAAFDE43410FF001A2AF70
:1010E0000800092625202001261047001002A9AF7C
:1010F0000C001E26DE43410FF801A2AF2610460069
:101100002520C003DE43410F0002A2AF261043009A
:10111000F001A4276509410F0802A2AFF400448E34
:10112000F001A627C13F410F1000A5276509410F17
:10113000F001A427F001A88F25200002F801A78F55
:10114000252800010002A68FD643410F0802A38F75
:101150001402AA8F2528E00010001026D643410F64
:10116000252040011002A98F2528C000D643410F39
:101170002520200125286000D643410F2520C003EB
:10118000B6FF00102110D7020800E003000085AC74
:10119000030082880800E00300008298019D023C61
:1011A000E8FFBD27A89242241000B0AF1400BFAFE3
:1011B00025808000000082ACF609410F04008424E1
:1011C0001400BF8FF40002AE1000B08F0800E003DF
:1011D0001800BD27A8FDBD274402B4AF25A0A0007C
:1011E000F400858C4002B3AF3802B1AF259880007F
:1011F0002588C000040086241000A4275402BFAF35
:101200005002B7AF4C02B6AF4802B5AF3C02B2AF26
:101210003402B0AF6802B28F6C0A410F2580E00043
:101220006444410F25208002040084266444410F59
:1012300025A84000080084266444410F25B04000E2
:1012400025B8400037004012A018117C021C230072
:10125000010034262802A3AFA018147C021C23002E
:101260001002A4272C02A3AF1402B5AF1002B5AF31
:101270001C02B6AF1802B6AF2402B7AF6509410F22
:101280002002B7AFF400648E1002A627C13F410FC1
:101290001000A5276509410F1002A4271002A58F91
:1012A0006244410FF001A4271802A58F6244410F48
:1012B000F401A4272002A58F6244410FF801A4275E
:1012C0002802A58F6244410FFC01A4271402A58FB8
:1012D0006244410F0002A4271C02A58F6244410F03
:1012E0000402A4272402A58F6244410F0802A42708
:1012F0002C02A58F6244410F0C02A4272100422E2C
:101300002400401021201202F001A22711009014A5
:10131000010010261100522E010040520200342616
:10132000258880025402BF8F251020025002B78FFB
:101330004C02B68F4802B58F4402B48F4002B38F7F
:101340003C02B28F3802B18F3402B08F0800E00344
:101350005802BD2701004224FFFF0592FFFF439082
:1013600026186500E9FF0010FFFF03A201006324B7
:10137000FFFF0592FFFF649026208500FFFF04A277
:10138000FAFF025601001026E0FF5226ADFF0010C2
:1013900002003126F001A327F9FF001020000226E9
:1013A00079828293E8FFBD270E0040141400BFAF7E
:1013B000069D053C0C90A524EF29410F2520000037
:1013C00088BF023C20000324E86043AC8000032473
:1013D000E86043AC02000224308082AF01000224A6
:1013E000798282A31400BF8F0800E0031800BD2794
:1013F00079828293E8FFBD271000B0AF1400BFAF21
:101400000300401425808000E844410F00000000E4
:101410003080868F020002240900C210069D053C20
:101420002490A524EF29410F25200000251000005D
:101430001400BF8F1000B08F0800E0031800BD2714
:10144000308090AFFAFF0010010002243080838FBB
:10145000020002240600621088BF033C200004241E
:10146000E86064AC80000424E86064AC308082AF43
:101470000800E003000000000800E0033080828FD5
:101480003080828F020042380800E0030100422CC5
:101490003080828F09004014F8FFBD2788BF023CCE
:1014A00020000324E46043AC0000A0AF0000A28F42
:1014B0006400422803004014000000000800E0031C
:1014C0000800BD270000A28F010042240000A2AF47
:1014D000F6FF0010000000003080828F09004014E9
:1014E000F8FFBD2788BF023C20000324E86043AC1E
:1014F0000000A0AF0000A28F640042280300401447
:10150000000000000800E0030800BD270000A28FD3
:10151000010042240000A2AFF6FF0010000000000E
:101520003080838F0100022409006214F8FFBD2778
:1015300088BF023C80000324E46043AC0000A0AFFD
:101540000000A28F64004228030040140000000045
:101550000800E0030800BD270000A28F010042241C
:101560000000A2AFF6FF0010000000003080838F63
:101570000100022409006214F8FFBD2788BF023C65
:1015800080000324E86043AC0000A0AF0000A28FFD
:101590006400422803004014000000000800E0033B
:1015A0000800BD270000A28F010042240000A2AF66
:1015B000F6FF0010000000000800E003000000003B
:1015C0000800E003408080AF0800E0032510000021
:1015D00001A0023CDC0140ACDC014224448080A339
:1015E000408080AF040040AC080040AC0C0040AC30
:1015F0000800E003100040AC44808293D8FFBD2770
:101600001C00B2AF01A0123C1800B1AF1400B0AF83
:101610002400BFAF2000B3AF2588A00019004014FC
:10162000DC01502601A0133CDCFF6326252060006E
:10163000000206248066410F25280000251840007E
:1016400080FF0224DCFF62A201000224FF0062A0EE
:10165000040003AE00010324080003AE4880832782
:101660000C0003AE03000324488080AF4C8080AFA1
:10167000488082A34A8082A3DC0142A2100003AE0C
:10168000448082A30200201230000224000022AE17
:101690002400BF8F251000022000B38F1C00B28FE2
:1016A0001800B18F1400B08F0800E0032800BD2798
:1016B0004080848FE8FFBD271000B0AF21808600F6
:1016C0000110022E060040101400BFAF01A0023C22
:1016D000DCEF4224D665410F21204400408090AFCA
:1016E0001400BF8F1000B08F0800E0031800BD2762
:1016F0004080828F90FBBD276C04BFAF2D0040104F
:101700006804B0AF448082932A004014059D053CD4
:1017100025300000B815A524A30F410F1000A42701
:101720004080868F01A0053CDCEFA524BC0F410F53
:101730001000A4273402A2931E0040103001A28F93
:101740001C00401401A0103CDC01102614000624EB
:101750001000A527D665410F252000021000A39395
:1017600001000224110062141800A68F0102C22C8D
:101770000600401001A0033C1400A58FDCFF632489
:10178000D665410F25206000040002AE2000A68F20
:101790000900C22C050040101C00A58FD665410F22
:1017A00048808427488082270C0002AE0100022472
:1017B000448082A36C04BF8F6804B08F0800E003EC
:1017C0007004BD271174400B000000000400A28CBF
:1017D000D8FFBD272000B3AF1C00B2AF1800B1AFD7
:1017E0001400B0AF2400BFAF259880002520A000D2
:1017F0002528E0002588C00009F840002590E00079
:1018000009004010258040000400201225304002CD
:1018100025282002D665410F2520400025280002FA
:101820005774400F252060022400BF8F251000024E
:101830002000B38F1C00B28F1800B18F1400B08F3E
:101840000800E0032800BD27E0FFBD271800B1AF66
:10185000258880002520A000252820021400B0AF94
:101860001C00BFAFE174400F2580C000060040108F
:10187000251800000C00028E2528200209F84000DF
:1018800025200002010003241C00BF8F25106000EA
:101890001800B18F1400B08F0800E0032000BD27AE
:1018A000D0FFBD272400B4AF25A080002520A000D4
:1018B0002800B5AF2000B3AF1C00B2AF2C00BFAF03
:1018C0001800B1AF1400B0AF2590A0002598C0005B
:1018D0002D75400F25A8E0000C004014252880023B
:1018E000258000002C00BF8F251000022800B58F36
:1018F0002400B48F2000B38F1C00B28F1800B18F6A
:101900001400B08F0800E0033000BD2725204002FE
:10191000DC73400F25804000050040102588400002
:101920000300A0120000000009F8A00225204000DA
:101930003B75400F25204002E9FF20122528800238
:101940000C00628E09F8400025206002E6FF0010BE
:101950002C00BF8FE0FFBD271800B1AF1400B0AF5F
:101960001C00BFAF258880002580A000AF74400F09
:1019700025202002050040141C00BF8F1800B18FE5
:101980001400B08F0800E0032000BD270C00038E78
:101990002528400009F8600025200002F3FF001010
:1019A00000000000E8FFBD271000B0AF1400BFAF7B
:1019B0005546410F25808000252000021400BF8F6E
:1019C0001000B08F2474400B1800BD27059D023C09
:1019D000D0FFBD272C3042241400A2AF0100022406
:1019E0001800A2AF059D023CE02F42241C00A2AFCC
:1019F0001000A52709000224252000002C00BFAFFD
:101A00001000A0AF2400A0AFEC41400F2000A2AF17
:101A10002C00BF8F0800E0033000BD27E0FFBD278A
:101A20001C00BFAF1800B2AF1400B1AF1000B0AFD0
:101A300000606241C00000009D67410F000000008F
:101A4000008002400300423400808240C000000059
:101A500088BF023C0040438C020004240100112492
:101A60000410837C004043AC0040438C03000424FA
:101A700001A0123C0429837C004043AC0020438C2D
:101A8000AC3250268431237E002043AC81BF023C1F
:101A900000F24390C418037C00F243A0D152410FDE
:101AA000000000008749410F000000004B4C410F2F
:101AB000000000001B37410F0000000046EC400F03
:101AC000000000001E05410F00000000059D023CC3
:101AD0003844428C059D053C0431A52409F840009A
:101AE00025200000059D053CE430A52425200000AC
:101AF000E2F2400F100002AE059D053CB82FA52470
:101B000025200000D0D0400F140002AE059D053CFA
:101B1000902FA524252000003929410FAC3242AE78
:101B2000059D043C8C2F842444C3400F040002AE66
:101B3000059D053C802FA524252000007262410FE1
:101B40000C0002AE069D053C9C84A52425200000C7
:101B5000EF29410F180002AE019D073C019D063C94
:101B6000069D053C4090E7242090C624AC84A52423
:101B7000EF29410F252000007346410F00000000AF
:101B8000AD67410F080002AE7447410F000000002E
:101B90005B4F410F0000000080BF023C00004394F7
:101BA0000400237E000043A400004394C47B237EF2
:101BB000000043A4206062411C00BF8F1800B28F58
:101BC0001400B18F1000B08F0800E0032000BD2783
:101BD0000400A88CB0FFBD274400B7AF3800B4AFF5
:101BE0002C00B1AF4C00BFAF4800BEAF4000B6AF55
:101BF0003C00B5AF3400B3AF3000B2AF2800B0AF97
:101C000025B880002588A0004C0000050000B48C99
:101C10004408147C08003E8E10008A320000D28CEA
:101C20000400D68C0400401125A8C00325105602DC
:101C300001004054FEFFD5270800893201002055DD
:101C4000FFFFB5261000308E0C00338E2528A00231
:101C5000FFFF102621107002000040A00200022A9F
:101C60000B00401425105602360040140F0043327A
:101C700023101501211045003300401C0A00642880
:101C80000300A018020082322F0040140000000060
:101C90000B004011000000000000C28C0400C38C47
:101CA000251043000600401021107002FEFF102690
:101CB000FFFF47A03000032421107002000043A062
:101CC0000400201120000324FFFF102621107002C1
:101CD000000043A01000268E1000B4AF2538C003CA
:101CE000FFFFC6242330D00021287002B555410FD4
:101CF0002520E0020400E38E000163300400601040
:101D00004C00BF8F0400238E2A2043000B10640078
:101D10004800BE8F4400B78F4000B68F3C00B58F9F
:101D20003800B48F3400B38F3000B28F2C00B18FE5
:101D30002800B08F0800E0035000BD27B5FF001059
:101D4000010008240A006428020080105700622461
:101D500030006224BFFFE3241A00632C13006010DC
:101D6000200043349FFF63241A00632C100060504E
:101D7000FFFF1026252040005C00A7AF5800A6AF4B
:101D80002400A8AF2000A5AF1C00A9AFB967410F80
:101D90001800AAAF5C00A78F5800A68F2400A88F58
:101DA0002000A58F1C00A98F1800AA8FFFFF102606
:101DB00021187002000062A00291120000171600A4
:101DC000FFFFA52425905200A4FF001002B11600C9
:101DD000E8FFBD271400BFAF9AEF400F00000000DE
:101DE0004AAF400F000000001400BF8F388280AF60
:101DF0000800E0031800BD271C808293368283937D
:101E0000E8FFBD27421002002B1062000B004010BB
:101E10001400BFAF01006324368283A33882828F0F
:101E20000C004010010003241900431034828297F3
:101E30001400BF8F0800E0031800BD2788BF023CD4
:101E400002000324368280A36C6143ACF4FF0010CF
:101E50003882828F39F7400F00000000F762410F8F
:101E600000000000A342410F000000003BFF400FB4
:101E700000000000DC8D400F000000000A0002247A
:101E80001C8082A301000224E9FF0010388282AF87
:101E90003C00432C0C00601401004224AFEF400FC3
:101EA000000000000A00401032828293ADEF400F24
:101EB0000000000005004010348283973C0002249B
:101EC000020062143D000224348282A7328282938F
:101ED000D7FF401031828293D6FF40141400BF8F89
:101EE000AFEF400F00000000D2FF40101400BF8F82
:101EF000ADEF400F00000000CDFF401001A0043CFA
:101F0000010002248C2C8424318282A32F8B400F69
:101F1000328280A3C6FF4010318280A33082829338
:101F2000C4FF40101400BF8F428D400F000000001E
:101F3000BFFF40101400BF8F00A0023C020003242A
:101F40001800BD27F263410B000043AC328282933C
:101F5000E8FFBD271400BFAF140040141000B0AF5D
:101F6000318283930D0060142580A0002528800015
:101F7000000106240300A01401A0043C069D053CBA
:101F8000CC95A5249466410F8C2C84240100022456
:101F9000328282A3308290A3010002241400BF8FFA
:101FA0001000B08F0800E0031800BD27FBFF0010F1
:101FB000251000000800E003318282932E2E2F733B
:101FC00072632F74696E7963626F722F63626F72CE
:101FD0007061727365722E630000000030000000B3
:101FE00076616C75652D3E666C61677320262043B3
:101FF000626F724974657261746F72466C61675F7B
:10200000496E746567657256616C7565546F6F4C87
:1020100061726765207C7C2076616C75652D3E74ED
:10202000797065203D3D2043626F72466C6F61742C
:1020300054797065207C7C2076616C75652D3E74CA
:10204000797065203D3D2043626F72446F75626C0C
:1020500065547970650000006C656E677468203D9A
:102060003D202873697A655F74296C656E677468B2
:10207000000000002869742D3E666C61677320269D
:102080002043626F724974657261746F72466C614D
:10209000675F556E6B6E6F776E4C656E67746829FF
:1020A000203D3D203000000069742D3E747970653C
:1020B00020213D2043626F72496E76616C696454E1
:1020C0007970650069735F66697865645F747970BB
:1020D000652869742D3E74797065290063626F729A
:1020E0005F76616C75655F69735F636F6E7461695C
:1020F0006E65722869742900726563757273656410
:102100002D3E74797065203D3D2043626F72496EAB
:1021100076616C69645479706500000063626F7267
:102120005F76616C75655F69735F696E746567651D
:10213000722876616C7565290000000063626F7219
:102140005F76616C75655F69735F627974655F73F3
:102150007472696E672876616C756529207C7C20B5
:1021600063626F725F76616C75655F69735F7465DA
:1021700078745F737472696E672876616C7565290F
:102180000000000063626F725F76616C75655F6965
:10219000735F6D6170286D6170290000F8FFBD27C5
:1021A0000400BFAF00600240847A027C000C42341D
:1021B00000608240C0000000FFFF0010000000002F
:1021C000ADDE023CEFBE4234F8FF82AC3412023C7A
:1021D000F8FFBD27785642240400BFAFF4FF82AC5D
:1021E00000680240F0FF82AC0400BF8F03000224AD
:1021F000ECFF82AC059D023C9C214224E4FF82ACB2
:10220000E8FF85AC6CFF8224A8FF86AC0800E003E1
:102210000800BD2780BF023C000640AC0006439486
:10222000010004240429837C000643A40F2703240F
:10223000200643AC88BF033CA010658C8420857CBD
:10224000A01065AC3010658C0421057C301065ACA5
:102250006010658C0421857C601065AC0006439499
:10226000C47B837C000643A40800E0030000000058
:102270000800E0030000000088BF023C02000324C5
:10228000001C0424341043ACE8FFBD27941044AC78
:1022900000040424981044AC1400BFAF641043AC95
:1022A000681043AC8548410F00000000EC81828F2C
:1022B0000000428C7D27410FB08182AF6748410FFB
:1022C00000000000F8FFBD270400BFAF00606241BE
:1022D000C00000000060024025184000847A037CA2
:1022E000010C633400608340C00000000400BF8F15
:1022F000010042340800E0030800BD27E8FFBD27C5
:102300001000B0AF1400BFAFB148410F0000000093
:102310007A78400F25804000050040100000000042
:10232000006802400001423400688240C0000000A2
:1023300000609040C00000001400BF8F88BF023CC6
:10234000100003241000B08F341043AC0800E003E9
:102350001800BD27F8FFBD270400BFAF0060844010
:10236000C00000000400BF8F0800E0030800BD2784
:10237000A8FDBD274C02B6AF4402B4AF3802B1AFDE
:102380005402BFAF5002B7AF4802B5AF4002B3AF7F
:102390003C02B2AF3402B0AF2588A0006C02B48F0B
:1023A0005A00A0107002B68F2528C00025A8800012
:1023B0002530E000259000002110920200004280AC
:1023C000380040146802A78F2801A427AB35410FBD
:1023D0000400B08C253000002801A527E135410F0D
:1023E0001000A42725304002252880020A36410F1C
:1023F0001000A4277402B38F25B800002B00F61636
:10240000AC01A5270032107E0E36410F1000A42724
:10241000253000002801A527E135410F1000A42731
:1024200025300002AC01A5270A36410F1000A42771
:1024300025304002252880020A36410F1000A427CB
:102440007402B38F25B800001F00F616EC01A52713
:102450000E36410F1000A4272518A00225100000F9
:102460002800501025A860001E002256EC01A42769
:102470002510200223882202240020122801A527EB
:102480001000A427E135410F25300000253000025F
:10249000AC01A5270A36410F1000A427DAFF00106F
:1024A000AC01A527C4FF0010010052260400668E6F
:1024B0000000658E1000A4270A36410F0100F726A0
:1024C000CEFF0010080073260400668E0000658EA3
:1024D0001000A4270A36410F0100F726DAFF00108A
:1024E000080073262120820000006590000084907F
:1024F000010042240100632426208500D8FF00103B
:10250000FFFF64A0DBFF0010251000025402BF8F04
:102510005002B78F4C02B68F4802B58F4402B48F79
:102520004002B38F3C02B28F3802B18F3402B08FB9
:102530000800E0035802BD27F0FFBD270C00BFAF25
:1025400000606241C00000000000A2AF00E0847C97
:1025500081BF023C20F444AC004003240F0004245B
:1025600004F443AC04F444AC08F445AC08F443ACC4
:10257000004804400048034023186400F000632C26
:102580001200601499AA033C5566632410F440AC11
:1025900010F443AC6655033CAA99633410F443AC81
:1025A0000080033408F443AC0000A28F0060824036
:1025B000C00000000C00BF8F88BF023C0001033C3C
:1025C000781043AC0800E0031000BD274000000075
:1025D000E8FF0010000000004C818227000044AC9E
:1025E000040045AC0800E0030000000088BF023C86
:1025F0000001033C441043AC4C81828F0500401025
:10260000000000005081848F4C81998F08002003C6
:10261000000000000800E0030000000081BF023C51
:1026200020F4448C4E49410B252800000020023C38
:102630002510C200E8FFBD272530A0001400BFAF61
:10264000D665410F252840001400BF8F01000224E9
:102650000800E0031800BD272510A00081BF033C3F
:10266000E8FFBD2730F464AC010005241400BFAFBF
:102670004E49410F252040001400BF8F0100022465
:102680000800E0031800BD272510A00000E0847CAE
:1026900081BF033CE8FFBD2740F464AC0300052480
:1026A0001400BFAF4E49410F252040001400BF8FDA
:1026B000010002240800E0031800BD27E8FFBD2741
:1026C0001400BFAF4E49410F040005241400BF8F12
:1026D000010002240800E0031800BD2781BF023C6E
:1026E00000F4428C0800E0030030423081BF023C1D
:1026F00000F4428C0800E003C003427C00681A40EA
:102700007CFFBD2700601B402C00B6AF2800B5AF92
:102710008000BBAF82D21A00847A5B7F44201B7C8E
:1027200020A81D0000A01A3C14005A270000568F54
:102730000400C01600000000019D1D3CBC92BD2796
:102740000000BD8F0100D626000056AF0070164075
:1027500000609B407800BFAE7400BEAE7000B9AEA2
:102760006C00B8AE6800AFAE6400AEAE6000ADAE57
:102770005C00ACAE5800ABAE5400AAAE5000A9AE9F
:102780004C00A8AE4800A7AE4400A6AE4000A5AEDF
:102790003C00A4AE3800A3AE3400A2AE7C00B6AEBE
:1027A0001000A1AE10B000000C00B6AE12B00000D8
:1027B0000800B6AE00A0163C1400D6260000D68E47
:1027C000FFFFD6260400C0160000000000A0163C43
:1027D000B001D6260000D5AE069D163CB099D6268F
:1027E00009F8C0020000000000A0163C1400D62624
:1027F0000000D68EFFFFD6260400C01600000000A1
:1028000000A0163CB001D6260000D58E0800B68E7A
:102810001300C0020C00B68E1100C0021000A18E81
:102820002C00B68E3400A28E3800A38E3C00A48EFD
:102830004000A58E4400A68E4800A78E4C00A88EAE
:102840005000A98E5400AA8E5800AB8E5C00AC8E4E
:102850006000AD8E6400AE8E6800AF8E6C00B88EE6
:102860007000B98E7400BE8E7800BF8E006060412B
:10287000C000000000A01A3C14005A2700005B8F23
:10288000FFFF7B2700005BAF8000BA8E7C00BB8E11
:1028900020E815002800B58F8400BD2700609A400D
:1028A00000709B40C00000001800004200000000C3
:1028B00000681A407CFFBD2700601B402C00B6AFAB
:1028C0002800B5AF8000BBAF82D21A00847A5B7F4C
:1028D00044201B7C20A81D0000A01A3C14005A278D
:1028E0000000568F0400C01600000000019D1D3C32
:1028F000BC92BD270000BD8F0100D626000056AF58
:102900000070164000609B407800BFAE7400BEAE01
:102910007000B9AE6C00B8AE6800AFAE6400AEAE89
:102920006000ADAE5C00ACAE5800ABAE5400AAAED9
:102930005000A9AE4C00A8AE4800A7AE4400A6AE19
:102940004000A5AE3C00A4AE3800A3AE3400A2AE59
:102950007C00B6AE1000A1AE10B000000C00B6AE08
:1029600012B000000800B6AE00A0163C1400D62637
:102970000000D68EFFFFD6260400C016000000001F
:1029800000A0163CB001D6260000D5AE069D163C30
:10299000B899D62609F8C0020000000000A0163C35
:1029A0001400D6260000D68EFFFFD6260400C016DF
:1029B0000000000000A0163CB001D6260000D58E15
:1029C0000800B68E1300C0020C00B68E1100C002C3
:1029D0001000A18E2C00B68E3400A28E3800A38E7B
:1029E0003C00A48E4000A58E4400A68E4800A78E11
:1029F0004C00A88E5000A98E5400AA8E5800AB8EB1
:102A00005C00AC8E6000AD8E6400AE8E6800AF8E50
:102A10006C00B88E7000B98E7400BE8E7800BF8EC8
:102A200000606041C000000000A01A3C14005A275A
:102A300000005B8FFFFF7B2700005BAF8000BA8E3A
:102A40007C00BB8E20E815002800B58F8400BD27D0
:102A500000609A4000709B40C000000018000042D7
:102A60000000000000681A407CFFBD2700601B408A
:102A70002C00B6AF2800B5AF8000BBAF82D21A00E1
:102A8000847A5B7F44201B7C20A81D0000A01A3C98
:102A900014005A270000568F0400C01600000000E2
:102AA000019D1D3CBC92BD270000BD8F0100D626B4
:102AB000000056AF0070164000609B407800BFAE2B
:102AC0007400BEAE7000B9AE6C00B8AE6800AFAEB8
:102AD0006400AEAE6000ADAE5C00ACAE5800ABAE14
:102AE0005400AAAE5000A9AE4C00A8AE4800A7AE54
:102AF0004400A6AE4000A5AE3C00A4AE3800A3AE94
:102B00003400A2AE7C00B6AE1000A1AE10B0000042
:102B10000C00B6AE12B000000800B6AE00A0163C25
:102B20001400D6260000D68EFFFFD6260400C0165D
:102B30000000000000A0163CB001D6260000D5AE73
:102B4000069D163CC099D62609F8C0020000000078
:102B500000A0163C1400D6260000D68EFFFFD62615
:102B60000400C0160000000000A0163CB001D626EC
:102B70000000D58E0800B68E1300C0020C00B68E81
:102B80001100C0021000A18E2C00B68E3400A28E5F
:102B90003800A38E3C00A48E4000A58E4400A68E73
:102BA0004800A78E4C00A88E5000A98E5400AA8E13
:102BB0005800AB8E5C00AC8E6000AD8E6400AE8EB3
:102BC0006800AF8E6C00B88E7000B98E7400BE8E37
:102BD0007800BF8E00606041C000000000A01A3C79
:102BE00014005A2700005B8FFFFF7B2700005BAFBC
:102BF0008000BA8E7C00BB8E20E815002800B58FBF
:102C00008400BD2700609A4000709B40C000000017
:102C1000180000420000000000681A407CFFBD2739
:102C200000601B402C00B6AF2800B5AF8000BBAFE2
:102C300082D21A00847A5B7F44201B7C20A81D006E
:102C400000A01A3C14005A270000568F0400C0163A
:102C500000000000019D1D3CBC92BD270000BD8FFF
:102C60000100D626000056AF0070164000609B4061
:102C70007800BFAE7400BEAE7000B9AE6C00B8AEE6
:102C80006800AFAE6400AEAE6000ADAE5C00ACAE4E
:102C90005800ABAE5400AAAE5000A9AE4C00A8AE8E
:102CA0004800A7AE4400A6AE4000A5AE3C00A4AECE
:102CB0003800A3AE3400A2AE7C00B6AE1000A1AEC8
:102CC00010B000000C00B6AE12B000000800B6AEA6
:102CD00000A0163C1400D6260000D68EFFFFD62694
:102CE0000400C0160000000000A0163CB001D6266B
:102CF0000000D5AE069D163CC899D62609F8C0023C
:102D00000000000000A0163C1400D6260000D68E5D
:102D1000FFFFD6260400C0160000000000A0163CED
:102D2000B001D6260000D58E0800B68E1300C00272
:102D30000C00B68E1100C0021000A18E2C00B68EC1
:102D40003400A28E3800A38E3C00A48E4000A58ED5
:102D50004400A68E4800A78E4C00A88E5000A98E75
:102D60005400AA8E5800AB8E5C00AC8E6000AD8E15
:102D70006400AE8E6800AF8E6C00B88E7000B98EA5
:102D80007400BE8E7800BF8E00606041C0000000FD
:102D900000A01A3C14005A2700005B8FFFFF7B271E
:102DA00000005BAF8000BA8E7C00BB8E20E815006F
:102DB0002800B58F8400BD2700609A4000709B40BA
:102DC000C0000000180000420000000000681A4027
:102DD0007CFFBD2700601B402C00B6AF2800B5AFBC
:102DE0008000BBAF82D21A00847A5B7F44201B7CB8
:102DF00020A81D0000A01A3C14005A270000568F7E
:102E00000400C01600000000019D1D3CBC92BD27BF
:102E10000000BD8F0100D626000056AF007016409E
:102E200000609B407800BFAE7400BEAE7000B9AECB
:102E30006C00B8AE6800AFAE6400AEAE6000ADAE80
:102E40005C00ACAE5800ABAE5400AAAE5000A9AEC8
:102E50004C00A8AE4800A7AE4400A6AE4000A5AE08
:102E60003C00A4AE3800A3AE3400A2AE7C00B6AEE7
:102E70001000A1AE10B000000C00B6AE12B0000001
:102E80000800B6AE00A0163C1400D6260000D68E70
:102E9000FFFFD6260400C0160000000000A0163C6C
:102EA000B001D6260000D5AE069D163CD099D62698
:102EB00009F8C0020000000000A0163C1400D6264D
:102EC0000000D68EFFFFD6260400C01600000000CA
:102ED00000A0163CB001D6260000D58E0800B68EA4
:102EE0001300C0020C00B68E1100C0021000A18EAB
:102EF0002C00B68E3400A28E3800A38E3C00A48E27
:102F00004000A58E4400A68E4800A78E4C00A88ED7
:102F10005000A98E5400AA8E5800AB8E5C00AC8E77
:102F20006000AD8E6400AE8E6800AF8E6C00B88E0F
:102F30007000B98E7400BE8E7800BF8E0060604154
:102F4000C000000000A01A3C14005A2700005B8F4C
:102F5000FFFF7B2700005BAF8000BA8E7C00BB8E3A
:102F600020E815002800B58F8400BD2700609A4036
:102F700000709B40C00000001800004200000000EC
:102F8000000000000400000000000000000000003D
:102F90009C2F059DC896059D00000000A02F059D53
:102FA000D4B2039D74B3039DA8B3039D3CB4039DA9
:102FB00034B4039DD4B4039DC02F059D00000000D0
:102FC0005831059D6C31059DCC31059D0032059D24
:102FD000000000000C32059D2832059D090000000C
:102FE000030000006830059D06000000000000009E
:102FF000020000009430059D090000008C30059D02
:103000000A0000008430059D0C0000007C30059D06
:103010001E00000000000000010000003C0400A0B1
:10302000401000000C31059D01000000BC84059D8E
:10303000C484059D00000000CC84059DDC84059DB2
:10304000EC84059DEC84059DF884059D0085059D17
:10305000090000006454059D00000000000000000D
:1030600000000000000000000A0000000000000056
:1030700000000000000000000000000000000A0046
:10308000440043000A000000000200020A0000029F
:10309000000000000500000001000000B004000076
:1030A0003C00000002000000320000004B00000065
:1030B000010000000300000001000000000000000B
:1030C000009088BF00000000400000002892009D92
:1030D000000000003844059D0431059D00000000FB
:1030E000300400A0EC30059D25000000B415049DBF
:1030F000E017049DEC17049D0018049D00000000DB
:103100002418049D00000000009088BF08000006FD
:1031100008000400000001000200F4013742000032
:10312000009088BF4042059DBC30059DF8FFBD273B
:103130000400BFAF006802400008033C25104300B4
:1031400000688240C00000000400BF8F448180AF4F
:103150000800E0030800BD2744818227000044AC3A
:10316000040045AC0800E00300000000F8FFBD27A4
:103170000400BFAF006802400008033C2510430074
:1031800000688240C000000088BF033C01000424A6
:10319000641064AC2510000000488240C0000000AC
:1031A000FFFF022400588240C00000000068024077
:1031B000C4DE027C00688240C00000000400BF8FB3
:1031C000681064AC0800E0030800BD27F8FFBD27C5
:1031D0000400BFAF006802400008033C2510430014
:1031E00000688240C00000000400BF8F88BF023C1E
:1031F00001000324641043AC0800E0030800BD276D
:103200006202023C0800E003005A4224F8FFBD2796
:103210000400BFAF00588440C00000000400BF8F0E
:103220000800E0030800BD27F8FFBD270400BFAF7A
:10323000004802400400BF8F0800E0030800BD27DB
:1032400088BF023C010003243010448C341043AC8E
:103250004481828F05004010010084304881858FB1
:103260004481998F08002003000000000800E0035B
:1032700000000000409C023402208270F8FFBD274D
:103280000400BFAF00480340004802402310430041
:103290002B104400FCFF40140400BF8F0800E00323
:1032A0000800BD272800022402208270F8FFBD27F5
:1032B0000400BFAF00480340004802402310430011
:1032C0002B104400FCFF40140400BF8F0800E003F3
:1032D0000800BD270B00A22C0F0040102510000095
:1032E0000800E00300000000251000006400BF8F0C
:1032F0006000B78F5C00B68F5800B58F5400B48F54
:103300005000B38F4C00B28F4800B18F4400B08F93
:103310000800E0036800BD2798FFBD274800B1AF53
:103320002588A000019D053C5400B4AF0894A52455
:1033300025A0C0000A0006246000B7AF5000B3AF5C
:103340006400BFAF5C00B6AF5800B5AF4C00B2AF81
:103350004400B0AF259880002F65410F25B8E000EC
:10336000E1FF40140A001024FF000224211870021B
:1033700000006390050062140000000001001026A8
:10338000FBFF301621187002258020020D008016E8
:10339000231030020100E326D3FF43142180700282
:1033A00000000292D0FF40147800A48F2328370237
:1033B0002530E002D665410F21286502CBFF0010C1
:1033C0000100022400009592252800001000A42787
:1033D0000900B2268066410F2530400223103702D3
:1033E000231050001C0042560B00B2260200A226F9
:1033F000FF00F63230000424FF0042300400C326F0
:10340000211843001100A4A31300A4A31400A2A335
:103410000100A626252880021600A4270600022403
:103420001200A3A3D665410F1500A2A31000A22786
:10343000211052000400032425304002212870028C
:103440001000A427FEFF43A02F65410FFFFF56A0E9
:10345000D4FF001000000000A3FF42161000A327B5
:1034600021187200050004240400A226E0FF0010C9
:10347000FCFF64A0880002243F00A2108900A2285B
:103480001A004010810002245400A2108200A228D9
:1034900005004010800002245100A2500000E28C80
:1034A0000800E00325100000820002243B00A25027
:1034B0000000E28C84000224F9FFA2140000000046
:1034C0000000E28C040043240000428C2700C0105E
:1034D0000000E3AC2016027C000082ACC31702009F
:1034E000040082AC0800E00301000224A0000224D2
:1034F0003600A2500000E28CA100A228100040106B
:1035000090000224E6FFA214000000000000E28CFC
:10351000070042240410027C0000488C0400498CFF
:10352000080042240000E2AC000088AC040089AC32
:103530000100C010010002240800E00300000000A8
:10354000C00002240500A2500000E28CF00002241A
:10355000D3FFA214000000000000E28C040043240A
:103560000000E3AC020000100000428CFFFF42307C
:1035700020000010000082AC0000E28C0400432414
:103580000000428C0300C0100000E3ACD2FF00102A
:103590002014027CF6FF0010FF0042300700422496
:1035A0000410027C0000488C0400498C080042246E
:1035B0000000E2AC000088AC040089ACDEFFC01063
:1035C000010002240800E00300000000040043247E
:1035D0000000E3ACC0FF00100000428C0000E28C51
:1035E000040043240000E3AC0000428CBBFFC01485
:1035F000000082ACBBFF0010040080AC0100C630AC
:10360000F9FF02240800E0030B100600C8FFBD27E5
:103610004800828C2000B0AF2580A0002800B2AF07
:103620002400B1AF3400BFAF3000B4AF2C00B3AF53
:10363000258880001800A0A71000A0AF1400A527BF
:103640002520000209F840002590C0000D0040042C
:103650001400B3972800228E1000A627252800000A
:103660002520000209F84000010014241D007452B6
:103670005400228E0B0060120200022431006212FC
:10368000F4FF02243400BF8F3000B48F2C00B38FBE
:103690002800B28F2400B18F2000B08F0800E00313
:1036A0003800BD275000228E1000A68F1B00052475
:1036B00009F8400025200002F3FF40043400BF8FCA
:1036C000030054544C00228EEEFF0010010002242F
:1036D0000100052409F8400025200002E9FF001040
:1036E000010002241800A52709F840002520000247
:1036F000E5FF40043400BF8FF3FF53100002433254
:103700001800A29709006010100042301800A2A70C
:10371000020002241400A2A71800A2971600A2A774
:103720001400A58FEBFF00104C00228E00085232CF
:10373000020040120080032400A00324F3FF0010C5
:10374000251043001600A6975800228E1000A78F60
:103750001800A6A71B00052409F840002520000238
:10376000C9FF40043400BF8F01004238C6FF00107B
:103770000100422C2600023C0800E003A025422460
:10378000E8FFBD271000B0AF01A0103C1400BFAF90
:10379000AC3210262342400F0800048EAA7D400F51
:1037A00001000424FBFF001000000000E0FFBD2723
:1037B000059D023C1800B1AF4844518C1400B0AFD5
:1037C00001A0103C1C00BFAFAC32102609F820024B
:1037D0001000048EAA7D400F01000424FBFF00109E
:1037E00000000000E8FFBD271400BFAF7E47410F77
:1037F00000000000AA7D400F64000424FBFF0010BD
:1038000000000000E0FFBD271800B1AF1400B0AF0A
:103810001C00BFAF80BF103C0100112404C4400F46
:1038200000000000000002960A0004240400227E2A
:10383000000002A6AA7D400F00000000F7FF001064
:1038400000000000E0FFBD271800B0AF8C81822788
:1038500001001024069D053C059D043C1000B0AFFE
:103860001400A2AF2538000000040624A491A5246A
:103870001C00BFAFD67A400F04388424069D053C57
:10388000059D043C1000B0AF1400A0AF2538000027
:1038900000040624B491A524D67A400FAC378424C2
:1038A000069D053C059D043C1000B0AF1400A0AF80
:1038B0002538000000040624C491A524D67A400FC0
:1038C0008037842490818227069D053C059D043C19
:1038D0001000B0AF1400A2AF253800000008062485
:1038E000D891A524D67A400FE43784241C00BF8FDA
:1038F0001800B08F947B400B2000BD276E65747755
:103900006F726B3A207461673A2025730D0A0000CC
:10391000746167006E6574776F726B3A20696E78B8
:103920005F69703A2025730D0A000000696E785FA8
:10393000697000006E6574776F726B3A2073657200
:1039400069616C5F6E756D6265723A2025730D0A50
:103950000000000073657269616C5F6E756D626571
:10396000720000006E6574776F726B3A20696E6941
:10397000740D0A003132333435000000300000008D
:103980003139322E3136382E312E363800000000D3
:1039900073657269616C6E756D0000006D61630026
:1039A000697000006D61736B0000000067617465F1
:1039B0007761790062726F6164636173745F6970CB
:1039C00000000000696E7869700000006E65747711
:1039D0006F726B3A20636F61702067657420686155
:1039E0006E646C65720D0A007B2265223A25737D38
:1039F000000000006E6574776F726B3A206A736F17
:103A00006E5F746F5F63626F72206572726F723A7D
:103A10002025640D0A0000006E6574776F726B3AA2
:103A200020726573706F6E73653A20002563000025
:103A30000D0A00006E6574776F726B3A20707574B2
:103A4000206A736F6E207374723A2025730D0A001A
:103A5000650000006E6574776F726B3A20636F616A
:103A600070207075742068616E646C65720D0A0058
:103A70006E6574776F726B000000E28CD0FEBD271C
:103A80002401B7AFFC00A2AF0400E28C1C01B5AF6B
:103A90001001B2AF4401B58F4001B28F4801B78F1A
:103AA0002001B6AF1801B4AF1401B3AF0C01B1AF30
:103AB0002C01BFAF2801BEAF0801B0AF2588800040
:103AC00025B0A00025A0C0000001A2AF1800A4AF3F
:103AD00001001324FC00A38F0100022403006214E0
:103AE0000001A28F0A0040100000000080F01200C8
:103AF00021F0FE020000D08F1800A58F2380300235
:103B000009F88002252000020F00401C0000000080
:103B10002600A012253060022C01BF8F2801BE8F25
:103B20002401B78F2001B68F1C01B58F1801B48F07
:103B30001401B38F1001B28F0C01B18F0801B08F47
:103B40000800E0033001BD270F00A0120200422A46
:103B5000801013002110A203FC00A4274261410F32
:103B6000180050AC25284000FC00A4274764410FF2
:103B700025384000219047020100732625A8000047
:103B8000D4FF001025880002F1FF40142528000210
:103B900023A816002120350209F88002F8FFDE8FE5
:103BA0000D0042042320BE02253060021800A52724
:103BB000B95A410F2520C0021000B7AF2538400286
:103BC000253080022528C0022C57410F25202002D5
:103BD000D2FF00102C01BF8F2528000209F88002B7
:103BE00021202402F0FF410480101300DAFF0010AE
:103BF0002110A20370000000042010539CFE039DBE
:103C0000B803049DB005049DECFE039DFCFD039DDF
:103C100070000000031C10534CFE039DB803049D6C
:103C2000A805049DECFE039DFCFD039D982F8A4290
:103C300091443771CFFBC0B5A5DBB5E95BC25639FE
:103C4000F111F159A4823F92D55E1CAB98AA07D816
:103C5000015B8312BE853124C37D0C55745DBE7239
:103C6000FEB1DE80A706DC9B74F19BC1C1699BE4B9
:103C70008647BEEFC69DC10FCCA10C246F2CE92D49
:103C8000AA84744ADCA9B05CDA88F97652513E986D
:103C90006DC631A8C82703B0C77F59BFF30BE0C674
:103CA0004791A7D55163CA0667292914850AB72702
:103CB00038211B2EFC6D2C4D130D385354730A659F
:103CC000BB0A6A762EC9C281852C7292A1E8BFA276
:103CD0004B661AA8708B4BC2A3516CC719E892D1DE
:103CE000240699D685350EF470A06A1016C1A41961
:103CF000086C371E4C774827B5BCB034B30C1C3960
:103D00004AAAD84E4FCA9C5BF36F2E68EE828F741E
:103D10006F63A5781478C8840802C78CFAFFBE9038
:103D2000EB6C50A4F7A3F9BEF27871C667E6096A96
:103D300085AE67BB72F36E3C3AF54FA57F520E51CC
:103D40008C68059BABD9831F19CDE05BD89E05C15C
:103D500007D57C3617DD703039590EF7310BC0FFAF
:103D600011155868A78FF964A44FFABE88BF023CAA
:103D700000100324081043AC0004043C0400032496
:103D8000981043AC081144AC181143AC481143AC33
:103D9000581143AC0800E003000000004211040089
:103DA0000029020088BF023C601042240100032465
:103DB0002110450004188300080043AC0800E0030C
:103DC00000000000421104000029020088BF023CEC
:103DD00060104224010003242110450004188300D0
:103DE000040043AC0800E003000000004219040096
:103DF0000029030088BF033C60106324211865007C
:103E00000000628C061082000800E00301004230CE
:103E1000421904000029030088BF033C30106324CA
:103E2000211865000000628C061082000800E00383
:103E300001004230421104000029020088BF023C08
:103E4000301042240100032421104500041883008F
:103E5000080043AC0800E003000000004211040029
:103E60000029020088BF023C3010422401000324D4
:103E70002110450004188300040043AC0800E0034F
:103E800000000000F8FFBD270400BFAF20606241C2
:103E90000400BF8F0800E0030800BD27F8FFBD271E
:103EA0000400BFAF00606241C00000000400BF8F8B
:103EB000010042300800E0030800BD270700801021
:103EC00000000000F8FFBD270400BFAF2060624182
:103ED0000400BF8F0800E0030800BD270800E003CE
:103EE000000000000000E98CE8FFBD270400B0AF2F
:103EF0001F00292542490900801009002B50460067
:103F00000B10CA0004004A241400B4AF1000B3AF71
:103F10000C00B2AF0800B1AF25100000256800000A
:103F200008001024FEFF1924010018242170A600A7
:103F3000258800002518000001000C241A0000103C
:103F4000255800002B406601020000112578000072
:103F5000FFFFCF9104402F02251868000800282693
:103F60001F0012290E00405601006B252B402C012A
:103F70002800001500F0637C1300A01180400C00A5
:103F80002140880024184300000003ADE9FF2826E3
:103F90002318080206186F0001008C2501006B250C
:103FA000FFFFCE25258800012B406A01E5FF0015A3
:103FB00042400200241859001C00B8112510680066
:103FC000DAFF001001000D242140E8000000088DF8
:103FD0002390030123A068002698030126401401C2
:103FE000261872002440130124187300264014017F
:103FF00026187200C21F0300C347080025400301B2
:104000002318080025186800C21F0300DFFF0010F6
:104010000B100301DEFFA015E9FF2826010042383E
:104020000B100300DAFF0010010042380000E38C9F
:10403000010042301400B48F1000B38F0C00B28F17
:104040000800B18F0400B08F000083AC0800E003CB
:104050001800BD27880002243C00A2500000E28C1A
:104060008900A22819004010810002244000A250BB
:104070000000E28C8200A22805004010800002248B
:104080004800A2500000E28C0800E0032510000068
:10409000820002241500A21084000224FAFFA21458
:1040A000000000000000E28C0000838C0400442427
:1040B0000000E4AC0000428C000043A40100C010EA
:1040C000010002240800E00300000000A000022418
:1040D0001800A2500000E28CA100A2280E0040109F
:1040E00090000224E8FFA214000000000000E28C0F
:1040F0002800C010040043240000E3AC0400858CB9
:104100000000848C0000428C000044AC040045ACEC
:104110000800E00301000224C00002240500A250B0
:104120000000E28CF0000224D7FFA214000000007F
:104130000000E28C0000838C040044240000E4AC06
:104140000000428CF2FF0010000043AC0000838CA2
:10415000040044240000E4AC0000428C000043A0B2
:10416000D8FFC010010002240800E0030000000096
:104170000000838C040044240000E4AC0000428C66
:10418000000043ACCFFFC010010002240800E00390
:10419000000000000400858C0000848CD9FF001012
:1041A0000000E3AC0000838C040044240000E4AC75
:1041B0000000428C000043AC010002240800E00330
:1041C000000000004452565F4554485048595F4F24
:1041D00070656E00465F4452565F5048595F534DBC
:1041E000495472616E7366657257616974436F6D8D
:1041F000706C657465000000465F4452565F50481D
:10420000595F534D495472616E73666572537461A0
:104210007274000090AA019DD0B8019DACAD019DC3
:104220005CB8019DECB7019D68B2019D54AA019D47
:10423000F4B1019D18AA019D78B7019D8C9E019D46
:104240005C99019DEC99019D1C9A019D409A019DEC
:104250005C9A019DC8A2019DA09A019D149F019D99
:10426000389F019D28BE019D5C9F019DFC9A019D88
:10427000909F019DF09F019D44A0019D94A0019DF0
:10428000ECA0019D44A1019D94A1019DC8A1019DA7
:1042900050A6019DFCA7019D0CA6019D2CA6019D89
:1042A000CCA7019DB8B1019DF4A1019D98B0019DDD
:1042B00010AA019DA4B3019DDC9F019D08AA019D48
:1042C0006CBE019D68AC019D1CAC019DD0AB019DF5
:1042D00084AB019D38AB019D44AE019D98A9019D21
:1042E0007CB6019DD8AC019DA0B4019D70B5019D27
:1042F000E4B4019DD0A9019D08B0019DA8AF019D26
:1043000040BD019D28BC019D5CBB019D10BA019D73
:1043100048B7019D009C019D18B7019DE8B6019D1D
:1043200044B4019D14B4019D74B3019D0CA9019D79
:10433000465F4452565F4D49494D5F4765744F7023
:104340004463707400000000465F4452565F4D495C
:10435000494D5F4F70526573756C7400465F4452EF
:10436000565F4D49494D5F5265706F72744F7000D2
:104370004D49494D5F50726F636573735F5265615C
:10438000640000004D49494D5F50726F636573735F
:104390005F577269746500004D49494D5F50726FF7
:1043A000636573735F5363616E0000004D49494D4F
:1043B0005F50726F636573735F52656164457874B3
:1043C000000000004D49494D5F50726F6365737383
:1043D0005F5772697465457874000000465F445207
:1043E000565F4D49494D5F50726F636573734F70EF
:1043F000000000004452565F4D49494D5F546173BF
:104400006B730000465F4452565F4D49494D5F5201
:10441000656C656173654F704463707400000000E3
:10442000465F4452565F4D49494D5F4F704C69732A
:104430007452656D6F76650018F9029D9CF0029DBF
:104440008CFF029DA4F0029D3C00039DE8F2029DBA
:10445000BCF3029DF4FF029DE4F1029D10F2029D67
:1044600090F2029D94FB029DC4FB029DF4FB029D11
:10447000AC02039DC403039D54FC029D24FC029DD9
:10448000E0F4029D30F4029D9CF5029DB0F6029D81
:10449000D4F7029D6C617465737420E29C930000F4
:1044A0006E6F74206C617465737420E29C970000D9
:1044B00076616C696420E29C9300000C696E766101
:1044C0006C696420E29C970076657273696F6E3A3E
:1044D00020696E7465726E616C3A202573202573B5
:1044E0002025730D0A76657273696F6E3A206578C0
:1044F0007465726E616C3A202573202573202573D4
:104500000D0A0000646F776E6C6F61645F6669729C
:104510006D776172653A20646F776E6C6F61646568
:1045200064206669726D776172650D0A0000000093
:1045300074726967676572207061747465726E3A2F
:104540002030782530386C580D0A726573746172AA
:1045500074696E672E2E2E0D0A0000007472696752
:104560006765723A206D697373696E67206172675F
:10457000756D656E740D0A00636F6D6D616E6473A9
:104580003A20696E69740D0A00000000636F6D6D5A
:10459000616E647300000000747269676765720081
:1045A0003A20736574207472696767657220706160
:1045B000747465726E000000646F776E6C6F616476
:1045C0005F6669726D776172650000003A20646F02
:1045D000776E6C6F6164206669726D7761726500D9
:1045E00076657273696F6E003A2073686F77207614
:1045F000657273696F6E000060000000011008139F
:104600001C46049D9C4A049D684B049D6C46049D79
:10461000CC45049D01060B00050A0F04090E030892
:104620000D02070C05080B0E0104070A0D00030616
:10463000090C0F0200070E050C030A01080F060DF6
:10464000040B020978A46AD756B7C7E8DB702024A8
:10465000EECEBDC1AF0F7CF52AC68747134630A802
:10466000019546FDD8988069AFF7448BB15BFFFF99
:10467000BED75C892211906B937198FD8E4379A609
:104680002108B44962251EF640B340C0515A5E2647
:10469000AAC7B6E95D102FD65314440281E6A1D80B
:1046A000C8FBD3E7E6CDE121D60737C3870DD5F4A4
:1046B000ED145A4505E9E3A9F8A3EFFCD9026F67A9
:1046C0008A4C2A8D4239FAFF81F6718722619D6DED
:1046D0000C38E5FD44EABEA4A9CFDE4B604BBBF627
:1046E00070BCBFBEC67E9B28FA27A1EA8530EFD4F6
:1046F000051D880439D0D4D9E599DBE6F87CA21FE2
:104700006556ACC4442229F497FF2A43A72394ABEF
:1047100039A093FCC3595B6592CC0C8F7DF4EFFFFD
:10472000D15D84854F7EA86FE0E62CFE144301A383
:10473000A111084E827E53F735F23ABDBBD2D72A7B
:1047400091D386EB0123456789ABCDEFFEDCBA98A8
:1047500076543210D8FFBD272000B4AF01A0143C1E
:104760008032828E2400BFAF1C00B3AF1800B2AFFE
:104770001400B1AF3A0040141000B0AF01A0123CD9
:104780008832518E0300201601A0133C01A0113C79
:10479000203331268432708E050000160100023C61
:1047A00001A0103C2033102610A4422421800202D4
:1047B000821F1100020002240100625000E0317EDD
:1047C000821F1000020002240100625000E0107EEF
:1047D0003966410F000000000000438C0400428C49
:1047E0002B20230204008014211062002B202202BF
:1047F000290080542B18110200A0043C8802842454
:1048000000E0847C2B206400150080142B20030220
:10481000040080142B2062002B2002021800801458
:104820002B2062000F0080102400BF8F00A0043CEA
:104830008802842442270400050005241200851400
:104840000400052400A0043C251864002510440041
:10485000883243AE843262AE8832428E803282AE7B
:104860002400BF8F2000B48F1C00B38F1800B28FBC
:104870001400B18F1000B08F0800E0032800BD279E
:10488000EAFF001025100002EFFF85100080043CB5
:10489000F1FF0010883242AEE4FF601425182002B8
:1048A000DEFF00102B200202C0FFBD272C00B1AF9D
:1048B000258880002520C0000400878C0000A28C81
:1048C0003800B4AFC2A707003400B3AF3000B2AFB6
:1048D0002800B0AF3C00BFAF2580A0000400A38C2F
:1048E0000800B28C2000A2AF0C00B38C3E008012F6
:1048F0000000C68C233006002B200600233807005A
:10490000080060042338E4004408027C0500801697
:104910002000A2AF2000A28F040043302A006010C4
:10492000C000427CFFFF42262000A3271800A3AF4F
:104930000A0003241400A3AF1000A2AF7253410F6A
:1049400025200002060080162D0003242000A38FDE
:10495000040064301E008010080063302B00032424
:10496000FFFF422421206202000083A01000068E77
:104970002000A38F25384002FFFFC6241000A3AFFC
:104980002330C20021286202B555410F25202002A4
:104990000400238E00016330040060103C00BF8FD0
:1049A0000400038E2A2043000B1064003800B48FEB
:1049B0003400B38F3000B28F2C00B18F2800B08F3D
:1049C0000800E0034000BD27D7FF0010231042027B
:1049D000E6FF601020000424FFFF42242118620239
:1049E000E2FF0010000064A0C8FF63044408027CDA
:1049F000C9FF00102000A28F48F7BD279C08B1AF67
:104A00000000C28C0400D18CB408BFAFB008B6AFB0
:104A1000AC08B5AFA808B4AFA408B3AFA008B2AF54
:104A20009808B0AF36002012B408BF8F000047903E
:104A30003D00E010FFFF23260002632C3000605091
:104A4000258800003D002516C01811000100102423
:104A5000E1FF63243700601C0100072602001026D6
:104A60002000A3270400107C2590C0002598A000FA
:104A70002530200225A08000252840002520600048
:104A800080A81000F15C410F21A875007263410FEE
:104A90002400A48F2000A72725306002252880024B
:104AA0002520A002B94F410F25B040002410C202BA
:104AB0000100513023101000401002001C0242245B
:104AC0001800A2AFC08010002000A2272180500053
:104AD0001400B0AF1000B6AF0C00468E0800458E33
:104AE0002520A002F931410F253840002530A002D1
:104AF000252860028658410F25208002B408BF8F08
:104B000025102002B008B68FAC08B58FA808B48F66
:104B1000A408B38FA008B28F9C08B18F9808B08FFB
:104B20000800E003B808BD2701004224BDFF0010C3
:104B300025886000C6FF00102580E000EFFF001010
:104B40002588000081BF023C43830334689043AC56
:104B500088BF023C40030324606040AC446043AC27
:104B600000400324A06040AC846043ACA000032458
:104B7000E06043ACA0010324C46043AC0300032401
:104B8000606140AC446143AC00020324A06140ACCE
:104B9000846143AC0800E0030000000088BF023CD1
:104BA0008021040050604224211044000000428C07
:104BB0000800E003000000008011040088BF043CEE
:104BC00060608424212082000000828C2630460010
:104BD0002428C5002628A200000085AC0800E003B8
:104BE0000000000088BF023C802104006060422475
:104BF000211044000000428C0800E0030000000087
:104C000088BF023C802104006860422421104400D7
:104C1000000045AC0800E0030000000088BF023C33
:104C2000802104006460422421104400000045AC4F
:104C30000800E0030000000088BF023C802104005F
:104C40006C60422421104400000045AC0800E003E1
:104C50000000000088BF023C80210400486042241C
:104C600021104400000045AC0800E00300000000F3
:104C700088BF023C8021040044604224211044008B
:104C8000000045AC0800E00300000000D0FFBD2795
:104C90002800B5AF0800B58C2400B4AF2000B3AF36
:104CA0001C00B2AF1800B1AF2C00BFAF1400B0AF02
:104CB000258880002590C0001000B48C415D410F14
:104CC0000C00B38C0100A052FFFF95260000438E1C
:104CD0002580000021186200000043AE2A10150252
:104CE0001D004010FFFF82262A1002021B004050C8
:104CF000218070023C00228E4C00238E2B18430032
:104D00000E006010010043243C0023AE00004290DE
:104D1000D5FF43244408037C251870001A00601452
:104D2000D0FF4324000062A20000428E0100102444
:104D300001004224E9FF0010000042AE735B410F06
:104D400025202002FFFF0324F2FF4354D5FF432414
:104D5000050000122C00BF8F21807002000000A20D
:104D6000251000002C00BF8F2800B58F2400B48FC1
:104D70002000B38F1C00B28F1800B18F1400B08FC9
:104D80000800E0033000BD270A00632C08006054CF
:104D9000211870024C00228EF0FF405021807002DA
:104DA0003C00228EFFFF4224EBFF00103C0022AEAD
:104DB000000062A00000428E010010260100422483
:104DC000C6FF0010000042AE0400828CC0FFBD2769
:104DD0003800BEAF2800B4AF2000B2AF1C00B1AFA6
:104DE0003C00BFAF3400B7AF3000B6AF2C00B5AF5A
:104DF0002400B3AF1800B0AF2588C0002590E000B4
:104E00005400B48F020041045800BE8F01000224F8
:104E10001000908C0C00958C0000D78F5000B38F41
:104E2000FFFF10262118B002000060A00100092435
:104E3000234053000200F732C3B714001000001ED5
:104E4000251032022C0020510000C28F3C00BF8F81
:104E5000251000023800BE8F3400B78F3000B68FA7
:104E60002C00B58F2800B48F2400B38F2000B28FA0
:104E70001C00B18F1800B08F0800E0034000BD2770
:104E800007004014211013010600401C25202002B9
:104E9000ECFF601A00000000EAFFE01200000000D2
:104EA0002520200225284002253080022538C00216
:104EB0001400A8AF3C2F410FFFFF10261000A2AF37
:104EC0002118B0023000422425202002252840026B
:104ED000000062A0253080024D2E410F2538C0020F
:104EE000FFFF732625884000259060001400A88FDE
:104EF000D2FF00101000A98F0421027CD3FF001004
:104F00000000C2AF2318A400261083002628A400A6
:104F10002428A2002610A3000800E003C217020004
:104F2000E8FFBD271400BFAF25480000253800006A
:104F3000233007002530C7003500A014C237060013
:104F40002520E000C153410FFFFF05340244070054
:104F50002550400026400701231002002440020192
:104F60002640070125200001C153410FFF00052401
:104F7000023A0800256040002638E80023100200AD
:104F80002438E2002640E80025200001C153410FEB
:104F90000F00052402390800255840002638E80093
:104FA000231002002438E2002638E8002520E00023
:104FB000C153410F03000524822007002540400013
:104FC00026208700231002002420820001000524EF
:104FD000C153410F262087002110460040190900C7
:104FE0002118430000510A0021186A00C0600C001B
:104FF0001400BF8F21186C0080580B0021186B0023
:1050000040100800211062000800E0031800BD27CE
:10501000FFFFA52480180500211883000000628C82
:10502000FFFFC6240B48A600C1FF00100B38460046
:10503000FEFF092440500500405807002558640130
:105040002558660125504B01030040150000000063
:105050003C000010000002240200801040400500C7
:1050600001000825E0FF013C010021342B0801016B
:1050700037002010000000000200C0104040070070
:1050800001000825E0FF013C010021342B0801014B
:105090002F002010000000001600A10400000000F6
:1050A0000300E0040000000026000010FFFF0224BF
:1050B0002B508600232086002B58AA002328AA0004
:1050C0002B50A70025504B01030040112328A700B7
:1050D0001C000010010002242550A4000300401110
:1050E0000000000017000010FFFF02241500001050
:1050F000000002240300E104000000001100001081
:10510000010002242B508600232086002B58AA0081
:105110002328AA002B50A70025504B010300401163
:105120002328A70007000010FFFF02242550A40039
:1051300003004011000000000200001001000224E2
:10514000000002240800E00300000000000000004E
:10515000FCFF00102510090000000000FEFF0924DC
:105160004050050040580700255864012558660145
:1051700025504B0103004015000000003C000010CA
:1051800000000224020080104040050001000825B4
:10519000E0FF013C010021342B0801013700201001
:1051A000000000000200C010404007000100082578
:1051B000E0FF013C010021342B0801012F002010E9
:1051C000000000001600A104000000000300E0043D
:1051D0000000000026000010FFFF02242B50860074
:1051E000232086002B58AA002328AA002B50A700B2
:1051F00025504B01030040112328A7001C0000107C
:10520000010002242550A40003004011000000000A
:1052100017000010FFFF02241500001000000224F8
:105220000300E1040000000011000010010002244E
:105230002B508600232086002B58AA002328AA0082
:105240002B50A70025504B01030040112328A70035
:1052500007000010FFFF02242550A40003004011A6
:1052600000000000020000100100022400000224DF
:105270000800E0030000000000000000FCFF001038
:10528000010002340000000063626F725F76616C9F
:1052900075655F6D61705F66696E645F76616C7580
:1052A00065000000697465726174655F737472698A
:1052B0006E675F6368756E6B7300000063626F7288
:1052C0005F76616C75655F6765745F696E745F6357
:1052D0006865636B6564000063626F725F76616C22
:1052E00075655F6765745F696E7436345F636865A2
:1052F000636B65640000000063626F725F76616CCF
:1053000075655F6C656176655F636F6E7461696E0C
:105310006572000063626F725F76616C75655F65D0
:105320006E7465725F636F6E7461696E65720000A2
:1053300063626F725F76616C75655F616476616EE2
:1053400063650000616476616E63655F696E7465B4
:10535000726E616C0000000063626F725F76616C58
:1053600075655F616476616E63655F6669786564C3
:105370000000000070726570617273655F76616C29
:10538000756500005F63626F725F76616C75655F63
:105390006465636F64655F696E7436345F696E74EB
:1053A00065726E616C0000000004A3000000000044
:1053B0004406029DA005029DA006029D1005029DC7
:1053C0004404029D010000000200000008000000EB
:1053D0000400000010000000200000004000000059
:1053E0008000000046524D54584F4B2000000000F2
:1053F000980C029D46524D52584F4B200000000021
:10540000900C029D5258425546434E5400000000F5
:10541000740C029D52584F56464C4F5700000000E6
:105420006C0C029D4643534552524F5200000000FF
:10543000640C029D414C474E455252200000000032
:105440005C0C029D53434F4C46524D20000000001F
:10545000540C029D4D434F4C46524D20000000001D
:105460004C0C029D40100100A499059D2014029D42
:10547000F013029D0800029D1000029D7C12029D07
:105480009000029DD400029D0001029D6C09029DC6
:105490008401029DE419029D5007029D581A029D45
:1054A000840A029DA00C029DA00B029D3800029D63
:1054B000140D029D780E029D4402029D000102041B
:1054C0000703060500000000FFFFFFFFFFFFFFFFCF
:1054D000FFFFFFFFFFFFFFFFFFFFFFFFFFFFFFFFDC
:1054E000FFFFFFFFFFFFFFFFFFFFFFFFFFFFFFFFCC
:1054F000FFFFFFFFFFFFFFFFFF00010203040506A0
:10550000070809FFFFFFFFFFFFFF0A0B0C0D0E0F3F
:10551000101112131415161718191A1B1C1D1E1F13
:1055200020212223FFFFFFFFFFFF0A0B0C0D0E0FB0
:10553000101112131415161718191A1B1C1D1E1FF3
:1055400020212223FFFFFFFFFFFFFFFFFFFFFFFFE1
:10555000FFFFFFFFFFFFFFFFFFFFFFFFFFFFFFFF5B
:10556000FFFFFFFFFFFFFFFFFFFFFFFFFFFFFFFF4B
:10557000FFFFFFFFFFFFFFFFFFFFFFFFFFFFFFFF3B
:10558000FFFFFFFFFFFFFFFFFFFFFFFFFFFFFFFF2B
:10559000FFFFFFFFFFFFFFFFFFFFFFFFFFFFFFFF1B
:1055A000FFFFFFFFFFFFFFFFFFFFFFFFFFFFFFFF0B
:1055B000FFFFFFFFFFFFFFFFFFFFFFFFFFFFFFFFFB
:1055C000FFFFFFFFFFFFFFFFFF0000000080013C27
:1055D0002430A10040380500423D0700FF070124A8
:1055E0002B00E110000000003304092423382701B8
:1055F0003500E12C0B002014000000002000E00426
:10560000000000002D00C010000000004048050010
:105610002548240126002015000000002700001066
:10562000000000000500C010000000002B4804002E
:1056300023200400232805002328A9001F00E930A7
:105640000100082404402801234008002000E12C28
:1056500004002014000000000000042402000010D8
:105660002428A800242088000500C01000000000A5
:105670002B48040023200400232805002328A90028
:1056800025100400251805000800E00300000000B4
:105690000F00013CFFFF21342448A10025482401CC
:1056A0000900201500000000F5FF001000000000B8
:1056B000F0BF053CF2FF001000000424252806007E
:1056C000EFFF001000000424F8FF053CECFF001081
:1056D00000000424C0FFBD272C00B3AF5000B38FDF
:1056E0003800B6AF3000B4AF010073322800B2AF5B
:1056F0002400B1AF2000B0AF3C00BFAF3400B5AF65
:105700002590800025B0A0002580C0002588E000FD
:10571000030060162BA0C7001300805623A03002A0
:10572000253000022528C002775E410F2520400267
:105730000D00801623A03002258800023C00BF8F98
:10574000251020023800B68F3400B58F3000B48F9A
:105750002C00B38F2800B28F2400B18F2000B08FAF
:105760000800E0034000BD271100862E100002242F
:105770000B10860225304000200005241000A427CD
:105780008066410F25A880021000A22E0B00401059
:105790000F0086321000A527775E410F25204002BA
:1057A000E6FF6016253000022528C002775E410F13
:1057B00025204002E2FF00103C00BF8F10000624AD
:1057C0001000A527775E410F25204002EEFF001054
:1057D000F0FFB526C03A0500425D04002538EB0015
:1057E000C03204000080013C2538E1000080013C0B
:1057F0002448A100404005004245080080FC0825DF
:10580000FFFF0B25FE00612D12002010000000009C
:105810000200C010000000000100E7348000E7240F
:105820008000EB2C21400B01025A070001006B3174
:105830002338EB0040380700423A0700C05D0800FB
:105840002538EB002510E9000800E0030000000007
:10585000000000007F040124070001150000000083
:105860004058070025586601030060110000000041
:10587000F5FF0010C0FF023CFF00012904002014C6
:1058800000000000807F013CEFFF00102510210187
:1058900001000A24235048012000412D0300201458
:1058A00000000000E8FF00102510090020000C2473
:1058B00023608A01045887012530CB000638470150
:1058C000000008240080013CD1FF00102538E100D1
:1058D000000000000000A38CE0FFBD271800B1AF5E
:1058E0001F00632442190300806003001400B0AF5E
:1058F0001C00BFAF258080002588A00021608C009F
:10590000255800000C0063152528200225200002E0
:105910009361410F25300000252820022520000238
:105920001C00BF8F1800B18F1400B08F01004638E3
:105930009361410B2000BD270400078E2510000055
:10594000252000000238C7702528000000F0E77C01
:105950000100AD2480500D0021702A0221500A025E
:105960000000488D0000CE8D254800001300000186
:10597000110020010100EE7012C00000211002038E
:105980002B70580010C80000212024030D00A01027
:105990002120C40100F0457CFCFF45AD2528A00175
:1059A00040500400C2170200251042012B50A300F2
:1059B000E7FF4015C2270400000082ADD1FF0010B0
:1059C00001006B25F6FF0010010005240800822469
:1059D000FFFF0324040082AC080083AC0C0082ACFF
:1059E000100082AC000080AC0800E0030000000062
:1059F0000800E003100080AC0400828C0800438C97
:105A00000400A2AC0800A3AC0800438C040065AC01
:105A1000080045AC0000828C1000A4AC01004224B8
:105A2000000082AC0800E003000000000000A68C2B
:105A3000FFFF02240D00C214080082241000828C93
:105A40000400438C0400A3AC080065AC0800A2ACC1
:105A5000040045AC0000828C1000A4AC010042247C
:105A6000000082AC0800E003000000000400478C46
:105A70000000E38C2B18C300F2FF60540400438C39
:105A8000FAFF00102510E0001000828C0400858CC5
:105A90000800838C0800A3AC040065AC0400458CAE
:105AA0000100A450040043AC0000438C100080AC03
:105AB000FFFF6324000043AC0000428C0800E003B9
:105AC0000000000076657273696F6E3A20696E6936
:105AD000740D0A006E6F6465393000006E616D658B
:105AE00000000000312E342E340000007665727301
:105AF000696F6E00417567203236203230323500D2
:105B0000646174650000000031363A32343A34374B
:105B10000000000074696D65000000007665727316
:105B2000696F6E3A20636F617020676574206861E9
:105B30006E646C65720D0A007B2265223A25737DC6
:105B4000000000006E6574776F726B3A206A736FA5
:105B50006E5F746F5F63626F72206572726F723A0C
:105B60002025640D0A00000076657273696F6E3A35
:105B700020726573706F6E73653A200025630000B4
:105B80000D0A000076657273696F6E3A2070757445
:105B9000206A736F6E207374723A2025730D0A00A9
:105BA00076657273696F6E3A20636F6170207075ED
:105BB000742068616E646C65720D0A000000A28C2E
:105BC0000400A38CC0FFBD273800B3AF3400B2AFD0
:105BD0003000B1AF2C00B0AF3C00BFAF25908000CB
:105BE0002580A0000800B38C2000A2AF0300600451
:105BF0000C00B18C4408027C2000A2AF2000A22738
:105C00001800A2AF080002241400A2AF1000B3AF26
:105C10000400C78C0000C68C7253410F252000027F
:105C20002000A38F100063300400601030000424B3
:105C3000FFFF422421182202000064A02000A38F4D
:105C4000080063300400601020000424FFFF422499
:105C500021182202000064A01000068E2000A38FED
:105C600025386002FFFFC6241000A3AF2330C20016
:105C700021282202B555410F252040020400438E01
:105C800000016330040060103C00BF8F0400038EED
:105C90002A2043000B1064003800B38F3400B28F09
:105CA0003000B18F2C00B08F0800E0034000BD270A
:105CB000E8FEBD270C01B4AF0801B3AF0401B2AFD9
:105CC0000001B1AFFC00B0AF1401BFAF1001B5AF20
:105CD0002580800025A0A0002598C0002588E00030
:105CE0001000A4AF010012240200222A190040145F
:105CF0002801A48F8018110023101400211883009C
:105D0000F8FF638C21A802021000A48F2310430027
:105D10002180020209F860022528000209004104DE
:105D20001000A48F2528A00209F860022520000297
:105D300015004304FFFF3126FEFF3126120000103C
:105D40002580A00209F860022528A002F6FF400481
:105D50002528A002253040021000A527B95A410F7E
:105D6000252080021401BF8F1001B58F0C01B48F64
:105D70000801B38F0401B28F0001B18FFC00B08F16
:105D80000800E0031801BD27801012001000A327AF
:105D900021106200000050ACD3FF00100100522619
:105DA000E0FFBD271400B1AF2588C0000004C6285D
:105DB0001C00BFAF1800B2AF1F00C0141000B0AF7E
:105DC000019D123CC893468ECC93478E3D36410FC1
:105DD00001FC30260004042A09008014C893468E72
:105DE000CC93478E25204000252860003D36410F8A
:105DF00002F830260004052AFF0304240A808500E7
:105E0000FF03102600251000252800002530A000E3
:105E100025388000252860003D36410F25204000B0
:105E20001C00BF8F1800B28F1400B18F1000B08F0C
:105E30000800E0032000BD2702FC262A2510800070
:105E40002518A000EEFFC01025802002019D123C05
:105E5000D093468ED493478E3D36410FC9033026EA
:105E600002FC042AE6FF8010D093468ED493478E1E
:105E700025204000252860003D36410F920730263E
:105E800002FC052A02FC0424DDFF00100B808500C3
:105E90008481998F0800200325280000848186AF23
:105EA00025308000059D043C0100072499D3400B58
:105EB000905E84248081828FE8FFBD270400401417
:105EC0001400BFAFA7D1400F01000424808182AF2E
:105ED00049D1400F000000008081868F25380000E6
:105EE000252040004D2E410F252860001400BF8F53
:105EF0000800E0031800BD278081828FE8FFBD27DE
:105F0000040040141400BFAFA7D1400F01000424C7
:105F1000808182AF49D1400F000000008081868FD0
:105F200025380000252040004D2E410F2528600017
:105F30001400BF8F0800E0031800BD278081828F06
:105F4000E8FFBD27040040141400BFAFA7D1400FE5
:105F500001000424808182AF46D1400F0000000080
:105F60008081838F1400BF8F1800BD271B00430062
:105F7000F40160000800E003121000008400022415
:105F80002200A2500000E28C8500A22810004010E0
:105F9000810002240800A2500000E28C820002244A
:105FA0002700A2500000E28C800002241000A214FE
:105FB000000000000000E28C040043240000E3AC79
:105FC0000000428C000082AC15000010000046ACBE
:105FD000900002241A00A2500000E28C9100A22836
:105FE00005004010880002240F00A2500000E28C3F
:105FF0000800E00325100000A0000224EEFFA250DC
:106000000000E28CE9FF0010C000022404004324D9
:106010000000E3AC0000428C000082AC000046A40B
:106020000800E00301000224040043240000E3AC64
:106030000000428C000082ACF9FF0010000046A076
:10604000040043240000E3AC0000428C000082AC5A
:10605000000046ACC3370600F1FF0010040046AC58
:10606000500D06248066410B25280000E0FFBD2767
:106070001800B2AF1400B1AF1000B0AF2588A00077
:10608000258080002590C0002538000025300000C4
:106090001C00BFAF86B8400F2528000044050296BB
:1060A00002004016380002A60A0700A2A8B8400F56
:1060B00025200002170040101C00BF8F0B00201687
:1060C000C70700A2A90500A2039D063C039D053C4D
:1060D0005CC7C624F4C6A52467BA400F2520000279
:1060E0000000028E0A0000100100422CCA65410F18
:1060F00025202002010046240101C22C0A00401480
:106100000100052417B8400F2520000225100000CB
:106110001C00BF8F1800B28F1400B18F1000B08F19
:106120000800E0032000BD2725282002D665410F86
:10613000A9050426E5FF0010039D063CA8FFBD2726
:106140000400A1AF0800A2AF0C00A3AF1000A4AFE1
:106150001400A5AF1800A6AF1C00A7AF2000A8AF81
:106160002400A9AF2800AAAF2C00ABAF3000ACAF21
:106170003400ADAF3800AEAF3C00AFAF4000B8AFB9
:106180004400B9AF4800BFAF124000004C00A8AFB8
:10619000104000005000A8AF069D1A3C4C885A27BA
:1061A00000000000006804400060054009F840035A
:1061B000000000005000A88F110000014C00A88FC3
:1061C000130000010400A18F0800A28F0C00A38F10
:1061D0001000A48F1400A58F1800A68F1C00A78F95
:1061E0002000A88F2400A98F2800AA8F2C00AB8F35
:1061F0003000AC8F3400AD8F3800AE8F3C00AF8FD5
:106200004000B88F4400B98F4800BF8F5800BD27A9
:10621000C0000000180000420000C78C1F00E724E7
:10622000423907000400E054212085002530A000F9
:106230008066410B25280000251800002558000025
:10624000010009241F000C240300A0142B50E900B6
:106250000800E00300000000040040152540000095
:10626000804009002140C8000000088D1E00601019
:106270000410680025104B000400AB2C10006015C2
:10628000FF004A30FFFF6324235883010640680162
:10629000025E0200FCFF8BA0025C02000212020000
:1062A000FDFF8BA0FEFF82A0FFFF8AA0FCFFA524BC
:1062B000FCFF842401002925E3FF0010255800017C
:1062C000020003240400A310030003240400A31409
:1062D000021C0200FDFF83A002120200FEFF82A04A
:1062E0000800E003FFFF8AA0F2FF00101F00032454
:1062F000B8FFBD273C00B6AF3800B5AF3400B4AF2F
:106300005C00B58F5800B48F6000B68F4000B7AF07
:106310003000B3AF2400B0AF25B8A0002598C0006E
:106320000100F0242530A000252800004400BFAF64
:106330002C00B2AF2800B1AF259080002588E00086
:106340008066410F42801000059D063C1C00B6AFE0
:106350001800B5AF1400B4AF1000B0AF253860021C
:106360002528E00225204002DC48410FF845C624DC
:1063700023383002069D063C1C00B6AF1800B5AFAE
:106380001400B4AF1000B0AF213867022528E00236
:1063900025204002DC48410F9896C6244400BF8F58
:1063A0004000B78F3C00B68F3800B58F3400B48FF3
:1063B0003000B38F2C00B28F2800B18F2400B08F33
:1063C0000800E0034800BD27FFFFFFFFFFFF0000BC
:1063D000465F4448435052784D7367547970653234
:1063E0004576656E7400000054435049505F444840
:1063F00043505F50726F63657373000002010201C6
:10640000020102020202010303030000465F444846
:1064100043504576656E74536F7572636500000076
:10642000465F444843504E6F74696679436C6965B2
:106430006E747300010306005C73019DAC77019DCF
:10644000A073019D0877019D2483019DA876019D7D
:10645000F073019D35000000DC71019D010000001A
:106460003479019D03000000AC78019D0600000016
:106470003072019D360000005878019D3300000005
:106480006472019D3A000000B472019D3B0000005F
:106490000473019DFF0000005473019D63825363E8
:1064A000C0FFBD273800B1AF3400B0AF3C00BFAF74
:1064B0002588A0000000A5800400A0102580800091
:1064C000010022820900405425280000295A410F6A
:1064D000252000023C00BF8F231050003800B18FF0
:1064E0003400B08F0800E0034000BD2720000624E0
:1064F0008066410F1000A4270100052400002282BD
:106500001A0040101000A427000023920100312639
:106510004211030080100200211082000000448C10
:106520000418650025186400F4FF0010000043AC57
:106530000100422400004380E6FF6010FF0063304A
:1065400042210300802004001000A6272120C4005F
:106550000000848C0418650024186400F4FF6010A7
:106560003C00BF8FDDFF00102310500025100002FB
:10657000F0FF001001000524C0FFBD273800B1AFB7
:106580003400B0AF258880002580A00020000624BC
:10659000252800003C00BFAF8066410F1000A427F3
:1065A0000000038209006010251000000100028233
:1065B0000B00401401000524251020020000448037
:1065C000FEFF835001004224231051003C00BF8F86
:1065D0003800B18F3400B08F0800E0034000BD27C1
:1065E000000003921000A4270100102642110300AE
:1065F00080100200211082000000448C0418650005
:1066000025186400000043AC00000282F4FF40142F
:10661000251020020100052400004380EAFF6010DD
:106620001000A627FF0063304221030080200400F1
:106630002120C4000000848C041865002418640024
:10664000E2FF605023105100F3FF001001004224CC
:10665000261086002340020025400201C34708009F
:10666000244004011F0009242510000020000B24F1
:10667000236069010620250104188801251864009B
:10668000232066002650C4002618C30024186A0080
:1066900026186400C21F0300065028010100633859
:1066A00025186A0006208401235003002620880054
:1066B00024208A0026400401042026012320A4006F
:1066C000262085000418230124208A00FFFF2925A5
:1066D0002628A400E6FF2015251043002348A60025
:1066E0002618C5002620C900242064002620890021
:1066F000C227040001008438252088002648A9000C
:106700002318040024186900262865000000E5AC61
:106710000800E0032510440001A0063C8C2DCA8C23
:106720002B004011251000002518400125380000DD
:10673000254000000000658C0800A4141000698C3E
:106740000200E0508C2DC9AC1000E9AC0800E00359
:1067500010006224F7FF0010251820012B58850037
:1067600007006011000000001B0040502540E000C1
:1067700000004B8C2B28AB000B40E5000B10650094
:10678000F4FF2015253860001100401000000000C3
:106790000000438C1000458C231864001100692C04
:1067A0000700201510004724000044ACF0FF6324CC
:1067B0002120E400100085AC000083AC2528800077
:1067C00002004255100005AD8C2DC5AC2510E0002F
:1067D0000800E00300000000E9FF00102510600041
:1067E000747275650000000066616C7365000000DE
:1067F0006E756C6C00000000256C6C75000000006C
:10680000256C6C64000000002E2E2F7372632F74B1
:10681000696E7963626F722F63626F722E68000017
:1068200076616C75652D3E666C616773202620432A
:10683000626F724974657261746F72466C61675FF2
:10684000496E746567657256616C7565546F6F4CFF
:106850006172676500000000252E366700000000A9
:10686000252E31356700000063626F725F76616CC0
:1068700075655F69735F746578745F737472696E50
:10688000672876616C75652900000000223C756EF2
:10689000737570706F727465645F747970653E2291
:1068A00000000000E8FFBD27FF00A5301000B0AFDA
:1068B0001400BFAF0F00A01425808000CA65410FEF
:1068C00000000000218002021400BF8F251000028A
:1068D0001000B08F0800E0031800BD2700000282FE
:1068E000F9FF4010FF004230F8FF45101400BF8F41
:1068F0000100102603000232F8FF40140101043C9D
:10690000010184240220A470FEFE073C8080083C24
:10691000FFFEE734808008350000038E26306400D7
:106920002110670027180300241043002118C70016
:106930002730060024306600251046002410480049
:10694000F5FF40500400102600000282DEFF4010D8
:10695000FF004230DDFF45101400BF8FFAFF00102A
:106960000100102670FFBD278400B2AF8000B1AFD8
:106970007C00B0AF2588A000258080002590C00055
:10698000252800004C0006242400A4278800B3AF6B
:106990008C00BFAF8066410F2598E000FFFF022406
:1069A0001000A2AF02010224020000161400A2AFE0
:1069B0007000B0271800B0AF1C00B1AF0200201269
:1069C00025100000FFFF22260C0021062000A2AFA8
:1069D00001A0023C4F0003244CB043ACFFFF022453
:1069E0008C00BF8F8800B38F8400B28F8000B18F7E
:1069F0007C00B08F0800E0039000BD270100205606
:106A0000000000A225306002252840021000A427C3
:106A10002800B0AFF464410F2400B0AFF1FF0010C4
:106A20008C00BF8F03008014251000000800E003D5
:106A3000000000000400828CE0FFBD271800B1AF09
:106A4000200042301400B0AF1C00BFAF2580800092
:106A5000090040102588A0001400828C1800838C47
:106A60002B106200140040542C00828C280000AED1
:106A7000180000AE140000AE3C00058E4000028EEF
:106A80002B18A20004006010010006240000048EF0
:106A90002E25400F2328A200400000AE3C0000AE8F
:106AA0000B002012251000003225400F0000048E3C
:106AB000080000101C00BF8F2530000009F84000BE
:106AC000252800001400038EE8FF6014FFFF022455
:106AD0001C00BF8F1800B18F1400B08F0800E003B6
:106AE0002000BD27010002242B00C210000000007E
:106AF000D8FEBD27803006001001B0AF1000A227DD
:106B00002180A6002001B4AF1C01B3AF2401BFAFA8
:106B10001801B2AF1401B1AF2598800025A0A000E4
:106B2000000002AE080060162401BF8F2001B48F60
:106B30001C01B38F1801B28F1401B18F1001B08FF7
:106B40000800E0032801BD270101722E0001022484
:106B50000000858E0000048E0B107202253040006C
:106B600025904000D665410F258880020400258EBF
:106B70000000248E25304002D665410F04003126E6
:106B8000FCFF228E21105200F8FF1116FCFF22AEEE
:106B9000E4FF0010239872020800E00300000000E8
:106BA0000000A28C0400A38CC0FFBD273800B3AF47
:106BB0003400B2AF3000B1AF2C00B0AF3C00BFAF7B
:106BC000258880002580A0000800B28C2000A2AF9C
:106BD000030060040C00B38C4408027C2000A2AFC8
:106BE0002000A2271800A2AF0A0002241400A2AFBE
:106BF0001000B2AF0400C78C0000C68C7253410F66
:106C0000252000021000068E2000A38F25384002A8
:106C1000FFFFC6241000A3AF2330C2002128620268
:106C2000B555410F252020020400238E000163305A
:106C3000040060103C00BF8F0400038E2A20430034
:106C40000B1064003800B38F3400B28F3000B18F66
:106C50002C00B08F0800E0034000BD272E2E2F73BC
:106C600072632F636F6E6669672F64656661756C0A
:106C7000742F6C6962726172792F74637069702FFE
:106C80007372632F74637069705F68656C7065728E
:106C9000735F707269766174652E68002E2E2F7393
:106CA00072632F636F6E6669672F64656661756CCA
:106CB000742F6C6962726172792F74637069702FBE
:106CC0007372632F74637069705F68656C7065724E
:106CD000732E630025642E25642E25642E25640002
:106CE000252E32783A252E32783A252E32783A25DA
:106CF0002E32783A252E32783A252E32780000004E
:106D000066756C6C000000006C6F7700646F776EC6
:106D10000000000078FFBD278000B2AF7C00B1AF5B
:106D20007800B0AF8400BFAF258080002588A00028
:106D30002590C0001C00A0AF5400A4AF2000A4AF59
:106D400004008004FFFF0224FF7F023CFFFF423467
:106D500021108200252800001800A4272366410F77
:106D60005800A2AF9800A28F9C00A38F2528400254
:106D70001800A4271000A2AF1400A3AF440C410FC9
:106D8000010006242520400008002012252860006C
:106D90005800A28F5400A38F231862006C00A28FAA
:106DA0002118620021800302000030AE8400BF8FF2
:106DB000251080002518A0008000B28F7C00B18FC4
:106DC0007800B08F0800E0038800BD275000828C57
:106DD000E8FFBD271000B0AF1400BFAF0B0040109C
:106DE000258080005400838C2A1062000700401424
:106DF000000000004C0000AEFFFF02241400BF8F13
:106E00001000B08F0800E0031800BD272163410F78
:106E100025200002F8FF42044C0000AE4000038E23
:106E20005000048E3C00058E090080102530600063
:106E30005400068E23386500232086002A38E4009B
:106E40000300E01425306000FFFF84242130A400FB
:106E5000060060104C0006AE5400048E2318650036
:106E60000100632421188300540003AEFFFFA390A8
:106E7000E2FF6254FFFFA2A0E1FF00101400BF8FE9
:106E8000D8FFBD272000B1AF00A0113C6404228EC2
:106E90001C00B0AF2400BFAF0E0040102580800062
:106EA0005864410F000000001000A427E564410F62
:106EB0001000A2AF0F0042241000A58F0418027C1E
:106EC000B266410F252040000C0040102400BF8F07
:106ED000640420AE01000052010010240F001026AF
:106EE0000418107C0900001601A0023C0C000324C9
:106EF0004CB043AC251000002400BF8F2000B18FA0
:106F00001C00B08F0800E0032800BD270400022EFB
:106F1000040003240B806200C659410F25200002A3
:106F2000F5FF4054FCFF50ACF4FF00102400BF8F6D
:106F300000000000C86B039DD46B039DDC6B039DB8
:106F4000E86B039D687C029DF06B039D0C6C039DB8
:106F50000C7B029D146C039DDC69039D5077029DA0
:106F6000306C039D486C039DDC7F029D506C039D3B
:106F7000646C039DD875029D6C6C039D846C039DAD
:106F80005074029D8C6C039DA86C039D5473029DEC
:106F9000B06C039DC86C039D9872029DD06C039DDC
:106FA000EC6C039D9C71029DF46C039D086D039D28
:106FB000AC6F029D0C6D039D2C6D039D0C6E029DAC
:106FC000346D039D486D039D1C6C029D546D039DA3
:106FD000686D039D9869029D706D039DC23D04001C
:106FE000FF00E7300080013C24308100FFFFE924EE
:106FF000FE00212D0D002010000000008003E7247A
:10700000404A0400024B09002530C900402F04000B
:10701000004D07002530C900251005002518060081
:107020000800E0030000000000000000000005244C
:1070300021208400F6FF8010000000000900E01409
:1070400000000000FFFFE724212084008000013CB5
:107050002B088100FBFF201400000000E7FF001058
:1070600000000000FF07072400FF013C010021345D
:107070002B088100E6FF201400000000E4FF001050
:10708000F8FF063C00000000810002241200A2501C
:107090000000C28C830002240600A2500000C28CB3
:1070A000800002241200A210251000000800E00356
:1070B00000000000040043240000C3AC0400858CE1
:1070C0000000428C0000848C000044AC040045ACFD
:1070D0000800E00301000224040043240000C3ACC4
:1070E0000400858C0000428CF7FF00100000848CA7
:1070F0000000C28C0400858C0000848C04004324B2
:10710000E8FFBD270000C3AC1000B0AF1400BFAF54
:10711000F555410F0000508C1400BF8F000002AEE7
:10712000010002241000B08F0800E0031800BD2702
:10713000E0FFBD271800B1AF028D0700FF07253221
:107140001400B0AF1C00BFAF258080002510C00028
:107150000E00A0142520E000069D023C2540C00042
:107160002518E000189E468C1C9E478C25200001A7
:107170003D36410F25286000252060000055637CC6
:107180000200601000080524C1FF6524C237020018
:1071900040180400401002002518C3001C00BF8FD7
:1071A000000002AE00A0637C2000023C25184300D2
:1071B00000083132CCFBA5240C0011AE25100002D2
:1071C000040003AE080005AE1800B18F1400B08FA4
:1071D0000800E0032000BD27E0FFBD271800B2AF84
:1071E0001400B1AF1C00BFAF1000B0AF2590A000DD
:1071F0001400801401A0113C2C13308E0B000012DF
:107200001C00BF8F252000025E59410F2528400237
:1072100021800202000002820C0040542528400216
:107220002C1320AE258000001C00BF8F251000020B
:107230001800B28F1400B18F1000B08F0800E00367
:107240002000BD27EFFF0010258080002859410F46
:10725000252000022110020200004380050060107A
:107260002C1322AE010043242C1323AEEEFF00109A
:10727000000040A0ECFF00102C1320AE80FFBD27C3
:107280007800B2AF7400B1AF7000B0AF2590C0000D
:1072900025808000600006241000A4272588A00017
:1072A0007C00BFAF8066410F25280000FFFF02244D
:1072B000252800001000A4275000A2AF1800B0AF8E
:1072C0002366410F4C00B0AF252840021000A427D0
:1072D0001BE9400F01000624252040000800201271
:1072E000252860005000A28F4C00A38F2318620055
:1072F0006400A28F2118620021800302000030AEDA
:107300007C00BF8F251080002518A0007800B28F68
:107310007400B18F7000B08F0800E0038000BD27BB
:10732000756C033CC8FFBD27286E63241800A3AF0B
:107330006C2903242800B2AF2000B0AF3400BFAFE7
:107340003000B4AF2C00B3AF2400B1AF2590800063
:107350002510E0001C00A3A71E00A0A30200C0107F
:107360001800B0272580C0000400B18C0800B38C41
:10737000030040140000B48CCA65410F25200002B0
:10738000020020062B1822020B1023021000B4AFBB
:10739000253860022528000225204002B555410FFE
:1073A000253040003400BF8F3000B48F2C00B38FE5
:1073B0002800B28F2400B18F2000B08F0800E003B6
:1073C0003800BD27E8FFBD271000B0AF1400BFAFE5
:1073D000258080002130A600252000002510000017
:1073E00001000324080009240E00A654FFFFC890E2
:1073F000040080108020030021200402000082ACE1
:107400000100632404000426C853410FFFFF6524D4
:107410001400BF8F000002AE1000B08F0800E00320
:107420001800BD270438880025104700080087246D
:107430001F00EA2809004015FFFFC624803803001A
:107440002138070200F0427C0000E2ACE9FF87240B
:10745000231027010610480001006324E2FF0010FA
:107460002520E0001C81023C21288500C59D423476
:107470000300A414003902000800E003000000002B
:10748000401802002118670021186200C03902006C
:10749000003602002118670000120200211062006D
:1074A000010084242118C200FFFF8290F0FF001029
:1074B000261043001C81023C21288500C59D4234D2
:1074C0000300A414010084240800E003000000006D
:1074D000FFFF83902610620000390200401802006E
:1074E0002118670021186200C0390200003602002E
:1074F000211867000012020021106200F0FF001046
:107500002110C200E0FFBD271800B1AF1400B0AFDA
:107510001C00BFAF25808000258800003C00028E43
:107520004C00038E2B184300170060100100432409
:107530003C0003AE000042902000032410004310E2
:10754000F7FF42240500422CF4FF4054010031268D
:107550004C00028E050040101C00BF8F3C00028EC4
:10756000FFFF42243C0002AE1C00BF8F251020020A
:107570001400B08F1800B18F0800E0032000BD2771
:10758000E6FF001001003126735B410F2520000249
:10759000FFFF0324E8FF43141C00BF8FF4FF00101B
:1075A00025102002D0FFBD271400B0AF3800908C0A
:1075B0001C00B2AF0001D2242800B5AF2400B4AF44
:1075C0002000B3AF25A8A0002598800025A0C0000A
:1075D0002528000025304002252000022C00BFAFE6
:1075E0009964410F1800B1AF01004054239050003E
:1075F0002B8892020AA05102253080022528000221
:10760000D665410F2520A0022C00BF8F2110140247
:10761000218012023C0062AE400070AE380070AEB5
:10762000251080022800B58F2400B48F2000B38F6E
:107630001C00B28F1800B18F1400B08F0800E00357
:107640003000BD27440080AC400080AC380080ACE6
:1076500020F1400B3C0080AC0000A28C252880006B
:107660001400598C340082AC059D043C08002003B2
:1076700044768424E0FFBD271800B1AF2588800040
:107680002800848C1400B0AF2580A0000F00823049
:1076900001000524042845001C00BFAF0753410F1B
:1076A000022104003400228E0C00078E0000068E9A
:1076B0000800058E0400048E0000428C080020AEF5
:1076C00009F84000000000001C00BF8F01000224E8
:1076D0001800B18F1400B08F0800E0032000BD2710
:1076E00049507634204173736572743A2025732CA7
:1076F00020696E206C696E653A2025642C200D0A85
:10770000000000004950763420496E69743A2046E2
:1077100061696C656420746F20696E6974616C695D
:107720007A653A20256421200D0A000049507634FC
:107730003A204661696C656420746F2072656769E0
:107740007374657220415250206E6F74696669636C
:107750006174696F6E21200D0A0000004950763473
:107760003A2041525020656E747269657320706FC3
:107770006F6C20656D707479210D0A005443504977
:1077800050537461636B5061636B6574547800008F
:10779000020000008C43029D7046029D0300000021
:1077A000049F029DCCA0029D06000000A80E059D2E
:1077B000180F059D090000009C56019DEC5B019D82
:1077C0000A0000001CC2009D24C4009D0C000000A3
:1077D000A490019DD492019D1E000000E880029DAE
:1077E0009481029D060802000000010000080300C9
:1077F00000000000FFFF040000000000FFFF050084
:1078000000000000887A049D8C7A049D907A049D83
:10781000987A049D9C7A049D0102A22C0A004014CF
:10782000251000000800E003000000002510000003
:107830002402BF8F2002B28F1C02B18F1802B08FBA
:107840000800E0032802BD27D8FDBD271802B0AF0D
:107850002580A0001C02B1AF252880002588C0002B
:107860001800A427253000022002B2AF2402BFAFC7
:10787000D665410F2590E0003802A68F252800022A
:107880007E52410F1800A427E8FF40103C02A28F4F
:1078900025384002253020021000A2AF2528000222
:1078A000B54C410F1800A427E2FF00102402BF8F3F
:1078B000019D023C1098468C1498478CE0FFBD2730
:1078C0001C00BFAF1800B3AF1400B2AF1000B0AFD0
:1078D000259080003D36410F2598A00025286000A6
:1078E000E25E410F25204000252040008964410FC1
:1078F00025804000019D043C1898868C1C98878C3C
:10790000252860003D36410F2520400025304000ED
:1079100025204002252860024B2A410F25386000AF
:1079200025286000E25E410F252040001C00BF8F2B
:10793000251800021800B38F1400B28F1000B08F0A
:107940000800E0032000BD27E8FFBD271000B0AF0E
:107950001400BFAF48008280FFFF4324251043007E
:10796000480082A01800838C1400828C2B106200C7
:1079700005004010258080002C00828C25300000FE
:1079800009F84000252800000400028E280000AEFF
:10799000180000AE0200433008006010140000AE72
:1079A00010004234040002AEFFFF02241400BF8F17
:1079B0001000B08F0800E0031800BD270800038EF8
:1079C0000C00048EC000427C2310020021186400C9
:1079D000400003AEF5FF00103C0003AE0400828CB3
:1079E000E0FFBD271C00BFAF000147301800B1AF5A
:1079F0001700E0101400B0AF1000828C2518C000F2
:107A00002B88C2000A1851000C0060102588600005
:107A1000258080001400848CD665410F25306000DD
:107A20001400028E1000038E211051002388710073
:107A3000140002AE100011AE000040A01C00BF8F69
:107A40001800B18F1400B08F0800E0032000BD279C
:107A500010004230FAFF40541C00BF8F8D65410F6B
:107A600000000000F6FF00101C00BF8FC03A0500A8
:107A7000425504002538EA000080013C2538E10029
:107A80004050050042550A001E0406242330CA0057
:107A90000C00C018000000002000C12C02002014BF
:107AA00000000000000007340200A1040638C700EF
:107AB00023380700251007000800E003000000003D
:107AC0000000000002008010000000000100A5344A
:107AD000F07F013C010021342B08A1000300201499
:107AE00000000000F4FF00100080023CFF7F023C19
:107AF000F1FF0010FFFF423400000000C802059DA6
:107B0000FC0B039DD002059DE002059D800B039DAB
:107B1000E402059D0003059DEC04039D0803059DFB
:107B2000AC07039DD807039D7407039D6C07039D55
:107B30004407039D1003059DC809039D0300000031
:107B40001403059D9C09039D030000001803059D77
:107B50005804039D030000001C03059DB804039D09
:107B6000030000002003059D0C0B039D0400000092
:107B70002803059D940A039D040000003003059D21
:107B8000F009039D04000000C03A050042550400BE
:107B90002538EA000080013C2538E100405005000E
:107BA00042550A001E0406242330CA000C00C004FB
:107BB000000000002000C12C020020140000000082
:107BC000000007340200A1040638C700233807006C
:107BD000251007000800E00300000000000000007E
:107BE00002008010000000000100A534F07F013C7D
:107BF000010021342B08A100030020140000000024
:107C0000F4FF00100080023CF2FF0010FFFF02248E
:107C100000000000E0FFBD271400B0AF01A0103C41
:107C20008032028E1800B1AF1C00BFAF08004010B8
:107C300025888000110020068032028E01A0033CBE
:107C40008432638C23186200110000102B1871001D
:107C5000D551410F000000008032028EF5FF401424
:107C600000000000FFFF02241C00BF8F1800B18F2E
:107C70001400B08F0800E0032000BD2701A0033CE2
:107C80008832638C23201100231843002B186400D2
:107C9000F4FF601421885100F3FF0010803211AE10
:107CA0000000AA801E004011000000000000898032
:107CB00017002051251000000700491125108000F1
:107CC0000100898012002051251000000100842449
:107CD000FBFF4915251080000100A3800E006010F5
:107CE0000000000001008980F6FF23150200A32494
:107CF00004000010020087240000E880F3FF06154E
:107D00000100E72400006680FBFFC014010063242B
:107D10000800E003000000000800E003000000008D
:107D20000800E00325108000A14F410B0000000077
:107D3000A74F410B00000000AF4F410B00000000B7
:107D4000D8FFBD272000B1AF258880002400BFAF39
:107D50001C00B0AF00607041C00000007B4F410FBD
:107D60000000000025202002714F410F1000A2AF3B
:107D7000AF4F410F010004322400BF8F1000A28FCB
:107D80002000B18F1C00B08F0800E0032800BD2741
:107D90000300A01000000000674F410B000000002E
:107DA0000800E003000000002530A000069D053C0F
:107DB000E8FFBD27888BA5241400BFAFEF29410F32
:107DC00025200000FFFF001000000000069D053C7C
:107DD000E8FFBD27B48BA5241400BFAFEF29410FE6
:107DE00025200000FFFF0010000000000800E00355
:107DF000000000000800E00300000000E0FFBD27D5
:107E00001C00BFAFAD7A400F1000A0AF1000A28FD2
:107E1000030040101C00BF8FBF7A400B2000BD271D
:107E2000FAFF001000000000D0FFBD272400B1AF12
:107E30002000B0AF2588C0002580A0002530A0001C
:107E4000252800002C00BFAF2800B2AF8066410F8C
:107E50002590E000251840004800A28F059D063CB3
:107E60001000B2AF1C00A2AF4400A28F2538200240
:107E7000252800021800A2AF4000A28FF43BC624C0
:107E800025206000DC48410F1400A2AF2C00BF8FFA
:107E90002800B28F2400B18F2000B08F0800E003CB
:107EA0003000BD2706000000000A000000000000AE
:107EB000000000000900000054435049505F495041
:107EC00056345F44697370617463685061636B65B5
:107ED0007400000054435049505F495056345F507D
:107EE00061636B6574466F726D6174547800000055
:107EF00054435049505F495056345F417270486155
:107F00006E646C657200000054435049505F4950E4
:107F100056345F4172704C697374507572676500B6
:107F20000800E003000000002518E003049D043C65
:107F30001C53842416008010000000000000858C73
:107F40001300A010040084240000868C0400842404
:107F500000008B8404008424019D0C3C08938C2534
:107F600080580B0021606C0100008C8D09F88001A5
:107F7000000000002520400003008424FCFF0624AC
:107F80002420C4000000858CECFFA0140000000039
:107F900025F860000800E003000000001C00C0108D
:107FA000FFFFC8240000A3800100A7240100822451
:107FB0000E006010000083A02130A6000600001013
:107FC0002128A8000100E724FFFFE48009008010B9
:107FD000FFFF64A0251060002340A700F9FFC7142D
:107FE000010043240800E0030000000025184000C1
:107FF00025108000FBFF0011212068000100632490
:10800000FEFF8314FFFF60A00800E0030A10820057
:108010000800E00325108000200005240000828075
:108020000D004510F7FF43240500632C0A0060147F
:108030002B0003240A0043102D00032403004314E3
:1080400025280000010005240100842425100000DB
:10805000070000100A000724F0FF0010010084242C
:10806000F9FF00102528000001008424231043009C
:1080700000008380D0FF63240A00662CFAFFC054FE
:10808000021047700100A050231002000800E00316
:1080900000000000E0FFBD2725300000253800006B
:1080A0001800B1AF1400B0AF1C00BFAF258880002E
:1080B0005754410F2580A0000700400425202002CE
:1080C000252800021C00BF8F1800B18F1400B08F4C
:1080D0002C5E410B2000BD270080023C2610500082
:1080E0002C5E410F252840001C00BF8F231002008A
:1080F0002B20020023180300231864001800B18FFE
:108100001400B08F0800E0032000BD270000052404
:108110002548050025380500253004000C00C01056
:10812000000000000600C104000000000080093CBF
:108130002B50050023280500233006002330CA00F9
:108140001E0407242040C8702338E80004300601CC
:10815000C24205004055060025400A014050060075
:1081600002530A0025482A010055070025482A0124
:1081700025100800251809000800E0030000000091
:10818000000000002E2E2F7372632F74696E7963C6
:10819000626F722F63626F72656E636F6465722EB9
:1081A00063000000667054797065203D3D20436295
:1081B0006F7248616C66466C6F61745479706520AB
:1081C0007C7C20667054797065203D3D2043626F51
:1081D00072466C6F617454797065207C7C20667087
:1081E00054797065203D3D2043626F72446F756223
:1081F0006C65547970650000E0FFBD271800B2AFD0
:10820000259080002520A0001C00BFAF1400B1AF56
:108210004360410F1000B0AF019D043CD893868CA1
:10822000DC93878C252860003D36410F25204000D7
:1082300025204002258040008964410F2588600088
:108240002520400025300002253820024D2A410F0C
:10825000252860001C00BF8F1800B28F1400B18F5A
:108260001000B08F0800E0032000BD27E0FFBD270D
:108270001000B0AF258080002520A0001800B2AF0C
:108280001400B1AF1C00BFAFA05B410F2590A00050
:108290000B0040102588400009000012252800022C
:1082A000FCFF028E252020022B3042020A9046005D
:1082B000D665410F25304002B760410F25200002EE
:1082C0001C00BF8F251020021800B28F1400B18F40
:1082D0001000B08F0800E0032000BD2717008010B9
:1082E00001A0073C8C2DE28CF0FF86241500401085
:1082F0002540E000F0FF838C0000458C214883007E
:10830000070049141000A5241000428C21186500B4
:10831000F0FF83AC000082AC0800E0038C2DE6ACDB
:10832000213845000300C714211865000800E00348
:10833000000043AC000082AC8C2D06AD0800E003C9
:1083400000000000FCFF0010000080ACD8FFBD273B
:108350002000B1AF1C00B0AF2588A0000C00D08C6D
:108360002528C0002400BFAF2353410F2530E00073
:10837000FFFF03240C004310252000020A000624FE
:10838000F765410F1000A527000022AE1000A28F54
:10839000040023AEFEFF0424261050000100032435
:1083A0000A188200251060002400BF8F2000B18FC2
:1083B0001C00B08F0800E0032800BD27D8FFBD27B0
:1083C0002000B1AF1C00B0AF2588A0000C00D08CFD
:1083D0002528C0002400BFAF2353410F2530E00003
:1083E000FFFF03240C004310252000020A0006248E
:1083F000EC65410F1000A527000022AE1000A28FEF
:10840000040023AEFEFF04242610500001000324C4
:108410000A188200251060002400BF8F2000B18F51
:108420001C00B08F0800E0032800BD270000A28CCC
:10843000200003240000428004004310F7FF422480
:108440000500432C1300601025100000E8FFBD2735
:108450001000B0AF1400BFAF415D410F2580A000F8
:10846000200004240000038E01006524000005AEF6
:1084700001006380FBFF6410F7FF63240500632C99
:10848000F8FF60141400BF8F1000B08F0800E003E5
:108490001800BD270800E003000000006170703A7A
:1084A000207374617274696E670D0A006170703AAE
:1084B0002025732025730D0A000000004554484D07
:1084C000414300004E4F4445393000003139322ECF
:1084D0003136382E312E3137300000003235352E0E
:1084E0003235352E3235352E300000003139322EFE
:1084F0003136382E312E3100302E302E302E3000D5
:1085000066756C6C000000000000858C0100022480
:1085100023104500FFFFA324241862006B07023CD0
:1085200029E6463402186670069D053CB89DA524D0
:10853000C21E030021186500000062800B00401479
:10854000000000000400838C23100300241043006B
:1085500002104670C2160200211045000000428041
:10856000200043240A180200251060000800E003E0
:108570000000000080FFBD277800B2AF7400B1AFEB
:108580007000B0AF2588A000258080002590C00035
:108590001000A427600006247C00BFAF8066410F56
:1085A00025280000069D023C389F422425304002C9
:1085B000252820021000A4271800B0AF4800B0AF53
:1085C0000365410F5400A2AF7C00BF8F7800B28FCB
:1085D0007400B18F7000B08F0800E0038000BD27E9
:1085E000200003240B20A5000B180500022C04001A
:1085F0000400A01402120500100063342528800036
:108600000212050004004014022102000800633435
:108610002510A000022102000400805482100400F2
:1086200004006334252040008210040004004054FC
:108630004210020002006334251080004210020044
:10864000010042380800E003251043000000888C38
:1086500001000924040084243F0008254241080049
:1086600025100000233006002B1828010300601499
:10867000801809000800E0030000000000008A8C58
:108680002118A3000000638C23104201010029255A
:108690002318430000F0677C2638EA002438E600FF
:1086A0002638EA00000087ACC2170300EEFF001076
:1086B000040084240000888C010009240400842420
:1086C0003F00082542410800251000002330060025
:1086D0002B18280103006014801809000800E0032B
:1086E0000000000000008A8C2118A3000000638CA9
:1086F00021104A00010029252118430000F0677C61
:108700002638EA002438E6002638EA00000087AC64
:10871000C2170300EEFF0010040084240800E003E9
:10872000251080000800E00325108000070080105D
:10873000000000000000838C01000224030062148A
:1087400000000000E918410B000000000800E003F1
:10875000251000000000998C080020030000000094
:108760000400998C08002003000000000800998C88
:1087700008002003000000000C00998C0800200372
:10878000000000002B18A4000E00601025108000CF
:108790002120A6002B1844000B0060502120460029
:1087A0000600C01021184600FFFF842400008580C9
:1087B000FFFF6324FCFF4314000065A00800E003F2
:1087C0000000000021204600FCFFC01025184000DA
:1087D0000100A524FFFFA68001006324FCFF6414B0
:1087E000FFFF66A00800E003000000005048592089
:1087F000436F6E643A2025732C20696E206C696E7D
:10880000653A2025642C200D0A00000050485920AC
:108810004173736572743A2025732C20696E206C45
:10882000696E653A2025642C200D0A004452565F7B
:10883000504859206F7065726174696F6E2065725F
:10884000726F723A2025640D0A000000E8FFBD2710
:108850001400BFAF006806408020C67C888186AFC8
:1088600000700740019D053C9091A524EF29410F20
:1088700025200000FFFF001000000000E8FFBD27DA
:108880001400BFAF006806408020C67C888186AF98
:1088900000700740019D053CC891A524EF29410FB8
:1088A00025200000FFFF0010000000000002010072
:1088B000FFFFFFFFFFFFEF7F000000000000100040
:1088C0000000000065CDCD41000000000000F03F39
:1088D000000000000000D03F000000000000E83F62
:1088E000000000000000E03F0000000000004043E6
:1088F000000000000000F0FFFFFFFFFFFFFFF77F19
:10890000000000000000F07F000000000000B03F09
:10891000E0FFBD271000B0AF0000B08C1800B2AF70
:108920001400B1AF1F0010261C00BFAF25908000BF
:108930002588A00042811000060000161C00BF8F91
:108940001800B28F1400B18F1000B08F0800E00340
:108950002000BD2725302002252800007F3B410F45
:1089600025204002F4FF0010FFFF1026444843502A
:108970003A204661696C656420746F20726567698E
:108980007374657220495076342066696C74657220
:1089900021200D0A000000002E2E2F7372632F631A
:1089A0006F6E6669672F64656661756C742F6C699C
:1089B00062726172792F74637069702F7372632FA2
:1089C000646863702E6300000400A28C0800A39406
:1089D000748182AF78818227040043A402000324BB
:1089E000000043AC0800E003251000000800E0038D
:1089F0007C8182970800E0037881828F0800E00381
:108A0000748184AF0800E0037481828F03008014B6
:108A1000251000007C8180A7010002240800E003EB
:108A200000000000E8FFBD271400BFAF1000801455
:108A30001000B0AF01A0023C1433438C050060105D
:108A4000258000001433448C8962410F000000002F
:108A5000258040002625400F00000000251002025E
:108A60001400BF8F1000B08F0800E0031800BD276E
:108A70004B65410F25280000FAFF00101400BF8F3E
:108A8000636C69656E742066696E697368656400FD
:108A90007365727665722066696E697368656400D5
:108AA000052B0E03021A00000960864801650304C5
:108AB0000204000009608648016503040201000009
:108AC00009608648016503040202000009608648C7
:108AD000016503040203000046435F737072696E10
:108AE0007466000046435F55385074724469666688
:108AF000325549313600000000000000000000003F
:108B000001000000006D059D02000000086D059D3C
:108B1000030000000C6D059DFF0000000A0000002E
:108B2000FFF00000AC100000FFFF0000C0A8000034
:108B3000019D063C251000006892C62440180200E2
:108B400021186600000067800300E0540000858C57
:108B50000800E00301006290010042240000A880A8
:108B600004000715FF004230010062900100A524B7
:108B7000000085AC0B00432CF1FF6014401802008C
:108B80000800E003000000002A2A2A2076417070C5
:108B90006C69636174696F6E537461636B4F766562
:108BA00072666C6F77486F6F6B3A202573202A2AA4
:108BB0002A0D0A002A2A2A20764170706C696361A6
:108BC00074696F6E4D616C6C6F634661696C65644E
:108BD000486F6F6B202A2A2A0D0A0000E8FFBD2784
:108BE000069D053C1000B0AFE491A52425200000AF
:108BF000069D103C1400BFAFEF29410FF8961026D8
:108C00000C001026F4FF028E040040141400BF8FE5
:108C10001000B08F0800E0031800BD27F8FF028E97
:108C200009F840000C001026F7FF0010F4FF028E38
:108C30000000043CE8FFBD270000842403008010EE
:108C40001400BFAF09F8800000000000000084306D
:108C50000000A530069D083C589D082509F8000134
:108C6000000000000000023C00004224030040100D
:108C70000000000009F8400000000000F9FF0010AB
:108C800000000000E0FFBD271800B0AF1C00BFAF20
:108C9000525E410F25808000060040504400028E45
:108CA000FFFF02241C00BF8F1800B08F0800E003F4
:108CB0002000BD27010006241000A52709F8400068
:108CC0002520000201000324F5FF43141000A293A5
:108CD000F5FF00101C00BF8F0800E0032510000006
:108CE0000800E003251000000800E0032510000044
:108CF0000800E003FAFF02240800E003FAFF022460
:108D00000800E003FAFF02240800E003FAFF02244F
:108D10000800E003FAFF02240800E003FAFF02243F
:108D20000800E003FAFF0224544350204E554C4CF7
:108D30002064796E616D696320616C6C6F6361742E
:108D4000696F6E2068616E646C652F696E6974204E
:108D50006461746100000000205443502044796E27
:108D6000616D696320616C6C6F636174696F6E2003
:108D70006661696C656400008000A32810006014BF
:108D8000251000008200A328030060148300032440
:108D90000B00A314000000000000C28C0700422456
:108DA0000410027C080043240000C3AC0400438C80
:108DB0000000428C040083AC000082AC010002245D
:108DC0000800E003000000000200032423106400F8
:108DD00002308270232866000210A2700230827076
:108DE000232866000228A2700230857023106600D6
:108DF000022845700230857001008430231066001F
:108E000002104570231002000A1004000800E0035D
:108E100000F0427C222200007525303478000000EA
:108E20006E756C6C0000000066616C73650000007C
:108E300074727565000000002564000025312E3134
:108E400035670000256C670025312E31376700003B
:108E500025692E25692E256900000000EFBBBF00A3
:108E600063626F725F76616C75655F636F70795F67
:108E7000746578745F737472696E670063626F7291
:108E80005F76616C75655F6765745F646F75626C52
:108E90006500000063626F725F76616C75655F6785
:108EA00065745F666C6F6174000000001200000062
:108EB000000004005400000000000800180000003A
:108EC0000000100058000000000010000100000029
:108ED000000020004100000000002000020000000F
:108EE000000040004200000000004000430000007D
:108EF000000080000000023C0000422407004010F7
:108F00000000023C0000422405004050069D023C47
:108F10003F0000700800E00300000000069D023CD6
:108F200050904224030040100000000009F8400067
:108F3000000000000800E003000000000F00C01067
:108F400025100000FFFFC624251800002110830013
:108F5000000042902138A300070040100000E79075
:108F60000600E050231047000400C35023104700C0
:108F7000F6FF471001006324231047000800E003B8
:108F800000000000554450204E554C4C2064796E32
:108F9000616D696320616C6C6F636174696F6E20D1
:108FA00068616E646C6500005544502044796E61C0
:108FB0006D696320616C6C6F636174696F6E2066AC
:108FC00061696C6564000000F8FFBD270400BFAF55
:108FD00000606241C000000099AA033C81BF023CCE
:108FE0005566632430F240AC30F243AC6655033C26
:108FF000AA99633430F243AC0100032418F643AC61
:1090000010F6428CFFFF0010000000007370695FD3
:10901000636F6F7264696E61746F723A20696E6912
:10902000740D0A007370695F636F6F7264696E61BB
:10903000746F723A205350493220627573792077E9
:10904000697468206465766963652025640D0A008B
:1090500000606041C000000099AA033C81BF023C4F
:109060005566632430F240AC30F243AC6655033CA5
:10907000AA99633430F243AC81BF023C010003245F
:1090800018F643AC81BF023C10F6428C1664410BCB
:109090000000000000A0023C6804428CE0FFBD27F5
:1090A0001C00BFAF0000428C1000A7AF2538A00005
:1090B000069D053C1400A6AF6C9CA52425308000BD
:1090C000C666410F252040008962410F252000001F
:1090D000CA24400F000000002000A22C06004054CB
:1090E0000000838C0000828CE0FFA524000080AC8F
:1090F000040082AC0000838C0400828C23300500C5
:109100000630C3000410A200251046000428A30066
:10911000040082AC0800E003000085AC2000A22C13
:10912000060040540400838C0400828CE0FFA524D8
:10913000040080AC000082AC0400838C0000828CB0
:10914000233005000430C3000610A200251046009D
:109150000628A300000082AC0800E003040085ACF0
:1091600001A0023C8032438CE8FFBD271000B0AF65
:109170001400BFAF0300601425804000D551410F9B
:109180000000000001A0023C8432438C1400BF8F19
:109190008032028E1000B08F1800BD270800E00357
:1091A000231062005359535F434D445F5441534B66
:1091B000530000004452565F4D49494D5F5461735E
:1091C0006B73000054435049505F535441434B5F0D
:1091D0005461736B730000004150505F5461736BB6
:1091E000730000007265736F75726365733A20696E
:1091F0006E69740D0A0000002F696E782F6E657419
:10920000776F726B000000002F696E782F766572A1
:1092100073696F6E000000002F696E782F6F7461A4
:1092200000000000E8FFBD271000B0AF1400BFAF82
:109230004360410F2580800006000106252860005C
:10924000019D043CF893868CFC93878C4D2A410F3A
:10925000252040001400BF8F1000B08F0800E003ED
:109260001800BD270B00C010FF00A5300000829041
:109270000A004510213086000400001001008424FB
:10928000060045100000000001008424FCFFC454C7
:10929000000082900800E003251000000800E003B1
:1092A000251080000300C0140400A5240800E0037A
:1092B00000000000FCFFA28CFFFFC62404008424F1
:1092C000021E0200FCFF83A0021C0200FDFF83A01F
:1092D000021A0200FEFF83A0F2FF0010FFFF82A02F
:1092E0000300C0140400A5240800E00300000000EF
:1092F000FCFFA28CFFFFC62404008424021A020093
:10930000FCFF82A0FDFF83A0021C020002160200E7
:10931000FEFF83A0F2FF0010FFFF82A0FC0FE7C159
:10932000DAF000E04C68005A08004500002C2D4E91
:109330004000401189C1C0A80144C0A8011DDE80C1
:109340001633001883DB400132E5B3696E78076E8F
:109350006574776F726B00000800C01025108000E4
:1093600020000324231866000600601C0620C500A8
:10937000252000000610C500252880000800E00315
:109380002518A0000610C20004286500FAFF00108E
:10939000251045000000848C030081042510000086
:1093A0000800E00300000000E8FFBD271400BFAF85
:1093B000055F410F00000000FFFF03240100435040
:1093C000251000001400BF8F0800E0031800BD271F
:1093D000E0FFBD271800B0AF1000A6AF25808000C9
:1093E0001C00BFAF3D19410F1000A6270400038EDB
:1093F0001C00BF8FFFFF0424100063300B1083009C
:109400001800B08F0800E0032000BD27E0FFBD2753
:109410001800B0AF1000A6AF258080001C00BFAFC1
:109420004803410F1000A6270400038E1C00BF8FC5
:10943000FFFF0424100063300B1083001800B08F6E
:109440000800E0032000BD270800C01025108000A0
:1094500020000424232086000600805C0418C2003B
:10946000251800000428C200251060000800E00351
:109470002518A0000428C50006108200FAFF00107D
:109480002528A2002138C700232004000300C714A8
:109490000100C6240800E003000000000000A390C3
:1094A000FFFFC2900100A524261062002410440092
:1094B00026104300F5FF0010FFFFA2A025180000B2
:1094C0000A00C31000000000211083000100632483
:1094D0002138A30000004290FFFFE790F8FF4710FB
:1094E000231047000800E003000000000800E0032C
:1094F00025100000E8FFBD271400BFAF1000B0AF7B
:109500001C00A5AFCA65410F258080001C00A58FF7
:10951000252000029E66410F010046241400BF8FE3
:109520001000B08F0800E0031800BD270B0080106A
:10953000251000001C00838C080060100000000053
:10954000E8FFBD271400BFAF09F86000000000006D
:109550001400BF8F0800E0031800BD270800E003D7
:1095600000000000069D023C089D4224EC0C82ACE9
:10957000069D023CF89C4224F00C82AC019D023C0A
:10958000A8924224C80C82AC049D023C605942243B
:109590000800E003D80C82AC069D023CE89C422403
:1095A000E40C82AC069D023CD89C4224E80C82ACC0
:1095B000019D023CE8924224C00C82AC019D023C19
:1095C000C89242240800E003C40C82AC6874747032
:1095D000733A2F2F3139322E3136382E312E36351F
:1095E0003A383038302F72656C656173652F6E6F55
:1095F000646539305F312E322E302E62696E000084
:10960000E8FFBD271000B0AF1400BFAF295A410FCB
:109610002580A000000043901400BF8FFF0010328F
:10962000261870000B1003001000B08F0800E00334
:109630001800BD272C00838CE8FFBD2706006010B2
:109640001400BFAF09F86000000000001400BF8FD5
:109650000800E0031800BD278625400F0000848C19
:10966000FBFF00101400BF8F0300A0540300C2884A
:109670000800E0030000000004008424FFFFA5248C
:109680000000C2980400C624A010027C021422002C
:10969000F5FF0010FCFF82AC6800000002140A53C2
:1096A000602A049D282F049DF42F049DB02A049D58
:1096B000102A049D0123456789ABCDEFFEDCBA98E3
:1096C00076543210F0E1D2C3000000000300000025
:1096D00074E2049DE0E4049D80E4049D20E4049D84
:1096E000B0E3049DF0E2049D50E3049D6CE2049D10
:1096F00054E2049D4CE2049DF891059DD440049DE4
:109700007845049D0892059D50E8049DA8EA049DB3
:109710001892059D407B049D8C7F049D00000000F5
:1097200000000000000000000000828008004010DF
:10973000000000002510800001004224000043804A
:10974000FEFF6054010042240800E003231044009F
:109750000800E003251000000800C010251080005C
:1097600021308600251880000100A524FFFFA79066
:1097700001006324FCFF6614FFFF67A00800E003FC
:1097800000000000000082800000A380030043145A
:10979000FF0063300400405401008424FF00423085
:1097A0000800E00323104300F6FF00100100A52489
:1097B000E0FFBD27FFFF0224FFFF03241000A2AF3C
:1097C0001400A3AF1C00BFAF455B410F00000000B9
:1097D0001C00BF8F0800E0032000BD27E0FFBD276D
:1097E000251000000080033C1000A2AF1400A3AFBE
:1097F0001C00BFAF455B410F000000001C00BF8F85
:109800000800E0032000BD27E0FFBD27FFFF022482
:10981000251800001000A2AF1400A3AF1C00BFAFBA
:10982000455B410F000000001C00BF8F0800E003F3
:109830002000BD27E0FFBD270080023C2518000066
:109840001000A2AF1400A3AF1C00BFAF455B410FD7
:10985000000000001C00BF8F0800E0032000BD27AF
:109860006BFFCEFBCEFB0000183535000A00000070
:1098700064000000E803000010270000A08601003B
:1098800040420F008096980000E1F5054000838C6F
:109890003C00868C500085AC231066000400A010AC
:1098A000540082AC2A10A200010040542118C500C7
:1098B0000800E0034C0083AC0400A5AF0600A297AB
:1098C000023C07000470077CFF7F423025104700F0
:1098D0000600A2A70000A4AF0000A28F0800E003CA
:1098E0000400A38F01A0043C6832822401000324F9
:1098F000080043AC01A0033C20336324683283ACEE
:109900000100033C10A463240800E003040043ACFE
:109910000300A0540300C2880800E0030000000018
:1099200004008424FFFFA5240000C2980400C6247C
:10993000F7FF0010FCFF82ACE8FFBD271000B0AFBE
:109940001400BFAF0525400F258080001400BF8F95
:10995000080D02AE1000B08F0800E0031800BD270C
:10996000E8FFBD271000B0AF1400BFAF0A25400FBD
:10997000258080001400BF8F480D02AE1000B08F0C
:109980000800E0031800BD274452562050485920D3
:10999000696E6974206661696C65643A2025640D9E
:1099A0000A0000005049433332494E540000000081
:1099B000904C410B00000000D306410B000000005A
:1099C0004EEE400B000000007B49410B0000000000
:1099D0001387400B0000000078563412214365873E
:1099E000EFBEADDEBEBAFECA44332211887766559B
:1099F000CCBBAA9900FFEEDD9C003C002F000000CC
:109A00000700C01025108000202C057C2130860026
:109A10002518800001006324FEFF6614FFFF65A087
:109A20000800E00300000000E8FFBD271000B0AF11
:109A30001400BFAFA866410F258080001400BF8FBF
:109A4000251000021000B08F0800E0031800BD27A9
:109A5000E8FFBD271000B0AF1400BFAFE75F410FB4
:109A6000258080001400BF8F251000021000B08FE9
:109A70000800E0031800BD27FF00A5302130860054
:109A80000500861025100000FFFFC390FFFFC224D1
:109A9000FBFF6514253040000800E00300000000D3
:109AA00002000010251080002510C0000100A52430
:109AB000FFFFA38001004624FBFF6014FFFFC3A04B
:109AC0000800E0030000000001A0033C8C2D668C20
:109AD0000500C014251000008C2D64AC100080AC73
:109AE000000085AC010002240800E0030000000033
:109AF000E0FFBD272800A6AF2800A6271C00BFAFA7
:109B00002C00A7AF5D61410F1000A6AF1C00BF8FF6
:109B10000800E0032000BD27E0FFBD272800A6AF16
:109B20002800A6271C00BFAF2C00A7AFF464410F8C
:109B30001000A6AF1C00BF8F0800E0032000BD2767
:109B4000E0FFBD272800A6AF2800A6271C00BFAF56
:109B50002C00A7AFDA66410F1000A6AF1C00BF8F24
:109B60000800E0032000BD272538C0002530A000F4
:109B7000FF7F053CE8FFBD271400BFAF595A410FD6
:109B8000FFFFA5341400BF8F0800E0031800BD27B5
:109B9000000000000000F03F000000000000E03F77
:109BA0000000000000005043000000000000B03F33
:109BB0000000000000002040644D49494D204173E1
:109BC000736572743A2025732C20696E206C696E5F
:109BD000653A2025642C200D0A0000002C63049DAA
:109BE000D861049DF062049D1860049D405F049D4F
:109BF000A85F049D585F049D785F049D905F049D5D
:109C00009845059DD009059DA045059DB845059D34
:109C10004809059DCC45059DE045059D5C08059DD1
:109C2000E845059D200083349FFF63241A00632CC0
:109C30000300601401000224D0FF84240A00822C57
:109C40000800E00300000000D0FF83240A00632C1A
:109C50000400601401000224200084349FFF822449
:109C60000600422C0800E003000000004173736509
:109C70007274696F6E206661696C65643A20257341
:109C8000202825733A2025733A202564290A0000EC
:109C900001A0043C1033828C954C033C2D7F63243F
:109CA0000210437001004224103382AC0800E0032C
:109CB00042140200E0FFBD272C00A7AF2C00A7270D
:109CC0001C00BFAF595A410F1000A7AF1C00BF8F37
:109CD0000800E0032000BD27380200009CEE039D31
:109CE000ECF3039DBCEF039D3802000050EE039D92
:109CF0009CF0039D08EF039D28010000D084049D83
:109D00009088049D7086049D28010000C484049DF1
:109D1000C887049D6086049D6B65792065787061B5
:109D20006E73696F6E0000006D61737465722073ED
:109D300065637265740000005061636B6574204157
:109D4000636B3A206F727068616E207061636B653F
:109D50007421200D0A000000E8FFBD271400BFAFEA
:109D60008746410F25200000114E410F00000000E2
:109D7000FDFF001000000000000000000000B03CEB
:109D80000000C0FFFFFFDF41000000000000E0C155
:109D9000FFFFFFFFFFFFF77F73746F726167653A24
:109DA00020696E73756666696369656E7420737089
:109DB0006163650D0A000000000117021D181303FE
:109DC0001E1B190B1408040D1F161C121A0A070C6F
:109DD0001511090610050F0E0000848CE8FFBD2741
:109DE0001400BFAF8625400F000000001400BF8F95
:109DF0000800E0031800BD27000000000000F03F4D
:109E0000000000000000244000000000000050435B
:109E10000000000000001440000000000000E043CB
:109E2000000000000000E0C3000000F0FFFF1F344E
:109E3000000000000000F00700008C90FFFFC62427
:109E4000010084240000ACA0FBFFC0140100A52485
:109E50000800E0032510800018000000D015059DC3
:109E6000C015059DB016059DF016059DC815059DEC
:109E7000F815059D81BF033C00F0628C4001427CD7
:109E8000FDFF4010000000000800E003000000009B
:109E900063626F725F656E636F64655F666C6F614E
:109EA00074696E675F706F696E7400000800E0038C
:109EB000F1FE0224069D053C25300000AC9EA52441
:109EC0002607410B25200000BFFF83241A00632CC6
:109ED0000200601025108000200082340800E0039A
:109EE000000000009FFF83241A00632C0200601012
:109EF000251080005F0082300800E00300000000B1
:109F0000E8FFBD271400BFAF9F5C410F010006248E
:109F10001400BF8F0800E0031800BD27E8FFBD272D
:109F20001400BFAF9F5C410F020006241400BF8FD6
:109F30000800E0031800BD27E8FFBD271400BFAFED
:109F4000695D410F000000001400BF8F0800E003AE
:109F50001800BD27E8FFBD271400BFAFFA24400F4B
:109F6000000000001400BF8F0800E0031800BD27A8
:109F7000E8FFBD271400BFAF6857410F0000000085
:0C9F80001400BF8F0800E0031800BD278C
:020000041FC01B
:100000000200F00F0000000000601A40C0045A7F98
:100010000500401300000000009D1A3CD8765A27C6
:10002000080040030000000002A01D3CF8FFBD27AF
:1000300001A01C3C00809C27026009402058200140
:10004000801E2A7D8449497D02608940C0000000ED
:1000500000E0DC4102608B40C0000000009D083CD5
:100060000C78082509F8000100000000009D083CFC
:100070004063082509F80001000000000000093C69
:100080000000292510002011000000000200093C9A
:10009000F0FF292588BF0A3C10204A25000049AD01
:1000A0000200093CF0FF292588BF0A3C20204A2590
:1000B000000049AD0200093CF0FF292588BF0A3C39
:1000C00030204A25000049AD00488040FFFF0A2447
:1000D00000588A404000083C00600A4025500A0150
:1000E00000608A40C09F093C00102925C000000024
:1000F000017889400000093C0100292500000A24FC
:1001000044492A7D01608A408000093C006889409A
:10011000008008408005097D404C090000600840CF
:100120005800013C2440010125402801006088401E
:10013000C0000000009D083C1478082509F8000163
:100140000000000000600840BFFF013CFFFF2134B9
:100150002440010100608840000084300000A53088
:10016000009D083C0C6C0825080000010000000000
:10038000009D1A3CC8775A2708004003000000006F
:1004800000F89B40C0000000009D1B3CDC6F7B27F8
:10049000020060130000000000C09B4000F81B40F9
:0C04A000C00000001F000042000000002F
:10118000009D1A3C9C525A270800400300000000B2
:08120000C21B400B00000000BE
:08122000C21B400B000000009E
:08124000C21B400B000000007E
:08126000C21B400B000000005E
:08128000C21B400B000000003E
:0812A000C21B400B000000001E
:0812C000C21B400B00000000FE
:0812E000C21B400B00000000DE
:08130000C21B400B00000000BD
:08132000C21B400B000000009D
:08134000C21B400B000000007D
:08136000C21B400B000000005D
:08138000C21B400B000000003D
:0813A000C21B400B000000001D
:0813C000C21B400B00000000FD
:0813E000C21B400B00000000DD
:08140000C21B400B00000000BC
:08142000C21B400B000000009C
:08144000C21B400B000000007C
:08146000C21B400B000000005C
:08148000C21B400B000000003C
:0814A000C21B400B000000001C
:0814C000C21B400B00000000FC
:0814E000C21B400B00000000DC
:08150000C21B400B00000000BB
:08152000C21B400B000000009B
:08154000C21B400B000000007B
:08156000C21B400B000000005B
:08158000C21B400B000000003B
:0815A000C21B400B000000001B
:0815C000C21B400B00000000FB
:0815E0009B11400B000000000C
:08160000C21B400B00000000BA
:08162000C21B400B000000009A
:08164000C21B400B000000007A
:08166000C21B400B000000005A
:08168000C21B400B000000003A
:0816A000C21B400B000000001A
:0816C000C21B400B00000000FA
:0816E000C21B400B00000000DA
:08170000C21B400B00000000B9
:08172000C21B400B0000000099
:08174000C21B400B0000000079
:08176000C21B400B0000000059
:08178000E311400B0000000022
:0817A000C21B400B0000000019
:0817C000C21B400B00000000F9
:0817E000C21B400B00000000D9
:08180000C21B400B00000000B8
:08182000C21B400B0000000098
:08184000C21B400B0000000078
:08186000C21B400B0000000058
:102FF000FFFFFF3AD9F9F8FFD9CF6DFFFFFFFF7F41
:00000001FF
